-- phpMyAdmin SQL Dump
-- version 4.4.14
-- http://www.phpmyadmin.net
--
-- Host: localhost
-- Generation Time: Sep 16, 2016 at 08:55 PM
-- Server version: 5.5.50-0ubuntu0.14.04.1
-- PHP Version: 5.5.37-1+deprecated+dontuse+deb.sury.org~trusty+1

SET SQL_MODE = "NO_AUTO_VALUE_ON_ZERO";
SET time_zone = "+00:00";

--
-- Database: `terminalbd`
--

-- --------------------------------------------------------

--
-- Table structure for table `Academic`
--

CREATE TABLE IF NOT EXISTS `Academic` (
  `id` int(11) NOT NULL,
  `tutor_id` int(11) DEFAULT NULL,
  `degree` varchar(255) COLLATE utf8_unicode_ci DEFAULT NULL,
  `course` varchar(255) COLLATE utf8_unicode_ci DEFAULT NULL,
  `passingYear` varchar(255) COLLATE utf8_unicode_ci DEFAULT NULL,
  `result` varchar(255) COLLATE utf8_unicode_ci DEFAULT NULL,
  `institute` varchar(255) COLLATE utf8_unicode_ci DEFAULT NULL,
  `remark` varchar(255) COLLATE utf8_unicode_ci DEFAULT NULL
) ENGINE=InnoDB DEFAULT CHARSET=utf8 COLLATE=utf8_unicode_ci;

-- --------------------------------------------------------

--
-- Table structure for table `AcademicMeta`
--

CREATE TABLE IF NOT EXISTS `AcademicMeta` (
  `id` int(11) NOT NULL,
  `tutor_id` int(11) DEFAULT NULL,
  `metaKey` varchar(255) COLLATE utf8_unicode_ci DEFAULT NULL,
  `metaValue` longtext COLLATE utf8_unicode_ci,
  `status` tinyint(1) NOT NULL
) ENGINE=InnoDB DEFAULT CHARSET=utf8 COLLATE=utf8_unicode_ci;

-- --------------------------------------------------------

--
-- Table structure for table `AccessRole`
--

CREATE TABLE IF NOT EXISTS `AccessRole` (
  `id` int(11) NOT NULL,
  `name` varchar(255) COLLATE utf8_unicode_ci NOT NULL,
  `status` tinyint(1) NOT NULL,
  `appModule_id` int(11) DEFAULT NULL,
  `role` varchar(255) COLLATE utf8_unicode_ci NOT NULL
) ENGINE=InnoDB AUTO_INCREMENT=7 DEFAULT CHARSET=utf8 COLLATE=utf8_unicode_ci;

--
-- Dumping data for table `AccessRole`
--

INSERT INTO `AccessRole` (`id`, `name`, `status`, `appModule_id`, `role`) VALUES
(1, 'Domain User', 1, 8, 'ROLE_DOMAIN_USER'),
(2, 'Inventory Sales/Delivery', 0, 2, 'ROLE_DOMAIN_INVENTORY_SALES'),
(3, 'Inventory Purchase/Receive', 0, 2, 'ROLE_DOMAIN_INVENTORY_PURCHASE'),
(4, 'Inventory Manager', 1, 2, 'ROLE_DOMAIN_INVENTORY_MANAGER'),
(5, 'Domain Manager', 1, 8, 'ROLE_DOMAIN_MANAGER'),
(6, 'Inventory Approve', 1, 2, 'ROLE_DOMAIN_INVENTORY_APPROVE');

-- --------------------------------------------------------

--
-- Table structure for table `AccountBank`
--

CREATE TABLE IF NOT EXISTS `AccountBank` (
  `id` int(11) NOT NULL,
  `bank_id` int(11) DEFAULT NULL,
  `paymentMethod` varchar(50) COLLATE utf8_unicode_ci DEFAULT NULL,
  `toIncrease` varchar(255) COLLATE utf8_unicode_ci NOT NULL,
  `accountNo` varchar(255) COLLATE utf8_unicode_ci DEFAULT NULL,
  `amount` double NOT NULL,
  `receiveDate` datetime DEFAULT NULL,
  `created` datetime NOT NULL,
  `updated` datetime NOT NULL,
  `process` varchar(255) COLLATE utf8_unicode_ci DEFAULT NULL,
  `accountHead_id` int(11) DEFAULT NULL,
  `toUser_id` int(11) DEFAULT NULL,
  `createdBy_id` int(11) DEFAULT NULL,
  `approvedBy_id` int(11) DEFAULT NULL,
  `remark` varchar(255) COLLATE utf8_unicode_ci DEFAULT NULL,
  `globalOption_id` int(11) DEFAULT NULL
) ENGINE=InnoDB DEFAULT CHARSET=utf8 COLLATE=utf8_unicode_ci;

-- --------------------------------------------------------

--
-- Table structure for table `AccountHead`
--

CREATE TABLE IF NOT EXISTS `AccountHead` (
  `id` int(11) NOT NULL,
  `parent` int(11) DEFAULT NULL,
  `code` varchar(255) COLLATE utf8_unicode_ci DEFAULT NULL,
  `name` varchar(255) COLLATE utf8_unicode_ci NOT NULL,
  `isParent` tinyint(1) NOT NULL,
  `status` tinyint(1) NOT NULL,
  `toIncrease` varchar(255) COLLATE utf8_unicode_ci NOT NULL
) ENGINE=InnoDB AUTO_INCREMENT=47 DEFAULT CHARSET=utf8 COLLATE=utf8_unicode_ci;

--
-- Dumping data for table `AccountHead`
--

INSERT INTO `AccountHead` (`id`, `parent`, `code`, `name`, `isParent`, `status`, `toIncrease`) VALUES
(1, NULL, NULL, 'Current Asset', 1, 1, 'Debit'),
(2, NULL, NULL, 'Miscellaneous', 1, 1, ''),
(3, 1, '210', 'Bank Account', 0, 1, 'Debit'),
(4, 1, '230', 'Account Receivable', 0, 1, 'Debit'),
(5, NULL, NULL, 'Inventory Assets', 1, 1, 'Debit'),
(6, 5, '301', 'Purchase Goods Received  account', 0, 1, 'Debit'),
(7, 5, '310', 'Purchase Goods Return  account', 0, 1, 'Credit'),
(8, 5, '330', 'Purchase Goods Replaced  account', 0, 1, 'Debit'),
(9, NULL, NULL, 'Capital Assets', 1, 1, 'Debit'),
(10, 9, '401', 'Furniture & Equipment', 0, 1, 'Debit'),
(11, 9, '410', 'Vehicle', 0, 1, 'Debit'),
(12, NULL, NULL, 'Current Liabilities', 1, 1, 'Debit'),
(13, 12, '501', 'Accounts Payable', 0, 1, 'Credit'),
(14, 12, '510', 'Vat output', 0, 1, 'Credit'),
(15, 12, '520', 'Accrued Income Tax', 0, 1, 'Credit'),
(16, 12, '530', 'Sales Tax', 0, 1, 'Credit'),
(17, NULL, NULL, 'Long Term Liabilities', 1, 1, 'Debit'),
(18, 17, '601', 'Bank Loans', 0, 1, 'Credit'),
(19, 17, '610', 'Loans from Shareholders', 0, 1, 'Credit'),
(20, NULL, NULL, 'Sales Revenue', 1, 1, 'Debit'),
(21, 20, '710', 'Accounts Receivables', 0, 1, 'Debit'),
(22, 20, '720', 'Sales Accounts Payable', 0, 1, 'Credit'),
(23, NULL, NULL, 'General & Administrative expenses', 1, 1, 'Debit'),
(24, 23, '701', 'Accounting & Legal', 0, 1, 'Debit'),
(25, 23, '710', 'Salaries Expense Cash', 0, 0, 'Debit'),
(26, 23, '720', 'Daily Expenses', 0, 1, 'Debit'),
(27, 23, '730', 'Miscellaneous', 0, 1, 'Credit'),
(28, 23, '740', 'Utilities', 0, 1, 'Debit'),
(29, NULL, NULL, 'Cash', 1, 1, 'Debit'),
(30, 29, '110', 'Cash Debit', 0, 1, 'Debit'),
(31, 29, '120', 'Cash Credit', 0, 1, 'Credit'),
(32, 29, '130', 'Purchase Goods Payment Account', 0, 1, 'Credit'),
(33, 20, '730', 'Sales goods account', 0, 1, 'Credit'),
(34, 20, '740', 'Sales Return Account', 0, 1, 'Debit'),
(35, 29, '740', 'Sales Return Payment Account', 0, 1, 'Credit'),
(36, 29, '750', 'Sales Receive Cash Account', 0, 1, 'Debit'),
(37, 12, '540', 'Account  Due Payment', 0, 1, 'Debit'),
(38, 1, '220', 'Bank Cash Payment', 0, 1, 'Credit'),
(39, 1, '240', 'Bank Cash Receive', 0, 1, 'Debit'),
(40, 29, '760', 'Petty Cash', 0, 1, 'Debit'),
(41, 29, '770', 'Petty Cash Credit', 0, 1, 'Credit'),
(42, 20, '750', 'Sales Due Payment', 0, 1, 'Credit'),
(43, 1, '250', 'Salaries Expense Bank', 0, 0, 'Credit'),
(44, 17, '620', 'Damage Cash', 0, 1, 'Credit'),
(45, 5, '340', 'Lose of Damage', 0, 1, 'Debit'),
(46, 20, '910', 'Profit and Loss', 0, 1, 'Debit');

-- --------------------------------------------------------

--
-- Table structure for table `AccountJournal`
--

CREATE TABLE IF NOT EXISTS `AccountJournal` (
  `id` int(11) NOT NULL,
  `paymentMethod` varchar(50) COLLATE utf8_unicode_ci DEFAULT NULL,
  `amount` double NOT NULL,
  `remark` varchar(255) COLLATE utf8_unicode_ci DEFAULT NULL,
  `process` varchar(255) COLLATE utf8_unicode_ci DEFAULT NULL,
  `created` datetime NOT NULL,
  `updated` datetime NOT NULL,
  `inventoryConfig_id` int(11) DEFAULT NULL,
  `accountHeadDebit_id` int(11) DEFAULT NULL,
  `createdBy_id` int(11) DEFAULT NULL,
  `toUser_id` int(11) DEFAULT NULL,
  `approvedBy_id` int(11) DEFAULT NULL,
  `customer_id` int(11) DEFAULT NULL,
  `vendor_id` int(11) DEFAULT NULL,
  `bank_id` int(11) DEFAULT NULL,
  `accountNo` varchar(255) COLLATE utf8_unicode_ci DEFAULT NULL,
  `accountHeadCredit_id` int(11) DEFAULT NULL,
  `globalOption_id` int(11) DEFAULT NULL
) ENGINE=InnoDB DEFAULT CHARSET=utf8 COLLATE=utf8_unicode_ci;

-- --------------------------------------------------------

--
-- Table structure for table `AccountPurchase`
--

CREATE TABLE IF NOT EXISTS `AccountPurchase` (
  `id` int(11) NOT NULL,
  `vendor_id` int(11) DEFAULT NULL,
  `purchase_id` int(11) DEFAULT NULL,
  `bank_id` int(11) DEFAULT NULL,
  `paymentMethod` varchar(50) COLLATE utf8_unicode_ci DEFAULT NULL,
  `amount` double DEFAULT NULL,
  `receiveDate` datetime NOT NULL,
  `created` datetime NOT NULL,
  `updated` datetime NOT NULL,
  `inventoryConfig_id` int(11) DEFAULT NULL,
  `createdBy_id` int(11) DEFAULT NULL,
  `toIncrease` varchar(255) COLLATE utf8_unicode_ci NOT NULL,
  `accountNo` varchar(255) COLLATE utf8_unicode_ci DEFAULT NULL,
  `accountHead_id` int(11) DEFAULT NULL,
  `purchaseReturn_id` int(11) DEFAULT NULL,
  `totalAmount` double DEFAULT NULL,
  `process` varchar(255) COLLATE utf8_unicode_ci DEFAULT NULL,
  `approvedBy_id` int(11) DEFAULT NULL,
  `toUser_id` int(11) DEFAULT NULL,
  `dueAmount` double DEFAULT NULL,
  `processType` varchar(255) COLLATE utf8_unicode_ci DEFAULT NULL,
  `globalOption_id` int(11) DEFAULT NULL
) ENGINE=InnoDB AUTO_INCREMENT=105 DEFAULT CHARSET=utf8 COLLATE=utf8_unicode_ci;

--
-- Dumping data for table `AccountPurchase`
--

INSERT INTO `AccountPurchase` (`id`, `vendor_id`, `purchase_id`, `bank_id`, `paymentMethod`, `amount`, `receiveDate`, `created`, `updated`, `inventoryConfig_id`, `createdBy_id`, `toIncrease`, `accountNo`, `accountHead_id`, `purchaseReturn_id`, `totalAmount`, `process`, `approvedBy_id`, `toUser_id`, `dueAmount`, `processType`, `globalOption_id`) VALUES
(1, 4, 5, NULL, NULL, 4530, '2016-05-30 13:51:51', '2016-05-30 17:17:16', '2016-05-30 17:17:16', 2, 16, 'Debit', NULL, 31, NULL, 4530, 'approved', 16, NULL, NULL, 'Purchase', 10),
(2, 4, 6, NULL, NULL, 5100, '2016-05-30 13:51:52', '2016-05-30 17:17:17', '2016-05-30 17:17:17', 2, 16, 'Debit', NULL, 31, NULL, 5100, 'approved', 16, NULL, NULL, 'Purchase', 10),
(3, 5, 7, NULL, NULL, 11250, '2016-05-30 13:51:53', '2016-05-30 17:17:17', '2016-05-30 17:17:17', 2, 16, 'Debit', NULL, 31, NULL, 11250, 'approved', 16, NULL, NULL, 'Purchase', 10),
(4, 5, 8, NULL, NULL, 12300, '2016-05-30 13:51:54', '2016-05-30 17:17:18', '2016-05-30 17:17:18', 2, 16, 'Debit', NULL, 31, NULL, 12300, 'approved', 16, NULL, NULL, 'Purchase', 10),
(5, 4, 9, NULL, NULL, 4130, '2016-05-30 13:51:55', '2016-05-30 17:17:19', '2016-05-30 17:17:19', 2, 16, 'Debit', NULL, 31, NULL, 4130, 'approved', 16, NULL, NULL, 'Purchase', 10),
(6, 6, 10, NULL, NULL, 20400, '2016-05-30 13:51:55', '2016-05-30 17:17:19', '2016-05-30 17:17:19', 2, 16, 'Debit', NULL, 31, NULL, 20400, 'approved', 16, NULL, NULL, 'Purchase', 10),
(7, 6, 11, NULL, NULL, 12000, '2016-05-30 13:51:57', '2016-05-30 17:17:20', '2016-05-30 17:17:20', 2, 16, 'Debit', NULL, 31, NULL, 12000, 'approved', 16, NULL, NULL, 'Purchase', 10),
(8, 7, 12, NULL, NULL, 6675, '2016-05-30 13:52:02', '2016-05-30 17:17:21', '2016-05-30 17:17:21', 2, 16, 'Debit', NULL, 31, NULL, 6675, 'approved', 16, NULL, NULL, 'Purchase', 10),
(9, 8, 13, NULL, NULL, 850, '2016-05-30 13:52:03', '2016-05-30 17:17:21', '2016-05-30 17:17:21', 2, 16, 'Debit', NULL, 31, NULL, 850, 'approved', 16, NULL, NULL, 'Purchase', 10),
(10, 8, 14, NULL, NULL, 9110, '2016-05-30 13:52:04', '2016-05-30 17:17:22', '2016-05-30 17:17:22', 2, 16, 'Debit', NULL, 31, NULL, 9110, 'approved', 16, NULL, NULL, 'Purchase', 10),
(11, 9, 15, NULL, NULL, 850, '2016-05-30 13:52:05', '2016-05-30 17:17:23', '2016-05-30 17:17:23', 2, 16, 'Debit', NULL, 31, NULL, 850, 'approved', 16, NULL, NULL, 'Purchase', 10),
(12, 5, 16, NULL, NULL, 1950, '2016-05-30 13:52:06', '2016-05-30 17:17:23', '2016-05-30 17:17:23', 2, 16, 'Debit', NULL, 31, NULL, 1950, 'approved', 16, NULL, NULL, 'Purchase', 10),
(13, 10, 17, NULL, NULL, 7280, '2016-05-30 13:52:10', '2016-05-30 17:17:24', '2016-05-30 17:17:24', 2, 16, 'Debit', NULL, 31, NULL, 7280, 'approved', 16, NULL, NULL, 'Purchase', 10),
(14, 11, 18, NULL, NULL, 4710, '2016-05-30 13:52:10', '2016-05-30 17:17:25', '2016-05-30 17:17:25', 2, 16, 'Debit', NULL, 31, NULL, 4710, 'approved', 16, NULL, NULL, 'Purchase', 10),
(15, 12, 19, NULL, NULL, 240, '2016-05-30 13:52:11', '2016-05-30 17:17:25', '2016-05-30 17:17:25', 2, 16, 'Debit', NULL, 31, NULL, 240, 'approved', 16, NULL, NULL, 'Purchase', 10),
(16, 13, 20, NULL, NULL, 150, '2016-05-30 13:52:12', '2016-05-30 17:17:26', '2016-05-30 17:17:26', 2, 16, 'Debit', NULL, 31, NULL, 150, 'approved', 16, NULL, NULL, 'Purchase', 10),
(17, 14, 21, NULL, NULL, 8850, '2016-05-30 13:52:13', '2016-05-30 17:17:27', '2016-05-30 17:17:27', 2, 16, 'Debit', NULL, 31, NULL, 8850, 'approved', 16, NULL, NULL, 'Purchase', 10),
(18, 15, 22, NULL, NULL, 21900, '2016-05-30 13:52:16', '2016-05-30 17:17:28', '2016-05-30 17:17:28', 2, 16, 'Debit', NULL, 31, NULL, 21900, 'approved', 16, NULL, NULL, 'Purchase', 10),
(19, 16, 23, NULL, NULL, 28990, '2016-05-30 13:52:17', '2016-05-30 17:17:29', '2016-05-30 17:17:29', 2, 16, 'Debit', NULL, 31, NULL, 28990, 'approved', 16, NULL, NULL, 'Purchase', 10),
(20, 17, 24, NULL, NULL, 14325, '2016-05-30 13:52:24', '2016-05-30 17:17:30', '2016-05-30 17:17:30', 2, 16, 'Debit', NULL, 31, NULL, 14325, 'approved', 16, NULL, NULL, 'Purchase', 10),
(21, 18, 25, NULL, NULL, 44260, '2016-05-30 13:52:27', '2016-05-30 17:17:31', '2016-05-30 17:17:31', 2, 16, 'Debit', NULL, 31, NULL, 44260, 'approved', 16, NULL, NULL, 'Purchase', 10),
(22, 18, 26, NULL, NULL, 4315, '2016-05-30 13:52:29', '2016-05-30 17:17:31', '2016-05-30 17:17:31', 2, 16, 'Debit', NULL, 31, NULL, 4315, 'approved', 16, NULL, NULL, 'Purchase', 10),
(23, 18, 27, NULL, NULL, 5760, '2016-05-30 13:52:31', '2016-05-30 17:17:32', '2016-05-30 17:17:32', 2, 16, 'Debit', NULL, 31, NULL, 5760, 'approved', 16, NULL, NULL, 'Purchase', 10),
(24, 18, 28, NULL, NULL, 4425, '2016-05-30 13:52:32', '2016-05-30 17:17:33', '2016-05-30 17:17:33', 2, 16, 'Debit', NULL, 31, NULL, 4425, 'approved', 16, NULL, NULL, 'Purchase', 10),
(25, 19, 29, NULL, NULL, 8530, '2016-05-30 13:52:34', '2016-05-30 17:17:33', '2016-05-30 17:17:33', 2, 16, 'Debit', NULL, 31, NULL, 8530, 'approved', 16, NULL, NULL, 'Purchase', 10),
(26, 20, 30, NULL, NULL, 4610, '2016-05-30 13:52:38', '2016-05-30 17:17:34', '2016-05-30 17:17:34', 2, 16, 'Debit', NULL, 31, NULL, 4610, 'approved', 16, NULL, NULL, 'Purchase', 10),
(27, 20, 31, NULL, NULL, 1100, '2016-05-30 13:52:39', '2016-05-30 17:17:35', '2016-05-30 17:17:35', 2, 16, 'Debit', NULL, 31, NULL, 1100, 'approved', 16, NULL, NULL, 'Purchase', 10),
(28, 20, 32, NULL, NULL, 580, '2016-05-30 13:52:40', '2016-05-30 17:17:35', '2016-05-30 17:17:35', 2, 16, 'Debit', NULL, 31, NULL, 580, 'approved', 16, NULL, NULL, 'Purchase', 10),
(29, 20, 33, NULL, NULL, 7700, '2016-05-30 13:52:41', '2016-05-30 17:17:36', '2016-05-30 17:17:36', 2, 16, 'Debit', NULL, 31, NULL, 7700, 'approved', 16, NULL, NULL, 'Purchase', 10),
(30, 20, 34, NULL, NULL, 30300, '2016-05-30 13:52:42', '2016-05-30 17:17:37', '2016-05-30 17:17:37', 2, 16, 'Debit', NULL, 31, NULL, 30300, 'approved', 16, NULL, NULL, 'Purchase', 10),
(31, 14, 35, NULL, NULL, 6670, '2016-05-30 13:52:49', '2016-05-30 17:17:38', '2016-05-30 17:17:38', 2, 16, 'Debit', NULL, 31, NULL, 6670, 'approved', 16, NULL, NULL, 'Purchase', 10),
(32, 14, 36, NULL, NULL, 290, '2016-05-30 13:52:50', '2016-05-30 17:17:38', '2016-05-30 17:17:38', 2, 16, 'Debit', NULL, 31, NULL, 290, 'approved', 16, NULL, NULL, 'Purchase', 10),
(33, 21, 37, NULL, NULL, 5055, '2016-05-30 13:52:54', '2016-05-30 17:17:39', '2016-05-30 17:17:39', 2, 16, 'Debit', NULL, 31, NULL, 5055, 'approved', 16, NULL, NULL, 'Purchase', 10),
(34, 22, 38, NULL, NULL, 3880, '2016-05-30 13:52:57', '2016-05-30 17:17:40', '2016-05-30 17:17:40', 2, 16, 'Debit', NULL, 31, NULL, 3880, 'approved', 16, NULL, NULL, 'Purchase', 10),
(35, 22, 39, NULL, NULL, 3700, '2016-05-30 13:52:59', '2016-05-30 17:17:41', '2016-05-30 17:17:41', 2, 16, 'Debit', NULL, 31, NULL, 3700, 'approved', 16, NULL, NULL, 'Purchase', 10),
(36, 22, 40, NULL, NULL, 3080, '2016-05-30 13:53:01', '2016-05-30 17:17:41', '2016-05-30 17:17:41', 2, 16, 'Debit', NULL, 31, NULL, 3080, 'approved', 16, NULL, NULL, 'Purchase', 10),
(37, 23, 41, NULL, NULL, 5490, '2016-05-30 13:53:02', '2016-05-30 17:17:42', '2016-05-30 17:17:42', 2, 16, 'Debit', NULL, 31, NULL, 5490, 'approved', 16, NULL, NULL, 'Purchase', 10),
(38, 23, 42, NULL, NULL, 5050, '2016-05-30 13:53:04', '2016-05-30 17:17:43', '2016-05-30 17:17:43', 2, 16, 'Debit', NULL, 31, NULL, 5050, 'approved', 16, NULL, NULL, 'Purchase', 10),
(39, 24, 43, NULL, NULL, 2250, '2016-05-30 13:53:09', '2016-05-30 17:17:43', '2016-05-30 17:17:43', 2, 16, 'Debit', NULL, 31, NULL, 2250, 'approved', 16, NULL, NULL, 'Purchase', 10),
(40, 20, 44, NULL, NULL, 550, '2016-05-30 13:53:11', '2016-05-30 17:17:44', '2016-05-30 17:17:44', 2, 16, 'Debit', NULL, 31, NULL, 550, 'approved', 16, NULL, NULL, 'Purchase', 10),
(41, 25, 45, NULL, NULL, 3100, '2016-05-30 13:53:12', '2016-05-30 17:17:45', '2016-05-30 17:17:45', 2, 16, 'Debit', NULL, 31, NULL, 3100, 'approved', 16, NULL, NULL, 'Purchase', 10),
(42, 26, 46, NULL, NULL, 23025, '2016-05-30 13:53:15', '2016-05-30 17:17:46', '2016-05-30 17:17:46', 2, 16, 'Debit', NULL, 31, NULL, 23025, 'approved', 16, NULL, NULL, 'Purchase', 10),
(43, 18, 47, NULL, NULL, 950, '2016-05-30 13:53:18', '2016-05-30 17:17:46', '2016-05-30 17:17:46', 2, 16, 'Debit', NULL, 31, NULL, 950, 'approved', 16, NULL, NULL, 'Purchase', 10),
(44, 18, 48, NULL, NULL, 18200, '2016-05-30 13:53:19', '2016-05-30 17:17:47', '2016-05-30 17:17:47', 2, 16, 'Debit', NULL, 31, NULL, 18200, 'approved', 16, NULL, NULL, 'Purchase', 10),
(45, 10, 49, NULL, NULL, 10490, '2016-05-30 13:53:24', '2016-05-30 17:17:48', '2016-05-30 17:17:48', 2, 16, 'Debit', NULL, 31, NULL, 10490, 'approved', 16, NULL, NULL, 'Purchase', 10),
(46, 27, 50, NULL, NULL, 18600, '2016-05-30 13:53:30', '2016-05-30 17:17:49', '2016-05-30 17:17:49', 2, 16, 'Debit', NULL, 31, NULL, 18600, 'approved', 16, NULL, NULL, 'Purchase', 10),
(47, 27, 51, NULL, NULL, 21980, '2016-05-30 13:53:35', '2016-05-30 17:17:49', '2016-05-30 17:17:49', 2, 16, 'Debit', NULL, 31, NULL, 21980, 'approved', 16, NULL, NULL, 'Purchase', 10),
(48, 28, 52, NULL, NULL, 1050, '2016-05-30 13:53:41', '2016-05-30 17:17:50', '2016-05-30 17:17:50', 2, 16, 'Debit', NULL, 31, NULL, 1050, 'approved', 16, NULL, NULL, 'Purchase', 10),
(49, 29, 53, NULL, NULL, 31300, '2016-05-30 13:53:42', '2016-05-30 17:17:51', '2016-05-30 17:17:51', 2, 16, 'Debit', NULL, 31, NULL, 31300, 'approved', 16, NULL, NULL, 'Purchase', 10),
(50, 23, 54, NULL, NULL, 1200, '2016-05-30 13:53:47', '2016-05-30 17:17:52', '2016-05-30 17:17:52', 2, 16, 'Debit', NULL, 31, NULL, 1200, 'approved', 16, NULL, NULL, 'Purchase', 10),
(51, 23, 55, NULL, NULL, 20400, '2016-05-30 13:53:48', '2016-05-30 17:17:52', '2016-05-30 17:17:52', 2, 16, 'Debit', NULL, 31, NULL, 20400, 'approved', 16, NULL, NULL, 'Purchase', 10),
(52, 23, 56, NULL, NULL, 1200, '2016-05-30 13:53:58', '2016-05-30 17:17:53', '2016-05-30 17:17:53', 2, 16, 'Debit', NULL, 31, NULL, 1200, 'approved', 16, NULL, NULL, 'Purchase', 10),
(53, 20, 57, NULL, NULL, 12150, '2016-05-30 13:54:02', '2016-05-30 17:17:54', '2016-05-30 17:17:54', 2, 16, 'Debit', NULL, 31, NULL, 12150, 'approved', 16, NULL, NULL, 'Purchase', 10),
(54, 30, 58, NULL, NULL, 7200, '2016-05-30 13:54:06', '2016-05-30 17:17:54', '2016-05-30 17:17:54', 2, 16, 'Debit', NULL, 31, NULL, 7200, 'approved', 16, NULL, NULL, 'Purchase', 10),
(55, 23, 59, NULL, NULL, 1200, '2016-05-30 13:54:08', '2016-05-30 17:17:55', '2016-05-30 17:17:55', 2, 16, 'Debit', NULL, 31, NULL, 1200, 'approved', 16, NULL, NULL, 'Purchase', 10),
(56, 30, 60, NULL, NULL, 8800, '2016-05-30 13:54:13', '2016-05-30 17:17:56', '2016-05-30 17:17:56', 2, 16, 'Debit', NULL, 31, NULL, 8800, 'approved', 16, NULL, NULL, 'Purchase', 10),
(57, 31, 61, NULL, NULL, 17366, '2016-05-30 13:54:18', '2016-05-30 17:17:57', '2016-05-30 17:17:57', 2, 16, 'Debit', NULL, 31, NULL, 17366, 'approved', 16, NULL, NULL, 'Purchase', 10),
(58, 28, 62, NULL, NULL, 935, '2016-05-30 13:54:35', '2016-05-30 17:17:57', '2016-05-30 17:17:57', 2, 16, 'Debit', NULL, 31, NULL, 935, 'approved', 16, NULL, NULL, 'Purchase', 10),
(59, 28, 63, NULL, NULL, 85, '2016-05-30 13:54:37', '2016-05-30 17:17:58', '2016-05-30 17:17:58', 2, 16, 'Debit', NULL, 31, NULL, 85, 'approved', 16, NULL, NULL, 'Purchase', 10),
(60, 28, 64, NULL, NULL, 2147, '2016-05-30 13:54:38', '2016-05-30 17:17:59', '2016-05-30 17:17:59', 2, 16, 'Debit', NULL, 31, NULL, 2147, 'approved', 16, NULL, NULL, 'Purchase', 10),
(61, 32, 65, NULL, NULL, 43100, '2016-05-30 13:54:42', '2016-05-30 17:18:00', '2016-05-30 17:18:00', 2, 16, 'Debit', NULL, 31, NULL, 43100, 'approved', 16, NULL, NULL, 'Purchase', 10),
(62, 32, 66, NULL, NULL, 66550, '2016-05-30 13:54:46', '2016-05-30 17:18:00', '2016-05-30 17:18:00', 2, 16, 'Debit', NULL, 31, NULL, 66550, 'approved', 16, NULL, NULL, 'Purchase', 10),
(63, 32, 67, NULL, NULL, 7700, '2016-05-30 13:54:47', '2016-05-30 17:18:01', '2016-05-30 17:18:01', 2, 16, 'Debit', NULL, 31, NULL, 7700, 'approved', 16, NULL, NULL, 'Purchase', 10),
(64, 32, 68, NULL, NULL, 18150, '2016-05-30 13:55:00', '2016-05-30 17:18:02', '2016-05-30 17:18:02', 2, 16, 'Debit', NULL, 31, NULL, 18150, 'approved', 16, NULL, NULL, 'Purchase', 10),
(65, 33, 69, NULL, NULL, 16900, '2016-05-30 13:55:23', '2016-05-30 17:18:03', '2016-05-30 17:18:03', 2, 16, 'Debit', NULL, 31, NULL, 16900, 'approved', 16, NULL, NULL, 'Purchase', 10),
(66, 33, 70, NULL, NULL, 12200, '2016-05-30 13:55:28', '2016-05-30 17:18:03', '2016-05-30 17:18:03', 2, 16, 'Debit', NULL, 31, NULL, 12200, 'approved', 16, NULL, NULL, 'Purchase', 10),
(67, 34, 71, NULL, NULL, 66600, '2016-05-30 13:55:34', '2016-05-30 17:18:04', '2016-05-30 17:18:04', 2, 16, 'Debit', NULL, 31, NULL, 66600, 'approved', 16, NULL, NULL, 'Purchase', 10),
(68, 35, 72, NULL, NULL, 74600, '2016-05-30 13:55:52', '2016-05-30 17:18:05', '2016-05-30 17:18:05', 2, 16, 'Debit', NULL, 31, NULL, 74600, 'approved', 16, NULL, NULL, 'Purchase', 10),
(69, 36, 73, NULL, NULL, 600, '2016-05-30 13:56:17', '2016-05-30 17:18:06', '2016-05-30 17:18:06', 2, 16, 'Debit', NULL, 31, NULL, 600, 'approved', 16, NULL, NULL, 'Purchase', 10),
(70, 36, 74, NULL, NULL, 36230, '2016-05-30 13:56:18', '2016-05-30 17:18:06', '2016-05-30 17:18:06', 2, 16, 'Debit', NULL, 31, NULL, 36230, 'approved', 16, NULL, NULL, 'Purchase', 10),
(71, 37, 75, NULL, NULL, 4950, '2016-05-30 13:56:31', '2016-05-30 17:18:07', '2016-05-30 17:18:07', 2, 16, 'Debit', NULL, 31, NULL, 4950, 'approved', 16, NULL, NULL, 'Purchase', 10),
(72, 37, 76, NULL, NULL, 1000, '2016-05-30 13:56:36', '2016-05-30 17:18:08', '2016-05-30 17:18:08', 2, 16, 'Debit', NULL, 31, NULL, 1000, 'approved', 16, NULL, NULL, 'Purchase', 10),
(73, 37, 77, NULL, NULL, 850, '2016-05-30 13:56:36', '2016-05-30 17:18:09', '2016-05-30 17:18:09', 2, 16, 'Debit', NULL, 31, NULL, 850, 'approved', 16, NULL, NULL, 'Purchase', 10),
(74, 37, 78, NULL, NULL, 20800, '2016-05-30 13:56:37', '2016-05-30 17:18:10', '2016-05-30 17:18:10', 2, 16, 'Debit', NULL, 31, NULL, 20800, 'approved', 16, NULL, NULL, 'Purchase', 10),
(75, 37, 79, NULL, NULL, 31450, '2016-05-30 13:56:49', '2016-05-30 17:18:10', '2016-05-30 17:18:10', 2, 16, 'Debit', NULL, 31, NULL, 31450, 'approved', 16, NULL, NULL, 'Purchase', 10),
(76, 38, 80, NULL, NULL, 1187, '2016-05-30 13:57:06', '2016-05-30 17:18:11', '2016-05-30 17:18:11', 2, 16, 'Debit', NULL, 31, NULL, 1187, 'approved', 16, NULL, NULL, 'Purchase', 10),
(77, 38, 81, NULL, NULL, 86014, '2016-05-30 13:57:07', '2016-05-30 17:18:12', '2016-05-30 17:18:12', 2, 16, 'Debit', NULL, 31, NULL, 86014, 'approved', 16, NULL, NULL, 'Purchase', 10),
(78, 37, 82, NULL, NULL, 12000, '2016-05-30 13:57:25', '2016-05-30 17:18:13', '2016-05-30 17:18:13', 2, 16, 'Debit', NULL, 31, NULL, 12000, 'approved', 16, NULL, NULL, 'Purchase', 10),
(79, 39, 83, NULL, NULL, 103075, '2016-05-30 13:57:35', '2016-05-30 17:18:13', '2016-05-30 17:18:13', 2, 16, 'Debit', NULL, 31, NULL, 103075, 'approved', 16, NULL, NULL, 'Purchase', 10),
(80, 40, 84, NULL, NULL, 3390, '2016-05-30 13:58:03', '2016-05-30 17:18:14', '2016-05-30 17:18:14', 2, 16, 'Debit', NULL, 31, NULL, 3390, 'approved', 16, NULL, NULL, 'Purchase', 10),
(81, 41, 85, NULL, NULL, 15700, '2016-05-30 13:58:11', '2016-05-30 17:18:15', '2016-05-30 17:18:15', 2, 16, 'Debit', NULL, 31, NULL, 15700, 'approved', 16, NULL, NULL, 'Purchase', 10),
(82, 40, 86, NULL, NULL, 1500, '2016-05-30 13:58:21', '2016-05-30 17:18:16', '2016-05-30 17:18:16', 2, 16, 'Debit', NULL, 31, NULL, 1500, 'approved', 16, NULL, NULL, 'Purchase', 10),
(83, 41, 87, NULL, NULL, 400, '2016-05-30 13:58:36', '2016-05-30 17:18:16', '2016-05-30 17:18:16', 2, 16, 'Debit', NULL, 31, NULL, 400, 'approved', 16, NULL, NULL, 'Purchase', 10),
(84, 41, 88, NULL, NULL, 4400, '2016-05-30 13:58:37', '2016-05-30 17:18:17', '2016-05-30 17:18:17', 2, 16, 'Debit', NULL, 31, NULL, 4400, 'approved', 16, NULL, NULL, 'Purchase', 10),
(85, 42, 89, NULL, NULL, 3120, '2016-05-30 13:58:56', '2016-05-30 17:18:18', '2016-05-30 17:18:18', 2, 16, 'Debit', NULL, 31, NULL, 3120, 'approved', 16, NULL, NULL, 'Purchase', 10),
(86, 43, 90, NULL, NULL, 24778, '2016-05-30 13:59:15', '2016-05-30 17:18:19', '2016-05-30 17:18:19', 2, 16, 'Debit', NULL, 31, NULL, 24778, 'approved', 16, NULL, NULL, 'Purchase', 10),
(87, 44, 91, NULL, NULL, 14000, '2016-05-30 13:59:36', '2016-05-30 17:18:20', '2016-05-30 17:18:20', 2, 16, 'Debit', NULL, 31, NULL, 14000, 'approved', 16, NULL, NULL, 'Purchase', 10),
(88, 10, 92, NULL, NULL, 1080, '2016-05-30 13:59:43', '2016-05-30 17:18:21', '2016-05-30 17:18:21', 2, 16, 'Debit', NULL, 31, NULL, 1080, 'approved', 16, NULL, NULL, 'Purchase', 10),
(89, 45, 93, NULL, NULL, 1500, '2016-05-30 13:59:57', '2016-05-30 17:18:21', '2016-05-30 17:18:21', 2, 16, 'Debit', NULL, 31, NULL, 1500, 'approved', 16, NULL, NULL, 'Purchase', 10),
(90, 15, 94, NULL, NULL, 6000, '2016-05-30 14:00:00', '2016-05-30 17:18:22', '2016-05-30 17:18:22', 2, 16, 'Debit', NULL, 31, NULL, 6000, 'approved', 16, NULL, NULL, 'Purchase', 10),
(91, 46, 95, NULL, NULL, 14950, '2016-05-30 14:00:22', '2016-05-30 17:18:23', '2016-05-30 17:18:23', 2, 16, 'Debit', NULL, 31, NULL, 14950, 'approved', 16, NULL, NULL, 'Purchase', 10),
(92, 47, 96, NULL, NULL, 6900, '2016-05-30 14:00:28', '2016-05-30 17:18:23', '2016-05-30 17:18:23', 2, 16, 'Debit', NULL, 31, NULL, 6900, 'approved', 16, NULL, NULL, 'Purchase', 10),
(93, 48, 97, NULL, NULL, 3680, '2016-05-30 14:00:40', '2016-05-30 17:18:24', '2016-05-30 17:18:24', 2, 16, 'Debit', NULL, 31, NULL, 3680, 'approved', 16, NULL, NULL, 'Purchase', 10),
(94, 49, 98, NULL, NULL, 3520, '2016-05-30 14:00:56', '2016-05-30 17:18:25', '2016-05-30 17:18:25', 2, 16, 'Debit', NULL, 31, NULL, 3520, 'approved', 16, NULL, NULL, 'Purchase', 10),
(95, 27, 99, NULL, NULL, 4570, '2016-05-30 14:01:16', '2016-05-30 17:18:26', '2016-05-30 17:18:26', 2, 16, 'Debit', NULL, 31, NULL, 4570, 'approved', 16, NULL, NULL, 'Purchase', 10),
(96, 50, 100, NULL, NULL, 1920, '2016-05-30 14:01:32', '2016-05-30 17:18:27', '2016-05-30 17:18:27', 2, 16, 'Debit', NULL, 31, NULL, 1920, 'approved', 16, NULL, NULL, 'Purchase', 10),
(97, 12, 101, NULL, NULL, 440, '2016-05-30 14:01:39', '2016-05-30 17:18:27', '2016-05-30 17:18:27', 2, 16, 'Debit', NULL, 31, NULL, 440, 'approved', 16, NULL, NULL, 'Purchase', 10),
(98, 4, NULL, NULL, 'Cash', 4000, '2016-06-01 06:57:25', '2016-06-01 06:57:25', '2016-06-01 07:02:02', 2, 16, 'Debit', NULL, 31, NULL, NULL, 'approved', 16, NULL, NULL, 'Debit', 10),
(99, 51, 102, NULL, NULL, 25000, '2016-06-02 10:18:23', '2016-06-02 10:19:05', '2016-06-02 10:19:05', 9, 37, 'Debit', NULL, 31, NULL, 25000, 'approved', 37, NULL, NULL, 'Purchase', 43),
(100, 52, 103, NULL, NULL, 15000, '2016-06-02 10:18:23', '2016-06-02 10:19:05', '2016-06-02 10:19:05', 9, 37, 'Debit', NULL, 31, NULL, 15000, 'approved', 37, NULL, NULL, 'Purchase', 43),
(101, 53, 104, NULL, NULL, 25000, '2016-06-03 23:18:49', '2016-06-03 23:18:55', '2016-06-03 23:18:55', 6, 34, 'Debit', NULL, 31, NULL, 25000, 'approved', 34, NULL, NULL, 'Purchase', 38),
(102, 54, 105, NULL, NULL, 15000, '2016-06-03 23:18:50', '2016-06-03 23:18:56', '2016-06-03 23:18:56', 6, 34, 'Debit', NULL, 31, NULL, 15000, 'approved', 34, NULL, NULL, 'Purchase', 38),
(103, 53, 106, NULL, NULL, 1000, '2016-06-10 00:00:00', '2016-06-03 23:30:57', '2016-06-03 23:30:57', 6, 34, 'Debit', NULL, 31, NULL, 1000, 'approved', 34, NULL, 0, 'Purchase', 38),
(104, 4, 109, NULL, NULL, 1000, '2016-06-05 00:00:00', '2016-06-10 15:50:27', '2016-06-10 15:50:27', 2, 16, 'Debit', NULL, 31, NULL, 1000, 'approved', 16, NULL, 0, 'Purchase', 10);

-- --------------------------------------------------------

--
-- Table structure for table `AccountSales`
--

CREATE TABLE IF NOT EXISTS `AccountSales` (
  `id` int(11) NOT NULL,
  `customer_id` int(11) DEFAULT NULL,
  `sales_id` int(11) DEFAULT NULL,
  `bank_id` int(11) DEFAULT NULL,
  `paymentMethod` varchar(50) COLLATE utf8_unicode_ci DEFAULT NULL,
  `toIncrease` varchar(255) COLLATE utf8_unicode_ci NOT NULL,
  `accountNo` varchar(255) COLLATE utf8_unicode_ci DEFAULT NULL,
  `amount` double DEFAULT NULL,
  `receiveDate` datetime DEFAULT NULL,
  `created` datetime NOT NULL,
  `updated` datetime NOT NULL,
  `inventoryConfig_id` int(11) DEFAULT NULL,
  `accountHead_id` int(11) DEFAULT NULL,
  `salesReturn_id` int(11) DEFAULT NULL,
  `createdBy_id` int(11) DEFAULT NULL,
  `process` varchar(255) COLLATE utf8_unicode_ci DEFAULT NULL,
  `approvedBy_id` int(11) DEFAULT NULL,
  `totalAmount` double DEFAULT NULL,
  `dueAmount` double DEFAULT NULL,
  `returnAmount` double DEFAULT NULL,
  `globalOption_id` int(11) DEFAULT NULL
) ENGINE=InnoDB AUTO_INCREMENT=15 DEFAULT CHARSET=utf8 COLLATE=utf8_unicode_ci;

--
-- Dumping data for table `AccountSales`
--

INSERT INTO `AccountSales` (`id`, `customer_id`, `sales_id`, `bank_id`, `paymentMethod`, `toIncrease`, `accountNo`, `amount`, `receiveDate`, `created`, `updated`, `inventoryConfig_id`, `accountHead_id`, `salesReturn_id`, `createdBy_id`, `process`, `approvedBy_id`, `totalAmount`, `dueAmount`, `returnAmount`, `globalOption_id`) VALUES
(1, NULL, 1, NULL, NULL, 'Sales', NULL, 4900, NULL, '2016-05-30 17:56:56', '2016-05-30 17:56:56', 2, 36, NULL, 16, 'approved', 16, 4900, 0, NULL, 10),
(2, NULL, 3, NULL, NULL, 'Sales', NULL, 3000, NULL, '2016-05-30 17:58:20', '2016-05-30 17:58:20', 2, 36, NULL, 16, 'approved', 16, 3000, NULL, NULL, 10),
(3, 4, 4, NULL, NULL, 'Sales', NULL, 4800, NULL, '2016-06-01 06:55:55', '2016-06-01 06:55:55', 2, 36, NULL, 16, 'approved', 16, 4800, 0, NULL, 10),
(4, 5, 5, NULL, NULL, 'Sales', NULL, 1000, NULL, '2016-06-01 06:56:27', '2016-06-01 06:56:27', 2, 36, NULL, 16, 'approved', 16, 2050, 1050, NULL, 10),
(5, 5, NULL, NULL, 'Cash', 'Debit', NULL, 500, NULL, '2016-06-01 07:18:41', '2016-06-01 07:19:03', 2, 21, NULL, 16, 'approved', 16, NULL, NULL, NULL, 10),
(6, 5, NULL, 2, 'Cash', 'Debit', '454354534', 500, NULL, '2016-06-01 07:23:55', '2016-06-01 07:24:15', 2, 21, NULL, 16, 'approved', 16, NULL, NULL, NULL, 10),
(7, NULL, 8, NULL, NULL, 'Sales', NULL, 1550, NULL, '2016-06-02 16:20:58', '2016-06-02 16:20:58', 2, 36, NULL, 16, 'approved', 16, 1550, NULL, NULL, 10),
(8, NULL, 10, NULL, NULL, 'Sales', NULL, 1550, NULL, '2016-06-02 23:21:55', '2016-06-02 23:21:55', 2, 36, NULL, 16, 'approved', 16, 1550, NULL, NULL, 10),
(9, 6, 11, NULL, NULL, 'Sales', NULL, 10400, NULL, '2016-06-04 08:41:42', '2016-06-04 08:41:42', 6, 36, NULL, 34, 'approved', 34, 10400, 0, NULL, 38),
(10, NULL, 14, NULL, NULL, 'Sales', NULL, 3200, NULL, '2016-06-08 20:25:24', '2016-06-08 20:25:24', 2, 36, NULL, 16, 'approved', 16, 3200, 0, NULL, 10),
(11, NULL, 14, NULL, NULL, 'Sales', NULL, 3200, NULL, '2016-06-08 20:25:25', '2016-06-08 20:25:25', 2, 36, NULL, 16, 'approved', 16, 3200, 0, NULL, 10),
(12, NULL, 17, NULL, NULL, 'Sales', NULL, 850, NULL, '2016-06-10 15:55:30', '2016-06-10 15:55:30', 2, 36, NULL, 16, 'approved', 16, 850, 0, NULL, 10),
(13, NULL, 23, NULL, NULL, 'Sales', NULL, 2050, NULL, '2016-06-10 23:17:29', '2016-06-10 23:17:29', 2, 36, NULL, 16, 'approved', 16, 2050, 0, NULL, 10),
(14, NULL, 25, NULL, NULL, 'Sales', NULL, 2050, NULL, '2016-06-10 23:32:40', '2016-06-10 23:32:40', 2, 36, NULL, 16, 'approved', 16, 2050, 0, NULL, 10);

-- --------------------------------------------------------

--
-- Table structure for table `Admission`
--

CREATE TABLE IF NOT EXISTS `Admission` (
  `id` int(11) NOT NULL,
  `course_id` int(11) DEFAULT NULL,
  `name` varchar(255) COLLATE utf8_unicode_ci DEFAULT NULL,
  `contactPerson` varchar(255) COLLATE utf8_unicode_ci DEFAULT NULL,
  `mobile` varchar(255) COLLATE utf8_unicode_ci DEFAULT NULL,
  `created` datetime NOT NULL,
  `startDate` datetime DEFAULT NULL,
  `endDate` datetime DEFAULT NULL,
  `email` varchar(255) COLLATE utf8_unicode_ci DEFAULT NULL,
  `address` longtext COLLATE utf8_unicode_ci,
  `content` longtext COLLATE utf8_unicode_ci,
  `status` tinyint(1) NOT NULL,
  `slug` varchar(255) COLLATE utf8_unicode_ci NOT NULL,
  `phone` varchar(255) COLLATE utf8_unicode_ci DEFAULT NULL,
  `startHour` varchar(255) COLLATE utf8_unicode_ci DEFAULT NULL,
  `endHour` varchar(255) COLLATE utf8_unicode_ci DEFAULT NULL,
  `path` varchar(255) COLLATE utf8_unicode_ci DEFAULT NULL,
  `qualification` varchar(255) COLLATE utf8_unicode_ci DEFAULT NULL,
  `coursePeriod` varchar(255) COLLATE utf8_unicode_ci DEFAULT NULL,
  `classDuration` varchar(255) COLLATE utf8_unicode_ci DEFAULT NULL,
  `tuitionFee` varchar(255) COLLATE utf8_unicode_ci DEFAULT NULL,
  `shifting` longtext COLLATE utf8_unicode_ci COMMENT '(DC2Type:array)',
  `isOnlineRegistration` tinyint(1) NOT NULL,
  `isPayment` tinyint(1) NOT NULL,
  `isPromotion` tinyint(1) NOT NULL,
  `promotionStartDate` datetime DEFAULT NULL,
  `promotionEndDate` datetime DEFAULT NULL,
  `position` varchar(255) COLLATE utf8_unicode_ci DEFAULT NULL,
  `amount` varchar(255) COLLATE utf8_unicode_ci DEFAULT NULL,
  `paymentStatus` varchar(255) COLLATE utf8_unicode_ci DEFAULT NULL,
  `courseLevel_id` int(11) DEFAULT NULL,
  `createUser_id` int(11) DEFAULT NULL
) ENGINE=InnoDB DEFAULT CHARSET=utf8 COLLATE=utf8_unicode_ci;

-- --------------------------------------------------------

--
-- Table structure for table `AdmissionComment`
--

CREATE TABLE IF NOT EXISTS `AdmissionComment` (
  `id` int(11) NOT NULL,
  `admission_id` int(11) DEFAULT NULL,
  `name` varchar(255) COLLATE utf8_unicode_ci NOT NULL,
  `email` varchar(255) COLLATE utf8_unicode_ci DEFAULT NULL,
  `content` longtext COLLATE utf8_unicode_ci,
  `created` datetime NOT NULL
) ENGINE=InnoDB DEFAULT CHARSET=utf8 COLLATE=utf8_unicode_ci;

-- --------------------------------------------------------

--
-- Table structure for table `admission_branch`
--

CREATE TABLE IF NOT EXISTS `admission_branch` (
  `admission_id` int(11) NOT NULL,
  `branch_id` int(11) NOT NULL
) ENGINE=InnoDB DEFAULT CHARSET=utf8 COLLATE=utf8_unicode_ci;

-- --------------------------------------------------------

--
-- Table structure for table `AdsTool`
--

CREATE TABLE IF NOT EXISTS `AdsTool` (
  `id` int(11) NOT NULL,
  `googleServiceID` varchar(255) COLLATE utf8_unicode_ci DEFAULT NULL,
  `slotID` varchar(255) COLLATE utf8_unicode_ci DEFAULT NULL,
  `siteName` varchar(255) COLLATE utf8_unicode_ci DEFAULT NULL,
  `keyword` varchar(255) COLLATE utf8_unicode_ci DEFAULT NULL,
  `metaDescription` longtext COLLATE utf8_unicode_ci,
  `googleVerificationCode` varchar(255) COLLATE utf8_unicode_ci DEFAULT NULL,
  `redirectLang` varchar(255) COLLATE utf8_unicode_ci DEFAULT NULL,
  `redirectCode` longtext COLLATE utf8_unicode_ci,
  `statCounterID` varchar(255) COLLATE utf8_unicode_ci DEFAULT NULL,
  `statCounterSecurityCode` varchar(255) COLLATE utf8_unicode_ci DEFAULT NULL,
  `statCounterVisible` tinyint(1) DEFAULT NULL,
  `redirectTablet` tinyint(1) DEFAULT NULL,
  `globalOption_id` int(11) DEFAULT NULL
) ENGINE=InnoDB AUTO_INCREMENT=26 DEFAULT CHARSET=utf8 COLLATE=utf8_unicode_ci;

--
-- Dumping data for table `AdsTool`
--

INSERT INTO `AdsTool` (`id`, `googleServiceID`, `slotID`, `siteName`, `keyword`, `metaDescription`, `googleVerificationCode`, `redirectLang`, `redirectCode`, `statCounterID`, `statCounterSecurityCode`, `statCounterVisible`, `redirectTablet`, `globalOption_id`) VALUES
(1, NULL, NULL, NULL, NULL, NULL, NULL, NULL, NULL, NULL, NULL, NULL, NULL, 3),
(2, NULL, NULL, NULL, NULL, NULL, NULL, NULL, NULL, NULL, NULL, NULL, NULL, 8),
(3, NULL, NULL, NULL, NULL, NULL, NULL, NULL, NULL, NULL, NULL, NULL, NULL, 9),
(4, NULL, NULL, NULL, NULL, NULL, NULL, NULL, NULL, NULL, NULL, NULL, NULL, 10),
(5, NULL, NULL, NULL, NULL, NULL, NULL, NULL, NULL, NULL, NULL, 0, 0, 11),
(6, NULL, NULL, NULL, NULL, NULL, NULL, NULL, NULL, NULL, NULL, NULL, NULL, 22),
(7, NULL, NULL, NULL, NULL, NULL, NULL, NULL, NULL, NULL, NULL, NULL, NULL, 24),
(8, NULL, NULL, NULL, NULL, NULL, NULL, NULL, NULL, NULL, NULL, NULL, NULL, 25),
(9, NULL, NULL, NULL, NULL, NULL, NULL, NULL, NULL, NULL, NULL, NULL, NULL, 26),
(10, NULL, NULL, NULL, NULL, NULL, NULL, NULL, NULL, NULL, NULL, NULL, NULL, 27),
(11, NULL, NULL, NULL, NULL, NULL, NULL, NULL, NULL, NULL, NULL, NULL, NULL, 28),
(12, NULL, NULL, NULL, NULL, NULL, NULL, NULL, NULL, NULL, NULL, 0, 0, 29),
(13, NULL, NULL, NULL, NULL, NULL, NULL, NULL, NULL, NULL, NULL, 0, 0, 30),
(14, NULL, NULL, NULL, NULL, NULL, NULL, NULL, NULL, NULL, NULL, NULL, NULL, 31),
(15, NULL, NULL, NULL, NULL, NULL, NULL, NULL, NULL, NULL, NULL, NULL, NULL, 32),
(16, NULL, NULL, NULL, NULL, NULL, NULL, NULL, NULL, NULL, NULL, NULL, NULL, 38),
(18, NULL, NULL, NULL, NULL, NULL, NULL, NULL, NULL, NULL, NULL, NULL, NULL, 43),
(19, NULL, NULL, NULL, NULL, NULL, NULL, NULL, NULL, NULL, NULL, NULL, NULL, 44),
(20, NULL, NULL, NULL, NULL, NULL, NULL, NULL, NULL, NULL, NULL, NULL, NULL, 45),
(21, NULL, NULL, NULL, NULL, NULL, NULL, NULL, NULL, NULL, NULL, NULL, NULL, 46),
(22, NULL, NULL, NULL, NULL, NULL, NULL, NULL, NULL, NULL, NULL, NULL, NULL, 47),
(23, NULL, NULL, NULL, NULL, NULL, NULL, NULL, NULL, NULL, NULL, NULL, NULL, 48),
(24, NULL, NULL, NULL, NULL, NULL, NULL, NULL, NULL, NULL, NULL, NULL, NULL, 49),
(25, NULL, NULL, NULL, NULL, NULL, NULL, NULL, NULL, NULL, NULL, NULL, NULL, 50);

-- --------------------------------------------------------

--
-- Table structure for table `Advertisment`
--

CREATE TABLE IF NOT EXISTS `Advertisment` (
  `id` int(11) NOT NULL,
  `position` varchar(255) COLLATE utf8_unicode_ci NOT NULL,
  `created` datetime NOT NULL,
  `status` tinyint(1) NOT NULL,
  `expiredDate` int(11) NOT NULL,
  `targetUrl` varchar(255) COLLATE utf8_unicode_ci NOT NULL,
  `path` varchar(255) COLLATE utf8_unicode_ci DEFAULT NULL,
  `globalOption_id` int(11) DEFAULT NULL
) ENGINE=InnoDB DEFAULT CHARSET=utf8 COLLATE=utf8_unicode_ci;

-- --------------------------------------------------------

--
-- Table structure for table `Apartment`
--

CREATE TABLE IF NOT EXISTS `Apartment` (
  `id` int(11) NOT NULL,
  `user_id` int(11) DEFAULT NULL,
  `contactPerson` varchar(255) COLLATE utf8_unicode_ci NOT NULL,
  `mobile` varchar(255) COLLATE utf8_unicode_ci NOT NULL
) ENGINE=InnoDB DEFAULT CHARSET=utf8 COLLATE=utf8_unicode_ci;

-- --------------------------------------------------------

--
-- Table structure for table `ApplicationPricing`
--

CREATE TABLE IF NOT EXISTS `ApplicationPricing` (
  `id` int(11) NOT NULL,
  `price` double NOT NULL,
  `status` tinyint(1) NOT NULL,
  `appModule_id` int(11) DEFAULT NULL,
  `syndicateModule_id` int(11) DEFAULT NULL
) ENGINE=InnoDB AUTO_INCREMENT=4 DEFAULT CHARSET=utf8 COLLATE=utf8_unicode_ci;

--
-- Dumping data for table `ApplicationPricing`
--

INSERT INTO `ApplicationPricing` (`id`, `price`, `status`, `appModule_id`, `syndicateModule_id`) VALUES
(2, 0.01, 1, 6, NULL),
(3, 10, 1, 8, NULL);

-- --------------------------------------------------------

--
-- Table structure for table `AppModule`
--

CREATE TABLE IF NOT EXISTS `AppModule` (
  `id` int(11) NOT NULL,
  `name` varchar(255) COLLATE utf8_unicode_ci NOT NULL,
  `moduleClass` varchar(255) COLLATE utf8_unicode_ci NOT NULL,
  `created` datetime NOT NULL,
  `slug` varchar(255) COLLATE utf8_unicode_ci NOT NULL,
  `content` longtext COLLATE utf8_unicode_ci,
  `status` tinyint(1) NOT NULL,
  `price` double NOT NULL
) ENGINE=InnoDB AUTO_INCREMENT=12 DEFAULT CHARSET=utf8 COLLATE=utf8_unicode_ci;

--
-- Dumping data for table `AppModule`
--

INSERT INTO `AppModule` (`id`, `name`, `moduleClass`, `created`, `slug`, `content`, `status`, `price`) VALUES
(1, 'Billing System', 'BillingSystem', '2015-12-01 08:25:37', 'dish-billing', 'Dish Billing', 1, 1000),
(2, 'Inventory', 'Inventory', '2015-12-01 08:30:34', 'inventory', 'Inventory', 1, 1000),
(3, 'Online Sales System', 'OnlineSalesSystem', '2015-12-14 13:01:10', 'e-commerce', NULL, 1, 500),
(4, 'Accounting', 'Accounting', '2016-05-06 08:55:55', 'accounting', NULL, 1, 1000),
(5, 'Reservation', 'Reservation', '2016-05-06 08:56:59', 'Reservation', NULL, 1, 200),
(6, 'Institute Management System', 'InstituteSystem', '2016-05-06 08:58:59', 'institute-management-system', 'Institute Management System', 1, 2000),
(7, 'Payroll', 'Payroll', '2016-05-06 09:00:04', 'payroll', NULL, 1, 500),
(8, 'General(Web site)', 'General', '0000-00-00 00:00:00', 'general', NULL, 0, 0),
(9, 'Client Relation Management', 'ClientRelationManagement', '2016-05-06 11:30:31', 'client-relation-management', NULL, 1, 500),
(10, 'Product & Sales System', 'AnonymousProductSales', '0000-00-00 00:00:00', '', 'Simple sales system with out inventory manage .', 1, 500),
(11, 'Manage Food Product', 'FoodProduct', '0000-00-00 00:00:00', 'food-product', NULL, 1, 200);

-- --------------------------------------------------------

--
-- Table structure for table `Bank`
--

CREATE TABLE IF NOT EXISTS `Bank` (
  `id` int(11) NOT NULL,
  `name` varchar(255) COLLATE utf8_unicode_ci NOT NULL
) ENGINE=InnoDB AUTO_INCREMENT=6 DEFAULT CHARSET=utf8 COLLATE=utf8_unicode_ci;

--
-- Dumping data for table `Bank`
--

INSERT INTO `Bank` (`id`, `name`) VALUES
(1, 'AB Bank Limited\r\n'),
(2, 'Agrani Bank Limited\r\n'),
(3, 'Al-Arafah Islami Bank Limited\r\n'),
(4, 'Bangladesh Commerce Bank Limited\r\n'),
(5, 'Bangladesh Development Bank Limited\r\n');

-- --------------------------------------------------------

--
-- Table structure for table `BankAccount`
--

CREATE TABLE IF NOT EXISTS `BankAccount` (
  `id` int(11) NOT NULL,
  `bank_id` int(11) DEFAULT NULL,
  `name` varchar(255) COLLATE utf8_unicode_ci DEFAULT NULL,
  `branch` varchar(255) COLLATE utf8_unicode_ci NOT NULL,
  `accountNo` varchar(255) COLLATE utf8_unicode_ci NOT NULL,
  `status` tinyint(1) NOT NULL
) ENGINE=InnoDB AUTO_INCREMENT=3 DEFAULT CHARSET=utf8 COLLATE=utf8_unicode_ci;

--
-- Dumping data for table `BankAccount`
--

INSERT INTO `BankAccount` (`id`, `bank_id`, `name`, `branch`, `accountNo`, `status`) VALUES
(1, 3, 'Al-Arafah Islami Bank Limited\r\n,Mohhamedpur Branch', 'Mohhamedpur Branch', '3242343423', 1),
(2, 2, 'Agrani Bank Limited\r\n,Mohhamedpur Branch', 'Mohhamedpur Branch', '3242343423', 1);

-- --------------------------------------------------------

--
-- Table structure for table `BkashAccount`
--

CREATE TABLE IF NOT EXISTS `BkashAccount` (
  `id` int(11) NOT NULL,
  `name` varchar(255) COLLATE utf8_unicode_ci NOT NULL,
  `accountType` varchar(255) COLLATE utf8_unicode_ci NOT NULL,
  `mobile` varchar(255) COLLATE utf8_unicode_ci NOT NULL,
  `status` tinyint(1) NOT NULL
) ENGINE=InnoDB AUTO_INCREMENT=2 DEFAULT CHARSET=utf8 COLLATE=utf8_unicode_ci;

--
-- Dumping data for table `BkashAccount`
--

INSERT INTO `BkashAccount` (`id`, `name`, `accountType`, `mobile`, `status`) VALUES
(1, 'Personal,80988-908-980', 'Personal', '80988-908-980', 1);

-- --------------------------------------------------------

--
-- Table structure for table `Blackout`
--

CREATE TABLE IF NOT EXISTS `Blackout` (
  `id` int(11) NOT NULL,
  `name` varchar(255) COLLATE utf8_unicode_ci NOT NULL,
  `blackoutDate` longtext COLLATE utf8_unicode_ci NOT NULL,
  `content` longtext COLLATE utf8_unicode_ci NOT NULL,
  `status` tinyint(1) NOT NULL,
  `globalOption_id` int(11) DEFAULT NULL
) ENGINE=InnoDB DEFAULT CHARSET=utf8 COLLATE=utf8_unicode_ci;

-- --------------------------------------------------------

--
-- Table structure for table `Blog`
--

CREATE TABLE IF NOT EXISTS `Blog` (
  `id` int(11) NOT NULL,
  `user_id` int(11) DEFAULT NULL,
  `name` varchar(255) COLLATE utf8_unicode_ci NOT NULL,
  `title` varchar(255) COLLATE utf8_unicode_ci NOT NULL,
  `slug` varchar(255) COLLATE utf8_unicode_ci NOT NULL,
  `content` longtext COLLATE utf8_unicode_ci,
  `created` datetime NOT NULL,
  `status` tinyint(1) NOT NULL,
  `path` varchar(255) COLLATE utf8_unicode_ci DEFAULT NULL,
  `photoGallery_id` int(11) DEFAULT NULL,
  `updated` datetime NOT NULL,
  `globalOption_id` int(11) DEFAULT NULL
) ENGINE=InnoDB DEFAULT CHARSET=utf8 COLLATE=utf8_unicode_ci;

-- --------------------------------------------------------

--
-- Table structure for table `BlogComment`
--

CREATE TABLE IF NOT EXISTS `BlogComment` (
  `id` int(11) NOT NULL,
  `blog_id` int(11) DEFAULT NULL,
  `name` varchar(255) COLLATE utf8_unicode_ci NOT NULL,
  `email` varchar(255) COLLATE utf8_unicode_ci NOT NULL,
  `content` longtext COLLATE utf8_unicode_ci NOT NULL,
  `created` datetime NOT NULL,
  `status` tinyint(1) DEFAULT NULL
) ENGINE=InnoDB DEFAULT CHARSET=utf8 COLLATE=utf8_unicode_ci;

-- --------------------------------------------------------

--
-- Table structure for table `Branch`
--

CREATE TABLE IF NOT EXISTS `Branch` (
  `id` int(11) NOT NULL,
  `user_id` int(11) DEFAULT NULL,
  `name` varchar(255) COLLATE utf8_unicode_ci NOT NULL,
  `phone` varchar(255) COLLATE utf8_unicode_ci DEFAULT NULL,
  `fax` varchar(255) COLLATE utf8_unicode_ci DEFAULT NULL,
  `mobile` varchar(255) COLLATE utf8_unicode_ci DEFAULT NULL,
  `email` varchar(255) COLLATE utf8_unicode_ci DEFAULT NULL,
  `contactPerson` varchar(255) COLLATE utf8_unicode_ci DEFAULT NULL,
  `designation` varchar(255) COLLATE utf8_unicode_ci DEFAULT NULL,
  `address` longtext COLLATE utf8_unicode_ci,
  `status` tinyint(1) NOT NULL,
  `globalOption_id` int(11) DEFAULT NULL,
  `slug` varchar(255) COLLATE utf8_unicode_ci NOT NULL,
  `googleMap` longtext COLLATE utf8_unicode_ci
) ENGINE=InnoDB DEFAULT CHARSET=utf8 COLLATE=utf8_unicode_ci;

-- --------------------------------------------------------

--
-- Table structure for table `Branding`
--

CREATE TABLE IF NOT EXISTS `Branding` (
  `id` int(11) NOT NULL,
  `name` varchar(255) COLLATE utf8_unicode_ci NOT NULL,
  `slug` varchar(255) COLLATE utf8_unicode_ci DEFAULT NULL,
  `type` varchar(255) COLLATE utf8_unicode_ci DEFAULT NULL,
  `sponsor` tinyint(1) DEFAULT NULL,
  `status` tinyint(1) NOT NULL,
  `customUrl` varchar(255) COLLATE utf8_unicode_ci DEFAULT NULL,
  `path` varchar(255) COLLATE utf8_unicode_ci DEFAULT NULL
) ENGINE=InnoDB AUTO_INCREMENT=14 DEFAULT CHARSET=utf8 COLLATE=utf8_unicode_ci;

--
-- Dumping data for table `Branding`
--

INSERT INTO `Branding` (`id`, `name`, `slug`, `type`, `sponsor`, `status`, `customUrl`, `path`) VALUES
(2, 'Canon', 'canon', 'national', 1, 1, 'http://kintethako.dev/', '1167351_720901744651851_844466413731183831_o.jpg'),
(3, 'Espirit', 'espirit', 'international', 1, 1, 'http://kintethako.dev/', 'esprit.jpg'),
(4, 'Gap', 'gap', 'international', 0, 1, NULL, 'gap.jpg'),
(5, 'Next', 'next', 'international', 1, 1, NULL, 'next.jpg'),
(6, 'Puma', 'puma', 'international', 0, 1, NULL, 'puma.jpg'),
(7, 'Zara', 'zara', 'international', 1, 1, NULL, 'zara.jpg'),
(8, 'Polo', 'polo', 'International', NULL, 1, NULL, NULL),
(9, 'default', 'default', 'International', NULL, 1, NULL, NULL),
(10, 'Cats Eye', 'cats-eye', 'International', NULL, 1, NULL, NULL),
(11, 'CK', 'ck', 'International', NULL, 1, NULL, NULL),
(12, 'LG', 'lg', 'International', NULL, 1, NULL, NULL),
(13, 'SONY', 'sony', 'International', NULL, 1, NULL, NULL);

-- --------------------------------------------------------

--
-- Table structure for table `branding_category`
--

CREATE TABLE IF NOT EXISTS `branding_category` (
  `branding_id` int(11) NOT NULL,
  `category_id` int(11) NOT NULL
) ENGINE=InnoDB DEFAULT CHARSET=utf8 COLLATE=utf8_unicode_ci;

-- --------------------------------------------------------

--
-- Table structure for table `cart_item`
--

CREATE TABLE IF NOT EXISTS `cart_item` (
  `id` int(11) NOT NULL,
  `order_id` int(11) NOT NULL,
  `product_id` int(11) DEFAULT NULL,
  `quantity` int(11) NOT NULL,
  `unit_price` int(11) NOT NULL,
  `adjustments_total` int(11) NOT NULL,
  `total` int(11) NOT NULL,
  `is_immutable` tinyint(1) NOT NULL
) ENGINE=InnoDB DEFAULT CHARSET=utf8 COLLATE=utf8_unicode_ci;

-- --------------------------------------------------------

--
-- Table structure for table `Cash`
--

CREATE TABLE IF NOT EXISTS `Cash` (
  `id` int(11) NOT NULL,
  `process` varchar(50) COLLATE utf8_unicode_ci NOT NULL,
  `debit` decimal(10,0) NOT NULL,
  `credit` decimal(10,0) NOT NULL,
  `balanch` decimal(10,0) NOT NULL,
  `content` longtext COLLATE utf8_unicode_ci NOT NULL,
  `created` datetime NOT NULL,
  `updated` datetime NOT NULL,
  `globalOption_id` int(11) DEFAULT NULL
) ENGINE=InnoDB DEFAULT CHARSET=utf8 COLLATE=utf8_unicode_ci;

-- --------------------------------------------------------

--
-- Table structure for table `categories`
--

CREATE TABLE IF NOT EXISTS `categories` (
  `id` int(11) NOT NULL,
  `parent` int(11) DEFAULT NULL,
  `name` varchar(255) COLLATE utf8_unicode_ci NOT NULL,
  `slug` varchar(255) COLLATE utf8_unicode_ci NOT NULL,
  `level` int(11) DEFAULT NULL,
  `path` varchar(3000) COLLATE utf8_unicode_ci DEFAULT NULL,
  `sorting` smallint(6) NOT NULL,
  `feature` tinyint(1) NOT NULL,
  `status` tinyint(1) NOT NULL,
  `imagePath` varchar(255) COLLATE utf8_unicode_ci DEFAULT NULL,
  `inventoryConfig_id` int(11) DEFAULT NULL,
  `permission` varchar(255) COLLATE utf8_unicode_ci NOT NULL
) ENGINE=InnoDB AUTO_INCREMENT=669 DEFAULT CHARSET=utf8 COLLATE=utf8_unicode_ci;

--
-- Dumping data for table `categories`
--

INSERT INTO `categories` (`id`, `parent`, `name`, `slug`, `level`, `path`, `sorting`, `feature`, `status`, `imagePath`, `inventoryConfig_id`, `permission`) VALUES
(1, NULL, 'Wears', 'wears', 1, '1/', 2, 0, 1, NULL, NULL, ''),
(2, 1, 'Men''s Wears', 'wears-men-s-wears', 2, '1/2/', 1, 0, 1, NULL, NULL, ''),
(3, 1, 'Women''s Wears', 'wears-women-s-wears', 2, '1/3/', 0, 0, 1, NULL, NULL, ''),
(4, 1, 'Baby & Child Wear''s', 'wears-baby-child-wear-s', 2, '1/4/', 0, 0, 1, NULL, NULL, ''),
(5, 6, 'Boutique & Batik', 'jute-handicrafts-boutique-batik', 2, '6/5/', 0, 0, 2, NULL, NULL, ''),
(6, NULL, 'Jute & Handicrafts', 'jute-handicrafts', 1, '6/', 13, 0, 2, NULL, NULL, ''),
(7, NULL, 'Leather & Bags', 'leather-bags', 1, '7/', 14, 0, 1, 'woman.jpg', NULL, ''),
(8, 6, 'Jute Products', 'jute-handicrafts-jute-products', 2, '6/8/', 0, 0, 1, NULL, NULL, ''),
(9, 6, 'Handicrafts', 'jute-handicrafts-handicrafts', 2, '6/9/', 0, 0, 1, NULL, NULL, ''),
(10, NULL, 'Foot wears', 'foot-wears', 1, '10/', 8, 1, 1, NULL, NULL, ''),
(11, 7, 'Bag & Travelling', 'leather-bags-bag-travelling', 2, '7/11/', 0, 0, 1, NULL, NULL, ''),
(12, 7, 'Leather Goods', 'leather-bags-leather-goods', 2, '7/12/', 0, 0, 1, NULL, NULL, ''),
(13, 7, 'Belts', 'leather-bags-belts', 2, '7/13/', 0, 0, 1, NULL, NULL, ''),
(14, NULL, 'Jewelry & Watches', 'jewelry-watches', 1, '14/', 12, 0, 1, NULL, NULL, ''),
(15, 14, 'Jewellery', 'jewelry-watches-jewellery', 2, '14/15/', 0, 0, 1, NULL, NULL, ''),
(16, 14, 'Watch & Sunglass', 'jewelry-watches-watch-sunglass', 2, '14/16/', 0, 0, 1, NULL, NULL, ''),
(17, 14, 'Optics', 'jewelry-watches-optics', 2, '14/17/', 0, 0, 1, NULL, NULL, ''),
(18, NULL, 'Beauty & Fragrances', 'beauty-fragrances', 1, '18/', 1, 1, 1, 'man.jpg', NULL, ''),
(19, 18, 'Consumer', 'beauty-fragrances-consumer', 2, '18/19/', 0, 0, 1, NULL, NULL, ''),
(20, 18, 'Cosmetics', 'beauty-fragrances-cosmetics', 2, '18/20/', 0, 0, 1, NULL, NULL, ''),
(21, 18, 'Hair & Skin care', 'beauty-fragrances-hair-skin-care', 2, '18/21/', 0, 0, 1, NULL, NULL, ''),
(22, 18, 'Bath & Body', 'beauty-fragrances-bath-body', 2, '18/22/', 0, 0, 1, NULL, NULL, ''),
(23, 18, 'Dental Care', 'beauty-fragrances-dental-care', 2, '18/23/', 0, 0, 1, NULL, NULL, ''),
(24, NULL, 'Foods', 'foods', 1, '24/', 7, 1, 1, '10756558_3695716_1000.jpg', NULL, ''),
(25, 24, 'Fast Food', 'foods-fast-food', 2, '24/25/', 0, 0, 1, NULL, NULL, ''),
(26, 24, 'Chinuse', 'foods-chinuse', 2, '24/26/', 0, 0, 1, NULL, NULL, ''),
(27, 24, 'Resturants', 'foods-resturants', 2, '24/27/', 0, 0, 1, NULL, NULL, ''),
(28, 24, 'Coffie House', 'foods-coffie-house', 2, '24/28/', 0, 0, 1, NULL, NULL, ''),
(29, 24, 'Sweets & Confectionary', 'foods-sweets-confectionary', 2, '24/29/', 0, 0, 1, NULL, NULL, ''),
(30, 24, 'Birani & Tehari', 'foods-birani-tehari', 2, '24/30/', 0, 0, 1, NULL, NULL, ''),
(31, NULL, 'Stationery & Gifts', 'stationery-gifts', 1, '31/', 19, 1, 1, NULL, NULL, ''),
(32, 31, 'Gift Cards', 'stationery-gifts-gift-cards', 2, '31/32/', 0, 0, 1, NULL, NULL, ''),
(33, 31, 'Cards & Stationery', 'stationery-gifts-cards-stationery', 2, '31/33/', 0, 0, 1, NULL, NULL, ''),
(34, 31, 'Toys & Games', 'stationery-gifts-toys-games', 2, '31/34/', 0, 0, 1, NULL, NULL, ''),
(35, 31, 'Flowers & Gifts', 'stationery-gifts-flowers-gifts', 2, '31/35/', 0, 0, 1, NULL, NULL, ''),
(36, 31, 'Wedding', 'stationery-gifts-wedding', 2, '31/36/', 0, 0, 1, NULL, NULL, ''),
(37, 31, 'Sports', 'stationery-gifts-sports-1', 2, '31/37/', 0, 0, 1, NULL, NULL, ''),
(38, 31, 'Garden', 'stationery-gifts-garden', 2, '31/38/', 0, 0, 1, NULL, NULL, ''),
(39, NULL, 'Computer & Electronics', 'computer-electronics', 1, '39/', 3, 0, 1, NULL, NULL, ''),
(40, 39, 'Consumer Electronics', 'computer-electronics-consumer-electronics', 2, '39/40/', 0, 0, 1, NULL, NULL, ''),
(41, 39, 'Mobile Phone & Accessories', 'computer-electronics-mobile-phone-accessories', 2, '39/41/', 0, 0, 1, NULL, NULL, ''),
(42, 39, 'Computing & Accessories', 'computer-electronics-computing-accessories', 2, '39/42/', 0, 0, 1, NULL, NULL, ''),
(43, NULL, 'Home Appliances', 'home-appliances', 1, '43/', 11, 1, 1, NULL, NULL, ''),
(44, NULL, 'Electrical & Lighting', 'electrical-lighting', 1, '44/', 5, 1, 1, NULL, NULL, ''),
(45, NULL, 'Furnitures', 'furnitures', 1, '45/', 9, 1, 1, NULL, NULL, ''),
(46, 45, 'Wood Furniture', 'furnitures-wood-furniture', 2, '45/46/', 0, 0, 1, NULL, NULL, ''),
(47, 43, 'Kitchen & Gourmet', 'home-appliances-kitchen-gourmet', 2, '43/47/', 0, 0, 1, NULL, NULL, ''),
(48, 43, 'Cookware & Dining', 'home-appliances-cookware-dining', 2, '43/48/', 0, 0, 1, NULL, NULL, ''),
(49, 43, 'Bathroom Fitness', 'home-appliances-bathroom-fitness', 2, '43/49/', 0, 0, 1, NULL, NULL, ''),
(50, 43, 'Decorative Accessories', 'home-appliances-decorative-accessories', 2, '43/50/', 0, 0, 1, NULL, NULL, ''),
(51, 43, 'Bedding', 'home-appliances-bedding', 2, '43/51/', 0, 0, 1, NULL, NULL, ''),
(52, NULL, 'Transportation', 'transportation', 1, '52/', 20, 1, 1, NULL, NULL, ''),
(53, 52, 'Cars', 'transportation-cars', 2, '52/53/', 0, 0, 1, NULL, NULL, ''),
(54, 52, 'Elevator & Funicular Car', 'transportation-elevator-funicular-car', 2, '52/54/', 0, 0, 1, NULL, NULL, ''),
(55, 52, 'Bus & Trucs Accessories', 'transportation-bus-trucs-accessories', 2, '52/55/', 0, 0, 1, NULL, NULL, ''),
(56, 52, 'Car Accessories', 'transportation-car-accessories', 2, '52/56/', 0, 0, 1, NULL, NULL, ''),
(57, 52, 'Bike &  Accessories', 'transportation-bike-accessories', 2, '52/57/', 0, 0, 1, NULL, NULL, ''),
(58, 52, 'Cycle', 'transportation-cycle', 2, '52/58/', 0, 0, 1, NULL, NULL, ''),
(59, NULL, 'Health & Medicine', 'health-medicine', 1, '59/', 10, 1, 1, NULL, NULL, ''),
(60, 59, 'Beauty Equipment', 'health-medicine-beauty-equipment', 2, '59/60/', 0, 0, 1, NULL, NULL, ''),
(61, 59, 'Dental Apparatus', 'health-medicine-dental-apparatus', 2, '59/61/', 0, 0, 1, NULL, NULL, ''),
(62, 59, 'Diagnosis Equipment', 'health-medicine-diagnosis-equipment', 2, '59/62/', 0, 0, 1, NULL, NULL, ''),
(63, 59, 'Disposable Medical Supplies', 'health-medicine-disposable-medical-supplies', 2, '59/63/', 0, 0, 1, NULL, NULL, ''),
(64, 59, 'Health Care Appliance', 'health-medicine-health-care-appliance', 2, '59/64/', 0, 0, 1, NULL, NULL, ''),
(65, 59, 'Surgical Equipment', 'health-medicine-surgical-equipment', 2, '59/65/', 0, 0, 1, NULL, NULL, ''),
(66, 59, 'Fitness Equipment', 'health-medicine-fitness-equipment', 2, '59/66/', 0, 0, 1, NULL, NULL, ''),
(67, NULL, 'Construction & Decoration', 'construction-decoration', 1, '67/', 4, 1, 1, NULL, NULL, ''),
(68, 67, 'Tiles & Ceramics', 'construction-decoration-tiles-ceramics', 2, '67/68/', 0, 0, 1, NULL, NULL, ''),
(69, 67, 'Pipe Fittings', 'construction-decoration-pipe-fittings', 2, '67/69/', 0, 0, 1, NULL, NULL, ''),
(70, 67, 'Hardware', 'construction-decoration-hardware', 2, '67/70/', 0, 0, 1, NULL, NULL, ''),
(71, 67, 'Timber & Plywood', 'construction-decoration-timber-plywood', 2, '67/71/', 0, 0, 1, NULL, NULL, ''),
(72, 67, 'Bathroom Furniture', 'construction-decoration-bathroom-furniture', 2, '67/72/', 0, 0, 1, NULL, NULL, ''),
(73, 67, 'Sanatary & Bathroom Fitnes', 'construction-decoration-sanatary-bathroom-fitnes', 2, '67/73/', 0, 0, 1, NULL, NULL, ''),
(74, NULL, 'Services', 'services', 1, '74/', 17, 1, 1, NULL, NULL, ''),
(75, 74, 'Hospital & Diagonistic Center', 'services-hospital-diagonistic-center', 2, '74/75/', 0, 0, 1, NULL, NULL, ''),
(76, 74, 'Doctor Chember', 'services-doctor-chember', 2, '74/76/', 0, 0, 1, NULL, NULL, ''),
(77, 74, 'Dental Chember', 'services-dental-chember', 2, '74/77/', 0, 0, 1, NULL, NULL, ''),
(78, 74, 'Gents & Women Parler', 'services-gents-women-parler', 2, '74/78/', 0, 0, 1, NULL, NULL, ''),
(79, 74, 'Dry Cleanners', 'services-dry-cleanners', 2, '74/79/', 0, 0, 1, NULL, NULL, ''),
(80, 74, 'Advertising', 'services-advertising', 2, '74/80/', 0, 0, 1, NULL, NULL, ''),
(81, 74, 'Express Delivery', 'services-express-delivery', 2, '74/81/', 0, 0, 1, NULL, NULL, ''),
(82, 74, 'Package & Printing', 'services-package-printing', 2, '74/82/', 0, 0, 1, NULL, NULL, ''),
(83, 74, 'Shipment & Storage', 'services-shipment-storage', 2, '74/83/', 0, 0, 1, NULL, NULL, ''),
(84, 74, 'Comunity Center', 'services-comunity-center', 2, '74/84/', 0, 0, 1, NULL, NULL, ''),
(85, 74, 'Conference Center', 'services-conference-center', 2, '74/85/', 0, 0, 1, NULL, NULL, ''),
(86, 74, 'Body Fitness', 'services-body-fitness', 2, '74/86/', 0, 0, 1, NULL, NULL, ''),
(87, 74, 'Event Management', 'services-event-management', 2, '74/87/', 0, 0, 1, NULL, NULL, ''),
(88, NULL, 'Reservations', 'reservations', 1, '88/', 16, 0, 1, NULL, NULL, ''),
(89, 88, 'Transport', 'reservations-transport', 2, '88/89/', 0, 0, 1, NULL, NULL, ''),
(90, 88, 'Hotel', 'reservations-hotel', 2, '88/90/', 0, 0, 1, NULL, NULL, ''),
(91, 88, 'Tour & Travel', 'reservations-tour-travel', 2, '88/91/', 0, 0, 1, NULL, NULL, ''),
(92, 88, 'Steamer', 'reservations-steamer', 2, '88/92/', 0, 0, 1, NULL, NULL, ''),
(93, NULL, 'Books & Magazines', 'books-magazines', 1, '93/', 6, 1, 1, NULL, NULL, ''),
(94, 93, 'Regular Books', 'books-magazines-regular-books', 2, '93/94/', 0, 0, 1, NULL, NULL, ''),
(95, 93, 'Kids', 'books-magazines-kids', 2, '93/95/', 0, 0, 1, NULL, NULL, ''),
(96, 93, 'Magazines', 'books-magazines-magazines', 2, '93/96/', 0, 0, 1, NULL, NULL, ''),
(97, NULL, 'Sports', 'sports', 1, '97/', 18, 1, 1, NULL, NULL, ''),
(98, 97, 'Indoor Sports', 'sports-indoor-sports', 2, '97/98/', 0, 0, 1, NULL, NULL, ''),
(99, 2, 'Casual Shirts', 'wears-men-s-wears-casual-shirts', 3, '1/2/99/', 0, 0, 1, NULL, NULL, ''),
(100, 2, 'Casual Trousers', 'wears-men-s-wears-casual-trousers', 3, '1/2/100/', 0, 0, 1, NULL, NULL, ''),
(101, 2, 'Cardigans & Jumpers', 'wears-men-s-wears-cardigans-jumpers', 3, '1/2/101/', 0, 0, 1, NULL, NULL, ''),
(102, 2, 'Formal Shirts', 'wears-men-s-wears-formal-shirts', 3, '1/2/102/', 0, 0, 1, NULL, NULL, ''),
(103, 2, 'Formal Pant', 'wears-men-s-wears-formal-pant', 3, '1/2/103/', 0, 0, 1, NULL, NULL, ''),
(104, 2, 'Formal Trousers', 'wears-men-s-wears-formal-trousers', 3, '1/2/104/', 0, 0, 1, NULL, NULL, ''),
(105, 2, 'Jeans', 'wears-men-s-wears-jeans', 3, '1/2/105/', 0, 0, 1, NULL, NULL, ''),
(106, 2, 'Knitwear', 'wears-men-s-wears-knitwear', 3, '1/2/106/', 0, 0, 1, NULL, NULL, ''),
(107, 2, 'Nightwear', 'wears-men-s-wears-nightwear', 3, '1/2/107/', 0, 0, 1, NULL, NULL, ''),
(108, 2, 'Panjabi', 'wears-men-s-wears-panjabi', 3, '1/2/108/', 0, 0, 1, NULL, NULL, ''),
(109, 2, 'Short Panjabi', 'wears-men-s-wears-short-panjabi', 3, '1/2/109/', 0, 0, 1, NULL, NULL, ''),
(110, 2, 'Smart Shirts', 'wears-men-s-wears-smart-shirts', 3, '1/2/110/', 0, 0, 1, NULL, NULL, ''),
(111, 2, 'Shorts & Swimwear', 'wears-men-s-wears-shorts-swimwear', 3, '1/2/111/', 0, 0, 1, NULL, NULL, ''),
(112, 2, 'Socks', 'wears-men-s-wears-socks', 3, '1/2/112/', 0, 0, 1, NULL, NULL, ''),
(113, 2, 'Sportswear', 'wears-men-s-wears-sportswear', 3, '1/2/113/', 0, 0, 1, NULL, NULL, ''),
(114, 2, 'Suits', 'wears-men-s-wears-suits', 3, '1/2/114/', 0, 0, 1, NULL, NULL, ''),
(115, 2, 'T-Shirts', 'wears-men-s-wears-t-shirts', 3, '1/2/115/', 0, 0, 1, NULL, NULL, ''),
(116, 2, 'Ties', 'wears-men-s-wears-ties', 3, '1/2/116/', 0, 0, 1, NULL, NULL, ''),
(117, 2, 'Underwear', 'wears-men-s-wears-underwear', 3, '1/2/117/', 0, 0, 1, NULL, NULL, ''),
(118, 2, 'Waistcoats', 'wears-men-s-wears-waistcoats', 3, '1/2/118/', 0, 0, 1, NULL, NULL, ''),
(119, 2, 'Accessories', 'wears-men-s-wears-accessories', 3, '1/2/119/', 0, 0, 1, NULL, NULL, ''),
(120, 1, 'Sharee', 'wears-sharee', 2, '1/120/', 0, 0, 1, NULL, NULL, ''),
(121, 3, 'Coats & Jackets', 'wears-women-s-wears-coats-jackets', 3, '1/3/121/', 0, 0, 1, NULL, NULL, ''),
(122, 3, 'Dresses', 'wears-women-s-wears-dresses', 3, '1/3/122/', 0, 0, 1, NULL, NULL, ''),
(123, 3, 'Fatua', 'wears-women-s-wears-fatua', 3, '1/3/123/', 0, 0, 1, NULL, NULL, ''),
(124, 3, 'Jeans Laydies', 'wears-women-s-wears-jeans-laydies', 3, '1/3/124/', 0, 0, 1, NULL, NULL, ''),
(125, 3, 'Hijab Niqab Burqa', 'wears-women-s-wears-hijab-niqab-burqa', 3, '1/3/125/', 0, 0, 1, NULL, NULL, ''),
(126, 3, 'Indian Dresses', 'wears-women-s-wears-indian-dresses', 3, '1/3/126/', 0, 0, 1, NULL, NULL, ''),
(127, 3, 'Knitwear', 'wears-women-s-wears-knitwear', 3, '1/3/127/', 0, 0, 1, NULL, NULL, ''),
(128, 3, 'Lehenga', 'wears-women-s-wears-lehenga', 3, '1/3/128/', 0, 0, 1, NULL, NULL, ''),
(129, 3, 'Long Scart', 'wears-women-s-wears-long-scart', 3, '1/3/129/', 0, 0, 1, NULL, NULL, ''),
(130, 3, 'Leggings', 'wears-women-s-wears-leggings', 3, '1/3/130/', 0, 0, 1, NULL, NULL, ''),
(131, 3, 'Ladies Panjabi', 'wears-women-s-wears-ladies-panjabi', 3, '1/3/131/', 0, 0, 1, NULL, NULL, ''),
(132, 3, 'Ladeies Short Panjabi', 'wears-women-s-wears-ladeies-short-panjabi', 3, '1/3/132/', 0, 0, 1, NULL, NULL, ''),
(133, 3, 'Lingerie & Underwear', 'wears-women-s-wears-lingerie-underwear', 3, '1/3/133/', 0, 0, 1, NULL, NULL, ''),
(134, 3, 'Mini Scart', 'wears-women-s-wears-mini-scart', 3, '1/3/134/', 0, 0, 1, NULL, NULL, ''),
(135, 3, 'Maternity', 'wears-women-s-wears-maternity', 3, '1/3/135/', 0, 0, 1, NULL, NULL, ''),
(136, 3, 'Nightwear', 'wears-women-s-wears-nightwear', 3, '1/3/136/', 0, 0, 1, NULL, NULL, ''),
(137, 3, 'Petite', 'wears-women-s-wears-petite', 3, '1/3/137/', 0, 0, 1, NULL, NULL, ''),
(138, 3, 'Short Shirt', 'wears-women-s-wears-short-shirt', 3, '1/3/138/', 0, 0, 1, NULL, NULL, ''),
(139, 3, 'Socks & Tights', 'wears-women-s-wears-socks-tights', 3, '1/3/139/', 0, 0, 1, NULL, NULL, ''),
(140, 3, 'Sportswear', 'wears-women-s-wears-sportswear', 3, '1/3/140/', 0, 0, 1, NULL, NULL, ''),
(141, 3, 'Suits & Tailoring', 'wears-women-s-wears-suits-tailoring', 3, '1/3/141/', 0, 0, 1, NULL, NULL, ''),
(142, 3, 'Swimwear & Beachwear', 'wears-women-s-wears-swimwear-beachwear', 3, '1/3/142/', 0, 0, 1, NULL, NULL, ''),
(143, 3, 'Two piec', 'wears-women-s-wears-two-piec', 3, '1/3/143/', 0, 0, 1, NULL, NULL, ''),
(144, 3, 'Three pice', 'wears-women-s-wears-three-pice', 3, '1/3/144/', 0, 0, 1, NULL, NULL, ''),
(145, 3, 'Three Quater', 'wears-women-s-wears-three-quater', 3, '1/3/145/', 0, 0, 1, NULL, NULL, ''),
(146, 3, 'Tops', 'wears-women-s-wears-tops', 3, '1/3/146/', 0, 0, 1, NULL, NULL, ''),
(147, 3, 'Trousers & Shorts', 'wears-women-s-wears-trousers-shorts', 3, '1/3/147/', 0, 0, 1, NULL, NULL, ''),
(148, 3, 'Accessories', 'wears-women-s-wears-accessories', 3, '1/3/148/', 0, 0, 1, NULL, NULL, ''),
(149, 4, 'Baby & Toddlerwear', 'wears-baby-child-wear-s-baby-toddlerwear', 3, '1/4/149/', 0, 0, 1, NULL, NULL, ''),
(150, 4, 'Boyswear', 'wears-baby-child-wear-s-boyswear', 3, '1/4/150/', 0, 0, 1, NULL, NULL, ''),
(151, 4, 'Fancy Dress', 'wears-baby-child-wear-s-fancy-dress', 3, '1/4/151/', 0, 0, 1, NULL, NULL, ''),
(152, 4, 'Girlswear', 'wears-baby-child-wear-s-girlswear', 3, '1/4/152/', 0, 0, 1, NULL, NULL, ''),
(153, 4, 'Mums & Babies', 'wears-baby-child-wear-s-mums-babies', 3, '1/4/153/', 0, 0, 1, NULL, NULL, ''),
(154, 4, 'Nightwear', 'wears-baby-child-wear-s-nightwear', 3, '1/4/154/', 0, 0, 1, NULL, NULL, ''),
(155, 4, 'School Uniform', 'wears-baby-child-wear-s-school-uniform', 3, '1/4/155/', 0, 0, 1, NULL, NULL, ''),
(156, 4, 'Socks & Underwear', 'wears-baby-child-wear-s-socks-underwear', 3, '1/4/156/', 0, 0, 1, NULL, NULL, ''),
(157, 4, 'Accessories', 'wears-baby-child-wear-s-accessories', 3, '1/4/157/', 0, 0, 1, NULL, NULL, ''),
(158, 120, 'Cotton Sharee', 'wears-sharee-cotton-sharee', 3, '1/120/158/', 0, 0, 1, NULL, NULL, ''),
(159, 120, 'Benarosi', 'wears-sharee-benarosi', 3, '1/120/159/', 0, 0, 1, NULL, NULL, ''),
(160, 120, 'Bridal Sharee', 'wears-sharee-bridal-sharee', 3, '1/120/160/', 0, 0, 1, NULL, NULL, ''),
(161, 120, 'Jamdani', 'wears-sharee-jamdani', 3, '1/120/161/', 0, 0, 1, NULL, NULL, ''),
(162, 120, 'Jorzet', 'wears-sharee-jorzet', 3, '1/120/162/', 0, 0, 1, NULL, NULL, ''),
(163, 120, 'Katan', 'wears-sharee-katan', 3, '1/120/163/', 0, 0, 1, NULL, NULL, ''),
(164, 120, 'Rajshahi Silk', 'wears-sharee-rajshahi-silk', 3, '1/120/164/', 0, 0, 1, NULL, NULL, ''),
(165, 120, 'Taat', 'wears-sharee-taat', 3, '1/120/165/', 0, 0, 1, NULL, NULL, ''),
(166, 120, 'Tangail', 'wears-sharee-tangail', 3, '1/120/166/', 0, 0, 1, NULL, NULL, ''),
(167, 120, 'Accessories', 'wears-sharee-accessories', 3, '1/120/167/', 0, 0, 1, NULL, NULL, ''),
(168, 10, 'Boy''s  Shoes', 'foot-wears-boy-s-shoes', 2, '10/168/', 0, 0, 1, NULL, NULL, ''),
(169, 168, 'Boys'' Athletic Shoes', 'foot-wears-boy-s-shoes-boys-athletic-shoes', 3, '10/168/169/', 0, 0, 1, NULL, NULL, ''),
(170, 168, 'Boys'' Skate Shoes', 'foot-wears-boy-s-shoes-boys-skate-shoes', 3, '10/168/170/', 0, 0, 1, NULL, NULL, ''),
(171, 168, 'Boys'' Sandals', 'foot-wears-boy-s-shoes-boys-sandals', 3, '10/168/171/', 0, 0, 1, NULL, NULL, ''),
(172, 168, 'Boys'' Dress Shoes', 'foot-wears-boy-s-shoes-boys-dress-shoes', 3, '10/168/172/', 0, 0, 1, NULL, NULL, ''),
(173, 168, 'Boys'' Grade-School Shoes', 'foot-wears-boy-s-shoes-boys-grade-school-shoes', 3, '10/168/173/', 0, 0, 1, NULL, NULL, ''),
(174, 275, 'Bridal Shoes', 'foot-wears-other-s-shoes-bridal-shoes', 3, '10/275/174/', 0, 0, 1, NULL, NULL, ''),
(175, 275, 'Converse', 'foot-wears-other-s-shoes-converse', 3, '10/275/175/', 0, 0, 1, NULL, NULL, ''),
(176, 271, 'Men''s Sandals', 'foot-wears-men-s-shoes-men-s-sandals', 3, '10/271/176/', 0, 0, 1, NULL, NULL, ''),
(177, 271, 'Men''s Dress Shoes', 'foot-wears-men-s-shoes-men-s-dress-shoes', 3, '10/271/177/', 0, 0, 1, NULL, NULL, ''),
(178, 271, 'Men''s Casual Shoes', 'foot-wears-men-s-shoes-men-s-casual-shoes', 3, '10/271/178/', 0, 0, 1, NULL, NULL, ''),
(179, 271, 'Men''s Work Boots', 'foot-wears-men-s-shoes-men-s-work-boots', 3, '10/271/179/', 0, 0, 1, NULL, NULL, ''),
(180, 271, 'Men''s Athletic Shoes', 'foot-wears-men-s-shoes-men-s-athletic-shoes', 3, '10/271/180/', 0, 0, 1, NULL, NULL, ''),
(182, 274, 'Women''s Dress Shoes', 'foot-wears-women-s-shoes-women-s-dress-shoes', 3, '10/274/182/', 0, 0, 1, NULL, NULL, ''),
(183, 274, 'Women''s Casual Shoes', 'foot-wears-women-s-shoes-women-s-casual-shoes', 3, '10/274/183/', 0, 0, 1, NULL, NULL, ''),
(184, 274, 'Women''s Boots', 'foot-wears-women-s-shoes-women-s-boots', 3, '10/274/184/', 0, 0, 1, NULL, NULL, ''),
(185, 274, 'Women''s Athletic Shoes', 'foot-wears-women-s-shoes-women-s-athletic-shoes', 3, '10/274/185/', 0, 0, 1, NULL, NULL, ''),
(186, 273, 'Girls'' Athletic Shoes', 'foot-wears-girl-s-shoes-girls-athletic-shoes', 3, '10/273/186/', 0, 0, 1, NULL, NULL, ''),
(187, 273, 'Girls'' Sandals', 'foot-wears-girl-s-shoes-girls-sandals', 3, '10/273/187/', 0, 0, 1, NULL, NULL, ''),
(188, 273, 'Girls'' Dress Shoes', 'foot-wears-girl-s-shoes-girls-dress-shoes', 3, '10/273/188/', 0, 0, 1, NULL, NULL, ''),
(189, 273, 'Girls'' Grade-School Shoes', 'foot-wears-girl-s-shoes-girls-grade-school-shoes', 3, '10/273/189/', 0, 0, 1, NULL, NULL, ''),
(190, 8, 'Jute Promotional Bags', 'jute-handicrafts-jute-products-jute-promotional-bags', 3, '6/8/190/', 0, 0, 1, NULL, NULL, ''),
(191, 8, 'Jute Shopping Bags', 'jute-handicrafts-jute-products-jute-shopping-bags', 3, '6/8/191/', 0, 0, 1, NULL, NULL, ''),
(192, 8, 'Jute Gift Bags', 'jute-handicrafts-jute-products-jute-gift-bags', 3, '6/8/192/', 0, 0, 1, NULL, NULL, ''),
(193, 8, 'Jute Beach Bags', 'jute-handicrafts-jute-products-jute-beach-bags', 3, '6/8/193/', 0, 0, 1, NULL, NULL, ''),
(194, 8, 'Jute Embroidery Bags', 'jute-handicrafts-jute-products-jute-embroidery-bags', 3, '6/8/194/', 0, 0, 1, NULL, NULL, ''),
(195, 8, 'Jute Designer Bags', 'jute-handicrafts-jute-products-jute-designer-bags', 3, '6/8/195/', 0, 0, 1, NULL, NULL, ''),
(196, 8, 'Jute Fancy Bags', 'jute-handicrafts-jute-products-jute-fancy-bags', 3, '6/8/196/', 0, 0, 1, NULL, NULL, ''),
(197, 8, 'Jute Bottole Bags', 'jute-handicrafts-jute-products-jute-bottole-bags', 3, '6/8/197/', 0, 0, 1, NULL, NULL, ''),
(198, 8, 'Jute Colour Shed', 'jute-handicrafts-jute-products-jute-colour-shed', 3, '6/8/198/', 0, 0, 1, NULL, NULL, ''),
(199, 8, 'Cotton Bag', 'jute-handicrafts-jute-products-cotton-bag', 3, '6/8/199/', 0, 0, 1, NULL, NULL, ''),
(200, 8, 'Cotton Promotional Bags', 'jute-handicrafts-jute-products-cotton-promotional-bags', 3, '6/8/200/', 0, 0, 1, NULL, NULL, ''),
(201, 8, 'Canvas Bags', 'jute-handicrafts-jute-products-canvas-bags', 3, '6/8/201/', 0, 0, 1, NULL, NULL, ''),
(202, 8, 'Canvas Promotional Bags', 'jute-handicrafts-jute-products-canvas-promotional-bags', 3, '6/8/202/', 0, 0, 1, NULL, NULL, ''),
(203, 8, 'Non Woven Bags', 'jute-handicrafts-jute-products-non-woven-bags', 3, '6/8/203/', 0, 0, 1, NULL, NULL, ''),
(204, 8, 'Handles', 'jute-handicrafts-jute-products-handles', 3, '6/8/204/', 0, 0, 1, NULL, NULL, ''),
(205, 9, 'Wood', 'jute-handicrafts-handicrafts-wood', 3, '6/9/205/', 0, 0, 1, NULL, NULL, ''),
(206, 9, 'Stone', 'jute-handicrafts-handicrafts-stone-1', 3, '6/9/206/', 0, 0, 1, NULL, NULL, ''),
(207, 9, 'Stone', 'jute-handicrafts-handicrafts-stone', 3, '6/9/207/', 0, 0, 1, NULL, NULL, ''),
(208, 9, 'Glass', 'jute-handicrafts-handicrafts-glass', 3, '6/9/208/', 0, 0, 1, NULL, NULL, ''),
(209, 9, 'Cane And Bamboo', 'jute-handicrafts-handicrafts-cane-and-bamboo', 3, '6/9/209/', 0, 0, 1, NULL, NULL, ''),
(210, 9, 'Pottery', 'jute-handicrafts-handicrafts-pottery', 3, '6/9/210/', 0, 0, 1, NULL, NULL, ''),
(211, 9, 'Home Decorations', 'jute-handicrafts-handicrafts-home-decorations', 3, '6/9/211/', 0, 0, 1, NULL, NULL, ''),
(212, 9, 'Textile Designer', 'jute-handicrafts-handicrafts-textile-designer', 3, '6/9/212/', 0, 0, 1, NULL, NULL, ''),
(213, 9, 'Home Furnishing', 'jute-handicrafts-handicrafts-home-furnishing', 3, '6/9/213/', 0, 0, 1, NULL, NULL, ''),
(214, 9, 'Tribal', 'jute-handicrafts-handicrafts-tribal', 3, '6/9/214/', 0, 0, 1, NULL, NULL, ''),
(215, 9, 'Beaded', 'jute-handicrafts-handicrafts-beaded', 3, '6/9/215/', 0, 0, 1, NULL, NULL, ''),
(216, 9, 'Metal', 'jute-handicrafts-handicrafts-metal', 3, '6/9/216/', 0, 0, 1, NULL, NULL, ''),
(217, 9, 'Silver', 'jute-handicrafts-handicrafts-silver', 3, '6/9/217/', 0, 0, 1, NULL, NULL, ''),
(218, 9, 'Lacquer', 'jute-handicrafts-handicrafts-lacquer', 3, '6/9/218/', 0, 0, 1, NULL, NULL, ''),
(219, 9, 'Jewelry Boxes', 'jute-handicrafts-handicrafts-jewelry-boxes', 3, '6/9/219/', 0, 0, 1, NULL, NULL, ''),
(220, 9, 'Fashion Jewelry', 'jute-handicrafts-handicrafts-fashion-jewelry', 3, '6/9/220/', 0, 0, 1, NULL, NULL, ''),
(221, 9, 'Apparels & Accessories', 'jute-handicrafts-handicrafts-apparels-accessories', 3, '6/9/221/', 0, 0, 1, NULL, NULL, ''),
(222, 9, 'Gifts For Her', 'jute-handicrafts-handicrafts-gifts-for-her', 3, '6/9/222/', 0, 0, 1, NULL, NULL, ''),
(223, 9, 'Fashion Accessory', 'jute-handicrafts-handicrafts-fashion-accessory', 3, '6/9/223/', 0, 0, 1, NULL, NULL, ''),
(224, 9, 'Folk Art', 'jute-handicrafts-handicrafts-folk-art', 3, '6/9/224/', 0, 0, 1, NULL, NULL, ''),
(225, 9, 'Miniature Painting', 'jute-handicrafts-handicrafts-miniature-painting', 3, '6/9/225/', 0, 0, 1, NULL, NULL, ''),
(226, 9, 'Contemporary Artist', 'jute-handicrafts-handicrafts-contemporary-artist', 3, '6/9/226/', 0, 0, 1, NULL, NULL, ''),
(227, 9, 'Birth Day Gifts', 'jute-handicrafts-handicrafts-birth-day-gifts', 3, '6/9/227/', 0, 0, 1, NULL, NULL, ''),
(228, 9, 'Marrige Day Gift', 'jute-handicrafts-handicrafts-marrige-day-gift', 3, '6/9/228/', 0, 0, 1, NULL, NULL, ''),
(229, 9, 'Valentine Day Gifts', 'jute-handicrafts-handicrafts-valentine-day-gifts-1', 3, '6/9/229/', 0, 0, 1, NULL, NULL, ''),
(230, 9, 'Mothers Day Gifts', 'jute-handicrafts-handicrafts-mothers-day-gifts', 3, '6/9/230/', 0, 0, 1, NULL, NULL, ''),
(231, 9, 'Fathers Day Gifts', 'jute-handicrafts-handicrafts-fathers-day-gifts', 3, '6/9/231/', 0, 0, 1, NULL, NULL, ''),
(232, 9, 'Valentine Day Gifts', 'jute-handicrafts-handicrafts-valentine-day-gifts', 3, '6/9/232/', 0, 0, 1, NULL, NULL, ''),
(233, 9, 'Christmas Gift', 'jute-handicrafts-handicrafts-christmas-gift', 3, '6/9/233/', 0, 0, 1, NULL, NULL, ''),
(234, 9, 'Candles', 'jute-handicrafts-handicrafts-candles', 3, '6/9/234/', 0, 0, 1, NULL, NULL, ''),
(235, 9, 'CraftsCenter', 'jute-handicrafts-handicrafts-craftscenter', 3, '6/9/235/', 0, 0, 1, NULL, NULL, ''),
(236, 9, 'Affiliates', 'jute-handicrafts-handicrafts-affiliates', 3, '6/9/236/', 0, 0, 1, NULL, NULL, ''),
(237, 9, 'Picture Gallery', 'jute-handicrafts-handicrafts-picture-gallery', 3, '6/9/237/', 0, 0, 1, NULL, NULL, ''),
(238, 9, 'Marble Write up', 'jute-handicrafts-handicrafts-marble-write-up', 3, '6/9/238/', 0, 0, 1, NULL, NULL, ''),
(239, 9, 'Stone Carving', 'jute-handicrafts-handicrafts-stone-carving', 3, '6/9/239/', 0, 0, 1, NULL, NULL, ''),
(240, 9, 'Stone Write up', 'jute-handicrafts-handicrafts-stone-write-up', 3, '6/9/240/', 0, 0, 1, NULL, NULL, ''),
(241, 9, 'Marble Sculptures', 'jute-handicrafts-handicrafts-marble-sculptures', 3, '6/9/241/', 0, 0, 1, NULL, NULL, ''),
(242, 9, 'Kids Crafts', 'jute-handicrafts-handicrafts-kids-crafts', 3, '6/9/242/', 0, 0, 1, NULL, NULL, ''),
(243, 11, 'Shoulder Bugs', 'leather-bags-bag-travelling-shoulder-bugs', 3, '7/11/243/', 0, 0, 1, NULL, NULL, ''),
(244, 11, 'Across Body', 'leather-bags-bag-travelling-across-body', 3, '7/11/244/', 0, 0, 1, NULL, NULL, ''),
(245, 11, 'Evening & Clutch Bugs', 'leather-bags-bag-travelling-evening-clutch-bugs', 3, '7/11/245/', 0, 0, 1, NULL, NULL, ''),
(246, 11, 'Tote Bags', 'leather-bags-bag-travelling-tote-bags', 3, '7/11/246/', 0, 0, 1, NULL, NULL, ''),
(247, 11, 'School bags', 'leather-bags-bag-travelling-school-bags', 3, '7/11/247/', 0, 0, 1, NULL, NULL, ''),
(248, 11, 'Bowling', 'leather-bags-bag-travelling-bowling', 3, '7/11/248/', 0, 0, 1, NULL, NULL, ''),
(249, 11, 'Backpacks', 'leather-bags-bag-travelling-backpacks', 3, '7/11/249/', 0, 0, 1, NULL, NULL, ''),
(250, 11, 'Workbags', 'leather-bags-bag-travelling-workbags', 3, '7/11/250/', 0, 0, 1, NULL, NULL, ''),
(251, 11, 'Leather Bags', 'leather-bags-bag-travelling-leather-bags-1', 3, '7/11/251/', 0, 0, 1, NULL, NULL, ''),
(252, 11, 'Ladies Hand Bags', 'leather-bags-bag-travelling-ladies-hand-bags', 3, '7/11/252/', 0, 0, 1, NULL, NULL, ''),
(253, 11, 'Fancy Hand Bags', 'leather-bags-bag-travelling-fancy-hand-bags', 3, '7/11/253/', 0, 0, 1, NULL, NULL, ''),
(254, 11, 'Purses & Wallets', 'leather-bags-bag-travelling-purses-wallets', 3, '7/11/254/', 0, 0, 1, NULL, NULL, ''),
(255, 11, 'Across Body Bag', 'leather-bags-bag-travelling-across-body-bag', 3, '7/11/255/', 0, 0, 1, NULL, NULL, ''),
(256, 11, 'Shopper Bags', 'leather-bags-bag-travelling-shopper-bags', 3, '7/11/256/', 0, 0, 1, NULL, NULL, ''),
(257, 11, 'Occasion Handbags', 'leather-bags-bag-travelling-occasion-handbags', 3, '7/11/257/', 0, 0, 1, NULL, NULL, ''),
(258, 11, 'Luggage & travel bags', 'leather-bags-bag-travelling-luggage-travel-bags', 3, '7/11/258/', 0, 0, 1, NULL, NULL, ''),
(259, 11, 'Carry-on luggage', 'leather-bags-bag-travelling-carry-on-luggage', 3, '7/11/259/', 0, 0, 1, NULL, NULL, ''),
(260, 11, 'Trolley Cases', 'leather-bags-bag-travelling-trolley-cases', 3, '7/11/260/', 0, 0, 1, NULL, NULL, ''),
(261, 11, 'Wheeled Duffles', 'leather-bags-bag-travelling-wheeled-duffles', 3, '7/11/261/', 0, 0, 1, NULL, NULL, ''),
(262, 11, 'Garment Bags', 'leather-bags-bag-travelling-garment-bags', 3, '7/11/262/', 0, 0, 1, NULL, NULL, ''),
(265, 14, 'Diamonds', 'jewelry-watches-diamonds', 2, '14/265/', 0, 0, 1, NULL, NULL, ''),
(266, 45, 'Steel Furniture', 'furnitures-steel-furniture', 2, '45/266/', 0, 0, 1, NULL, NULL, ''),
(267, 45, 'Bamboo Furniture', 'furnitures-bamboo-furniture', 2, '45/267/', 0, 0, 1, NULL, NULL, ''),
(268, 45, 'Cane Furniture', 'furnitures-cane-furniture', 2, '45/268/', 0, 0, 1, NULL, NULL, ''),
(269, 45, 'Palywood Furniture', 'furnitures-palywood-furniture', 2, '45/269/', 0, 0, 1, NULL, NULL, ''),
(271, 10, 'Men''s Shoes', 'foot-wears-men-s-shoes', 2, '10/271/', 0, 0, 1, NULL, NULL, ''),
(273, 10, 'Girl''s Shoes', 'foot-wears-girl-s-shoes', 2, '10/273/', 0, 0, 1, NULL, NULL, ''),
(274, 10, 'Women''s Shoes', 'foot-wears-women-s-shoes', 2, '10/274/', 0, 0, 1, NULL, NULL, ''),
(275, 10, 'Other''s Shoes', 'foot-wears-other-s-shoes', 2, '10/275/', 0, 0, 1, NULL, NULL, ''),
(276, 24, 'Cake & Pastry', 'foods-cake-pastry', 2, '24/276/', 0, 0, 1, NULL, NULL, ''),
(277, 39, 'Sound & Vision', 'computer-electronics-sound-vision', 2, '39/277/', 0, 0, 1, NULL, NULL, ''),
(278, 277, 'Televisions', 'computer-electronics-sound-vision-televisions', 3, '39/277/278/', 0, 0, 1, NULL, NULL, ''),
(279, 277, 'Blu-ray, DVD & Home Cinema', 'computer-electronics-sound-vision-blu-ray-dvd-home-cinema', 3, '39/277/279/', 0, 0, 1, NULL, NULL, ''),
(280, 277, 'Photography & Camcorders', 'computer-electronics-sound-vision-photography-camcorders', 3, '39/277/280/', 0, 0, 1, NULL, NULL, ''),
(281, 277, 'Audio', 'computer-electronics-sound-vision-audio', 3, '39/277/281/', 0, 0, 1, NULL, NULL, ''),
(282, 277, 'iPods & MP3 Players', 'computer-electronics-sound-vision-ipods-mp3-players', 3, '39/277/282/', 0, 0, 1, NULL, NULL, ''),
(283, 277, 'Headphones', 'computer-electronics-sound-vision-headphones', 3, '39/277/283/', 0, 0, 1, NULL, NULL, ''),
(284, 277, 'Gaming', 'computer-electronics-sound-vision-gaming', 3, '39/277/284/', 0, 0, 1, NULL, NULL, ''),
(285, 277, 'Kindle & eReaders', 'computer-electronics-sound-vision-kindle-ereaders', 3, '39/277/285/', 0, 0, 1, NULL, NULL, ''),
(286, 277, 'Stands & Accessories', 'computer-electronics-sound-vision-stands-accessories', 3, '39/277/286/', 0, 0, 1, NULL, NULL, ''),
(287, 277, 'Technology Offers', 'computer-electronics-sound-vision-technology-offers', 3, '39/277/287/', 0, 0, 1, NULL, NULL, ''),
(288, 42, 'iPad & Tablet PCs', 'computer-electronics-computing-accessories-ipad-tablet-pcs', 3, '39/42/288/', 0, 0, 1, NULL, NULL, ''),
(289, 42, 'Laptops & Netbooks', 'computer-electronics-computing-accessories-laptops-netbooks', 3, '39/42/289/', 0, 0, 1, NULL, NULL, ''),
(290, 42, 'Desktop PCs & Servers', 'computer-electronics-computing-accessories-desktop-pcs-servers', 3, '39/42/290/', 0, 0, 1, NULL, NULL, ''),
(291, 42, 'Software', 'computer-electronics-computing-accessories-software', 3, '39/42/291/', 0, 0, 1, NULL, NULL, ''),
(292, 42, 'Printing', 'computer-electronics-computing-accessories-printing', 3, '39/42/292/', 0, 0, 1, NULL, NULL, ''),
(293, 42, 'Computer Accessories', 'computer-electronics-computing-accessories-computer-accessories', 3, '39/42/293/', 0, 0, 1, NULL, NULL, ''),
(294, 42, 'Telephones', 'computer-electronics-computing-accessories-telephones', 3, '39/42/294/', 0, 0, 1, NULL, NULL, ''),
(295, 40, 'Express Delivery', 'computer-electronics-consumer-electronics-express-delivery', 3, '39/40/295/', 0, 0, 1, NULL, NULL, ''),
(296, 40, 'Cookers & Ovens', 'computer-electronics-consumer-electronics-cookers-ovens', 3, '39/40/296/', 0, 0, 1, NULL, NULL, ''),
(297, 40, 'Dishwashers', 'computer-electronics-consumer-electronics-dishwashers', 3, '39/40/297/', 0, 0, 1, NULL, NULL, ''),
(298, 40, 'Fridges & Freezers', 'computer-electronics-consumer-electronics-fridges-freezers', 3, '39/40/298/', 0, 0, 1, NULL, NULL, ''),
(299, 40, 'Washing Machines', 'computer-electronics-consumer-electronics-washing-machines', 3, '39/40/299/', 0, 0, 1, NULL, NULL, ''),
(300, 40, 'Tumble Dryers', 'computer-electronics-consumer-electronics-tumble-dryers', 3, '39/40/300/', 0, 0, 1, NULL, NULL, ''),
(301, 40, 'Washer Dryers', 'computer-electronics-consumer-electronics-washer-dryers', 3, '39/40/301/', 0, 0, 1, NULL, NULL, ''),
(302, 40, 'Vacuum Cleaners', 'computer-electronics-consumer-electronics-vacuum-cleaners', 3, '39/40/302/', 0, 0, 1, NULL, NULL, ''),
(303, 40, 'Fires', 'computer-electronics-consumer-electronics-fires', 3, '39/40/303/', 0, 0, 1, NULL, NULL, ''),
(304, 40, 'Hostess Trolleys', 'computer-electronics-consumer-electronics-hostess-trolleys', 3, '39/40/304/', 0, 0, 1, NULL, NULL, ''),
(305, 40, 'Maytag Laundry Solutions', 'computer-electronics-consumer-electronics-maytag-laundry-solutions', 3, '39/40/305/', 0, 0, 1, NULL, NULL, ''),
(306, 40, 'Cooking Appliances', 'computer-electronics-consumer-electronics-cooking-appliances', 3, '39/40/306/', 0, 0, 1, NULL, NULL, ''),
(307, 40, 'Food & Drink Preparation', 'computer-electronics-consumer-electronics-food-drink-preparation', 3, '39/40/307/', 0, 0, 1, NULL, NULL, ''),
(308, 40, 'Tea & Coffee', 'computer-electronics-consumer-electronics-tea-coffee', 3, '39/40/308/', 0, 0, 1, NULL, NULL, ''),
(309, 40, 'Kettles', 'computer-electronics-consumer-electronics-kettles', 3, '39/40/309/', 0, 0, 1, NULL, NULL, ''),
(310, 40, 'Toasters', 'computer-electronics-consumer-electronics-toasters', 3, '39/40/310/', 0, 0, 1, NULL, NULL, ''),
(311, 40, 'Kettle & Toaster Sets', 'computer-electronics-consumer-electronics-kettle-toaster-sets', 3, '39/40/311/', 0, 0, 1, NULL, NULL, ''),
(312, 40, 'Ironing', 'computer-electronics-consumer-electronics-ironing', 3, '39/40/312/', 0, 0, 1, NULL, NULL, ''),
(313, 40, 'Security & Monitoring', 'computer-electronics-consumer-electronics-security-monitoring', 3, '39/40/313/', 0, 0, 1, NULL, NULL, ''),
(314, 40, 'Heating & Cooling', 'computer-electronics-consumer-electronics-heating-cooling', 3, '39/40/314/', 0, 0, 1, NULL, NULL, ''),
(315, 40, 'Sewing', 'computer-electronics-consumer-electronics-sewing', 3, '39/40/315/', 0, 0, 1, NULL, NULL, ''),
(316, 41, 'Blackberry Cases', 'computer-electronics-mobile-phone-accessories-blackberry-cases', 3, '39/41/316/', 0, 0, 1, NULL, NULL, ''),
(317, 41, 'Handsfree Kits', 'computer-electronics-mobile-phone-accessories-handsfree-kits', 3, '39/41/317/', 0, 0, 1, NULL, NULL, ''),
(318, 41, 'iPhone Cases', 'computer-electronics-mobile-phone-accessories-iphone-cases', 3, '39/41/318/', 0, 0, 1, NULL, NULL, ''),
(319, 41, 'Chargers', 'computer-electronics-mobile-phone-accessories-chargers', 3, '39/41/319/', 0, 0, 1, NULL, NULL, ''),
(320, 39, 'Solar System', 'computer-electronics-solar-system', 2, '39/320/', 0, 0, 1, NULL, NULL, ''),
(321, 320, 'Solar Street Light', 'computer-electronics-solar-system-solar-street-light', 3, '39/320/321/', 0, 0, 1, NULL, NULL, ''),
(322, 320, 'Solar Water Heater', 'computer-electronics-solar-system-solar-water-heater', 3, '39/320/322/', 0, 0, 1, NULL, NULL, ''),
(323, 320, 'Solar Water Pump', 'computer-electronics-solar-system-solar-water-pump', 3, '39/320/323/', 0, 0, 1, NULL, NULL, ''),
(324, 320, 'Solar Garden Light', 'computer-electronics-solar-system-solar-garden-light', 3, '39/320/324/', 0, 0, 1, NULL, NULL, ''),
(325, 320, 'Solar Power Packs', 'computer-electronics-solar-system-solar-power-packs', 3, '39/320/325/', 0, 0, 1, NULL, NULL, ''),
(326, 320, 'Solar Cooking System', 'computer-electronics-solar-system-solar-cooking-system', 3, '39/320/326/', 0, 0, 1, NULL, NULL, ''),
(327, 320, 'Solar Laptop Charger', 'computer-electronics-solar-system-solar-laptop-charger', 3, '39/320/327/', 0, 0, 1, NULL, NULL, ''),
(328, 320, 'Solar Mobile Phone Charger', 'computer-electronics-solar-system-solar-mobile-phone-charger', 3, '39/320/328/', 0, 0, 1, NULL, NULL, ''),
(329, 44, 'Interior Lighting', 'electrical-lighting-interior-lighting', 2, '44/329/', 0, 0, 1, NULL, NULL, ''),
(330, 44, 'Exterior Lighting', 'electrical-lighting-exterior-lighting', 2, '44/330/', 0, 0, 1, NULL, NULL, ''),
(331, 44, 'Emergency Lighting', 'electrical-lighting-emergency-lighting', 2, '44/331/', 0, 0, 1, NULL, NULL, ''),
(332, 44, 'Lamps & Tubes', 'electrical-lighting-lamps-tubes', 2, '44/332/', 0, 0, 1, NULL, NULL, ''),
(334, 44, 'Transformers & Drivers', 'electrical-lighting-transformers-drivers', 2, '44/334/', 0, 0, 1, NULL, NULL, ''),
(335, 44, 'Wiring Accessories', 'electrical-lighting-wiring-accessories', 2, '44/335/', 0, 0, 1, NULL, NULL, ''),
(336, 44, 'Protection Accessories', 'electrical-lighting-protection-accessories', 2, '44/336/', 0, 0, 1, NULL, NULL, ''),
(337, 44, 'Control Accessories', 'electrical-lighting-control-accessories', 2, '44/337/', 0, 0, 1, NULL, NULL, ''),
(338, 94, 'Art, Architecture & Photography', 'books-magazines-regular-books-art-architecture-photography', 3, '93/94/338/', 0, 0, 1, NULL, NULL, ''),
(339, 94, 'Audiobooks', 'books-magazines-regular-books-audiobooks', 3, '93/94/339/', 0, 0, 1, NULL, NULL, ''),
(340, 94, 'Biography', 'books-magazines-regular-books-biography', 3, '93/94/340/', 0, 0, 1, NULL, NULL, ''),
(341, 94, 'Books For Study', 'books-magazines-regular-books-books-for-study', 3, '93/94/341/', 0, 0, 1, NULL, NULL, ''),
(342, 94, 'Business, Finance & Law', 'books-magazines-regular-books-business-finance-law', 3, '93/94/342/', 0, 0, 1, NULL, NULL, ''),
(343, 94, 'Calendars, Diaries, Annuals & More', 'books-magazines-regular-books-calendars-diaries-annuals-more', 3, '93/94/343/', 0, 0, 1, NULL, NULL, ''),
(344, 94, 'Children''s Books', 'books-magazines-regular-books-children-s-books', 3, '93/94/344/', 0, 0, 1, NULL, NULL, ''),
(345, 94, 'Comics & Graphic Novels', 'books-magazines-regular-books-comics-graphic-novels', 3, '93/94/345/', 0, 0, 1, NULL, NULL, ''),
(346, 94, 'Computing & Internet', 'books-magazines-regular-books-computing-internet', 3, '93/94/346/', 0, 0, 1, NULL, NULL, ''),
(347, 94, 'Crime, Thrillers & Mystery', 'books-magazines-regular-books-crime-thrillers-mystery', 3, '93/94/347/', 0, 0, 1, NULL, NULL, ''),
(348, 94, 'Fiction', 'books-magazines-regular-books-fiction', 3, '93/94/348/', 0, 0, 1, NULL, NULL, ''),
(349, 94, 'Food & Drink', 'books-magazines-regular-books-food-drink', 3, '93/94/349/', 0, 0, 1, NULL, NULL, ''),
(350, 94, 'Health, Family & Lifestyle', 'books-magazines-regular-books-health-family-lifestyle', 3, '93/94/350/', 0, 0, 1, NULL, NULL, ''),
(351, 94, 'History', 'books-magazines-regular-books-history', 3, '93/94/351/', 0, 0, 1, NULL, NULL, ''),
(352, 94, 'Home & Garden', 'books-magazines-regular-books-home-garden', 3, '93/94/352/', 0, 0, 1, NULL, NULL, ''),
(353, 94, 'Horror', 'books-magazines-regular-books-horror', 3, '93/94/353/', 0, 0, 1, NULL, NULL, ''),
(354, 94, 'Humour', 'books-magazines-regular-books-humour', 3, '93/94/354/', 0, 0, 1, NULL, NULL, ''),
(355, 94, 'Languages', 'books-magazines-regular-books-languages', 3, '93/94/355/', 0, 0, 1, NULL, NULL, ''),
(356, 94, 'Mind, Body & Spirit', 'books-magazines-regular-books-mind-body-spirit', 3, '93/94/356/', 0, 0, 1, NULL, NULL, ''),
(357, 94, 'Music, Stage & Screen', 'books-magazines-regular-books-music-stage-screen', 3, '93/94/357/', 0, 0, 1, NULL, NULL, ''),
(358, 94, 'Poetry, Drama & Criticism', 'books-magazines-regular-books-poetry-drama-criticism', 3, '93/94/358/', 0, 0, 1, NULL, NULL, ''),
(359, 94, 'Reference', 'books-magazines-regular-books-reference', 3, '93/94/359/', 0, 0, 1, NULL, NULL, ''),
(360, 94, 'Religion & Spirituality', 'books-magazines-regular-books-religion-spirituality', 3, '93/94/360/', 0, 0, 1, NULL, NULL, ''),
(361, 94, 'Romance', 'books-magazines-regular-books-romance', 3, '93/94/361/', 0, 0, 1, NULL, NULL, ''),
(362, 94, 'Science & Nature', 'books-magazines-regular-books-science-nature', 3, '93/94/362/', 0, 0, 1, NULL, NULL, ''),
(363, 94, 'Science Fiction & Fantasy', 'books-magazines-regular-books-science-fiction-fantasy', 3, '93/94/363/', 0, 0, 1, NULL, NULL, ''),
(364, 94, 'Scientific, Technical & Medical', 'books-magazines-regular-books-scientific-technical-medical', 3, '93/94/364/', 0, 0, 1, NULL, NULL, ''),
(365, 94, 'Society, Politics & Philosophy', 'books-magazines-regular-books-society-politics-philosophy', 3, '93/94/365/', 0, 0, 1, NULL, NULL, ''),
(366, 94, 'Sports, Hobbies & Games', 'books-magazines-regular-books-sports-hobbies-games', 3, '93/94/366/', 0, 0, 1, NULL, NULL, ''),
(367, 94, 'Textbooks For University', 'books-magazines-regular-books-textbooks-for-university', 3, '93/94/367/', 0, 0, 1, NULL, NULL, ''),
(368, 94, 'Travel & Holiday', 'books-magazines-regular-books-travel-holiday', 3, '93/94/368/', 0, 0, 1, NULL, NULL, ''),
(369, 60, 'Haircare', 'health-medicine-beauty-equipment-haircare', 3, '59/60/369/', 0, 0, 1, NULL, NULL, ''),
(370, 60, 'Shaving & Hair Removal', 'health-medicine-beauty-equipment-shaving-hair-removal', 3, '59/60/370/', 0, 0, 1, NULL, NULL, ''),
(371, 60, 'Health Monitors', 'health-medicine-beauty-equipment-health-monitors', 3, '59/60/371/', 0, 0, 1, NULL, NULL, ''),
(372, 60, 'Personal Care', 'health-medicine-beauty-equipment-personal-care', 3, '59/60/372/', 0, 0, 1, NULL, NULL, ''),
(373, 60, 'Breast Care Products', 'health-medicine-beauty-equipment-breast-care-products', 3, '59/60/373/', 0, 0, 1, NULL, NULL, ''),
(374, 60, 'Massager', 'health-medicine-beauty-equipment-massager', 3, '59/60/374/', 0, 0, 1, NULL, NULL, ''),
(375, 60, 'Fitness Equipment', 'health-medicine-beauty-equipment-fitness-equipment', 3, '59/60/375/', 0, 0, 1, NULL, NULL, ''),
(376, 60, 'Treadmill', 'health-medicine-beauty-equipment-treadmill', 3, '59/60/376/', 0, 0, 1, NULL, NULL, ''),
(377, 60, 'Breast Pump', 'health-medicine-beauty-equipment-breast-pump', 3, '59/60/377/', 0, 0, 1, NULL, NULL, ''),
(378, 60, 'Other Beauty Equipment', 'health-medicine-beauty-equipment-other-beauty-equipment', 3, '59/60/378/', 0, 0, 1, NULL, NULL, ''),
(379, 60, 'Hair Salon Equipment', 'health-medicine-beauty-equipment-hair-salon-equipment', 3, '59/60/379/', 0, 0, 1, NULL, NULL, ''),
(380, 18, 'Make Up', 'beauty-fragrances-make-up', 2, '18/380/', 0, 0, 1, NULL, NULL, ''),
(381, 18, 'Nails', 'beauty-fragrances-nails', 2, '18/381/', 0, 0, 1, NULL, NULL, ''),
(382, 18, 'Slimming', 'beauty-fragrances-slimming', 2, '18/382/', 0, 0, 1, NULL, NULL, ''),
(383, 18, 'Fragrance', 'beauty-fragrances-fragrance', 2, '18/383/', 0, 0, 1, NULL, NULL, ''),
(384, 18, 'Organic & Natural', 'beauty-fragrances-organic-natural', 2, '18/384/', 0, 0, 1, NULL, NULL, ''),
(385, 18, 'Men''s Shaving', 'beauty-fragrances-men-s-shaving', 2, '18/385/', 0, 0, 1, NULL, NULL, ''),
(386, 18, 'Men''s Skincare', 'beauty-fragrances-men-s-skincare', 2, '18/386/', 0, 0, 1, NULL, NULL, ''),
(387, 18, 'Men''s Bodycare', 'beauty-fragrances-men-s-bodycare', 2, '18/387/', 0, 0, 1, NULL, NULL, ''),
(388, 18, 'Men''s Hair', 'beauty-fragrances-men-s-hair', 2, '18/388/', 0, 0, 1, NULL, NULL, ''),
(389, 18, 'Men''s Fragrance', 'beauty-fragrances-men-s-fragrance', 2, '18/389/', 0, 0, 1, NULL, NULL, ''),
(390, 18, 'Gift''s For Him', 'beauty-fragrances-gift-s-for-him', 2, '18/390/', 0, 0, 1, NULL, NULL, ''),
(391, 18, 'Luxury Gifts', 'beauty-fragrances-luxury-gifts', 2, '18/391/', 0, 0, 1, NULL, NULL, ''),
(392, 18, 'Men''s Toiletry & Wash Bags', 'beauty-fragrances-men-s-toiletry-wash-bags', 2, '18/392/', 0, 0, 1, NULL, NULL, ''),
(393, 18, 'Men''s Tanning & Make-Up', 'beauty-fragrances-men-s-tanning-make-up', 2, '18/393/', 0, 0, 1, NULL, NULL, ''),
(394, 18, 'Men''s Shavers', 'beauty-fragrances-men-s-shavers', 2, '18/394/', 0, 0, 1, NULL, NULL, ''),
(395, 18, 'Men''s Hair Trimmers', 'beauty-fragrances-men-s-hair-trimmers', 2, '18/395/', 0, 0, 1, NULL, NULL, ''),
(396, 14, 'Gold Jewellery', 'jewelry-watches-gold-jewellery', 2, '14/396/', 0, 0, 1, NULL, NULL, ''),
(397, 14, 'Silver Jewellery', 'jewelry-watches-silver-jewellery', 2, '14/397/', 0, 0, 1, NULL, NULL, ''),
(398, 14, 'Imitation Jewellery', 'jewelry-watches-imitation-jewellery', 2, '14/398/', 0, 0, 1, NULL, NULL, ''),
(399, 396, 'Gold Ring', 'jewelry-watches-gold-jewellery-gold-ring', 3, '14/396/399/', 0, 0, 1, NULL, NULL, ''),
(400, 396, 'Gold Pendant', 'jewelry-watches-gold-jewellery-gold-pendant', 3, '14/396/400/', 0, 0, 1, NULL, NULL, ''),
(401, 396, 'Gold Bracelet', 'jewelry-watches-gold-jewellery-gold-bracelet', 3, '14/396/401/', 0, 0, 1, NULL, NULL, ''),
(402, 396, 'Gold Earrings', 'jewelry-watches-gold-jewellery-gold-earrings', 3, '14/396/402/', 0, 0, 1, NULL, NULL, ''),
(403, 396, 'Gold Necklace', 'jewelry-watches-gold-jewellery-gold-necklace', 3, '14/396/403/', 0, 0, 1, NULL, NULL, ''),
(404, 396, 'Gold Bangles', 'jewelry-watches-gold-jewellery-gold-bangles', 3, '14/396/404/', 0, 0, 1, NULL, NULL, ''),
(405, 397, 'Silver Earrings', 'jewelry-watches-silver-jewellery-silver-earrings', 3, '14/397/405/', 0, 0, 1, NULL, NULL, ''),
(406, 397, 'Silver Bracelet', 'jewelry-watches-silver-jewellery-silver-bracelet', 3, '14/397/406/', 0, 0, 1, NULL, NULL, ''),
(407, 397, 'Silver Necklace', 'jewelry-watches-silver-jewellery-silver-necklace', 3, '14/397/407/', 0, 0, 1, NULL, NULL, ''),
(408, 397, 'Silver Pendant', 'jewelry-watches-silver-jewellery-silver-pendant', 3, '14/397/408/', 0, 0, 1, NULL, NULL, ''),
(409, 265, 'Diamond Ring', 'jewelry-watches-diamonds-diamond-ring', 3, '14/265/409/', 0, 0, 1, NULL, NULL, ''),
(410, 265, 'Diamond Pendant', 'jewelry-watches-diamonds-diamond-pendant', 3, '14/265/410/', 0, 0, 1, NULL, NULL, ''),
(411, 265, 'Diamond Bracelets', 'jewelry-watches-diamonds-diamond-bracelets', 3, '14/265/411/', 0, 0, 1, NULL, NULL, ''),
(412, 265, 'Diamond Earrings', 'jewelry-watches-diamonds-diamond-earrings', 3, '14/265/412/', 0, 0, 1, NULL, NULL, ''),
(413, 265, 'Diamond Necklace', 'jewelry-watches-diamonds-diamond-necklace', 3, '14/265/413/', 0, 0, 1, NULL, NULL, ''),
(414, 265, 'Diamond Bangles', 'jewelry-watches-diamonds-diamond-bangles', 3, '14/265/414/', 0, 0, 1, NULL, NULL, ''),
(415, 398, 'Imitation Earrings', 'jewelry-watches-imitation-jewellery-imitation-earrings', 3, '14/398/415/', 0, 0, 1, NULL, NULL, ''),
(416, 398, 'Imitation Necklace', 'jewelry-watches-imitation-jewellery-imitation-necklace', 3, '14/398/416/', 0, 0, 1, NULL, NULL, ''),
(417, 398, 'Imitation Bracelet', 'jewelry-watches-imitation-jewellery-imitation-bracelet', 3, '14/398/417/', 0, 0, 1, NULL, NULL, ''),
(418, 398, 'Imitation Pendant', 'jewelry-watches-imitation-jewellery-imitation-pendant', 3, '14/398/418/', 0, 0, 1, NULL, NULL, ''),
(419, 265, 'Jewellery sets', 'jewelry-watches-diamonds-jewellery-sets', 3, '14/265/419/', 0, 0, 1, NULL, NULL, ''),
(420, 396, 'Jewellery sets', 'jewelry-watches-gold-jewellery-jewellery-sets', 3, '14/396/420/', 0, 0, 1, NULL, NULL, ''),
(421, 14, 'Stainless Jewellery', 'jewelry-watches-stainless-jewellery', 2, '14/421/', 0, 0, 1, NULL, NULL, ''),
(422, 421, 'Bangles Jewellery', 'jewelry-watches-stainless-jewellery-bangles-jewellery', 3, '14/421/422/', 0, 0, 1, NULL, NULL, ''),
(423, 421, 'Charms Jewellery', 'jewelry-watches-stainless-jewellery-charms-jewellery', 3, '14/421/423/', 0, 0, 1, NULL, NULL, ''),
(424, 421, 'Necklaces', 'jewelry-watches-stainless-jewellery-necklaces', 3, '14/421/424/', 0, 0, 1, NULL, NULL, ''),
(425, 421, 'Bracelets', 'jewelry-watches-stainless-jewellery-bracelets', 3, '14/421/425/', 0, 0, 1, NULL, NULL, ''),
(426, 421, 'Earrings', 'jewelry-watches-stainless-jewellery-earrings', 3, '14/421/426/', 0, 0, 1, NULL, NULL, ''),
(427, 421, 'Rings', 'jewelry-watches-stainless-jewellery-rings', 3, '14/421/427/', 0, 0, 1, NULL, NULL, ''),
(428, 14, 'Men''s Jewellery', 'jewelry-watches-men-s-jewellery', 2, '14/428/', 0, 0, 1, NULL, NULL, ''),
(429, 428, 'Men''s Rings', 'jewelry-watches-men-s-jewellery-men-s-rings', 3, '14/428/429/', 0, 0, 1, NULL, NULL, ''),
(430, 428, 'Men''s Bracelets', 'jewelry-watches-men-s-jewellery-men-s-bracelets', 3, '14/428/430/', 0, 0, 1, NULL, NULL, ''),
(431, 396, 'Gold-Tikkas', 'jewelry-watches-gold-jewellery-gold-tikkas', 3, '14/396/431/', 0, 0, 1, NULL, NULL, ''),
(432, 396, 'Gold-Brooches', 'jewelry-watches-gold-jewellery-gold-brooches', 3, '14/396/432/', 0, 0, 1, NULL, NULL, ''),
(433, 428, 'Diamond Watch', 'jewelry-watches-men-s-jewellery-diamond-watch', 3, '14/428/433/', 0, 0, 1, NULL, NULL, ''),
(434, 428, 'Pearl Watches', 'jewelry-watches-men-s-jewellery-pearl-watches', 3, '14/428/434/', 0, 0, 1, NULL, NULL, ''),
(435, 428, 'Cufflinks', 'jewelry-watches-men-s-jewellery-cufflinks', 3, '14/428/435/', 0, 0, 1, NULL, NULL, ''),
(436, 428, 'Tiepin', 'jewelry-watches-men-s-jewellery-tiepin', 3, '14/428/436/', 0, 0, 1, NULL, NULL, ''),
(437, 428, 'Solitaire Rings', 'jewelry-watches-men-s-jewellery-solitaire-rings', 3, '14/428/437/', 0, 0, 1, NULL, NULL, ''),
(438, 428, 'Special White Gold', 'jewelry-watches-men-s-jewellery-special-white-gold', 3, '14/428/438/', 0, 0, 1, NULL, NULL, ''),
(439, 14, 'Baby Jewellery', 'jewelry-watches-baby-jewellery', 2, '14/439/', 0, 0, 1, NULL, NULL, ''),
(440, 439, 'Baby Bangles', 'jewelry-watches-baby-jewellery-baby-bangles', 3, '14/439/440/', 0, 0, 1, NULL, NULL, ''),
(441, 396, 'Gold Vaddanams', 'jewelry-watches-gold-jewellery-gold-vaddanams', 3, '14/396/441/', 0, 0, 1, NULL, NULL, ''),
(442, 16, 'Men''s', 'jewelry-watches-watch-sunglass-men-s', 3, '14/16/442/', 0, 0, 1, NULL, NULL, ''),
(443, 16, 'Women''s Watches', 'jewelry-watches-watch-sunglass-women-s-watches', 3, '14/16/443/', 0, 0, 1, NULL, NULL, ''),
(444, 16, 'Kid''s Watches', 'jewelry-watches-watch-sunglass-kid-s-watches', 3, '14/16/444/', 0, 0, 1, NULL, NULL, ''),
(445, 16, 'Pair Watches', 'jewelry-watches-watch-sunglass-pair-watches', 3, '14/16/445/', 0, 0, 1, NULL, NULL, ''),
(446, 14, 'Sunglass', 'jewelry-watches-sunglass', 2, '14/446/', 0, 0, 1, NULL, NULL, ''),
(447, 446, 'Mne''s Sunglass', 'jewelry-watches-sunglass-mne-s-sunglass', 3, '14/446/447/', 0, 0, 1, NULL, NULL, ''),
(448, 446, 'Women''s Sunglass', 'jewelry-watches-sunglass-women-s-sunglass', 3, '14/446/448/', 0, 0, 1, NULL, NULL, ''),
(449, 446, 'Kids Sunglass', 'jewelry-watches-sunglass-kids-sunglass', 3, '14/446/449/', 0, 0, 1, NULL, NULL, ''),
(450, 446, 'Contact Lence', 'jewelry-watches-sunglass-contact-lence', 3, '14/446/450/', 0, 0, 1, NULL, NULL, ''),
(451, 446, 'Accessories', 'jewelry-watches-sunglass-accessories', 3, '14/446/451/', 0, 0, 1, NULL, NULL, ''),
(452, 446, 'Optical Lens', 'jewelry-watches-sunglass-optical-lens', 3, '14/446/452/', 0, 0, 1, NULL, NULL, ''),
(453, 446, 'Intraocular Lenses', 'jewelry-watches-sunglass-intraocular-lenses', 3, '14/446/453/', 0, 0, 1, NULL, NULL, ''),
(454, 46, 'Bathroom Furniture', 'furnitures-wood-furniture-bathroom-furniture', 3, '45/46/454/', 0, 0, 1, NULL, NULL, ''),
(455, 46, 'Bedroom Furniture', 'furnitures-wood-furniture-bedroom-furniture', 3, '45/46/455/', 0, 0, 1, NULL, NULL, ''),
(456, 46, 'Dining Room Furniture', 'furnitures-wood-furniture-dining-room-furniture', 3, '45/46/456/', 0, 0, 1, NULL, NULL, ''),
(457, 46, 'Home Office Furniture', 'furnitures-wood-furniture-home-office-furniture', 3, '45/46/457/', 0, 0, 1, NULL, NULL, ''),
(458, 46, 'Kids Bedroom Furniture', 'furnitures-wood-furniture-kids-bedroom-furniture', 3, '45/46/458/', 0, 0, 1, NULL, NULL, ''),
(459, 46, 'Kitchen Furniture', 'furnitures-wood-furniture-kitchen-furniture', 3, '45/46/459/', 0, 0, 1, NULL, NULL, ''),
(460, 46, 'Living Room Furniture', 'furnitures-wood-furniture-living-room-furniture', 3, '45/46/460/', 0, 0, 1, NULL, NULL, ''),
(461, 455, 'Beds', 'furnitures-wood-furniture-bedroom-furniture-beds', 4, '45/46/455/461/', 0, 0, 1, NULL, NULL, ''),
(462, 45, 'Contemporary Furniture', 'furnitures-contemporary-furniture', 2, '45/462/', 0, 0, 1, NULL, NULL, ''),
(463, 462, 'Side and dining chairs', 'furnitures-contemporary-furniture-side-and-dining-chairs', 3, '45/462/463/', 0, 0, 1, NULL, NULL, '');
INSERT INTO `categories` (`id`, `parent`, `name`, `slug`, `level`, `path`, `sorting`, `feature`, `status`, `imagePath`, `inventoryConfig_id`, `permission`) VALUES
(464, 462, 'Armchairs&lounge chairs', 'furnitures-contemporary-furniture-armchairs-lounge-chairs', 3, '45/462/464/', 0, 0, 1, NULL, NULL, ''),
(465, 462, 'bar&counter stools', 'furnitures-contemporary-furniture-bar-counter-stools', 3, '45/462/465/', 0, 0, 1, NULL, NULL, ''),
(466, 462, 'low stools', 'furnitures-contemporary-furniture-low-stools', 3, '45/462/466/', 0, 0, 1, NULL, NULL, ''),
(467, 462, 'sofas', 'furnitures-contemporary-furniture-sofas', 3, '45/462/467/', 0, 0, 1, NULL, NULL, ''),
(468, 462, 'benches', 'furnitures-contemporary-furniture-benches', 3, '45/462/468/', 0, 0, 1, NULL, NULL, ''),
(469, 462, 'stacking chairs', 'furnitures-contemporary-furniture-stacking-chairs', 3, '45/462/469/', 0, 0, 1, NULL, NULL, ''),
(470, 462, 'task&office chairs', 'furnitures-contemporary-furniture-task-office-chairs', 3, '45/462/470/', 0, 0, 1, NULL, NULL, ''),
(471, 462, 'outdoor&patio furniture', 'furnitures-contemporary-furniture-outdoor-patio-furniture', 3, '45/462/471/', 0, 0, 1, NULL, NULL, ''),
(472, 462, 'dining tables', 'furnitures-contemporary-furniture-dining-tables', 3, '45/462/472/', 0, 0, 1, NULL, NULL, ''),
(473, 462, 'coffee&cocktail tables', 'furnitures-contemporary-furniture-coffee-cocktail-tables', 3, '45/462/473/', 0, 0, 1, NULL, NULL, ''),
(474, 462, 'side&end tables', 'furnitures-contemporary-furniture-side-end-tables', 3, '45/462/474/', 0, 0, 1, NULL, NULL, ''),
(475, 462, 'work&office tables', 'furnitures-contemporary-furniture-work-office-tables', 3, '45/462/475/', 0, 0, 1, NULL, NULL, ''),
(476, 462, 'wall mounted shelving', 'furnitures-contemporary-furniture-wall-mounted-shelving', 3, '45/462/476/', 0, 0, 1, NULL, NULL, ''),
(477, 462, 'free standing shelving', 'furnitures-contemporary-furniture-free-standing-shelving', 3, '45/462/477/', 0, 0, 1, NULL, NULL, ''),
(478, 462, 'storage', 'furnitures-contemporary-furniture-storage', 3, '45/462/478/', 0, 0, 1, NULL, NULL, ''),
(479, 462, 'beds', 'furnitures-contemporary-furniture-beds', 3, '45/462/479/', 0, 0, 1, NULL, NULL, ''),
(480, 462, 'children''s furniture', 'furnitures-contemporary-furniture-children-s-furniture', 3, '45/462/480/', 0, 0, 1, NULL, NULL, ''),
(481, 46, 'Office Furniture', 'furnitures-wood-furniture-office-furniture', 3, '45/46/481/', 0, 0, 1, NULL, NULL, ''),
(482, 46, 'Outdoor Furniture', 'furnitures-wood-furniture-outdoor-furniture', 3, '45/46/482/', 0, 0, 1, NULL, NULL, ''),
(483, 455, 'Bedside Cabinets', 'furnitures-wood-furniture-bedroom-furniture-bedside-cabinets', 4, '45/46/455/483/', 0, 0, 1, NULL, NULL, ''),
(484, 455, 'Blanket Boxes', 'furnitures-wood-furniture-bedroom-furniture-blanket-boxes', 4, '45/46/455/484/', 0, 0, 1, NULL, NULL, ''),
(485, 455, 'Chest of Drawers', 'furnitures-wood-furniture-bedroom-furniture-chest-of-drawers', 4, '45/46/455/485/', 0, 0, 1, NULL, NULL, ''),
(486, 455, 'Dressing Tables', 'furnitures-wood-furniture-bedroom-furniture-dressing-tables', 4, '45/46/455/486/', 0, 0, 1, NULL, NULL, ''),
(487, 455, 'Mattresses', 'furnitures-wood-furniture-bedroom-furniture-mattresses', 4, '45/46/455/487/', 0, 0, 1, NULL, NULL, ''),
(488, 455, 'Mirrors', 'furnitures-wood-furniture-bedroom-furniture-mirrors', 4, '45/46/455/488/', 0, 0, 1, NULL, NULL, ''),
(489, 455, 'Wardrobes', 'furnitures-wood-furniture-bedroom-furniture-wardrobes', 4, '45/46/455/489/', 0, 0, 1, NULL, NULL, ''),
(490, 456, 'Bookcases & Cabinets', 'furnitures-wood-furniture-dining-room-furniture-bookcases-cabinets', 4, '45/46/456/490/', 0, 0, 1, NULL, NULL, ''),
(491, 456, 'Console Tables & Hall Tables', 'furnitures-wood-furniture-dining-room-furniture-console-tables-hall-tables', 4, '45/46/456/491/', 0, 0, 1, NULL, NULL, ''),
(492, 456, 'Dining Chairs', 'furnitures-wood-furniture-dining-room-furniture-dining-chairs', 4, '45/46/456/492/', 0, 0, 1, NULL, NULL, ''),
(493, 456, 'Dining Tables', 'furnitures-wood-furniture-dining-room-furniture-dining-tables', 4, '45/46/456/493/', 0, 0, 1, NULL, NULL, ''),
(494, 456, 'Dining Tables & Chair Sets', 'furnitures-wood-furniture-dining-room-furniture-dining-tables-chair-sets', 4, '45/46/456/494/', 0, 0, 1, NULL, NULL, ''),
(495, 456, 'Dressers', 'furnitures-wood-furniture-dining-room-furniture-dressers', 4, '45/46/456/495/', 0, 0, 1, NULL, NULL, ''),
(496, 456, 'Sideboards', 'furnitures-wood-furniture-dining-room-furniture-sideboards', 4, '45/46/456/496/', 0, 0, 1, NULL, NULL, ''),
(497, 456, 'Benches', 'furnitures-wood-furniture-dining-room-furniture-benches', 4, '45/46/456/497/', 0, 0, 1, NULL, NULL, ''),
(498, 456, 'Stools', 'furnitures-wood-furniture-dining-room-furniture-stools', 4, '45/46/456/498/', 0, 0, 1, NULL, NULL, ''),
(499, 456, 'Display Cabinets', 'furnitures-wood-furniture-dining-room-furniture-display-cabinets', 4, '45/46/456/499/', 0, 0, 1, NULL, NULL, ''),
(500, 456, 'Mirrors', 'furnitures-wood-furniture-dining-room-furniture-mirrors', 4, '45/46/456/500/', 0, 0, 1, NULL, NULL, ''),
(501, 456, 'Shelving Units', 'furnitures-wood-furniture-dining-room-furniture-shelving-units', 4, '45/46/456/501/', 0, 0, 1, NULL, NULL, ''),
(502, 456, 'Shelves', 'furnitures-wood-furniture-dining-room-furniture-shelves', 4, '45/46/456/502/', 0, 0, 1, NULL, NULL, ''),
(503, 456, 'Dining Furniture Sets', 'furnitures-wood-furniture-dining-room-furniture-dining-furniture-sets', 4, '45/46/456/503/', 0, 0, 1, NULL, NULL, ''),
(504, 460, 'Small Tables', 'furnitures-wood-furniture-living-room-furniture-small-tables', 4, '45/46/460/504/', 0, 0, 1, NULL, NULL, ''),
(505, 460, 'Cabinets', 'furnitures-wood-furniture-living-room-furniture-cabinets', 4, '45/46/460/505/', 0, 0, 1, NULL, NULL, ''),
(506, 460, 'Sideboards', 'furnitures-wood-furniture-living-room-furniture-sideboards', 4, '45/46/460/506/', 0, 0, 1, NULL, NULL, ''),
(507, 460, 'Display Cabinets', 'furnitures-wood-furniture-living-room-furniture-display-cabinets', 4, '45/46/460/507/', 0, 0, 1, NULL, NULL, ''),
(508, 460, 'Drink Cabinets', 'furnitures-wood-furniture-living-room-furniture-drink-cabinets', 4, '45/46/460/508/', 0, 0, 1, NULL, NULL, ''),
(509, 460, 'Bookcases', 'furnitures-wood-furniture-living-room-furniture-bookcases', 4, '45/46/460/509/', 0, 0, 1, NULL, NULL, ''),
(510, 460, 'CD & DVD Unit Storage', 'furnitures-wood-furniture-living-room-furniture-cd-dvd-unit-storage', 4, '45/46/460/510/', 0, 0, 1, NULL, NULL, ''),
(511, 460, 'Television Stands', 'furnitures-wood-furniture-living-room-furniture-television-stands', 4, '45/46/460/511/', 0, 0, 1, NULL, NULL, ''),
(512, 460, 'Hallway Furniture', 'furnitures-wood-furniture-living-room-furniture-hallway-furniture', 4, '45/46/460/512/', 0, 0, 1, NULL, NULL, ''),
(513, 460, 'Shelving Units', 'furnitures-wood-furniture-living-room-furniture-shelving-units', 4, '45/46/460/513/', 0, 0, 1, NULL, NULL, ''),
(514, 460, 'Shelves', 'furnitures-wood-furniture-living-room-furniture-shelves', 4, '45/46/460/514/', 0, 0, 1, NULL, NULL, ''),
(515, 460, 'Storage Trunks', 'furnitures-wood-furniture-living-room-furniture-storage-trunks', 4, '45/46/460/515/', 0, 0, 1, NULL, NULL, ''),
(516, 460, 'Mirrors', 'furnitures-wood-furniture-living-room-furniture-mirrors', 4, '45/46/460/516/', 0, 0, 1, NULL, NULL, ''),
(517, 460, 'Footstools', 'furnitures-wood-furniture-living-room-furniture-footstools', 4, '45/46/460/517/', 0, 0, 1, NULL, NULL, ''),
(518, 460, 'Sofa', 'furnitures-wood-furniture-living-room-furniture-sofa', 4, '45/46/460/518/', 0, 0, 1, NULL, NULL, ''),
(519, 460, 'Armchairs', 'furnitures-wood-furniture-living-room-furniture-armchairs', 4, '45/46/460/519/', 0, 0, 1, NULL, NULL, ''),
(520, 460, 'Snugglers', 'furnitures-wood-furniture-living-room-furniture-snugglers', 4, '45/46/460/520/', 0, 0, 1, NULL, NULL, ''),
(521, 460, 'Chair''s', 'furnitures-wood-furniture-living-room-furniture-chair-s', 4, '45/46/460/521/', 0, 0, 1, NULL, NULL, ''),
(522, 460, 'Chaise Longues', 'furnitures-wood-furniture-living-room-furniture-chaise-longues', 4, '45/46/460/522/', 0, 0, 1, NULL, NULL, ''),
(523, 459, 'Kitchen Trolleys', 'furnitures-wood-furniture-kitchen-furniture-kitchen-trolleys', 4, '45/46/459/523/', 0, 0, 1, NULL, NULL, ''),
(524, 459, 'Kitchen Racks & Stands', 'furnitures-wood-furniture-kitchen-furniture-kitchen-racks-stands', 4, '45/46/459/524/', 0, 0, 1, NULL, NULL, ''),
(525, 459, 'Tabels', 'furnitures-wood-furniture-kitchen-furniture-tabels', 4, '45/46/459/525/', 0, 0, 1, NULL, NULL, ''),
(526, 459, 'Counter Stools', 'furnitures-wood-furniture-kitchen-furniture-counter-stools', 4, '45/46/459/526/', 0, 0, 1, NULL, NULL, ''),
(527, 458, 'Childrens Wardrobes', 'furnitures-wood-furniture-kids-bedroom-furniture-childrens-wardrobes', 4, '45/46/458/527/', 0, 0, 1, NULL, NULL, ''),
(528, 458, 'Kids Beds', 'furnitures-wood-furniture-kids-bedroom-furniture-kids-beds', 4, '45/46/458/528/', 0, 0, 1, NULL, NULL, ''),
(529, 458, 'Toy/Storage Boxes', 'furnitures-wood-furniture-kids-bedroom-furniture-toy-storage-boxes', 4, '45/46/458/529/', 0, 0, 1, NULL, NULL, ''),
(530, 458, 'Chairs', 'furnitures-wood-furniture-kids-bedroom-furniture-chairs', 4, '45/46/458/530/', 0, 0, 1, NULL, NULL, ''),
(531, 458, 'Desks', 'furnitures-wood-furniture-kids-bedroom-furniture-desks', 4, '45/46/458/531/', 0, 0, 1, NULL, NULL, ''),
(532, 458, 'Kids Dressers', 'furnitures-wood-furniture-kids-bedroom-furniture-kids-dressers', 4, '45/46/458/532/', 0, 0, 1, NULL, NULL, ''),
(533, 458, 'Kids Storage', 'furnitures-wood-furniture-kids-bedroom-furniture-kids-storage', 4, '45/46/458/533/', 0, 0, 1, NULL, NULL, ''),
(534, 458, 'Rocking Chairs', 'furnitures-wood-furniture-kids-bedroom-furniture-rocking-chairs', 4, '45/46/458/534/', 0, 0, 1, NULL, NULL, ''),
(535, 458, 'Bunk Beds', 'furnitures-wood-furniture-kids-bedroom-furniture-bunk-beds', 4, '45/46/458/535/', 0, 0, 1, NULL, NULL, ''),
(536, 481, 'Computer Workstations', 'furnitures-wood-furniture-office-furniture-computer-workstations', 4, '45/46/481/536/', 0, 0, 1, NULL, NULL, ''),
(537, 481, 'Conference Tables', 'furnitures-wood-furniture-office-furniture-conference-tables', 4, '45/46/481/537/', 0, 0, 1, NULL, NULL, ''),
(538, 481, 'Ergonomic Chairs', 'furnitures-wood-furniture-office-furniture-ergonomic-chairs', 4, '45/46/481/538/', 0, 0, 1, NULL, NULL, ''),
(539, 481, 'Executive Desks', 'furnitures-wood-furniture-office-furniture-executive-desks', 4, '45/46/481/539/', 0, 0, 1, NULL, NULL, ''),
(540, 481, 'Home Office Furniture', 'furnitures-wood-furniture-office-furniture-home-office-furniture', 4, '45/46/481/540/', 0, 0, 1, NULL, NULL, ''),
(541, 481, 'Office Chairs', 'furnitures-wood-furniture-office-furniture-office-chairs', 4, '45/46/481/541/', 0, 0, 1, NULL, NULL, ''),
(542, 481, 'Office Desks', 'furnitures-wood-furniture-office-furniture-office-desks', 4, '45/46/481/542/', 0, 0, 1, NULL, NULL, ''),
(543, 481, 'Office Reception Seating', 'furnitures-wood-furniture-office-furniture-office-reception-seating', 4, '45/46/481/543/', 0, 0, 1, NULL, NULL, ''),
(544, 481, 'Stacking Chairs', 'furnitures-wood-furniture-office-furniture-stacking-chairs', 4, '45/46/481/544/', 0, 0, 1, NULL, NULL, ''),
(545, 481, 'Storage File Cabinets', 'furnitures-wood-furniture-office-furniture-storage-file-cabinets-1', 4, '45/46/481/545/', 0, 0, 1, NULL, NULL, ''),
(546, 481, 'Storage File Cabinets', 'furnitures-wood-furniture-office-furniture-storage-file-cabinets', 4, '45/46/481/546/', 0, 0, 1, NULL, NULL, ''),
(547, 481, 'Task Chairs', 'furnitures-wood-furniture-office-furniture-task-chairs', 4, '45/46/481/547/', 0, 0, 1, NULL, NULL, ''),
(548, 46, 'Hallway', 'furnitures-wood-furniture-hallway', 3, '45/46/548/', 0, 0, 1, NULL, NULL, ''),
(549, 26, 'Fruits & Vegetables', 'foods-chinuse-fruits-vegetables', 3, '24/26/549/', 0, 0, 1, NULL, NULL, ''),
(550, 26, 'Meat', 'foods-chinuse-meat', 3, '24/26/550/', 0, 0, 1, NULL, NULL, ''),
(551, 26, 'Sea Food', 'foods-chinuse-sea-food', 3, '24/26/551/', 0, 0, 1, NULL, NULL, ''),
(552, 26, 'Entrees', 'foods-chinuse-entrees', 3, '24/26/552/', 0, 0, 1, NULL, NULL, ''),
(553, 25, 'Pizza & Pasta', 'foods-fast-food-pizza-pasta', 3, '24/25/553/', 0, 0, 1, NULL, NULL, ''),
(554, 26, 'Side Dishes', 'foods-chinuse-side-dishes', 3, '24/26/554/', 0, 0, 1, NULL, NULL, ''),
(555, 25, 'Snacks', 'foods-fast-food-snacks', 3, '24/25/555/', 0, 0, 1, NULL, NULL, ''),
(556, 26, 'Desserts', 'foods-chinuse-desserts', 3, '24/26/556/', 0, 0, 1, NULL, NULL, ''),
(557, 24, 'Pizza & Pasta', 'foods-pizza-pasta', 2, '24/557/', 0, 0, 1, NULL, NULL, ''),
(561, 557, 'Appetisers', 'foods-pizza-pasta-appetisers', 3, '24/557/561/', 0, 0, 1, NULL, NULL, ''),
(562, 557, 'Salad', 'foods-pizza-pasta-salad', 3, '24/557/562/', 0, 0, 1, NULL, NULL, ''),
(563, 557, 'Pasta', 'foods-pizza-pasta-pasta', 3, '24/557/563/', 0, 0, 1, NULL, NULL, ''),
(564, 557, 'Toppings', 'foods-pizza-pasta-toppings', 3, '24/557/564/', 0, 0, 1, NULL, NULL, ''),
(565, 25, 'Burger', 'foods-fast-food-burger', 3, '24/25/565/', 0, 0, 1, NULL, NULL, ''),
(566, 25, 'Bevarage', 'foods-fast-food-bevarage', 3, '24/25/566/', 0, 0, 1, NULL, NULL, ''),
(567, 25, 'Buns Item', 'foods-fast-food-buns-item', 3, '24/25/567/', 0, 0, 1, NULL, NULL, ''),
(568, 25, 'Bread Item', 'foods-fast-food-bread-item', 3, '24/25/568/', 0, 0, 1, NULL, NULL, ''),
(569, 25, 'Pizza Item', 'foods-fast-food-pizza-item', 3, '24/25/569/', 0, 0, 1, NULL, NULL, ''),
(570, 25, 'Roll Item', 'foods-fast-food-roll-item', 3, '24/25/570/', 0, 0, 1, NULL, NULL, ''),
(571, 25, 'Puff Item', 'foods-fast-food-puff-item', 3, '24/25/571/', 0, 0, 1, NULL, NULL, ''),
(572, 25, 'Danish Item', 'foods-fast-food-danish-item', 3, '24/25/572/', 0, 0, 1, NULL, NULL, ''),
(573, 25, 'Dount Item', 'foods-fast-food-dount-item', 3, '24/25/573/', 0, 0, 1, NULL, NULL, ''),
(574, 25, 'Sandwich Item', 'foods-fast-food-sandwich-item', 3, '24/25/574/', 0, 0, 1, NULL, NULL, ''),
(575, 25, 'Pie Item', 'foods-fast-food-pie-item', 3, '24/25/575/', 0, 0, 1, NULL, NULL, ''),
(576, 25, 'Toast Item', 'foods-fast-food-toast-item', 3, '24/25/576/', 0, 0, 1, NULL, NULL, ''),
(577, 25, 'Cake Item', 'foods-fast-food-cake-item', 3, '24/25/577/', 0, 0, 1, NULL, NULL, ''),
(578, 25, 'Patisseries Item', 'foods-fast-food-patisseries-item', 3, '24/25/578/', 0, 0, 1, NULL, NULL, ''),
(579, 25, 'Cookies Item', 'foods-fast-food-cookies-item', 3, '24/25/579/', 0, 0, 1, NULL, NULL, ''),
(580, 25, 'Fried Chicken', 'foods-fast-food-fried-chicken', 3, '24/25/580/', 0, 0, 1, NULL, NULL, ''),
(581, 557, 'Chicken Curry', 'foods-pizza-pasta-chicken-curry', 3, '24/557/581/', 0, 0, 1, NULL, NULL, ''),
(582, 557, 'Fried Chicken', 'foods-pizza-pasta-fried-chicken', 3, '24/557/582/', 0, 0, 1, NULL, NULL, ''),
(605, NULL, 'Mobile Phone', 'mobile-phone', 1, '605/', 15, 0, 1, NULL, NULL, ''),
(606, 605, 'Apple', 'mobile-phone-apple', 2, '605/606/', 0, 0, 1, NULL, NULL, ''),
(607, 605, 'Nokia', 'mobile-phone-nokia', 2, '605/607/', 0, 0, 1, NULL, NULL, ''),
(608, 605, 'Sumsung', 'mobile-phone-sumsung', 2, '605/608/', 0, 0, 1, NULL, NULL, ''),
(609, 605, 'Symphoney', 'mobile-phone-symphoney', 2, '605/609/', 0, 0, 1, NULL, NULL, ''),
(610, 605, 'Sony', 'mobile-phone-sony', 2, '605/610/', 0, 0, 1, NULL, NULL, ''),
(611, NULL, 'Automibiles', 'automibiles', 1, '611/', 2, 1, 1, '10723377_3579755_1000.jpg', NULL, ''),
(612, 611, 'Car', 'automibiles-car', 2, '611/612/', 0, 0, 1, NULL, NULL, ''),
(613, 611, 'Motorcycle', 'automibiles-motorcycle', 2, '611/613/', 0, 0, 1, NULL, NULL, ''),
(614, 611, 'Bycycle', 'automibiles-bycycle', 2, '611/614/', 0, 0, 1, NULL, NULL, ''),
(615, 611, 'Bus', 'automibiles-bus', 2, '611/615/', 0, 0, 1, NULL, NULL, ''),
(616, 611, 'Truck', 'automibiles-truck', 2, '611/616/', 0, 0, 1, NULL, NULL, ''),
(617, 611, 'Pickup', 'automibiles-pickup', 2, '611/617/', 0, 0, 1, NULL, NULL, ''),
(618, 613, 'Bajaj', 'automibiles-motorcycle-bajaj', 3, '611/613/618/', 0, 0, 1, NULL, NULL, ''),
(619, 613, 'Hero Honda', 'automibiles-motorcycle-hero-honda', 3, '611/613/619/', 0, 0, 1, NULL, NULL, ''),
(620, 613, 'Yamaha', 'automibiles-motorcycle-yamaha', 3, '611/613/620/', 0, 0, 1, NULL, NULL, ''),
(621, 613, 'Honda', 'automibiles-motorcycle-honda', 3, '611/613/621/', 0, 0, 1, NULL, NULL, ''),
(622, 613, 'TVS', 'automibiles-motorcycle-tvs', 3, '611/613/622/', 0, 0, 1, NULL, NULL, ''),
(623, 613, 'Walton', 'automibiles-motorcycle-walton', 3, '611/613/623/', 0, 0, 1, NULL, NULL, ''),
(624, 613, 'Runner', 'automibiles-motorcycle-runner', 3, '611/613/624/', 0, 0, 1, NULL, NULL, ''),
(625, 88, 'Air Craft & Helicopter', 'reservations-air-craft-helicopter', 2, '88/625/', 0, 0, 1, NULL, NULL, ''),
(626, 2, 'Swater', 'wears-men-s-wears-swater', 3, '1/2/626/', 0, 0, 1, NULL, NULL, ''),
(627, 3, 'Lehanga', 'wears-women-s-wears-lehanga', 3, '1/3/627/', 0, 0, 1, 'Screenshot from 2015-12-02 15:17:01.png', 2, 'private'),
(628, 2, 'Men''s Shirt', 'wears-men-s-wears-men-s-shirt', 3, '1/2/628/', 0, 0, 1, NULL, NULL, 'public'),
(629, 2, 'Men''s Full Tshirt', 'wears-men-s-wears-men-s-full-tshirt', 3, '1/2/629/', 0, 0, 1, NULL, NULL, 'public'),
(631, 2, 'Men''s Panjabi', 'wears-men-s-wears-men-s-panjabi', 3, '1/2/631/', 0, 0, 1, NULL, NULL, 'public'),
(632, 2, 'Mens Casual Shirt', 'wears-men-s-wears-mens-casual-shirt', 3, '1/2/632/', 0, 0, 1, NULL, NULL, 'public'),
(633, 2, 'Gents Polo Tshirt', 'wears-men-s-wears-gents-polo-tshirt', 3, '1/2/633/', 0, 0, 1, NULL, NULL, 'public'),
(634, 389, 'Gents Body spray', 'beauty-fragrances-men-s-fragrance-gents-body-spray', 3, '18/389/634/', 0, 0, 1, NULL, NULL, 'public'),
(635, 13, 'Gents Belt', 'leather-bags-belts-gents-belt', 3, '7/13/635/', 0, 0, 1, NULL, NULL, 'public'),
(636, 12, 'Gents Wallet', 'leather-bags-leather-goods-gents-wallet', 3, '7/12/636/', 0, 0, 1, NULL, NULL, 'public'),
(637, NULL, 'Men''s Fashion', 'men-s-fashion', 1, '637/', 0, 0, 1, NULL, NULL, 'public'),
(638, 387, 'Gents Tai', 'beauty-fragrances-men-s-bodycare-gents-tai', 3, '18/387/638/', 0, 0, 1, NULL, NULL, 'public'),
(639, 387, 'Gents Tai Pin', 'beauty-fragrances-men-s-bodycare-gents-tai-pin', 3, '18/387/639/', 0, 0, 1, NULL, NULL, 'public'),
(640, 387, 'Gents Culflen', 'beauty-fragrances-men-s-bodycare-gents-culflen', 3, '18/387/640/', 0, 0, 1, NULL, NULL, 'public'),
(641, 2, 'Gents Tshirt', 'wears-men-s-wears-gents-tshirt', 3, '1/2/641/', 0, 0, 1, NULL, NULL, 'public'),
(642, 2, 'Gents Short Pant', 'wears-men-s-wears-gents-short-pant', 3, '1/2/642/', 0, 0, 1, NULL, NULL, 'public'),
(643, 2, 'Gents Blezar', 'wears-men-s-wears-gents-blezar', 3, '1/2/643/', 0, 0, 1, NULL, NULL, 'public'),
(644, 2, 'Gents Coti', 'wears-men-s-wears-gents-coti', 3, '1/2/644/', 0, 0, 1, NULL, NULL, 'public'),
(645, 2, 'Gents Half Polo Tshirt', 'wears-men-s-wears-gents-half-polo-tshirt', 3, '1/2/645/', 0, 0, 1, NULL, NULL, 'public'),
(646, 2, 'Gents Jeans Pant', 'wears-men-s-wears-gents-jeans-pant', 3, '1/2/646/', 0, 0, 1, NULL, NULL, 'public'),
(647, 2, 'Gents Gavadin Pant', 'wears-men-s-wears-gents-gavadin-pant', 3, '1/2/647/', 0, 0, 1, NULL, NULL, 'public'),
(648, 2, 'Gents Formal Pant', 'wears-men-s-wears-gents-formal-pant', 3, '1/2/648/', 0, 0, 1, NULL, NULL, 'public'),
(649, 2, 'Gents Under Wear', 'wears-men-s-wears-gents-under-wear', 3, '1/2/649/', 0, 0, 1, NULL, NULL, 'public'),
(650, 2, 'Gents Sando Genji', 'wears-men-s-wears-gents-sando-genji', 3, '1/2/650/', 0, 0, 1, NULL, NULL, 'public'),
(651, 3, 'Three Pics', 'wears-women-s-wears-three-pics', 3, '1/3/651/', 0, 0, 1, NULL, NULL, 'public'),
(652, 3, 'Ladies Shirt', 'wears-women-s-wears-ladies-shirt', 3, '1/3/652/', 0, 0, 1, NULL, NULL, 'public'),
(653, 3, 'Ladies Tshirt', 'wears-women-s-wears-ladies-tshirt', 3, '1/3/653/', 0, 0, 1, NULL, NULL, 'public'),
(654, 3, 'Ladies Tops', 'wears-women-s-wears-ladies-tops', 3, '1/3/654/', 0, 0, 1, NULL, NULL, 'public'),
(655, 3, 'Gents Gavadin Pants', 'wears-women-s-wears-gents-gavadin-pants', 3, '1/3/655/', 0, 0, 1, NULL, NULL, 'public'),
(656, 2, 'Gents Jeans Pants', 'wears-men-s-wears-gents-jeans-pants', 3, '1/2/656/', 0, 0, 1, NULL, NULL, 'public'),
(657, 3, 'Ladies Jeans Pants', 'wears-women-s-wears-ladies-jeans-pants', 3, '1/3/657/', 0, 0, 1, NULL, NULL, 'public'),
(658, 3, 'Ladies Jagins', 'wears-women-s-wears-ladies-jagins', 3, '1/3/658/', 0, 0, 1, NULL, NULL, 'public'),
(659, 3, 'Ladies Three Quater', 'wears-women-s-wears-ladies-three-quater', 3, '1/3/659/', 0, 0, 1, NULL, NULL, 'public'),
(660, 3, 'Ladies Ties', 'wears-women-s-wears-ladies-ties', 3, '1/3/660/', 0, 0, 1, NULL, NULL, 'public'),
(661, 4, 'Babies T-shirt', 'wears-baby-child-wear-s-babies-t-shirt', 3, '1/4/661/', 0, 0, 1, NULL, NULL, 'public'),
(662, 2, 'Gents Panjabi', 'wears-men-s-wears-gents-panjabi', 3, '1/2/662/', 0, 0, 1, NULL, NULL, 'public'),
(663, 3, 'Ladies Coti', 'wears-women-s-wears-ladies-coti', 3, '1/3/663/', 0, 0, 1, NULL, NULL, 'public'),
(664, 2, 'Gents Huddy Half Slip', 'wears-men-s-wears-gents-huddy-half-slip', 3, '1/2/664/', 0, 0, 1, NULL, NULL, 'public'),
(665, 2, 'Gents Huddy Full Slip', 'wears-men-s-wears-gents-huddy-full-slip', 3, '1/2/665/', 0, 0, 1, NULL, NULL, 'public'),
(666, 2, 'Gents Sweater Full Slip', 'wears-men-s-wears-gents-sweater-full-slip', 3, '1/2/666/', 0, 0, 1, NULL, NULL, 'public'),
(667, 2, 'Gents Sweater Half Slip', 'wears-men-s-wears-gents-sweater-half-slip', 3, '1/2/667/', 0, 0, 1, NULL, NULL, 'public'),
(668, 2, 'Gents Jacket', 'wears-men-s-wears-gents-jacket', 3, '1/2/668/', 0, 0, 1, NULL, NULL, 'public');

-- --------------------------------------------------------

--
-- Table structure for table `CategoryGrouping`
--

CREATE TABLE IF NOT EXISTS `CategoryGrouping` (
  `id` int(11) NOT NULL,
  `user_id` int(11) DEFAULT NULL
) ENGINE=InnoDB DEFAULT CHARSET=utf8 COLLATE=utf8_unicode_ci;

-- --------------------------------------------------------

--
-- Table structure for table `categorygrouping_category`
--

CREATE TABLE IF NOT EXISTS `categorygrouping_category` (
  `categorygrouping_id` int(11) NOT NULL,
  `category_id` int(11) NOT NULL
) ENGINE=InnoDB DEFAULT CHARSET=utf8 COLLATE=utf8_unicode_ci;

-- --------------------------------------------------------

--
-- Table structure for table `ClassRoutine`
--

CREATE TABLE IF NOT EXISTS `ClassRoutine` (
  `id` int(11) NOT NULL,
  `name` varchar(255) COLLATE utf8_unicode_ci NOT NULL,
  `globalOption_id` int(11) DEFAULT NULL
) ENGINE=InnoDB DEFAULT CHARSET=utf8 COLLATE=utf8_unicode_ci;

-- --------------------------------------------------------

--
-- Table structure for table `Collection`
--

CREATE TABLE IF NOT EXISTS `Collection` (
  `id` int(11) NOT NULL,
  `parent` int(11) DEFAULT NULL,
  `name` varchar(255) COLLATE utf8_unicode_ci NOT NULL,
  `slug` varchar(255) COLLATE utf8_unicode_ci NOT NULL,
  `content` longtext COLLATE utf8_unicode_ci,
  `discountPercentage` decimal(10,0) DEFAULT NULL,
  `isFeature` tinyint(1) NOT NULL,
  `status` tinyint(1) NOT NULL,
  `created` datetime NOT NULL,
  `path` varchar(255) COLLATE utf8_unicode_ci DEFAULT NULL
) ENGINE=InnoDB AUTO_INCREMENT=7 DEFAULT CHARSET=utf8 COLLATE=utf8_unicode_ci;

--
-- Dumping data for table `Collection`
--

INSERT INTO `Collection` (`id`, `parent`, `name`, `slug`, `content`, `discountPercentage`, `isFeature`, `status`, `created`, `path`) VALUES
(1, NULL, 'Season', 'season-1', NULL, '10', 1, 1, '2015-03-06 23:09:12', 'large.jpg'),
(2, 1, 'Summer Collection', 'summer-collection-1', 'Summer Collection<br>', '5', 1, 1, '2015-03-06 23:29:19', '0_4200_0_2800_one_La_Villette_Woodson_050.jpg'),
(3, NULL, 'Festaval', 'festaval', 'Festaval<br>', NULL, 0, 1, '2015-03-06 23:34:04', '0_4200_0_2800_one_La_Villette_Woodson_008.jpg'),
(4, 3, 'Eidul Fetar', 'eidul-fetar', 'Eidul Fetar<br>', NULL, 0, 1, '2015-03-06 23:35:31', '0_4200_0_2800_one_La_Villette_Woodson_035.jpg'),
(5, NULL, 'Discount', 'discount', 'Discount<br><br>', NULL, 0, 1, '2015-03-13 20:51:36', NULL),
(6, 5, 'Discount 10 %', 'discount-10', 'cdcdczx', '10', 0, 1, '2015-03-13 20:52:50', NULL);

-- --------------------------------------------------------

--
-- Table structure for table `ColorSize`
--

CREATE TABLE IF NOT EXISTS `ColorSize` (
  `id` int(11) NOT NULL,
  `name` varchar(255) COLLATE utf8_unicode_ci NOT NULL,
  `type` varchar(255) COLLATE utf8_unicode_ci NOT NULL,
  `slug` varchar(255) COLLATE utf8_unicode_ci NOT NULL,
  `code` varchar(255) COLLATE utf8_unicode_ci DEFAULT NULL,
  `status` tinyint(1) NOT NULL,
  `inventoryConfig_id` int(11) DEFAULT NULL
) ENGINE=InnoDB AUTO_INCREMENT=124 DEFAULT CHARSET=utf8 COLLATE=utf8_unicode_ci;

--
-- Dumping data for table `ColorSize`
--

INSERT INTO `ColorSize` (`id`, `name`, `type`, `slug`, `code`, `status`, `inventoryConfig_id`) VALUES
(1, 'White', 'color', 'white', '01', 1, 2),
(2, 'Blue', 'color', 'blue', '02', 1, 2),
(3, 'Small', 'size', 'small', '01', 1, 2),
(4, 'Medium', 'size', 'medium', '02', 1, 2),
(5, 'Large', 'size', 'large', '03', 1, 2),
(52, 'Purple', 'color', 'purple', '003', 1, 2),
(53, 'Pink', 'color', 'pink', '004', 1, 2),
(54, 'Silver', 'color', 'silver', '005', 1, 2),
(55, 'Red', 'color', 'red', '006', 1, 2),
(56, 'Mixed', 'color', 'mixed', '007', 1, 2),
(57, 'Black', 'color', 'black', '008', 1, 2),
(58, 'White', 'color', 'white-1', '009', 1, 2),
(59, 'Blue', 'color', 'blue-1', '010', 1, 2),
(60, 'Yellow', 'color', 'yellow', '011', 1, 2),
(61, 'Green', 'color', 'green', '012', 1, 2),
(62, 'Coffy', 'color', 'coffy', '013', 1, 2),
(63, 'Sky Blue', 'color', 'sky-blue', '014', 1, 2),
(64, 'Brown', 'color', 'brown', '015', 1, 2),
(65, 'Orange', 'color', 'orange', '016', 1, 2),
(66, 'Botton Green', 'color', 'botton-green', '017', 1, 2),
(67, 'Golden', 'color', 'golden', '018', 1, 2),
(68, '', 'color', '', '019', 1, 2),
(69, 'Merun', 'color', 'merun', '020', 1, 2),
(70, 'Ligtt Pink', 'color', 'ligtt-pink', '021', 1, 2),
(71, 'Biskit', 'color', 'biskit', '022', 1, 2),
(72, 'Light purple', 'color', 'light-purple', '023', 1, 2),
(73, 'Ofwhite', 'color', 'ofwhite', '024', 1, 2),
(74, 'Pest', 'color', 'pest', '025', 1, 2),
(75, 'Olive', 'color', 'olive', '026', 1, 2),
(76, 'Light Orange', 'color', 'light-orange', '027', 1, 2),
(77, 'Misti', 'color', 'misti', '028', 1, 2),
(78, 'Tiya', 'color', 'tiya', '029', 1, 2),
(79, 'Malti', 'color', 'malti', '030', 1, 2),
(80, '16.5', 'size', '16-5', '004', 1, 2),
(81, '15.5', 'size', '15-5', '005', 1, 2),
(82, '16', 'size', '16', '006', 1, 2),
(83, '15', 'size', '15', '007', 1, 2),
(84, 'M', 'size', 'm', '008', 1, 2),
(85, 'E', 'size', 'e', '009', 1, 2),
(86, 'O', 'size', 'o', '010', 1, 2),
(87, 'XL', 'size', 'xl', '011', 1, 2),
(88, 'L', 'size', 'l', '012', 1, 2),
(89, 'F', 'size', 'f', '013', 1, 2),
(90, 'S', 'size', 's', '014', 1, 2),
(91, 'S|M|L|XL|XXL|XXXL', 'size', 's-m-l-xl-xxl-xxxl', '015', 1, 2),
(92, '44', 'size', '44', '016', 1, 2),
(93, '45', 'size', '45', '017', 1, 2),
(94, '42', 'size', '42', '018', 1, 2),
(95, '40', 'size', '40', '019', 1, 2),
(96, 'XXL', 'size', 'xxl', '020', 1, 2),
(97, '38', 'size', '38', '021', 1, 2),
(98, '50', 'size', '50', '022', 1, 2),
(99, '', 'size', '-1', '023', 1, 2),
(100, '46', 'size', '46', '024', 1, 2),
(101, '52', 'size', '52', '025', 1, 2),
(102, '54', 'size', '54', '026', 1, 2),
(103, '30', 'size', '30', '027', 1, 2),
(104, '32', 'size', '32', '028', 1, 2),
(105, '36', 'size', '36', '029', 1, 2),
(106, '34', 'size', '34', '030', 1, 2),
(107, '28', 'size', '28', '031', 1, 2),
(108, '31', 'size', '31', '032', 1, 2),
(109, '33', 'size', '33', '033', 1, 2),
(110, '29', 'size', '29', '034', 1, 2),
(111, '43', 'size', '43', '035', 1, 2),
(112, '35', 'size', '35', '036', 1, 2),
(113, '37', 'size', '37', '037', 1, 2),
(114, 'XXXL', 'size', 'xxxl', '038', 1, 2),
(115, '27', 'size', '27', '039', 1, 2),
(116, '25', 'size', '25', '040', 1, 2),
(117, '26', 'size', '26', '041', 1, 2),
(118, 'Pics', 'unit', 'pics', '001', 1, 2),
(119, 'Pair', 'unit', 'pair', '002', 1, 2),
(120, 'Three pics', 'unit', 'three-pics', '003', 1, 2),
(121, 'Two Pics', 'unit', 'two-pics', '004', 1, 2),
(122, 'Set', 'unit', 'set', '005', 1, 2),
(123, 'Pis', 'unit', 'pis', '006', 1, 2);

-- --------------------------------------------------------

--
-- Table structure for table `Comment`
--

CREATE TABLE IF NOT EXISTS `Comment` (
  `id` int(11) NOT NULL,
  `thread_id` varchar(255) COLLATE utf8_unicode_ci DEFAULT NULL,
  `author_id` int(11) DEFAULT NULL,
  `body` longtext COLLATE utf8_unicode_ci NOT NULL,
  `ancestors` varchar(1024) COLLATE utf8_unicode_ci NOT NULL,
  `depth` int(11) NOT NULL,
  `created_at` datetime NOT NULL,
  `state` int(11) NOT NULL
) ENGINE=InnoDB AUTO_INCREMENT=6 DEFAULT CHARSET=utf8 COLLATE=utf8_unicode_ci;

--
-- Dumping data for table `Comment`
--

INSERT INTO `Comment` (`id`, `thread_id`, `author_id`, `body`, `ancestors`, `depth`, `created_at`, `state`) VALUES
(1, '10-blog-1', NULL, '     ()                       -                                                            ', '', 0, '2016-07-13 08:29:47', 0),
(2, '10-blog-1', NULL, 'scxcxzcz', '1', 1, '2016-07-13 08:30:01', 0),
(3, '10-blog-2', NULL, 'There are many variations of passages of Lorem Ipsum available but the majority have suffered alteration in some form, by injected humour, or randomised words which looks Aenean tempus nunc sitamet nulla aliquet volutpat curabitur semper aliquam lorem eu euismod accumsan accumsan mollis elementum sem ultrices egesta', '', 0, '2016-07-13 21:26:40', 0),
(4, '10-blog-2', NULL, 'There are many variations of passages of Lore', '3', 1, '2016-07-13 21:27:06', 0),
(5, '10-blog-4', NULL, 'czCVZXcx', '', 0, '2016-07-14 23:50:14', 0);

-- --------------------------------------------------------

--
-- Table structure for table `ContactMessage`
--

CREATE TABLE IF NOT EXISTS `ContactMessage` (
  `id` int(11) NOT NULL,
  `user_id` int(11) DEFAULT NULL,
  `type` varchar(255) COLLATE utf8_unicode_ci NOT NULL,
  `name` varchar(255) COLLATE utf8_unicode_ci NOT NULL,
  `email` varchar(255) COLLATE utf8_unicode_ci DEFAULT NULL,
  `mobile` varchar(255) COLLATE utf8_unicode_ci DEFAULT NULL,
  `content` longtext COLLATE utf8_unicode_ci,
  `reply` longtext COLLATE utf8_unicode_ci,
  `archive` tinyint(1) NOT NULL,
  `created` datetime DEFAULT NULL,
  `replyDate` datetime DEFAULT NULL,
  `globalOption_id` int(11) DEFAULT NULL
) ENGINE=InnoDB DEFAULT CHARSET=utf8 COLLATE=utf8_unicode_ci;

-- --------------------------------------------------------

--
-- Table structure for table `ContactPage`
--

CREATE TABLE IF NOT EXISTS `ContactPage` (
  `id` int(11) NOT NULL,
  `user_id` int(11) DEFAULT NULL,
  `thana_id` int(11) DEFAULT NULL,
  `district_id` int(11) DEFAULT NULL,
  `name` varchar(255) COLLATE utf8_unicode_ci DEFAULT NULL,
  `content` longtext COLLATE utf8_unicode_ci,
  `address1` longtext COLLATE utf8_unicode_ci,
  `address2` longtext COLLATE utf8_unicode_ci,
  `additionalPhone` varchar(255) COLLATE utf8_unicode_ci DEFAULT NULL,
  `additionalEmail` varchar(255) COLLATE utf8_unicode_ci DEFAULT NULL,
  `postalCode` varchar(255) COLLATE utf8_unicode_ci DEFAULT NULL,
  `fax` varchar(255) COLLATE utf8_unicode_ci DEFAULT NULL,
  `contactPerson` varchar(255) COLLATE utf8_unicode_ci DEFAULT NULL,
  `designation` varchar(255) COLLATE utf8_unicode_ci DEFAULT NULL,
  `startHour` varchar(255) COLLATE utf8_unicode_ci DEFAULT NULL,
  `endHour` varchar(255) COLLATE utf8_unicode_ci DEFAULT NULL,
  `weeklyOffDay` varchar(255) COLLATE utf8_unicode_ci DEFAULT NULL,
  `isContactForm` tinyint(1) DEFAULT NULL,
  `email` varchar(255) COLLATE utf8_unicode_ci DEFAULT NULL,
  `askForSms` tinyint(1) DEFAULT NULL,
  `askForEmail` tinyint(1) DEFAULT NULL,
  `displyPhone` tinyint(1) DEFAULT NULL,
  `displayEmail` tinyint(1) DEFAULT NULL,
  `isBranch` tinyint(1) DEFAULT NULL,
  `isMap` tinyint(1) DEFAULT NULL,
  `isBaseInformation` tinyint(1) NOT NULL,
  `globalOption_id` int(11) DEFAULT NULL,
  `googleMap` longtext COLLATE utf8_unicode_ci
) ENGINE=InnoDB AUTO_INCREMENT=29 DEFAULT CHARSET=utf8 COLLATE=utf8_unicode_ci;

--
-- Dumping data for table `ContactPage`
--

INSERT INTO `ContactPage` (`id`, `user_id`, `thana_id`, `district_id`, `name`, `content`, `address1`, `address2`, `additionalPhone`, `additionalEmail`, `postalCode`, `fax`, `contactPerson`, `designation`, `startHour`, `endHour`, `weeklyOffDay`, `isContactForm`, `email`, `askForSms`, `askForEmail`, `displyPhone`, `displayEmail`, `isBranch`, `isMap`, `isBaseInformation`, `globalOption_id`, `googleMap`) VALUES
(3, 11, NULL, NULL, NULL, NULL, NULL, NULL, NULL, NULL, NULL, NULL, NULL, NULL, NULL, NULL, NULL, 0, NULL, 0, 0, 0, 0, 0, NULL, 1, 8, NULL),
(4, 13, NULL, NULL, NULL, NULL, NULL, NULL, NULL, NULL, NULL, NULL, NULL, NULL, NULL, NULL, NULL, 0, NULL, 0, 0, 0, 0, 0, NULL, 1, 9, NULL),
(5, 16, 202, 8, NULL, 'czvcvxcvxcxcvxcv', '24/A Tajmahal Road, Ring Rd', NULL, '23434234, 234234234, 32423423, 234234234', 'sss@ss.com,shafiq@gmail.com', '1207', '5443534234234', 'Anisur Rahman', 'Manager', '10:30 AM', '09:30 PM', 'Thursday', 0, NULL, 0, 0, 0, 0, 1, 0, 0, 10, '<iframe src="https://www.google.com/maps/embed?pb=!1m18!1m12!1m3!1d3651.5035574872186!2d90.35776558663207!3d23.765076393785375!2m3!1f0!2f0!3f0!3m2!1i1024!2i768!4f13.1!3m3!1m2!1s0x0%3A0x6d5c17a2d15e5ce5!2sTokyo+Square!5e0!3m2!1sen!2sbd!4v1469181337263" frameborder="0" style="border:0" allowfullscreen></iframe>'),
(6, 17, 202, 8, NULL, NULL, 'Opu Collection, 2nd Floor, Tokyo Square, Ring Road, Mohammadpur ', NULL, '013412421,123123,213123', 'opu@gmail.com', '1207', '123123', 'Opu', 'Propiter', '10:00 AM', '8:00 PM', NULL, 0, NULL, 1, 1, 0, 0, 0, NULL, 1, 11, NULL),
(7, 23, NULL, NULL, NULL, NULL, NULL, NULL, NULL, NULL, NULL, NULL, NULL, NULL, NULL, NULL, NULL, 0, NULL, 0, 0, 0, 0, 0, NULL, 1, 22, NULL),
(8, 24, NULL, NULL, NULL, NULL, NULL, NULL, NULL, NULL, NULL, NULL, NULL, NULL, NULL, NULL, NULL, 0, NULL, 0, 0, 0, 0, 0, NULL, 1, 24, NULL),
(9, 25, NULL, NULL, NULL, NULL, NULL, NULL, NULL, NULL, NULL, NULL, NULL, NULL, NULL, NULL, NULL, 0, NULL, 0, 0, 0, 0, 0, NULL, 1, 25, NULL),
(10, 26, NULL, NULL, NULL, NULL, NULL, NULL, NULL, NULL, NULL, NULL, NULL, NULL, NULL, NULL, NULL, 0, NULL, 0, 0, 0, 0, 0, NULL, 1, 26, NULL),
(11, 27, NULL, NULL, NULL, NULL, NULL, NULL, NULL, NULL, NULL, NULL, NULL, NULL, NULL, NULL, NULL, 0, NULL, 0, 0, 0, 0, 0, NULL, 1, 27, NULL),
(12, 28, NULL, NULL, NULL, NULL, NULL, NULL, NULL, NULL, NULL, NULL, NULL, NULL, NULL, NULL, '', 0, NULL, 0, 0, 0, 0, 0, NULL, 1, 28, NULL),
(13, 29, NULL, NULL, NULL, NULL, NULL, NULL, NULL, NULL, NULL, NULL, NULL, NULL, NULL, NULL, NULL, 0, NULL, 0, 0, 0, 0, 0, NULL, 1, 29, NULL),
(14, 30, 586, 8, NULL, NULL, 'Dhaka', NULL, NULL, NULL, '1000', NULL, NULL, NULL, '10:30 AM', '8:30 AM', NULL, 0, 'shafiqabs@gmail.com,sahhg@ff.com', 1, 1, 0, 0, 0, 0, 1, 30, NULL),
(15, 31, NULL, NULL, NULL, NULL, NULL, NULL, NULL, NULL, NULL, NULL, NULL, NULL, NULL, NULL, NULL, 0, NULL, 0, 0, 0, 0, 0, NULL, 1, 31, NULL),
(16, 32, NULL, NULL, NULL, NULL, NULL, NULL, NULL, NULL, NULL, NULL, NULL, NULL, NULL, NULL, NULL, 0, NULL, 0, 0, 0, 0, 0, NULL, 1, 32, NULL),
(17, 34, 228, 8, 'Contact Us', 'We are happy that you''re interested in Xebec.', 'Road # 03/Avenue, House # 20, Block # F  Mirpur-2(Near Water Pump)', NULL, NULL, 'xebecinternationalschool@gamil.com', '1216', NULL, 'Immam Hossain ', 'Principle', '7:30 AM', '5:00 PM', NULL, 1, 'xebecinternationalschool@gamil.com', 1, 1, 1, 1, 1, 1, 1, 38, NULL),
(19, 37, 206, 8, NULL, 'Headed by one of the most distinguished and experienced lawyers in the country, George Hilton, our firm have a sound base in the law fraternity, and we aim to put our resources to effective use for the success of our clients. ', 'LegalPress, Itd. 227 Marion Street Columbia, SC 29201', 'LegalPress, Itd. 227 Marion Street Columbia, SC 29201', '0172345678,01876545678', 'kamal@gamil.com', '1200', '46757987', 'Dr. Kamal Hossain', NULL, '10:30 AM', '8:00 AM', NULL, 0, 'kamal@gmail.com', 0, 0, 0, 0, 0, NULL, 1, 43, NULL),
(20, 38, 249, 8, NULL, NULL, 'UK Dental Clinic, House# 28 (3rd floor), Sonargaon Janapath Road, Chowrasta Circle, Sector#11, Uttara. Near Zam Zam Tower, Opposite of Top-10, Above ', 'UK Dental Clinic, House# 28 (3rd floor), Sonargaon Janapath Road, Chowrasta Circle, Sector#11, Uttara. Near Zam Zam Tower, Opposite of Top-10, Above ', NULL, 'uk@dental.com', '1216', NULL, 'Dr. Md. Safayet Ali', 'Senior Doctor', NULL, NULL, '', 0, NULL, 0, 0, 0, 0, 0, NULL, 1, 44, NULL),
(21, 40, NULL, NULL, NULL, NULL, NULL, NULL, NULL, NULL, NULL, NULL, NULL, NULL, '10:00 AM', '5:30 PM', NULL, 0, NULL, 0, 0, 0, 0, 0, NULL, 1, 45, NULL),
(22, 41, NULL, NULL, NULL, NULL, NULL, NULL, NULL, NULL, NULL, NULL, NULL, NULL, NULL, NULL, '', 0, NULL, 0, 0, 0, 0, 0, NULL, 1, 46, NULL),
(23, 42, 203, 8, NULL, NULL, ' Savar New Market, Dhaka - Aricha Hwy, Savar 1340, Bangladesh', NULL, NULL, NULL, '12000', NULL, NULL, NULL, '10:30 AM', '8:30 PM', NULL, 0, NULL, 0, 0, 0, 0, 0, NULL, 1, 47, NULL),
(24, 43, 202, 8, NULL, NULL, 'address1', 'address2', '3653463563546,625645646,3242342', 'xebecinternationalschool@gamil.com', '1216', '235234234', 'wtretert', 'dfsxgdfgdfg', '10:30 AM', '5:00 PM', NULL, 0, NULL, 0, 0, 0, 0, 0, NULL, 1, 48, NULL),
(25, 44, NULL, NULL, NULL, NULL, NULL, NULL, NULL, NULL, NULL, NULL, NULL, NULL, NULL, NULL, NULL, 0, NULL, 0, 0, 0, 0, 0, NULL, 1, 49, NULL),
(26, NULL, NULL, NULL, NULL, NULL, 'Road # 03/Avenue, House # 20, Block # F  Mirpur-2(Near Water Pump)', NULL, NULL, NULL, NULL, NULL, NULL, NULL, NULL, NULL, '', NULL, NULL, NULL, NULL, NULL, NULL, NULL, NULL, 0, 6, NULL),
(27, 10, NULL, NULL, NULL, NULL, NULL, NULL, NULL, NULL, NULL, NULL, NULL, NULL, NULL, NULL, '', NULL, NULL, NULL, NULL, NULL, NULL, NULL, NULL, 0, 13, NULL),
(28, 50, 444, 8, NULL, 'Enter a description for your business. This text will appear above/below the logo on the home page of your mobile site only.', 'Road # 03/Avenue, House # 20, Block # F  Mirpur-2(Near Water Pump)', NULL, NULL, NULL, NULL, NULL, NULL, NULL, NULL, NULL, '', 0, 'info@tokeyo.com,support@com', 0, 0, 0, 0, 0, 0, 1, 50, '<iframe src="https://www.google.com/maps/embed?pb=!1m18!1m12!1m3!1d3650.4344538025166!2d90.3539979342472!3d23.80314528505597!2m3!1f0!2f0!3f0!3m2!1i1024!2i768!4f13.1!3m3!1m2!1s0x3755c0e6747c6789%3A0xe49b053873b085a4!2sRoad+No.+03%2C+Dhaka!5e0!3m2!1sen!2sbd!4v1470979044190"  frameborder="0" style="border:0" allowfullscreen></iframe>');

-- --------------------------------------------------------

--
-- Table structure for table `ContentFile`
--

CREATE TABLE IF NOT EXISTS `ContentFile` (
  `id` int(11) NOT NULL,
  `content_id` int(11) DEFAULT NULL,
  `caption` varchar(255) COLLATE utf8_unicode_ci DEFAULT NULL,
  `description` tinytext COLLATE utf8_unicode_ci,
  `path` tinytext COLLATE utf8_unicode_ci,
  `status` tinyint(1) NOT NULL,
  `sorting` smallint(6) NOT NULL
) ENGINE=InnoDB DEFAULT CHARSET=utf8 COLLATE=utf8_unicode_ci;

-- --------------------------------------------------------

--
-- Table structure for table `contents`
--

CREATE TABLE IF NOT EXISTS `contents` (
  `id` int(11) NOT NULL,
  `module_id` int(11) DEFAULT NULL,
  `user_id` int(11) DEFAULT NULL,
  `parent` int(11) DEFAULT NULL,
  `name` varchar(255) COLLATE utf8_unicode_ci DEFAULT NULL,
  `menu` varchar(255) COLLATE utf8_unicode_ci NOT NULL,
  `slug` varchar(255) COLLATE utf8_unicode_ci NOT NULL,
  `contactPerson` varchar(255) COLLATE utf8_unicode_ci DEFAULT NULL,
  `mobile` varchar(255) COLLATE utf8_unicode_ci DEFAULT NULL,
  `additionalPhone` varchar(255) COLLATE utf8_unicode_ci DEFAULT NULL,
  `startDate` datetime DEFAULT NULL,
  `endDate` datetime DEFAULT NULL,
  `startHour` varchar(255) COLLATE utf8_unicode_ci DEFAULT NULL,
  `endHour` varchar(255) COLLATE utf8_unicode_ci DEFAULT NULL,
  `email` varchar(255) COLLATE utf8_unicode_ci DEFAULT NULL,
  `address` longtext COLLATE utf8_unicode_ci,
  `content` longtext COLLATE utf8_unicode_ci,
  `status` tinyint(1) NOT NULL,
  `path` varchar(255) COLLATE utf8_unicode_ci DEFAULT NULL,
  `created` datetime NOT NULL,
  `updated_at` datetime NOT NULL,
  `globalOption_id` int(11) DEFAULT NULL,
  `moduleCategory_id` int(11) DEFAULT NULL,
  `photoGallery_id` int(11) DEFAULT NULL,
  `contentFiles_id` int(11) DEFAULT NULL
) ENGINE=InnoDB AUTO_INCREMENT=2 DEFAULT CHARSET=utf8 COLLATE=utf8_unicode_ci;

--
-- Dumping data for table `contents`
--

INSERT INTO `contents` (`id`, `module_id`, `user_id`, `parent`, `name`, `menu`, `slug`, `contactPerson`, `mobile`, `additionalPhone`, `startDate`, `endDate`, `startHour`, `endHour`, `email`, `address`, `content`, `status`, `path`, `created`, `updated_at`, `globalOption_id`, `moduleCategory_id`, `photoGallery_id`, `contentFiles_id`) VALUES
(1, 12, 50, NULL, 'About', 'About us', 'orchecd-palaza-about-us', NULL, NULL, NULL, NULL, NULL, NULL, NULL, NULL, NULL, 'Lorem Ipsum is simply dummy text of the printing and typesetting industry. Lorem Ipsum has been the industry''s standard dummy text ever since the 1500s, when an unknown printer took a galley of type and scrambled it to make a type specimen book. Lorem Ipsum has been the industry''s standard dummy text ever since the 1500s, when an unknown printer took a galley. It has survived not only five centuries, but also the leap into electronic typesetting, remaining&nbsp;essentially unchanged.', 1, NULL, '0000-00-00 00:00:00', '0000-00-00 00:00:00', 50, NULL, NULL, NULL);

-- --------------------------------------------------------

--
-- Table structure for table `country`
--

CREATE TABLE IF NOT EXISTS `country` (
  `id` int(11) NOT NULL,
  `name` varchar(255) COLLATE utf8_unicode_ci NOT NULL,
  `code` varchar(25) COLLATE utf8_unicode_ci NOT NULL
) ENGINE=InnoDB AUTO_INCREMENT=250 DEFAULT CHARSET=utf8 COLLATE=utf8_unicode_ci;

--
-- Dumping data for table `country`
--

INSERT INTO `country` (`id`, `name`, `code`) VALUES
(1, 'Afghanistan', 'AF'),
(2, 'Aland Islands', 'AX'),
(3, 'Albania', 'AL'),
(4, 'Algeria', 'DZ'),
(5, 'American Samoa', 'AS'),
(6, 'Andorra', 'AD'),
(7, 'Angola', 'AO'),
(8, 'Anguilla', 'AI'),
(9, 'Antarctica', 'AQ'),
(10, 'Antigua and Barbuda', 'AG'),
(11, 'Argentina', 'AR'),
(12, 'Armenia', 'AM'),
(13, 'Aruba', 'AW'),
(14, 'Australia', 'AU'),
(15, 'Austria', 'AT'),
(16, 'Azerbaijan', 'AZ'),
(17, 'Bahamas', 'BS'),
(18, 'Bahrain', 'BH'),
(19, 'Bangladesh', 'BD'),
(20, 'Barbados', 'BB'),
(21, 'Belarus', 'BY'),
(22, 'Belgium', 'BE'),
(23, 'Belize', 'BZ'),
(24, 'Benin', 'BJ'),
(25, 'Bermuda', 'BM'),
(26, 'Bhutan', 'BT'),
(27, 'Bolivia, Plurinational State of', 'BO'),
(28, 'Bonaire, Sint Eustatius and Saba', 'BQ'),
(29, 'Bosnia and Herzegovina', 'BA'),
(30, 'Botswana', 'BW'),
(31, 'Bouvet Island', 'BV'),
(32, 'Brazil', 'BR'),
(33, 'British Indian Ocean Territory', 'IO'),
(34, 'Brunei Darussalam', 'BN'),
(35, 'Bulgaria', 'BG'),
(36, 'Burkina Faso', 'BF'),
(37, 'Burundi', 'BI'),
(38, 'Cambodia', 'KH'),
(39, 'Cameroon', 'CM'),
(40, 'Canada', 'CA'),
(41, 'Cape Verde', 'CV'),
(42, 'Cayman Islands', 'KY'),
(43, 'Central African Republic', 'CF'),
(44, 'Chad', 'TD'),
(45, 'Chile', 'CL'),
(46, 'China', 'CN'),
(47, 'Christmas Island', 'CX'),
(48, 'Cocos (Keeling) Islands', 'CC'),
(49, 'Colombia', 'CO'),
(50, 'Comoros', 'KM'),
(51, 'Congo', 'CG'),
(52, 'Congo, The Democratic Republic of the', 'CD'),
(53, 'Cook Islands', 'CK'),
(54, 'Costa Rica', 'CR'),
(55, 'Cote d''Ivoire', 'CI'),
(56, 'Croatia', 'HR'),
(57, 'Cuba', 'CU'),
(58, 'Curacao', 'CW'),
(59, 'Cyprus', 'CY'),
(60, 'Czech Republic', 'CZ'),
(61, 'Denmark', 'DK'),
(62, 'Djibouti', 'DJ'),
(63, 'Dominica', 'DM'),
(64, 'Dominican Republic', 'DO'),
(65, 'Ecuador', 'EC'),
(66, 'Egypt', 'EG'),
(67, 'El Salvador', 'SV'),
(68, 'Equatorial Guinea', 'GQ'),
(69, 'Eritrea', 'ER'),
(70, 'Estonia', 'EE'),
(71, 'Ethiopia', 'ET'),
(72, 'Falkland Islands (Malvinas)', 'FK'),
(73, 'Faroe Islands', 'FO'),
(74, 'Fiji', 'FJ'),
(75, 'Finland', 'FI'),
(76, 'France', 'FR'),
(77, 'French Guiana', 'GF'),
(78, 'French Polynesia', 'PF'),
(79, 'French Southern Territories', 'TF'),
(80, 'Gabon', 'GA'),
(81, 'Gambia', 'GM'),
(82, 'Georgia', 'GE'),
(83, 'Germany', 'DE'),
(84, 'Ghana', 'GH'),
(85, 'Gibraltar', 'GI'),
(86, 'Greece', 'GR'),
(87, 'Greenland', 'GL'),
(88, 'Grenada', 'GD'),
(89, 'Guadeloupe', 'GP'),
(90, 'Guam', 'GU'),
(91, 'Guatemala', 'GT'),
(92, 'Guernsey', 'GG'),
(93, 'Guinea', 'GN'),
(94, 'Guinea-Bissau', 'GW'),
(95, 'Guyana', 'GY'),
(96, 'Haiti', 'HT'),
(97, 'Heard Island and McDonald Islands', 'HM'),
(98, 'Holy See (Vatican City State)', 'VA'),
(99, 'Honduras', 'HN'),
(100, 'Hong Kong', 'HK'),
(101, 'Hungary', 'HU'),
(102, 'Iceland', 'IS'),
(103, 'India', 'IN'),
(104, 'Indonesia', 'ID'),
(105, 'Iran, Islamic Republic of', 'IR'),
(106, 'Iraq', 'IQ'),
(107, 'Ireland', 'IE'),
(108, 'Isle of Man', 'IM'),
(109, 'Israel', 'IL'),
(110, 'Italy', 'IT'),
(111, 'Jamaica', 'JM'),
(112, 'Japan', 'JP'),
(113, 'Jersey', 'JE'),
(114, 'Jordan', 'JO'),
(115, 'Kazakhstan', 'KZ'),
(116, 'Kenya', 'KE'),
(117, 'Kiribati', 'KI'),
(118, 'Korea, Democratic People''s Republic of', 'KP'),
(119, 'Korea, Republic of', 'KR'),
(120, 'Kuwait', 'KW'),
(121, 'Kyrgyzstan', 'KG'),
(122, 'Lao People''s Democratic Republic', 'LA'),
(123, 'Latvia', 'LV'),
(124, 'Lebanon', 'LB'),
(125, 'Lesotho', 'LS'),
(126, 'Liberia', 'LR'),
(127, 'Libyan Arab Jamahiriya', 'LY'),
(128, 'Liechtenstein', 'LI'),
(129, 'Lithuania', 'LT'),
(130, 'Luxembourg', 'LU'),
(131, 'Macao', 'MO'),
(132, 'Macedonia, The Former Yugoslav Republic of', 'MK'),
(133, 'Madagascar', 'MG'),
(134, 'Malawi', 'MW'),
(135, 'Malaysia', 'MY'),
(136, 'Maldives', 'MV'),
(137, 'Mali', 'ML'),
(138, 'Malta', 'MT'),
(139, 'Marshall Islands', 'MH'),
(140, 'Martinique', 'MQ'),
(141, 'Mauritania', 'MR'),
(142, 'Mauritius', 'MU'),
(143, 'Mayotte', 'YT'),
(144, 'Mexico', 'MX'),
(145, 'Micronesia, Federated States of', 'FM'),
(146, 'Moldova, Republic of', 'MD'),
(147, 'Monaco', 'MC'),
(148, 'Mongolia', 'MN'),
(149, 'Montenegro', 'ME'),
(150, 'Montserrat', 'MS'),
(151, 'Morocco', 'MA'),
(152, 'Mozambique', 'MZ'),
(153, 'Myanmar', 'MM'),
(154, 'Namibia', 'NA'),
(155, 'Nauru', 'NR'),
(156, 'Nepal', 'NP'),
(157, 'Netherlands', 'NL'),
(158, 'New Caledonia', 'NC'),
(159, 'New Zealand', 'NZ'),
(160, 'Nicaragua', 'NI'),
(161, 'Niger', 'NE'),
(162, 'Nigeria', 'NG'),
(163, 'Niue', 'NU'),
(164, 'Norfolk Island', 'NF'),
(165, 'Northern Mariana Islands', 'MP'),
(166, 'Norway', 'NO'),
(167, 'Occupied Palestinian Territory', 'PS'),
(168, 'Oman', 'OM'),
(169, 'Pakistan', 'PK'),
(170, 'Palau', 'PW'),
(171, 'Panama', 'PA'),
(172, 'Papua New Guinea', 'PG'),
(173, 'Paraguay', 'PY'),
(174, 'Peru', 'PE'),
(175, 'Philippines', 'PH'),
(176, 'Pitcairn', 'PN'),
(177, 'Poland', 'PL'),
(178, 'Portugal', 'PT'),
(179, 'Puerto Rico', 'PR'),
(180, 'Qatar', 'QA'),
(181, 'Reunion', 'RE'),
(182, 'Romania', 'RO'),
(183, 'Russian Federation', 'RU'),
(184, 'Rwanda', 'RW'),
(185, 'Saint Barthelemy', 'BL'),
(186, 'Saint Helena, Ascension and Tristan da Cunha', 'SH'),
(187, 'Saint Kitts and Nevis', 'KN'),
(188, 'Saint Lucia', 'LC'),
(189, 'Saint Martin (French part)', 'MF'),
(190, 'Saint Pierre and Miquelon', 'PM'),
(191, 'Saint Vincent and The Grenadines', 'VC'),
(192, 'Samoa', 'WS'),
(193, 'San Marino', 'SM'),
(194, 'Sao Tome and Principe', 'ST'),
(195, 'Saudi Arabia', 'SA'),
(196, 'Senegal', 'SN'),
(197, 'Serbia', 'RS'),
(198, 'Seychelles', 'SC'),
(199, 'Sierra Leone', 'SL'),
(200, 'Singapore', 'SG'),
(201, 'Sint Maarten (Dutch part)', 'SX'),
(202, 'Slovakia', 'SK'),
(203, 'Slovenia', 'SI'),
(204, 'Solomon Islands', 'SB'),
(205, 'Somalia', 'SO'),
(206, 'South Africa', 'ZA'),
(207, 'South Georgia and the South Sandwich Islands', 'GS'),
(208, 'South Sudan', 'SS'),
(209, 'Spain', 'ES'),
(210, 'Sri Lanka', 'LK'),
(211, 'Sudan', 'SD'),
(212, 'Suriname', 'SR'),
(213, 'Svalbard and Jan Mayen', 'SJ'),
(214, 'Swaziland', 'SZ'),
(215, 'Sweden', 'SE'),
(216, 'Switzerland', 'CH'),
(217, 'Syrian Arab Republic', 'SY'),
(218, 'Taiwan, Province of China', 'TW'),
(219, 'Tajikistan', 'TJ'),
(220, 'Tanzania, United Republic of', 'TZ'),
(221, 'Thailand', 'TH'),
(222, 'Timor-Leste', 'TL'),
(223, 'Togo', 'TG'),
(224, 'Tokelau', 'TK'),
(225, 'Tonga', 'TO'),
(226, 'Trinidad and Tobago', 'TT'),
(227, 'Tunisia', 'TN'),
(228, 'Turkey', 'TR'),
(229, 'Turkmenistan', 'TM'),
(230, 'Turks and Caicos Islands', 'TC'),
(231, 'Tuvalu', 'TV'),
(232, 'Uganda', 'UG'),
(233, 'Ukraine', 'UA'),
(234, 'United Arab Emirates', 'AE'),
(235, 'United Kingdom', 'GB'),
(236, 'United States', 'US'),
(237, 'United States Minor Outlying Islands', 'UM'),
(238, 'Uruguay', 'UY'),
(239, 'Uzbekistan', 'UZ'),
(240, 'Vanuatu', 'VU'),
(241, 'Venezuela, Bolivarian Republic of', 'VE'),
(242, 'Viet Nam', 'VN'),
(243, 'Virgin Islands, British', 'VG'),
(244, 'Virgin Islands, U.S.', 'VI'),
(245, 'Wallis and Futuna', 'WF'),
(246, 'Western Sahara', 'EH'),
(247, 'Yemen', 'YE'),
(248, 'Zambia', 'ZM'),
(249, 'Zimbabwe', 'ZW');

-- --------------------------------------------------------

--
-- Table structure for table `Course`
--

CREATE TABLE IF NOT EXISTS `Course` (
  `id` int(11) NOT NULL,
  `name` varchar(255) COLLATE utf8_unicode_ci NOT NULL,
  `slug` varchar(255) COLLATE utf8_unicode_ci NOT NULL,
  `status` tinyint(1) NOT NULL
) ENGINE=InnoDB AUTO_INCREMENT=8 DEFAULT CHARSET=utf8 COLLATE=utf8_unicode_ci;

--
-- Dumping data for table `Course`
--

INSERT INTO `Course` (`id`, `name`, `slug`, `status`) VALUES
(1, 'Computer Science & IT', 'computer-science-it', 1),
(2, 'Business, Marketing & Management', 'business-marketing-management', 1),
(3, 'Engineering & Architecture', 'engineering-architecture', 1),
(4, 'Medical & Health Science', 'medical-health-science', 1),
(5, 'Textile, Garment & Leather Technology', 'textile-garment-leather-technology', 1),
(6, 'Media, Journalism & Communication', 'media-journalism-communication', 1),
(7, 'Language Studies', 'language-studies', 1);

-- --------------------------------------------------------

--
-- Table structure for table `CourseLevel`
--

CREATE TABLE IF NOT EXISTS `CourseLevel` (
  `id` int(11) NOT NULL,
  `name` varchar(255) COLLATE utf8_unicode_ci NOT NULL,
  `slug` varchar(255) COLLATE utf8_unicode_ci NOT NULL,
  `status` tinyint(1) NOT NULL
) ENGINE=InnoDB AUTO_INCREMENT=9 DEFAULT CHARSET=utf8 COLLATE=utf8_unicode_ci;

--
-- Dumping data for table `CourseLevel`
--

INSERT INTO `CourseLevel` (`id`, `name`, `slug`, `status`) VALUES
(1, 'Postgraduate Degree', 'postgraduate-degree', 1),
(2, 'Postgraduate Diploma', 'postgraduate-diploma', 1),
(3, 'Undergraduate Degree', 'undergraduate-degree', 1),
(4, 'HSC/A-Level', 'hsc-a-level', 1),
(5, 'SSC/O-Level', 'ssc-o-level', 1),
(6, 'Diploma Course', 'diploma-course', 1),
(7, 'Certification Course', 'certification-course', 1),
(8, 'Professional Course', 'professional-course', 1);

-- --------------------------------------------------------

--
-- Table structure for table `course_courselevel`
--

CREATE TABLE IF NOT EXISTS `course_courselevel` (
  `course_id` int(11) NOT NULL,
  `courselevel_id` int(11) NOT NULL
) ENGINE=InnoDB DEFAULT CHARSET=utf8 COLLATE=utf8_unicode_ci;

-- --------------------------------------------------------

--
-- Table structure for table `Customer`
--

CREATE TABLE IF NOT EXISTS `Customer` (
  `id` int(11) NOT NULL,
  `name` varchar(255) COLLATE utf8_unicode_ci DEFAULT NULL,
  `mobile` varchar(255) COLLATE utf8_unicode_ci DEFAULT NULL,
  `district_id` int(11) DEFAULT NULL,
  `address` longtext COLLATE utf8_unicode_ci,
  `thana_id` int(11) DEFAULT NULL,
  `email` varchar(255) COLLATE utf8_unicode_ci DEFAULT NULL,
  `bloodGroup` varchar(255) COLLATE utf8_unicode_ci DEFAULT NULL,
  `dob` datetime DEFAULT NULL,
  `globalOption_id` int(11) DEFAULT NULL,
  `customerType` varchar(255) COLLATE utf8_unicode_ci DEFAULT NULL,
  `status` tinyint(1) NOT NULL,
  `isNew` tinyint(1) NOT NULL
) ENGINE=InnoDB AUTO_INCREMENT=12 DEFAULT CHARSET=utf8 COLLATE=utf8_unicode_ci;

--
-- Dumping data for table `Customer`
--

INSERT INTO `Customer` (`id`, `name`, `mobile`, `district_id`, `address`, `thana_id`, `email`, `bloodGroup`, `dob`, `globalOption_id`, `customerType`, `status`, `isNew`) VALUES
(1, 'Ayisha', '01827164133', NULL, NULL, NULL, 'ayisha@gmail.com', NULL, NULL, 46, 'contact', 0, 1),
(2, 'Zunayrah', '01828148148', NULL, NULL, NULL, NULL, NULL, NULL, 46, NULL, 0, 0),
(3, 'Umar', NULL, NULL, NULL, NULL, 'shafiqabs@gmail.com', NULL, NULL, 46, 'email', 0, 0),
(4, '01678906567', '01678906567', NULL, NULL, NULL, NULL, NULL, NULL, 10, NULL, 1, 1),
(5, 'amin', 'amin', NULL, NULL, NULL, NULL, NULL, NULL, 10, NULL, 1, 1),
(6, '7878564858', '7878564858', NULL, NULL, NULL, NULL, NULL, NULL, 38, 'pos', 1, 1),
(7, 'zxc', '24124134134', NULL, NULL, NULL, NULL, NULL, NULL, 1, 'contact', 1, 1),
(8, 'Twer', '45345345345', NULL, NULL, NULL, NULL, NULL, NULL, 1, 'contact', 1, 1),
(9, 'Test Modal', '76767567765', NULL, NULL, NULL, NULL, NULL, NULL, 1, 'contact', 1, 1),
(10, 'fsafdf', '55345435345', NULL, NULL, NULL, NULL, NULL, NULL, 1, 'contact', 1, 1),
(11, 'Test Modal', NULL, NULL, NULL, NULL, 'xebecinternationalschool@gamil.com', NULL, NULL, 1, 'contact', 1, 1);

-- --------------------------------------------------------

--
-- Table structure for table `CustomerInbox`
--

CREATE TABLE IF NOT EXISTS `CustomerInbox` (
  `id` int(11) NOT NULL,
  `type` varchar(255) COLLATE utf8_unicode_ci DEFAULT NULL,
  `content` longtext COLLATE utf8_unicode_ci,
  `archive` tinyint(1) NOT NULL,
  `created` datetime NOT NULL,
  `replyDate` datetime DEFAULT NULL,
  `customer_id` int(11) DEFAULT NULL,
  `updated` datetime NOT NULL,
  `replyUser_id` int(11) DEFAULT NULL
) ENGINE=InnoDB AUTO_INCREMENT=41 DEFAULT CHARSET=utf8 COLLATE=utf8_unicode_ci;

--
-- Dumping data for table `CustomerInbox`
--

INSERT INTO `CustomerInbox` (`id`, `type`, `content`, `archive`, `created`, `replyDate`, `customer_id`, `updated`, `replyUser_id`) VALUES
(1, NULL, 'Test -1', 0, '2016-04-07 01:01:28', NULL, 1, '2016-04-07 01:01:28', NULL),
(2, NULL, 'Test sms', 0, '2016-04-07 01:03:54', NULL, 1, '2016-04-07 01:03:54', NULL),
(3, NULL, 'cvxcvxcv', 0, '2016-04-07 01:04:33', NULL, 1, '2016-04-07 01:04:33', NULL),
(4, NULL, 'Test sms', 0, '2016-04-07 08:05:07', NULL, 2, '2016-04-07 08:05:07', NULL),
(5, NULL, 'zxczxczxc', 0, '2016-04-07 08:09:08', NULL, 3, '2016-04-07 08:09:08', NULL),
(6, NULL, 'zxczxczxc', 0, '2016-04-07 08:10:55', NULL, 3, '2016-04-07 08:10:55', NULL),
(7, NULL, 'zxczxczxc', 0, '2016-04-07 08:11:27', NULL, 4, '2016-04-07 08:11:27', NULL),
(8, NULL, 'zxczxczxc', 0, '2016-04-07 08:13:02', NULL, 4, '2016-04-07 08:13:02', NULL),
(9, NULL, 'zxczxczxc', 0, '2016-04-07 08:13:46', NULL, 4, '2016-04-07 08:13:46', NULL),
(10, NULL, 'vxcvxcv', 0, '2016-04-07 08:20:35', NULL, 5, '2016-04-07 08:20:35', NULL),
(11, NULL, 'vxcvxcv', 0, '2016-04-07 08:21:07', NULL, 5, '2016-04-07 08:21:07', NULL),
(12, NULL, 'vxcvxcv', 0, '2016-04-07 08:21:24', NULL, 5, '2016-04-07 08:21:24', NULL),
(13, NULL, 'vxcvxcv', 0, '2016-04-07 08:22:37', NULL, 5, '2016-04-07 08:22:37', NULL),
(14, NULL, 'vxcvxcv', 0, '2016-04-07 08:23:28', NULL, 5, '2016-04-07 08:23:28', NULL),
(15, NULL, 'vxcvxcv', 0, '2016-04-07 08:24:06', NULL, 5, '2016-04-07 08:24:06', NULL),
(16, NULL, 'vxcvxcv', 0, '2016-04-07 08:24:26', NULL, 5, '2016-04-07 08:24:26', NULL),
(17, NULL, 'vxcvxcv', 0, '2016-04-07 08:24:48', NULL, 5, '2016-04-07 08:24:48', NULL),
(18, NULL, 'vxcvxcv', 0, '2016-04-07 08:25:35', NULL, 5, '2016-04-07 08:25:35', NULL),
(19, NULL, 'vxcvxcv', 0, '2016-04-07 08:26:58', NULL, 5, '2016-04-07 08:26:58', NULL),
(20, NULL, 'Test new message', 0, '2016-04-07 08:27:30', NULL, 5, '2016-04-07 08:27:30', NULL),
(21, NULL, 'Test new message', 0, '2016-04-07 08:28:35', NULL, 5, '2016-04-07 08:28:35', NULL),
(22, NULL, 'Test new message', 0, '2016-04-07 08:29:04', NULL, 5, '2016-04-07 08:29:04', NULL),
(23, NULL, 'Test final', 0, '2016-04-07 08:30:48', NULL, 6, '2016-04-07 08:30:48', NULL),
(24, NULL, 'zdvsgsdg', 0, '2016-04-07 08:31:42', NULL, 7, '2016-04-07 08:31:42', NULL),
(25, NULL, 'zcdfsdfsdf', 0, '2016-04-07 08:35:44', NULL, 8, '2016-04-07 08:35:44', NULL),
(26, NULL, 'test', 0, '2016-04-07 08:36:31', NULL, 9, '2016-04-07 08:36:31', NULL),
(27, NULL, 'test', 0, '2016-04-07 08:38:23', NULL, 10, '2016-04-07 08:38:23', NULL),
(28, NULL, 'Test', 0, '2016-04-07 08:40:50', NULL, 11, '2016-04-07 08:40:50', NULL),
(29, NULL, 'test', 0, '2016-04-07 08:43:03', NULL, 12, '2016-04-07 08:43:03', NULL),
(30, NULL, 'test', 0, '2016-04-07 08:43:50', NULL, 13, '2016-04-07 08:43:50', NULL),
(31, NULL, 'zcZc', 0, '2016-04-07 16:20:12', NULL, 14, '2016-04-07 16:20:12', NULL),
(32, NULL, 'sdfasdasd', 0, '2016-04-07 20:19:39', NULL, 15, '2016-04-07 20:19:39', NULL),
(33, NULL, 'test email', 0, '2016-04-07 20:25:54', NULL, 16, '2016-04-07 20:25:54', NULL),
(34, NULL, 'new message', 0, '2016-04-07 20:27:22', NULL, 17, '2016-04-07 20:27:22', NULL),
(35, NULL, 'Test', 0, '2016-05-19 23:38:04', NULL, 18, '2016-05-19 23:38:04', NULL),
(36, NULL, 'Test', 0, '2016-05-19 23:43:11', NULL, 18, '2016-05-19 23:43:11', NULL),
(37, 'sms', 'zxczzxc', 0, '2016-06-20 22:13:25', NULL, 8, '2016-06-20 22:13:25', NULL),
(38, 'sms', 'Test Modal', 0, '2016-06-20 22:29:01', NULL, 9, '2016-06-20 22:29:01', NULL),
(39, 'sms', 'dzvxcvxcv', 0, '2016-06-20 22:33:00', NULL, 10, '2016-06-20 22:33:00', NULL),
(40, 'email', 'test', 0, '2016-06-20 22:42:31', NULL, 11, '2016-06-20 22:42:31', NULL);

-- --------------------------------------------------------

--
-- Table structure for table `Damage`
--

CREATE TABLE IF NOT EXISTS `Damage` (
  `id` int(11) NOT NULL,
  `item_id` int(11) DEFAULT NULL,
  `quantity` int(11) NOT NULL,
  `unitPrice` decimal(10,0) NOT NULL,
  `created` datetime NOT NULL,
  `updated` datetime NOT NULL,
  `notes` varchar(255) COLLATE utf8_unicode_ci DEFAULT NULL,
  `inventoryConfig_id` int(11) DEFAULT NULL,
  `purchaseItem_id` int(11) DEFAULT NULL,
  `createdBy_id` int(11) DEFAULT NULL,
  `approvedBy_id` int(11) DEFAULT NULL,
  `total` decimal(10,0) NOT NULL
) ENGINE=InnoDB AUTO_INCREMENT=7 DEFAULT CHARSET=utf8 COLLATE=utf8_unicode_ci;

--
-- Dumping data for table `Damage`
--

INSERT INTO `Damage` (`id`, `item_id`, `quantity`, `unitPrice`, `created`, `updated`, `notes`, `inventoryConfig_id`, `purchaseItem_id`, `createdBy_id`, `approvedBy_id`, `total`) VALUES
(1, 1858, 4, '400', '2016-05-15 14:34:05', '2016-05-15 14:34:05', 'Tested', 6, 2363, 34, NULL, '0'),
(3, 1858, 4, '400', '2016-05-16 00:03:11', '2016-05-16 08:04:17', 'zxczxc', 6, 2363, 34, 34, '0'),
(4, 1858, 2, '200', '2016-05-16 08:19:55', '2016-05-16 08:20:10', 'New application', 6, 2363, 34, 34, '0'),
(6, 786, 2, '1050', '2016-06-09 23:36:38', '2016-06-09 23:49:45', 'General & Administrative expenses', 2, 1044, 16, 16, '2100');

-- --------------------------------------------------------

--
-- Table structure for table `DeliveryIssue`
--

CREATE TABLE IF NOT EXISTS `DeliveryIssue` (
  `id` int(11) NOT NULL,
  `invoice` varchar(255) COLLATE utf8_unicode_ci NOT NULL,
  `quantity` int(11) NOT NULL,
  `item` int(11) NOT NULL
) ENGINE=InnoDB DEFAULT CHARSET=utf8 COLLATE=utf8_unicode_ci;

-- --------------------------------------------------------

--
-- Table structure for table `DomainUser`
--

CREATE TABLE IF NOT EXISTS `DomainUser` (
  `id` int(11) NOT NULL,
  `role` varchar(255) COLLATE utf8_unicode_ci NOT NULL,
  `created` datetime NOT NULL,
  `status` tinyint(1) NOT NULL,
  `globalOption_id` int(11) DEFAULT NULL
) ENGINE=InnoDB AUTO_INCREMENT=2 DEFAULT CHARSET=utf8 COLLATE=utf8_unicode_ci;

--
-- Dumping data for table `DomainUser`
--

INSERT INTO `DomainUser` (`id`, `role`, `created`, `status`, `globalOption_id`) VALUES
(1, 'SUPER_ADMIN', '0000-00-00 00:00:00', 1, 10);

-- --------------------------------------------------------

--
-- Table structure for table `EcommerceConfig`
--

CREATE TABLE IF NOT EXISTS `EcommerceConfig` (
  `id` int(11) NOT NULL,
  `pickupLocation` longtext COLLATE utf8_unicode_ci,
  `isPreorder` tinyint(1) NOT NULL,
  `cart` tinyint(1) NOT NULL,
  `webProduct` tinyint(1) NOT NULL,
  `promotion` tinyint(1) NOT NULL,
  `globalOption_id` int(11) DEFAULT NULL
) ENGINE=InnoDB AUTO_INCREMENT=4 DEFAULT CHARSET=utf8 COLLATE=utf8_unicode_ci;

--
-- Dumping data for table `EcommerceConfig`
--

INSERT INTO `EcommerceConfig` (`id`, `pickupLocation`, `isPreorder`, `cart`, `webProduct`, `promotion`, `globalOption_id`) VALUES
(1, 'xzczxcz', 1, 1, 1, 0, 6),
(2, NULL, 0, 0, 0, 0, 28),
(3, 'H# 18, R# 1, B# G, Mirpur-1 ', 0, 0, 0, 0, 50);

-- --------------------------------------------------------

--
-- Table structure for table `Education`
--

CREATE TABLE IF NOT EXISTS `Education` (
  `id` int(11) NOT NULL,
  `user_id` int(11) DEFAULT NULL,
  `location_id` int(11) DEFAULT NULL,
  `name` varchar(255) COLLATE utf8_unicode_ci DEFAULT NULL,
  `establishment` date DEFAULT NULL,
  `instituteCheif` varchar(255) COLLATE utf8_unicode_ci DEFAULT NULL,
  `instituteCheifDesignation` varchar(255) COLLATE utf8_unicode_ci DEFAULT NULL,
  `address` longtext COLLATE utf8_unicode_ci,
  `hotline` varchar(255) COLLATE utf8_unicode_ci DEFAULT NULL,
  `registrationNo` varchar(255) COLLATE utf8_unicode_ci DEFAULT NULL,
  `phone` varchar(255) COLLATE utf8_unicode_ci DEFAULT NULL,
  `fax` varchar(255) COLLATE utf8_unicode_ci DEFAULT NULL,
  `postalCode` varchar(255) COLLATE utf8_unicode_ci DEFAULT NULL,
  `website` varchar(255) COLLATE utf8_unicode_ci DEFAULT NULL,
  `skypeId` varchar(255) COLLATE utf8_unicode_ci DEFAULT NULL,
  `startHour` varchar(255) COLLATE utf8_unicode_ci DEFAULT NULL,
  `endHour` varchar(255) COLLATE utf8_unicode_ci DEFAULT NULL,
  `weeklyOffDay` varchar(255) COLLATE utf8_unicode_ci DEFAULT NULL,
  `email` varchar(255) COLLATE utf8_unicode_ci DEFAULT NULL,
  `contactPerson` varchar(255) COLLATE utf8_unicode_ci DEFAULT NULL,
  `overview` longtext COLLATE utf8_unicode_ci,
  `contactPersonDesignation` varchar(255) COLLATE utf8_unicode_ci DEFAULT NULL,
  `path` varchar(255) COLLATE utf8_unicode_ci DEFAULT NULL
) ENGINE=InnoDB DEFAULT CHARSET=utf8 COLLATE=utf8_unicode_ci;

-- --------------------------------------------------------

--
-- Table structure for table `education_courselevel`
--

CREATE TABLE IF NOT EXISTS `education_courselevel` (
  `education_id` int(11) NOT NULL,
  `courselevel_id` int(11) NOT NULL
) ENGINE=InnoDB DEFAULT CHARSET=utf8 COLLATE=utf8_unicode_ci;

-- --------------------------------------------------------

--
-- Table structure for table `education_institutelevel`
--

CREATE TABLE IF NOT EXISTS `education_institutelevel` (
  `education_id` int(11) NOT NULL,
  `institutelevel_id` int(11) NOT NULL
) ENGINE=InnoDB DEFAULT CHARSET=utf8 COLLATE=utf8_unicode_ci;

-- --------------------------------------------------------

--
-- Table structure for table `EmailBox`
--

CREATE TABLE IF NOT EXISTS `EmailBox` (
  `id` int(11) NOT NULL,
  `user_id` int(11) DEFAULT NULL,
  `name` varchar(255) COLLATE utf8_unicode_ci NOT NULL,
  `email` varchar(255) COLLATE utf8_unicode_ci NOT NULL,
  `mobile` varchar(255) COLLATE utf8_unicode_ci NOT NULL,
  `created` varchar(255) COLLATE utf8_unicode_ci NOT NULL,
  `content` varchar(255) COLLATE utf8_unicode_ci NOT NULL,
  `status` smallint(6) NOT NULL
) ENGINE=InnoDB DEFAULT CHARSET=utf8 COLLATE=utf8_unicode_ci;

-- --------------------------------------------------------

--
-- Table structure for table `EmployeeSalary`
--

CREATE TABLE IF NOT EXISTS `EmployeeSalary` (
  `id` int(11) NOT NULL,
  `user_id` int(11) DEFAULT NULL,
  `name` varchar(255) COLLATE utf8_unicode_ci NOT NULL,
  `basicAmount` double NOT NULL,
  `bonus` varchar(255) COLLATE utf8_unicode_ci NOT NULL,
  `bonusAmount` double NOT NULL,
  `other` varchar(255) COLLATE utf8_unicode_ci NOT NULL,
  `otherAmount` varchar(255) COLLATE utf8_unicode_ci NOT NULL,
  `status` tinyint(1) NOT NULL,
  `created` datetime NOT NULL,
  `updated` datetime NOT NULL,
  `globalOption_id` int(11) DEFAULT NULL,
  `createdBy_id` int(11) DEFAULT NULL,
  `approvedBy_id` int(11) DEFAULT NULL
) ENGINE=InnoDB DEFAULT CHARSET=utf8 COLLATE=utf8_unicode_ci;

-- --------------------------------------------------------

--
-- Table structure for table `Entity`
--

CREATE TABLE IF NOT EXISTS `Entity` (
  `id` int(11) NOT NULL,
  `path` varchar(255) COLLATE utf8_unicode_ci DEFAULT NULL
) ENGINE=InnoDB DEFAULT CHARSET=utf8 COLLATE=utf8_unicode_ci;

-- --------------------------------------------------------

--
-- Table structure for table `Event`
--

CREATE TABLE IF NOT EXISTS `Event` (
  `id` int(11) NOT NULL,
  `user_id` int(11) DEFAULT NULL,
  `name` varchar(255) COLLATE utf8_unicode_ci DEFAULT NULL,
  `slug` varchar(255) COLLATE utf8_unicode_ci DEFAULT NULL,
  `contactPerson` varchar(255) COLLATE utf8_unicode_ci DEFAULT NULL,
  `mobile` varchar(255) COLLATE utf8_unicode_ci DEFAULT NULL,
  `additionalPhone` varchar(255) COLLATE utf8_unicode_ci DEFAULT NULL,
  `startDate` datetime DEFAULT NULL,
  `endDate` datetime DEFAULT NULL,
  `startHour` varchar(255) COLLATE utf8_unicode_ci DEFAULT NULL,
  `endHour` varchar(255) COLLATE utf8_unicode_ci DEFAULT NULL,
  `email` varchar(255) COLLATE utf8_unicode_ci DEFAULT NULL,
  `address` longtext COLLATE utf8_unicode_ci,
  `content` longtext COLLATE utf8_unicode_ci,
  `status` tinyint(1) NOT NULL,
  `path` varchar(255) COLLATE utf8_unicode_ci DEFAULT NULL,
  `photoGallery_id` int(11) DEFAULT NULL,
  `globalOption_id` int(11) DEFAULT NULL
) ENGINE=InnoDB DEFAULT CHARSET=utf8 COLLATE=utf8_unicode_ci;

-- --------------------------------------------------------

--
-- Table structure for table `EventCalender`
--

CREATE TABLE IF NOT EXISTS `EventCalender` (
  `id` int(11) NOT NULL,
  `name` varchar(255) COLLATE utf8_unicode_ci NOT NULL,
  `status` tinyint(1) NOT NULL
) ENGINE=InnoDB DEFAULT CHARSET=utf8 COLLATE=utf8_unicode_ci;

-- --------------------------------------------------------

--
-- Table structure for table `excel_importer`
--

CREATE TABLE IF NOT EXISTS `excel_importer` (
  `id` int(11) NOT NULL,
  `created` datetime NOT NULL,
  `updated` datetime NOT NULL,
  `path` varchar(255) COLLATE utf8_unicode_ci DEFAULT NULL,
  `inventoryConfig_id` int(11) DEFAULT NULL,
  `name` varchar(255) COLLATE utf8_unicode_ci DEFAULT NULL,
  `status` tinyint(1) NOT NULL,
  `progress` varchar(255) COLLATE utf8_unicode_ci DEFAULT NULL
) ENGINE=InnoDB AUTO_INCREMENT=15 DEFAULT CHARSET=utf8 COLLATE=utf8_unicode_ci;

--
-- Dumping data for table `excel_importer`
--

INSERT INTO `excel_importer` (`id`, `created`, `updated`, `path`, `inventoryConfig_id`, `name`, `status`, `progress`) VALUES
(5, '2016-03-11 14:21:38', '2016-03-13 23:06:02', 'Nahar-Fashio-Product (4).xls', 4, 'Sajal Fashion', 0, 'updated'),
(7, '2016-03-28 11:41:55', '2016-04-12 12:47:19', 'Nahar-Fashio-Product.xls', 5, 'Prince Bazar v-1', 0, 'updated'),
(9, '2016-04-01 23:30:12', '2016-04-01 23:43:44', 'Nahar-Fashio-Product.xls', 2, 'Nahar Fashion', 0, 'updated'),
(11, '2016-05-27 02:31:23', '2016-05-27 02:45:01', 'Ratan-Fashio-Product.xlsx', 7, 'new', 0, 'migrated'),
(12, '2016-05-30 13:51:34', '2016-05-30 17:18:28', 'Nahar-Fashio-Product.xls', 2, 'new', 0, 'updated'),
(13, '2016-06-02 10:18:16', '2016-06-02 10:19:05', 'online-shop.xls', 9, 'New File', 0, 'updated'),
(14, '2016-06-03 23:18:41', '2016-06-03 23:18:56', 'online-shop.xls', 6, 'Shop Online', 0, 'updated');

-- --------------------------------------------------------

--
-- Table structure for table `Expenditure`
--

CREATE TABLE IF NOT EXISTS `Expenditure` (
  `id` int(11) NOT NULL,
  `paymentMethod` varchar(50) COLLATE utf8_unicode_ci DEFAULT NULL,
  `amount` double NOT NULL,
  `remark` varchar(255) COLLATE utf8_unicode_ci DEFAULT NULL,
  `created` datetime NOT NULL,
  `updated` datetime NOT NULL,
  `accountHead_id` int(11) DEFAULT NULL,
  `createdBy_id` int(11) DEFAULT NULL,
  `toUser_id` int(11) DEFAULT NULL,
  `process` varchar(255) COLLATE utf8_unicode_ci DEFAULT NULL,
  `approvedBy_id` int(11) DEFAULT NULL,
  `globalOption_id` int(11) DEFAULT NULL,
  `expenseCategory_id` int(11) DEFAULT NULL,
  `bank_id` int(11) DEFAULT NULL,
  `accountNo` varchar(255) COLLATE utf8_unicode_ci DEFAULT NULL
) ENGINE=InnoDB AUTO_INCREMENT=4 DEFAULT CHARSET=utf8 COLLATE=utf8_unicode_ci;

--
-- Dumping data for table `Expenditure`
--

INSERT INTO `Expenditure` (`id`, `paymentMethod`, `amount`, `remark`, `created`, `updated`, `accountHead_id`, `createdBy_id`, `toUser_id`, `process`, `approvedBy_id`, `globalOption_id`, `expenseCategory_id`, `bank_id`, `accountNo`) VALUES
(1, 'Cash', 50000, NULL, '2016-05-31 08:45:26', '2016-05-31 08:45:32', 27, 16, 13, 'approved', 16, 10, 4, NULL, NULL),
(2, 'Cash', 5000, NULL, '2016-06-04 01:03:18', '2016-06-04 01:03:41', 26, 34, 34, 'approved', 34, 38, 2, NULL, NULL),
(3, 'Cash', 30000, 'Advance', '2016-08-16 18:22:18', '2016-08-16 18:22:18', 25, 16, 16, 'approved', 16, 10, NULL, NULL, NULL);

-- --------------------------------------------------------

--
-- Table structure for table `expenseCategory`
--

CREATE TABLE IF NOT EXISTS `expenseCategory` (
  `id` int(11) NOT NULL,
  `parent` int(11) DEFAULT NULL,
  `name` varchar(255) COLLATE utf8_unicode_ci NOT NULL,
  `slug` varchar(255) COLLATE utf8_unicode_ci NOT NULL,
  `level` int(11) DEFAULT NULL,
  `path` varchar(3000) COLLATE utf8_unicode_ci DEFAULT NULL,
  `sorting` smallint(6) NOT NULL,
  `permission` varchar(255) COLLATE utf8_unicode_ci NOT NULL,
  `feature` tinyint(1) NOT NULL,
  `code` int(11) DEFAULT NULL,
  `status` tinyint(1) NOT NULL,
  `globalOption_id` int(11) DEFAULT NULL
) ENGINE=InnoDB AUTO_INCREMENT=5 DEFAULT CHARSET=utf8 COLLATE=utf8_unicode_ci;

--
-- Dumping data for table `expenseCategory`
--

INSERT INTO `expenseCategory` (`id`, `parent`, `name`, `slug`, `level`, `path`, `sorting`, `permission`, `feature`, `code`, `status`, `globalOption_id`) VALUES
(1, NULL, 'Food', 'food', 1, '1/', 0, 'public', 0, NULL, 1, 38),
(2, 1, 'Lunch', 'food-lunch', 2, '1/2/', 0, 'public', 0, NULL, 1, 38),
(3, 1, 'Break Fast', 'food-break-fast', 2, '1/3/', 0, 'public', 0, NULL, 1, 33),
(4, NULL, 'Khara Kolom', 'khara-kolom', 1, '4/', 0, 'public', 0, NULL, 1, 10);

-- --------------------------------------------------------

--
-- Table structure for table `Faq`
--

CREATE TABLE IF NOT EXISTS `Faq` (
  `id` int(11) NOT NULL,
  `user_id` int(11) DEFAULT NULL,
  `name` varchar(255) COLLATE utf8_unicode_ci NOT NULL,
  `slug` varchar(128) COLLATE utf8_unicode_ci NOT NULL,
  `content` longtext COLLATE utf8_unicode_ci NOT NULL,
  `created` datetime NOT NULL,
  `status` tinyint(1) NOT NULL,
  `globalOption_id` int(11) DEFAULT NULL
) ENGINE=InnoDB DEFAULT CHARSET=utf8 COLLATE=utf8_unicode_ci;

-- --------------------------------------------------------

--
-- Table structure for table `Flat`
--

CREATE TABLE IF NOT EXISTS `Flat` (
  `id` int(11) NOT NULL,
  `name` varchar(255) COLLATE utf8_unicode_ci NOT NULL,
  `ownerName` varchar(255) COLLATE utf8_unicode_ci NOT NULL,
  `flatNo` varchar(255) COLLATE utf8_unicode_ci NOT NULL,
  `globalOption_id` int(11) DEFAULT NULL
) ENGINE=InnoDB DEFAULT CHARSET=utf8 COLLATE=utf8_unicode_ci;

-- --------------------------------------------------------

--
-- Table structure for table `FooterSetting`
--

CREATE TABLE IF NOT EXISTS `FooterSetting` (
  `id` int(11) NOT NULL,
  `copyRight` varchar(255) COLLATE utf8_unicode_ci DEFAULT NULL,
  `displayWebsite` tinyint(1) NOT NULL,
  `turnOffBranding` tinyint(1) NOT NULL,
  `addressHomePage` tinyint(1) NOT NULL,
  `addressSubPage` tinyint(1) NOT NULL,
  `addressIconPage` tinyint(1) NOT NULL,
  `phoneHomePage` tinyint(1) NOT NULL,
  `phoneSubPage` tinyint(1) NOT NULL,
  `phoneDisplay` tinyint(1) NOT NULL,
  `globalOption_id` int(11) DEFAULT NULL
) ENGINE=InnoDB AUTO_INCREMENT=26 DEFAULT CHARSET=utf8 COLLATE=utf8_unicode_ci;

--
-- Dumping data for table `FooterSetting`
--

INSERT INTO `FooterSetting` (`id`, `copyRight`, `displayWebsite`, `turnOffBranding`, `addressHomePage`, `addressSubPage`, `addressIconPage`, `phoneHomePage`, `phoneSubPage`, `phoneDisplay`, `globalOption_id`) VALUES
(2, NULL, 0, 0, 0, 0, 0, 0, 0, 0, 8),
(3, NULL, 0, 0, 0, 0, 0, 0, 0, 0, 9),
(4, NULL, 0, 0, 0, 0, 0, 0, 0, 0, 10),
(5, NULL, 0, 0, 0, 0, 0, 0, 0, 0, 11),
(6, NULL, 0, 0, 0, 0, 0, 0, 0, 0, 22),
(7, NULL, 0, 0, 0, 0, 0, 0, 0, 0, 24),
(8, NULL, 0, 0, 0, 0, 0, 0, 0, 0, 25),
(9, NULL, 0, 0, 0, 0, 0, 0, 0, 0, 26),
(10, NULL, 0, 0, 0, 0, 0, 0, 0, 0, 27),
(11, NULL, 0, 0, 0, 0, 0, 0, 0, 0, 28),
(12, NULL, 0, 0, 0, 0, 0, 0, 0, 0, 29),
(13, NULL, 1, 1, 1, 1, 1, 1, 1, 1, 30),
(14, NULL, 0, 0, 0, 0, 0, 0, 0, 0, 31),
(15, 'Test', 0, 0, 0, 0, 0, 0, 0, 0, 32),
(16, 'Copyright - Business Booster Limited Bangladesh', 0, 0, 0, 0, 0, 0, 0, 0, 38),
(18, NULL, 0, 0, 0, 0, 0, 0, 0, 0, 43),
(19, NULL, 0, 0, 0, 0, 0, 0, 0, 0, 44),
(20, NULL, 0, 0, 0, 0, 0, 0, 0, 0, 45),
(21, NULL, 0, 0, 0, 0, 0, 0, 0, 0, 46),
(22, NULL, 0, 0, 0, 0, 0, 0, 0, 0, 47),
(23, NULL, 0, 0, 0, 0, 0, 0, 0, 0, 48),
(24, NULL, 0, 0, 0, 0, 0, 0, 0, 0, 49),
(25, NULL, 0, 0, 0, 0, 0, 0, 0, 0, 50);

-- --------------------------------------------------------

--
-- Table structure for table `fos_user`
--

CREATE TABLE IF NOT EXISTS `fos_user` (
  `id` int(11) NOT NULL,
  `username` varchar(255) COLLATE utf8_unicode_ci NOT NULL,
  `username_canonical` varchar(255) COLLATE utf8_unicode_ci NOT NULL,
  `email` varchar(255) COLLATE utf8_unicode_ci NOT NULL,
  `email_canonical` varchar(255) COLLATE utf8_unicode_ci NOT NULL,
  `enabled` tinyint(1) NOT NULL,
  `salt` varchar(255) COLLATE utf8_unicode_ci NOT NULL,
  `password` varchar(255) COLLATE utf8_unicode_ci NOT NULL,
  `last_login` datetime DEFAULT NULL,
  `locked` tinyint(1) NOT NULL,
  `expired` tinyint(1) NOT NULL,
  `expires_at` datetime DEFAULT NULL,
  `confirmation_token` varchar(255) COLLATE utf8_unicode_ci DEFAULT NULL,
  `password_requested_at` datetime DEFAULT NULL,
  `roles` longtext COLLATE utf8_unicode_ci NOT NULL COMMENT '(DC2Type:array)',
  `credentials_expired` tinyint(1) NOT NULL,
  `credentials_expire_at` datetime DEFAULT NULL,
  `avatar` varchar(255) COLLATE utf8_unicode_ci DEFAULT NULL,
  `globalOption_id` int(11) DEFAULT NULL,
  `isDelete` tinyint(1) DEFAULT NULL
) ENGINE=InnoDB AUTO_INCREMENT=52 DEFAULT CHARSET=utf8 COLLATE=utf8_unicode_ci;

--
-- Dumping data for table `fos_user`
--

INSERT INTO `fos_user` (`id`, `username`, `username_canonical`, `email`, `email_canonical`, `enabled`, `salt`, `password`, `last_login`, `locked`, `expired`, `expires_at`, `confirmation_token`, `password_requested_at`, `roles`, `credentials_expired`, `credentials_expire_at`, `avatar`, `globalOption_id`, `isDelete`) VALUES
(1, 'admin', 'admin', 'admin@bindu.com', 'admin@bindu.com', 1, 'shftvv5sn808g8ow44444cwcc44kc4o', '1FIperpxrkIq7aAfphnamyU0UTcKdzo4SeCZ9nOgiWxhHp2ZVIazqip1IsUVYlM15jrD3lV2Emxfl6vHuS5Qtw==', '2016-09-16 06:49:21', 0, 0, NULL, NULL, NULL, 'a:1:{i:0;s:16:"ROLE_SUPER_ADMIN";}', 0, NULL, NULL, 1, NULL),
(2, '01828148148', '01824148148', '018281488948@gmail.com', '018281488948@gmail.com', 1, '30ei8xmfl7i8wgwwco808cg0ok8ok0w', 'nrIpvRyW5XZgNCXaZQlujfv6pcYuSOFNfqLE1dBkeIjTvCKhaYmmBrfLCjAcMT0GUCA3dxFFcYb4laIGyR3Huw==', '2016-01-01 19:50:06', 0, 0, NULL, NULL, NULL, 'a:1:{i:0;s:11:"ROLE_DOMAIN";}', 0, NULL, NULL, 3, NULL),
(4, '01827164133', '01827164133', '0182716419933@gmail.com', '0182716419933@gmail.com', 1, 'kjbw935ns408wkcww00k0wc00gkkws0', 'C9D+OaUBCPNVgHGTZJVPuLlpmWweMj/GZvMGS/rYRl73hZHcpSwczBkwqc26nsv/8z1qKN4cdwCYUkWwU9oEPA==', '2016-06-17 00:12:59', 0, 0, NULL, NULL, NULL, 'a:1:{i:0;s:11:"ROLE_DOMAIN";}', 0, NULL, NULL, 4, NULL),
(6, '01827164144', '01827164144', '01827164144@gmail.com', '01827164144@gmail.com', 1, 'mqkyylb6h5w4c0sw8s8wos4kc4oss00', 'hQGZq0nxJG3kavRDoLc1J+dZRCoYCKvP83SaGLVszmgcHseWgGA7EtFd2oI+GmsMRehh3X5cVAtfOXWCxF86rw==', '2016-06-17 00:14:14', 0, 0, NULL, NULL, NULL, 'a:1:{i:0;s:11:"ROLE_DOMAIN";}', 0, NULL, NULL, NULL, NULL),
(8, '01827164145', '01827164145', '01827164145@gmail.com', '01827164145@gmail.com', 1, 'tclnjaqasnk8ggoos4ckk8c8swkgss8', '1PNtFA9Jc38Fkov7EFVTPmGqqhbzdKdv17AdNenolyjL0z4uP3zcxfOTza8f8V8YyqwCVRRbw+HBptGcc9VpmA==', NULL, 0, 0, NULL, NULL, NULL, 'a:1:{i:0;s:11:"ROLE_DOMAIN";}', 0, NULL, NULL, NULL, NULL),
(9, '01827164146', '01827164146', '01827164146@gmail.com', '01827164146@gmail.com', 1, '9w5pissqlqg4oc4c0c0k0448gc8soo', 'Kc+eXSlOPPl/7NWTgszWTd9zu0BBuLucFiHyPPawL4w2fXPHWxPlCreRtqrnW2TV5RqnbS9YZaFegwncIISA4Q==', NULL, 0, 0, NULL, NULL, NULL, 'a:1:{i:0;s:11:"ROLE_DOMAIN";}', 0, NULL, NULL, NULL, NULL),
(10, '01827164101', '01827164101', '01827164101@gmail.com', '01827164101@gmail.com', 1, '8htqiib9hk00s8woccccocc4w00040k', 'EgenpYJ/ZkzLYd+qLLZNmCClqO5Jp3FdowJlV5S1YeCbeDvDyaPAL8i8mddQVJ5KZRmqNBX0kD7XEQ4R9p5OKA==', '2016-07-30 12:21:53', 0, 0, NULL, NULL, NULL, 'a:1:{i:0;s:11:"ROLE_DOMAIN";}', 0, NULL, NULL, 13, NULL),
(11, '01827164102', '01827164102', '01827164102@gmail.com', '01827164102@gmail.com', 1, 'pxqg83i4n6okwok4sggssso4c0s440o', 'Ks3eRTujmqPCstegDASse4CNmRnhbocARy12DM04sQA5alzlSpTimJ6+JjXdqsZ7n7YtkrxCE19SkNfLBou8Iw==', '2016-02-13 10:49:52', 0, 0, NULL, NULL, NULL, 'a:1:{i:0;s:11:"ROLE_DOMAIN";}', 0, NULL, NULL, 10, NULL),
(13, 'purchase', 'purchase', '01828148184@gmail.com', '01828148184@gmail.com', 1, '2d8ok0mdnjr4ok4k8084w4k4s4s00o', 'T9utB8H0gFGCcoY7I8jdrBVIaA9PRg1pxS/dmjiV+zIOIz6yCrQXX853PPThnqevXJO/aBTv3CYc6VGPdRNVxw==', '2016-01-05 00:48:58', 0, 0, NULL, NULL, NULL, 'a:1:{i:0;s:30:"ROLE_DOMAIN_INVENTORY_PURCHASE";}', 0, NULL, NULL, 10, NULL),
(16, 'opu', 'opu', '01828148148@gmail.com', '01828148148@gmail.com', 1, 'j66id93437wocokwkwo4o8coso88840', 'ZeHdTU95fn2zqbsVHVP3OZbG9rhsrouciV7/URuQXmufUYMOe/mbLGFWb6Cj8BUEgzpEH2kLuonmf221fVkmRA==', '2016-09-16 06:50:12', 0, 0, NULL, NULL, NULL, 'a:1:{i:0;s:11:"ROLE_DOMAIN";}', 0, NULL, NULL, 10, NULL),
(17, 'manager', 'manager', '01552496139@gmail.com', '01552496139@gmail.com', 1, 'jmjwug1rx9kows8o4o0o8wcogokw0kw', 'jlA9BPNYp9GCkgrcxky4py4uXCFsIft/5xKLcHLnu0V1hBS4JM1WnfOwqeVjvvOAcK0PKNWTYP7Cqd6d2qgO0w==', '2016-03-04 08:50:41', 0, 0, NULL, NULL, NULL, 'a:1:{i:0;s:19:"ROLE_DOMAIN_MANAGER";}', 0, NULL, NULL, 10, NULL),
(18, 'inventory', 'inventory', 'test@gmail.com', 'test@gmail.com', 1, 'f0egamslyd4wswckgk800skcogo0oow', 'hwyok7sEH7JuJZwMySZ3HFNJsEPaAwF4wdNFmKexwKChJlkrFcfneuUEnS9DVSCNb6KEWGFZDSj1BoDCsJ5A0g==', '2016-03-04 08:40:34', 0, 0, NULL, NULL, NULL, 'a:1:{i:0;s:21:"ROLE_DOMAIN_INVENTORY";}', 0, NULL, NULL, 10, NULL),
(20, 'sales', 'sales', 'testnew@gmail.com', 'testnew@gmail.com', 1, 'mschxz2x1xc0gk44wos40gwwwgkwokc', 'H4NRR99h+wrxDcWJe4qOpSryF4EvyPg71FQbEsTrubtpVOrXRlPUBda/sLeJnu77wK9d6lg//aPrOfSQgHw56w==', '2016-02-19 11:26:23', 0, 0, NULL, NULL, NULL, 'a:1:{i:0;s:27:"ROLE_DOMAIN_INVENTORY_SALES";}', 0, NULL, NULL, 10, NULL),
(21, 'salesmen', 'salesmen', 'salesmen@gmail.com', 'salesmen@gmail.com', 1, 'tksczw2f2800sg8csgs00sk00wggkgs', 'lxG7QNcJzlbBgyrecqGXzw/2Y8ySLaz7ZbVpXOCP31XHqnOx6MjnPT2Rlt/APWq1J6Ib7Bp6+kl+ckLksk80fQ==', '2016-03-04 08:39:34', 0, 0, NULL, NULL, NULL, 'a:1:{i:0;s:27:"ROLE_DOMAIN_INVENTORY_SALES";}', 0, NULL, NULL, 10, NULL),
(22, '01828148188', '01828148188', '01828148188@gmail.com', '01828148188@gmail.com', 1, 'lpv83k5me4g0gcoo4ogssg8g4kw0k40', 'KbL/+HAjwL2Xjyewa1ASrNmwp9zS5bxba3XpezEm2Wl/Y5JmxPtNFaksL/aC6O51crUoZ9nR8t/Lx2hFEMGS6w==', '2016-07-12 16:53:50', 0, 0, NULL, NULL, NULL, 'a:1:{i:0;s:11:"ROLE_DOMAIN";}', 0, NULL, NULL, 6, 0),
(23, '01828155189', '01828155189', '01828155189@gmail.com', '01828155189@gmail.com', 1, 'pudozsntkqsgk0k8wsw0gwskkgwc4wg', 'P4VZSxSMb2lRdh7xanat2qzZtazMp4u0GMjFYLaIGSXR5GGEQ1zOKpt2WUL5J5s6/Xe5bjIIxkewocH+ALpDvQ==', NULL, 0, 0, NULL, NULL, NULL, 'a:1:{i:0;s:11:"ROLE_DOMAIN";}', 0, NULL, NULL, 22, 0),
(24, '01828144189', '01828144189', '01828144189@gmail.com', '01828144189@gmail.com', 1, '4pe1kbhubtic04ow8o0wk0kkko0sosk', '4Ey7fr4lUqkeeSg/izAuf8Fktbef7dR0GfAXfcO9HrdyMnYoUjlntlpT/92Ii+rYBz00HwVL/KZd11Ppb2rSXA==', NULL, 0, 0, NULL, NULL, NULL, 'a:1:{i:0;s:11:"ROLE_DOMAIN";}', 0, NULL, NULL, 24, 0),
(25, '01825144189', '01825144189', '01825144189@gmail.com', '01825144189@gmail.com', 1, 'quzel7odgiswocc0gsookgckscc8s0o', '53HuDIakHitNLbdhrsoqbT2ApYTIpJAK0Cp9EuwL24xVVRjdjVqcKiaRfc3+oAMv1240iSu7rry6qJgaYNhHcA==', '2016-03-08 18:06:38', 0, 0, NULL, NULL, NULL, 'a:1:{i:0;s:11:"ROLE_DOMAIN";}', 0, NULL, NULL, 25, 0),
(26, '01845144189', '01845144189', '01845144189@gmail.com', '01845144189@gmail.com', 1, 'go7ww4vbjtc84osk4g4w004kgkwsoo8', '83IvMJjJldWmciU4wv4eJgwag6f/SJpAhIqXfhM49SJ/XM5UqM3REfFQM/m8f5YinMpjhxqVjU7teAjLIrcUeg==', NULL, 0, 0, NULL, NULL, NULL, 'a:1:{i:0;s:11:"ROLE_DOMAIN";}', 0, NULL, NULL, 26, 0),
(27, '01845122189', '01845122189', '01845122189@gmail.com', '01845122189@gmail.com', 1, 'hx62s6hlufww04wwggckgw40cgsc0cw', 'WphPaHGAXSpmqzpKTFR/ovhGa5rXFKoFkEP6VdG4kS4uolmQgStTh9twkJ6JoFHlFxUfRBxZgGWQgOrxY1NvEg==', NULL, 0, 0, NULL, NULL, NULL, 'a:1:{i:0;s:11:"ROLE_DOMAIN";}', 0, NULL, NULL, 27, 0),
(28, '01845188180', '01845188180', '01845188189@gmail.com', '01845188189@gmail.com', 1, '72iy6cn1euck44880g8coc0ggw404g', 'gSlW921FWiEbXmHgl1SayUUuwsADA1uyWFE5oTFd7ajdMNXnyhk84Hdoput1Bu3laAATIXoDiX0pK3eXPOLKiQ==', '2016-08-04 16:48:54', 0, 0, NULL, NULL, NULL, 'a:1:{i:0;s:11:"ROLE_DOMAIN";}', 0, NULL, NULL, 28, 0),
(29, '01745188189', '01745188189', '01745188189@gmail.com', '01745188189@gmail.com', 1, 'mk2az246p0084kcwckk08kwgsg888g8', 'arROO6JCOYusb8mT1LgEJ2vRybPjM0k+xKpjXS873YLLkuGVWkm9WvmHq7FScyP3YXUebm3VYQktKpcXyopO2w==', '2016-03-10 08:12:03', 0, 0, NULL, NULL, NULL, 'a:1:{i:0;s:11:"ROLE_DOMAIN";}', 0, NULL, NULL, 29, 0),
(30, 'sajal', 'sajal', '01729322797@gmail.com', '01729322797@gmail.com', 1, 'pz1iz9zdav44ccco0kscw4sokgwgokg', 'VnMuecIf2ly+XGdamcV1LW/e7yhtXcmUT1eQzv4XH8JfU0Uvb9b4HRqqHsTFQ/n1NJuG6UVXbXH1LKg1DW3K8w==', '2016-06-22 09:29:08', 0, 0, NULL, NULL, NULL, 'a:1:{i:0;s:11:"ROLE_DOMAIN";}', 0, NULL, NULL, 30, 0),
(31, '12312412423', '12312412423', '12312412423@gmail.com', '12312412423@gmail.com', 1, 'kme3q0xi7m884gwg4g0k8gsswk4occo', 'Mz8aiVa6n0+PB9OXGdDTJeuQ7U+9JqgLfi9RH9VRGqvunGM7jlmfKmtUFYMeHctnRJZFL2w0n02ZStcTKQEDMQ==', NULL, 0, 0, NULL, NULL, NULL, 'a:1:{i:0;s:11:"ROLE_DOMAIN";}', 0, NULL, NULL, 31, 0),
(32, '01681872606', '01681872606', '01681872606@gmail.com', '01681872606@gmail.com', 1, '9mx6jsnf1jk88w0gokgkwogc00ksoss', 'iSl7yNqPp/02UpNI3iPJ6ZZswbpQ55CrhHOv5aDWyT1FzaW3Mr7E42cjxsHJNl82f8uSZYLIQYAC4CDIAyq14w==', '2016-04-30 18:49:47', 0, 0, NULL, NULL, NULL, 'a:1:{i:0;s:11:"ROLE_DOMAIN";}', 0, NULL, NULL, 32, 0),
(33, 'alam', 'alam', 'xyz@gmail.com', 'xyz@gmail.com', 1, '60xn714hn8o4s0s8ggsg0ogc0csgcs4', 'LOVDxru8yZuAIt7rc2I2qPTKvRywAo22EeqpwdF4x0qXjvxmic12CcWiYqeuOsZp6rcznvEPPt+lk4JmuvKttA==', '2016-04-17 11:30:02', 0, 0, NULL, 'nkfoTGvlZokERljoTL0lkdJO2fxXhBA4bU0Qi9A7pwI', '2016-04-19 23:39:35', 'a:1:{i:0;s:21:"ROLE_DOMAIN_INVENTORY";}', 0, NULL, NULL, 32, 0),
(34, '01688100401', '01688100401', '01688100401@gmail.com', '01688100401@gmail.com', 1, 'a8qmga3qe4g0sccw0ccoo8wss0wgwok', 'Ia3Eix3z3dTX0MOe/27Et/45ZXrUia24k1BfWGhT4QBS/rBoERRnh7lZ2mdRnIc9n2MxOazO0hKmuPyfcqe71g==', '2016-09-10 11:01:26', 0, 0, NULL, NULL, NULL, 'a:1:{i:0;s:11:"ROLE_DOMAIN";}', 0, NULL, NULL, 38, 0),
(35, '65323643634', '65323643634', '65323643634@gmail.com', '65323643634@gmail.com', 1, 'm773j9q3gpwws4c8kkc080woskogwoc', 'QuyF4WE6ROhhWVQ6/O7pDfEcp97rm5gHRm4GQp5bs9qH2IISX8gwyafoXjPdPDYoqrEQovEGD6JJ9qWuxqOtBw==', NULL, 0, 0, NULL, NULL, NULL, 'a:1:{i:0;s:11:"ROLE_DOMAIN";}', 0, NULL, NULL, 39, 0),
(36, '65323643635', '65323643635', '65323643635@gmail.com', '65323643635@gmail.com', 1, 'tuzvpnbt2dcwgwswo4wo08w4kkk0000', 'GjlUmh1Udlqkde4RAiC08WVF2ts9TaP1B7tb2jJAAt+gkTvkRSL8HBwlYJegx1TrhrDlj4A4HYR5ngQP3wa1+A==', NULL, 0, 0, NULL, NULL, NULL, 'a:1:{i:0;s:11:"ROLE_DOMAIN";}', 0, NULL, NULL, 41, 0),
(37, '65323643787', '65323643787', '65323643787@gmail.com', '65323643787@gmail.com', 1, 'egka0wdk6io0sg8co04gg0wco4g8ogg', 'es/Qx6w7GgrK/CRgX7HFd51FHq2pMchyeMDmJ8iZS8w/nfkgw5jZZVg/Fu3rePRCI6SDPoigolLE9qvcrH5MwQ==', '2016-06-02 20:00:20', 0, 0, NULL, NULL, NULL, 'a:1:{i:0;s:11:"ROLE_DOMAIN";}', 0, NULL, NULL, 43, 0),
(38, '01710077399', '01710077399', '01710077399@gmail.com', '01710077399@gmail.com', 1, 'e28ebf0r0n4004gcoog4c0kk008k000', 'ZDl3gOL4MxryXvnjIfHQvQh6OLCPTbFfHyXCV5+ImKfHmB6wcKprqZV5XIUM9dpr7O7tF/RYumgKbSz4uTmESA==', '2016-07-24 23:27:59', 0, 0, NULL, NULL, NULL, 'a:1:{i:0;s:11:"ROLE_DOMAIN";}', 0, NULL, NULL, 44, 0),
(39, 'aminul', 'aminul', 'aminul@uk.com', 'aminul@uk.com', 1, '9hzfd10w8zcwc0sw4gks0oskc4o8osw', '+ORr+goabMbFbb4X1819kjjlDgCOZ2fhfB7JUaoZunOEk4H0pnFPSxkY/DIYsWuIDjLD5QndrgzwadsZunCKgA==', '2016-05-18 22:02:42', 0, 0, NULL, NULL, '2016-05-18 21:58:13', 'a:1:{i:0;s:11:"ROLE_DOMAIN";}', 0, NULL, NULL, 44, 0),
(40, '34234234234', '34234234234', '34234234234@gmail.com', '34234234234@gmail.com', 1, '46eawk7fj12cgkk084s840044k4g0ok', 'e10adc3949ba59abbe56e057f20f883e', '2016-05-27 23:19:28', 0, 0, NULL, NULL, NULL, 'a:1:{i:0;s:11:"ROLE_DOMAIN";}', 0, NULL, NULL, 45, 0),
(41, '01626148148', '01626148148', '01626148148@gmail.com', '01626148148@gmail.com', 1, 't2aifnxghmow0gog8400co848c88ws8', 'WM45Q359k1+GCM4cwPiprVjslV4ysElZ+QRAd2a1iARSWSLiotFU3Hvb4UFhRebMR7zzPL+u4DxtXGwTZpIclw==', '2016-05-30 00:17:43', 0, 0, NULL, NULL, NULL, 'a:1:{i:0;s:11:"ROLE_DOMAIN";}', 0, NULL, NULL, 46, 0),
(42, '09876543214', '09876543214', '09876543214@gmail.com', '09876543214@gmail.com', 1, 'loeubz71m1wwok0kg0c488o80s4so8c', '12oHVlsQFoMrNLUTg6RkijxoPcZNIlPQkH0YQ7ZoFbyPcNectcDZXt3jxBtrkDGtK2MonhjtS3gCvXdplY/QjQ==', '2016-05-30 23:29:49', 0, 0, NULL, NULL, NULL, 'a:1:{i:0;s:11:"ROLE_DOMAIN";}', 0, NULL, NULL, 47, 0),
(43, '01919148148', '01919148148', '01919148148@gmail.com', '01919148148@gmail.com', 1, 's392r7ai0hwk088o4g48scw04k4ok8k', 'QdP+K13HAHqDZ0VuzDscyq2jn+yZQ5Igc3t7jl6tAjg7lJ60g7JJMImff/HxkkHmk793OcFT1raLl4YQ30GjuQ==', '2016-06-15 23:07:35', 0, 0, NULL, NULL, NULL, 'a:1:{i:0;s:11:"ROLE_DOMAIN";}', 0, NULL, NULL, 48, 0),
(44, '76523423423', '76523423423', '76523423423@gmail.com', '76523423423@gmail.com', 1, 'nci6agyrm5ckg8kcg448kk8c0cgkosk', 'AT2ix5kXcMUUBB5rXTOcYvyN0zcjN08TpkxCXhR62VTR694XGOnniDbE22Ix56Xwnt8zvML4rFPoAutdjNQCjQ==', NULL, 0, 0, NULL, NULL, NULL, 'a:1:{i:0;s:11:"ROLE_DOMAIN";}', 0, NULL, NULL, 49, 0),
(45, 'smanager', 'smanager', 'smanager@s.com', 'smanager@s.com', 1, '9mn2lx2j8zs440s48cskgwcwcwsgok4', 'Sd63QNmGIxcFYR70FkdqgTEun7nimlHqDhLTLS+XDmIWo+A/zHw2eEJvHrL/8Jb6E+XVKTnPZeDcH/o2ljnOkw==', '2016-06-25 15:45:02', 0, 0, NULL, NULL, NULL, 'a:3:{i:0;s:16:"ROLE_DOMAIN_USER";i:1;s:19:"ROLE_DOMAIN_MANAGER";i:2;s:27:"ROLE_DOMAIN_INVENTORY_SALES";}', 0, NULL, NULL, 6, 0),
(46, 'slaestest', 'slaestest', 'slaestest@sales.com', 'slaestest@sales.com', 1, 'j4b9yl57yko4kcw4wks8g8sos8k8wkw', '4JPm3Bais5HQ1v1H6KP19Z1sjNMUYd34KApduWnyiUsZ8C+KGaNahb/52O65q0VfgXlJtJc5TVZS+ykB2pCKFQ==', '2016-06-26 01:16:57', 0, 0, NULL, NULL, NULL, 'a:1:{i:0;s:27:"ROLE_DOMAIN_INVENTORY_SALES";}', 0, NULL, NULL, 6, 0),
(47, 'spurchase', 'spurchase', 'purchase@s.com', 'purchase@s.com', 1, '8bunm4rinckccoc48w84kwkoo80wwc8', 'diOOEwymc0djwFeuQ8E7dKWOhUTsr9MI2EZQDwRHfejnCDg+xiXeD5CXixX/whmf5p6k2t5U/qGSyBoUKh+0bw==', '2016-06-25 13:40:43', 0, 0, NULL, NULL, NULL, 'a:1:{i:0;s:30:"ROLE_DOMAIN_INVENTORY_PURCHASE";}', 0, NULL, NULL, 6, 0),
(48, 'simanager', 'simanager', 'simanager@s.com', 'simanager@s.com', 1, 'lq58myc79ggg40g4kwkcwc08ss40c8o', 'ITSnZKnsJu1ShHYRM/Zz6LU+kpvchyYOK0zgDq6o2kpFs5LHzkftkYh/irr2jEmazBDh6KlceL8SjiAEGDe1xg==', '2016-06-25 19:46:01', 0, 0, NULL, NULL, NULL, 'a:1:{i:0;s:29:"ROLE_DOMAIN_INVENTORY_MANAGER";}', 0, NULL, NULL, 6, 0),
(49, '01785596255', '01785596255', '01785596255@gmail.com', '01785596255@gmail.com', 1, 'o1igp3sv5xc4gcccw4gsokok0csc0ow', '+pllD5yhKoJsbfHqS/a/qgpsLpN4IQKLND15nsMIhksbifz+CUtpM953kQIHLlkRP0IiG726bsaZKcoeSH+0RQ==', '2016-07-22 14:32:14', 0, 0, NULL, NULL, NULL, 'a:1:{i:0;s:13:"ROLE_CUSTOMER";}', 0, NULL, NULL, 10, 0),
(50, '01707140140', '01707140140', '01707140140@gmail.com', '01707140140@gmail.com', 1, 'rqj1n1tqplw08kksgck444o4co0k0w4', 'CKI1jWLKlzXOwPzm6MF3b1qqOEaX6+ncwP1AIkIFHvq11h9PFkGpMtCEyHiEP0EGY30AXbyghd29ZWSZqOMVeg==', '2016-09-15 19:16:08', 0, 0, NULL, NULL, NULL, 'a:1:{i:0;s:11:"ROLE_DOMAIN";}', 0, NULL, NULL, 50, 0),
(51, '01828141141', '01828141141', '01828141141@gmail.com', '01828141141@gmail.com', 1, 'b3imjwmkq8g8k44g4wcg0k844kwskc8', 'luGqd0aI4kPAnqzVbbUHXpETsIlGPgjztdkmnpk1t/getiZdNHnG806I+f397Lgp8sQfMAKRBb/XuM85MBdvCQ==', '2016-09-16 15:42:42', 0, 0, NULL, NULL, NULL, 'a:1:{i:0;s:13:"ROLE_CUSTOMER";}', 0, NULL, NULL, NULL, 0);

-- --------------------------------------------------------

--
-- Table structure for table `GalleryImage`
--

CREATE TABLE IF NOT EXISTS `GalleryImage` (
  `id` int(11) NOT NULL,
  `caption` varchar(255) COLLATE utf8_unicode_ci DEFAULT NULL,
  `description` tinytext COLLATE utf8_unicode_ci,
  `path` tinytext COLLATE utf8_unicode_ci,
  `status` tinyint(1) NOT NULL,
  `sorting` smallint(6) NOT NULL,
  `photoGallery_id` int(11) DEFAULT NULL
) ENGINE=InnoDB AUTO_INCREMENT=16 DEFAULT CHARSET=utf8 COLLATE=utf8_unicode_ci;

--
-- Dumping data for table `GalleryImage`
--

INSERT INTO `GalleryImage` (`id`, `caption`, `description`, `path`, `status`, `sorting`, `photoGallery_id`) VALUES
(1, NULL, NULL, 'p1a8123uuu24bck31ngro9c1mms4.JPG', 1, 1, 1),
(2, NULL, NULL, 'p1a8123uuu1fp1b3j13h0jrfl1p5.JPG', 1, 4, 1),
(3, NULL, NULL, 'p1a8123uuv126rg67npp1fm91tj16.JPG', 1, 7, 1),
(4, NULL, NULL, 'p1a8123uuv9mc15hkun6p9cqlc7.JPG', 1, 10, 1),
(5, NULL, NULL, 'p1a8123uuv1tq21hk5130m1e6d5ko8.JPG', 1, 13, 1),
(6, NULL, NULL, 'p1a8123uuv1smo18aq1kte17no1s8f9.JPG', 1, 16, 1),
(10, NULL, NULL, 'p1ap3mq88p5p51utb197udpr14ng4.jpg', 1, 1, 10),
(11, NULL, NULL, 'p1ap3mq88p8ks1mtuor91iev1cob5.jpg', 1, 4, 10),
(12, NULL, NULL, 'p1ap3mq88p58h1b451bs41dud15so6.jpg', 1, 7, 10),
(13, NULL, NULL, 'p1ap3mq88p1kh59cg1a2bqhi1u197.jpg', 1, 10, 10),
(14, NULL, NULL, 'p1ap3mq88q1jkd1r8h1ogg1n181av78.jpg', 1, 13, 10),
(15, NULL, NULL, 'p1ap3mq88q1l5u1vll1g6vbljuuu9.jpg', 1, 16, 10);

-- --------------------------------------------------------

--
-- Table structure for table `GlobalOption`
--

CREATE TABLE IF NOT EXISTS `GlobalOption` (
  `id` int(11) NOT NULL,
  `location_id` int(11) DEFAULT NULL,
  `syndicate_id` int(11) DEFAULT NULL,
  `mobile` varchar(15) COLLATE utf8_unicode_ci DEFAULT NULL,
  `email` varchar(100) COLLATE utf8_unicode_ci DEFAULT NULL,
  `name` varchar(255) COLLATE utf8_unicode_ci DEFAULT NULL,
  `slug` varchar(255) COLLATE utf8_unicode_ci NOT NULL,
  `domain` varchar(255) COLLATE utf8_unicode_ci DEFAULT NULL,
  `subDomain` varchar(255) COLLATE utf8_unicode_ci DEFAULT NULL,
  `isMobile` tinyint(1) DEFAULT NULL,
  `customizeDesign` tinyint(1) DEFAULT NULL,
  `facebookAds` tinyint(1) DEFAULT NULL,
  `facebookApps` tinyint(1) DEFAULT NULL,
  `facebookPageUrl` varchar(255) COLLATE utf8_unicode_ci DEFAULT NULL,
  `twitterUrl` varchar(255) COLLATE utf8_unicode_ci DEFAULT NULL,
  `googlePlus` varchar(255) COLLATE utf8_unicode_ci DEFAULT NULL,
  `promotion` tinyint(1) DEFAULT NULL,
  `googleAds` tinyint(1) DEFAULT NULL,
  `smsIntegration` tinyint(1) DEFAULT NULL,
  `emailIntegration` tinyint(1) DEFAULT NULL,
  `isIntro` tinyint(1) DEFAULT NULL,
  `callBackEmail` varchar(255) COLLATE utf8_unicode_ci DEFAULT NULL,
  `callBackContent` longtext COLLATE utf8_unicode_ci,
  `callBackNotify` tinyint(1) DEFAULT NULL,
  `primaryNumber` tinyint(1) DEFAULT NULL,
  `leaveEmail` varchar(255) COLLATE utf8_unicode_ci DEFAULT NULL,
  `leaveContent` longtext COLLATE utf8_unicode_ci,
  `status` smallint(6) DEFAULT NULL,
  `created` datetime NOT NULL,
  `updated` datetime NOT NULL,
  `webmail` varchar(255) COLLATE utf8_unicode_ci DEFAULT NULL
) ENGINE=InnoDB AUTO_INCREMENT=51 DEFAULT CHARSET=utf8 COLLATE=utf8_unicode_ci;

--
-- Dumping data for table `GlobalOption`
--

INSERT INTO `GlobalOption` (`id`, `location_id`, `syndicate_id`, `mobile`, `email`, `name`, `slug`, `domain`, `subDomain`, `isMobile`, `customizeDesign`, `facebookAds`, `facebookApps`, `facebookPageUrl`, `twitterUrl`, `googlePlus`, `promotion`, `googleAds`, `smsIntegration`, `emailIntegration`, `isIntro`, `callBackEmail`, `callBackContent`, `callBackNotify`, `primaryNumber`, `leaveEmail`, `leaveContent`, `status`, `created`, `updated`, `webmail`) VALUES
(1, 63, 108, NULL, NULL, 'Business Booster Ltd', 'terminalbd', 'terminalbd.com', 'terminalbd', NULL, NULL, NULL, NULL, NULL, NULL, NULL, NULL, NULL, NULL, NULL, NULL, NULL, NULL, NULL, NULL, NULL, NULL, 200, '0000-00-00 00:00:00', '2016-05-23 22:47:53', NULL),
(3, 63, 108, NULL, NULL, 'Kinte Thako', 'shoshi-collection', 'kintethako.com', 'kintethako', NULL, NULL, NULL, NULL, NULL, NULL, NULL, NULL, NULL, NULL, NULL, NULL, NULL, NULL, NULL, 1, NULL, NULL, 2, '0000-00-00 00:00:00', '2016-05-21 11:43:49', NULL),
(4, 63, 108, '01827164133', NULL, 'TLS BD', 'shoshi-collection-1', 'xyz.com', 'tlsbd123', NULL, NULL, NULL, NULL, NULL, NULL, NULL, NULL, NULL, NULL, NULL, NULL, NULL, NULL, NULL, 1, NULL, NULL, 1, '0000-00-00 00:00:00', '0000-00-00 00:00:00', NULL),
(5, 63, 108, NULL, NULL, 'Shoshi Collection', 'shoshi-collection-2', NULL, NULL, NULL, NULL, NULL, NULL, NULL, NULL, NULL, NULL, NULL, NULL, NULL, NULL, NULL, NULL, NULL, 1, NULL, NULL, 1, '0000-00-00 00:00:00', '0000-00-00 00:00:00', NULL),
(6, 63, 108, '018271641366', NULL, 'Shoshi Collection', 'shoshi-collection-3', 'xebecedu1.com', 'test', NULL, 0, 0, 0, NULL, NULL, NULL, 0, 0, 0, 0, NULL, NULL, NULL, NULL, 1, NULL, NULL, 1, '0000-00-00 00:00:00', '2016-06-23 23:56:45', NULL),
(7, 63, 108, NULL, NULL, 'Shoshi Collection', 'shoshi-collection-4', NULL, NULL, NULL, NULL, NULL, NULL, NULL, NULL, NULL, NULL, NULL, NULL, NULL, NULL, NULL, NULL, NULL, 1, NULL, NULL, 1, '0000-00-00 00:00:00', '0000-00-00 00:00:00', NULL),
(8, 63, 108, '01827164102', NULL, 'Shoshi Collection', 'shoshi-collection-5', NULL, NULL, NULL, NULL, NULL, NULL, NULL, NULL, NULL, NULL, NULL, NULL, NULL, NULL, NULL, NULL, NULL, 1, NULL, NULL, 3, '0000-00-00 00:00:00', '2016-05-21 11:47:31', NULL),
(9, 63, 1, '01828148184', NULL, 'Shoshi Collection', 'shoshi-collection-6', NULL, NULL, NULL, NULL, NULL, NULL, NULL, NULL, NULL, NULL, NULL, NULL, NULL, NULL, NULL, NULL, NULL, 1, NULL, NULL, 1, '0000-00-00 00:00:00', '0000-00-00 00:00:00', NULL),
(10, 62, 108, '01828148148', 'info@tlsbd.com', 'Nahar Fashion', 'nahar-fashion', 'tlsbd.com', 'tlsbd', NULL, 0, 0, 0, NULL, NULL, NULL, 0, 0, 1, 1, NULL, NULL, NULL, 1, 1, NULL, NULL, 1, '0000-00-00 00:00:00', '2016-07-22 17:12:26', 'https://webmail.tlsbd.org'),
(11, 14, 1, '01552496139', NULL, 'Opu Collection', 'opu-collection', 'opucollection.com', 'opu', NULL, 0, 0, 0, NULL, NULL, NULL, 0, 0, 0, 0, 1, NULL, NULL, 0, 1, NULL, NULL, 1, '0000-00-00 00:00:00', '0000-00-00 00:00:00', NULL),
(13, 63, 224, '01828148188', NULL, 'Tokyo Square Shopping Mall', 'tokyo- square- shopping-mall', 'tokyosquarebd.com', 'tokyosquarebd', NULL, 0, 0, 0, NULL, NULL, NULL, 0, 0, 0, 0, NULL, NULL, NULL, NULL, 1, NULL, NULL, 1, '0000-00-00 00:00:00', '2016-07-23 19:31:56', NULL),
(15, NULL, 1, '01828148186', NULL, NULL, '-2', NULL, NULL, NULL, NULL, NULL, NULL, NULL, NULL, NULL, NULL, NULL, NULL, NULL, NULL, NULL, NULL, NULL, 1, NULL, NULL, 0, '0000-00-00 00:00:00', '0000-00-00 00:00:00', NULL),
(17, NULL, 1, '01828148189', NULL, NULL, '-3', NULL, NULL, NULL, NULL, NULL, NULL, NULL, NULL, NULL, NULL, NULL, NULL, NULL, NULL, NULL, NULL, NULL, 1, NULL, NULL, 0, '0000-00-00 00:00:00', '0000-00-00 00:00:00', NULL),
(20, NULL, 1, '01828158189', NULL, NULL, '-4', NULL, NULL, NULL, NULL, NULL, NULL, NULL, NULL, NULL, NULL, NULL, NULL, NULL, NULL, NULL, NULL, NULL, 1, NULL, NULL, 0, '0000-00-00 00:00:00', '0000-00-00 00:00:00', NULL),
(22, NULL, 1, '01828155189', NULL, NULL, '-5', NULL, NULL, NULL, NULL, NULL, NULL, NULL, NULL, NULL, NULL, NULL, NULL, NULL, NULL, NULL, NULL, NULL, 1, NULL, NULL, 0, '0000-00-00 00:00:00', '0000-00-00 00:00:00', NULL),
(24, NULL, 1, '01828144189', NULL, NULL, '-6', NULL, NULL, NULL, NULL, NULL, NULL, NULL, NULL, NULL, NULL, NULL, NULL, NULL, NULL, NULL, NULL, NULL, 1, NULL, NULL, 0, '0000-00-00 00:00:00', '0000-00-00 00:00:00', NULL),
(25, NULL, 1, '01825144189', NULL, NULL, '-7', NULL, NULL, NULL, NULL, NULL, NULL, NULL, NULL, NULL, NULL, NULL, NULL, NULL, NULL, NULL, NULL, NULL, 1, NULL, NULL, 0, '0000-00-00 00:00:00', '0000-00-00 00:00:00', NULL),
(26, NULL, 1, '01845144189', NULL, NULL, '-8', NULL, NULL, NULL, NULL, NULL, NULL, NULL, NULL, NULL, NULL, NULL, NULL, NULL, NULL, NULL, NULL, NULL, 1, NULL, NULL, 0, '0000-00-00 00:00:00', '0000-00-00 00:00:00', NULL),
(27, NULL, 1, '01845122189', NULL, NULL, '-9', NULL, NULL, NULL, NULL, NULL, NULL, NULL, NULL, NULL, NULL, NULL, NULL, NULL, NULL, NULL, NULL, NULL, 1, NULL, NULL, 0, '0000-00-00 00:00:00', '0000-00-00 00:00:00', NULL),
(28, 8, 99, '01845188189', 'info@fusioncuisine.com', 'Fusion Cuisine', 'fusion-cuisine', 'fusioncuisine.com', 'fusioncuisine', NULL, 0, 0, 0, NULL, NULL, NULL, 0, 0, 1, 0, NULL, NULL, NULL, NULL, 1, NULL, NULL, 1, '0000-00-00 00:00:00', '2016-07-30 08:18:00', NULL),
(29, NULL, 1, '01745188189', NULL, 'Online Shop', 'online-shop', 'onlineshop.com', 'onlineshop', NULL, 1, 0, 0, '', '', '', 1, 0, 1, 1, 1, NULL, NULL, 0, 1, NULL, NULL, 0, '0000-00-00 00:00:00', '0000-00-00 00:00:00', NULL),
(30, NULL, 72, '01729322797', NULL, 'Xebec', 'xebec', 'xebec.com', 'xebec', NULL, 1, 0, 0, '', '', '', 0, 0, 1, 0, 1, 'shafiqabs@gmail.com', 'Enter a description for your business. This text will appear above/below the logo on the home page of your mobile site only.', 0, 1, NULL, NULL, 1, '0000-00-00 00:00:00', '0000-00-00 00:00:00', NULL),
(31, NULL, 1, '12312412423', NULL, 'TLSBD', 'tlsbd', NULL, NULL, NULL, NULL, NULL, NULL, NULL, NULL, NULL, NULL, NULL, NULL, NULL, NULL, NULL, NULL, NULL, 1, NULL, NULL, 0, '0000-00-00 00:00:00', '0000-00-00 00:00:00', NULL),
(32, NULL, 1, '01681872606', NULL, 'Prince Bazar', 'prince-bazar', 'princebazar.com', 'princebazar', NULL, 0, 0, 0, '', '', '', 0, 0, 1, 0, 1, NULL, NULL, 0, 1, NULL, NULL, 1, '0000-00-00 00:00:00', '0000-00-00 00:00:00', NULL),
(33, NULL, 1, '', NULL, '', '11', NULL, NULL, NULL, NULL, NULL, NULL, NULL, NULL, NULL, NULL, NULL, NULL, NULL, NULL, NULL, NULL, NULL, 1, NULL, NULL, 0, '0000-00-00 00:00:00', '0000-00-00 00:00:00', NULL),
(38, 8, 72, '01688100401', 'info@xebecedu.com', 'Xebec International School', 'xebec-international-school', 'xebecedu.com', 'xebecedu', NULL, 0, 0, 0, NULL, NULL, NULL, 0, 0, 1, 1, 1, 'xebecinternationalschool@gamil.com', NULL, 0, 1, 'xebecinternationalschool@gamil.com', NULL, 1, '0000-00-00 00:00:00', '2016-06-03 23:09:37', NULL),
(39, NULL, 1, '65323643634', NULL, 'Kamal Associates', 'kamal-associates', NULL, NULL, NULL, NULL, NULL, NULL, NULL, NULL, NULL, NULL, NULL, NULL, NULL, NULL, NULL, NULL, NULL, 1, NULL, NULL, 0, '0000-00-00 00:00:00', '0000-00-00 00:00:00', NULL),
(41, NULL, 1, '65323643635', NULL, 'Kamal Associates', 'kamal-associates-1', NULL, NULL, NULL, NULL, NULL, NULL, NULL, NULL, NULL, NULL, NULL, NULL, NULL, NULL, NULL, NULL, NULL, 1, NULL, NULL, 0, '0000-00-00 00:00:00', '0000-00-00 00:00:00', NULL),
(43, 64, 1, '65323643787', NULL, 'Kamal Associates', 'kamal-associates-2', 'kamal.com', 'kamal', NULL, 0, 0, 0, NULL, NULL, NULL, 0, 0, 0, 0, 1, NULL, NULL, 0, 1, NULL, NULL, 1, '0000-00-00 00:00:00', '2016-06-02 10:10:14', NULL),
(44, 8, 86, '01710077399', NULL, 'UK Dental Clinic', 'uk-dental-clinic', 'ukdental.com.bd', 'ukdental', NULL, 0, 0, 0, NULL, NULL, NULL, 0, 0, 0, 0, 1, NULL, NULL, 0, 1, NULL, NULL, 1, '0000-00-00 00:00:00', '0000-00-00 00:00:00', NULL),
(45, NULL, 1, '01922912345', 'shafiqabs@gmail.com', 'Ahasan Group', 'ahasan-group', 'ahsan-group.com', 'ahsan-group', NULL, 1, 0, 0, '', '', '', 0, 0, 1, 1, 1, NULL, NULL, 0, 1, NULL, NULL, 0, '2016-05-27 21:54:48', '2016-05-27 23:39:31', NULL),
(46, 8, 1, '01626148148', NULL, 'Persona Hair Institute', 'persona-hair-institute', 'persona.com', 'persona', NULL, 0, 0, 0, NULL, NULL, NULL, 0, 0, 0, 0, 1, NULL, NULL, 0, 1, NULL, NULL, 1, '2016-05-28 18:14:12', '2016-05-29 08:23:58', NULL),
(47, NULL, 1, '09876543214', NULL, 'new Business', 'new-business', 'catseye.com', 'catseye', NULL, 0, 0, 0, '', '', '', 0, 0, 0, 0, 1, NULL, NULL, 0, 1, NULL, NULL, 0, '2016-05-30 18:15:14', '2016-05-30 23:40:18', NULL),
(48, NULL, 1, '01919148148', 'info@champion.com', 'Champioan', 'champioan', '', '', NULL, 0, 0, 0, '0', NULL, NULL, 0, 0, 0, 0, 1, NULL, NULL, 0, 0, NULL, NULL, 0, '2016-06-15 23:03:46', '2016-06-16 09:27:22', NULL),
(49, 63, 141, '76523423423', NULL, 'xccxvxcvxcv', 'xccxvxcvxcv', NULL, NULL, NULL, NULL, NULL, NULL, NULL, NULL, NULL, NULL, NULL, NULL, NULL, NULL, NULL, NULL, NULL, 1, NULL, NULL, 0, '2016-06-19 19:56:15', '2016-06-19 19:56:15', NULL),
(50, 8, 107, '01712-880990', 'info@fusioncuisine.com', 'Orchecd Palaza', 'orchecd-palaza', 'palaza.com', 'plaza', NULL, 0, 1, 1, 'Cc', 'xzczxc', 'xcxz', 0, 1, 0, 0, 1, NULL, NULL, 0, 0, NULL, NULL, 1, '2016-08-03 08:23:18', '2016-08-12 10:54:10', NULL);

-- --------------------------------------------------------

--
-- Table structure for table `globaloption_institutelevel`
--

CREATE TABLE IF NOT EXISTS `globaloption_institutelevel` (
  `globaloption_id` int(11) NOT NULL,
  `institutelevel_id` int(11) NOT NULL
) ENGINE=InnoDB DEFAULT CHARSET=utf8 COLLATE=utf8_unicode_ci;

-- --------------------------------------------------------

--
-- Table structure for table `globaloption_user`
--

CREATE TABLE IF NOT EXISTS `globaloption_user` (
  `globaloption_id` int(11) NOT NULL,
  `user_id` int(11) NOT NULL
) ENGINE=InnoDB DEFAULT CHARSET=utf8 COLLATE=utf8_unicode_ci;

--
-- Dumping data for table `globaloption_user`
--

INSERT INTO `globaloption_user` (`globaloption_id`, `user_id`) VALUES
(1, 1),
(10, 10),
(10, 11),
(10, 16);

-- --------------------------------------------------------

--
-- Table structure for table `Goods`
--

CREATE TABLE IF NOT EXISTS `Goods` (
  `id` int(11) NOT NULL,
  `sales_id` int(11) DEFAULT NULL,
  `purchase_id` int(11) DEFAULT NULL,
  `process` varchar(50) COLLATE utf8_unicode_ci NOT NULL,
  `amount` decimal(10,0) NOT NULL,
  `dueAmount` decimal(10,0) NOT NULL,
  `balance` decimal(10,0) NOT NULL,
  `content` longtext COLLATE utf8_unicode_ci NOT NULL,
  `created` datetime NOT NULL,
  `updated` datetime NOT NULL,
  `inventoryConfig_id` int(11) DEFAULT NULL,
  `salesReturn_id` int(11) DEFAULT NULL,
  `purchaseReturn_id` int(11) DEFAULT NULL
) ENGINE=InnoDB DEFAULT CHARSET=utf8 COLLATE=utf8_unicode_ci;

-- --------------------------------------------------------

--
-- Table structure for table `GoodsItem`
--

CREATE TABLE IF NOT EXISTS `GoodsItem` (
  `id` int(11) NOT NULL,
  `size_id` int(11) DEFAULT NULL,
  `color_id` int(11) DEFAULT NULL,
  `salesPrice` decimal(10,0) DEFAULT NULL,
  `webPrice` decimal(10,0) DEFAULT NULL,
  `purchaseVendorItem_id` int(11) DEFAULT NULL,
  `name` varchar(255) COLLATE utf8_unicode_ci DEFAULT NULL,
  `quantity` int(11) DEFAULT NULL,
  `masterItem` tinyint(1) DEFAULT NULL,
  `orderItems_id` int(11) DEFAULT NULL
) ENGINE=InnoDB AUTO_INCREMENT=23 DEFAULT CHARSET=utf8 COLLATE=utf8_unicode_ci;

--
-- Dumping data for table `GoodsItem`
--

INSERT INTO `GoodsItem` (`id`, `size_id`, `color_id`, `salesPrice`, `webPrice`, `purchaseVendorItem_id`, `name`, `quantity`, `masterItem`, `orderItems_id`) VALUES
(1, 58, NULL, '400', '500', 337, 'Kari Beef', NULL, NULL, NULL),
(2, 64, NULL, '400', '500', 337, NULL, NULL, NULL, NULL),
(3, 58, NULL, '600', '0', 337, NULL, NULL, NULL, NULL),
(4, 60, NULL, '800', '900', 337, NULL, NULL, NULL, NULL),
(6, 57, NULL, '450', '600', 336, NULL, NULL, NULL, NULL),
(8, 68, 43, '6000', '6000', 338, NULL, 100, 1, NULL),
(9, 67, 42, '600', '700', 338, NULL, 4, NULL, NULL),
(22, 67, 44, '450', '800', 338, NULL, 5, NULL, NULL);

-- --------------------------------------------------------

--
-- Table structure for table `HomeBlock`
--

CREATE TABLE IF NOT EXISTS `HomeBlock` (
  `id` int(11) NOT NULL,
  `menu_id` int(11) DEFAULT NULL,
  `name` varchar(255) COLLATE utf8_unicode_ci DEFAULT NULL,
  `content` longtext COLLATE utf8_unicode_ci,
  `homePage_id` int(11) DEFAULT NULL,
  `icon_id` int(11) DEFAULT NULL
) ENGINE=InnoDB AUTO_INCREMENT=18 DEFAULT CHARSET=utf8 COLLATE=utf8_unicode_ci;

--
-- Dumping data for table `HomeBlock`
--

INSERT INTO `HomeBlock` (`id`, `menu_id`, `name`, `content`, `homePage_id`, `icon_id`) VALUES
(1, NULL, '', '', 4, NULL),
(2, NULL, 'xczxzxc', 'xzczxczx', 4, NULL),
(3, NULL, 'xczxc', 'zxcxzczx', 4, NULL),
(4, NULL, 'czxcxzczxcxcxzczx', 'xczxczxzxcxzc', 4, NULL),
(5, 23, 'MIssion', 'Welcome to Xebec International School and the colorful, creative, caring, comfronting life!', 16, NULL),
(6, 23, 'Vission', 'Xebec International School also offers a bilingual program where our children are exposed to two languages: Bengali and English. ', 16, NULL),
(7, NULL, '', '', 18, NULL),
(10, 249, 'Home Block -1', 'Asunt in anim uis aute irure dolor in reprehenderit in voluptate velit esse cillum dolore eu fugiat nulla pariatur.', 25, 15),
(11, 233, 'Home Block -2', 'Praesent augue arcu, ornare ut tincidunt eu, mattis a libero. Pellentesque habitant morbi tristique senectus et netus et malesuada fames', 25, 12),
(16, 253, 'Home Block -4', 'Praesent augue arcu, ornare ut tincidunt eu, mattis a libero. Pellentesque habitant morbi tristique senectus et netus et malesuada fames', 25, 7),
(17, 222, 'Long Term', 'Integer mattis hendrerit pellentesque. In ac ligula leo. Sed sed turpis risus.', 25, 6);

-- --------------------------------------------------------

--
-- Table structure for table `HomePage`
--

CREATE TABLE IF NOT EXISTS `HomePage` (
  `id` int(11) NOT NULL,
  `user_id` int(11) DEFAULT NULL,
  `name` varchar(255) COLLATE utf8_unicode_ci NOT NULL,
  `content` longtext COLLATE utf8_unicode_ci,
  `showingListing` int(11) DEFAULT NULL,
  `path` varchar(255) COLLATE utf8_unicode_ci DEFAULT NULL,
  `globalOption_id` int(11) DEFAULT NULL,
  `photoGallery_id` int(11) DEFAULT NULL
) ENGINE=InnoDB AUTO_INCREMENT=26 DEFAULT CHARSET=utf8 COLLATE=utf8_unicode_ci;

--
-- Dumping data for table `HomePage`
--

INSERT INTO `HomePage` (`id`, `user_id`, `name`, `content`, `showingListing`, `path`, `globalOption_id`, `photoGallery_id`) VALUES
(2, 11, 'Home', NULL, NULL, NULL, 8, NULL),
(3, 13, 'Home', NULL, NULL, NULL, 9, NULL),
(4, 16, 'Home', 'At vero eos et accusamus et iusto odio dignissimos ducimus qui blanditiis praesentium voluptatum deleniti atque corrupti quos dolores et quas molestias excepturi sint occaecati cupiditate non provident, similique sunt in culpa qui officia deserunt mollitia animi, id est laborum et dolorum fuga. Et harum quidem rerum facilis est et expedita distinctio lorem ipsum dolor sit amet, consectetur adipiscing elit. Ut non libero consectetur adipiscing elit magna. Sed et quam lacus. Fusce condimentum eleifend enim a feugiat. Pellentesque viverra vehicula sem ut volutpat. Lorem ipsum dolor sit amet, consectetur adipiscing elit. Ut non libero magna. Sed et quam lacus. Fusce condimentum eleifend enim a feugiat.', NULL, NULL, 10, NULL),
(5, 17, 'Home', 'Enter a description for your business. This text will appear above/below the logo on the home page of your mobile site only.\r\n        ', NULL, NULL, 11, NULL),
(6, 23, 'Home', NULL, NULL, NULL, 22, NULL),
(7, 24, 'Home', NULL, NULL, NULL, 24, NULL),
(8, 25, 'Home', NULL, NULL, NULL, 25, NULL),
(9, 26, 'Home', NULL, NULL, NULL, 26, NULL),
(10, 27, 'Home', NULL, NULL, NULL, 27, NULL),
(11, 28, 'Home', NULL, NULL, NULL, 28, NULL),
(12, 29, 'Home', NULL, NULL, NULL, 29, NULL),
(13, 30, 'Home', '<span style="background-color: rgb(242, 242, 242);">Enter a description for your business. This text will appear above/below the logo on the home page of your mobile site only.</span>', NULL, NULL, 30, NULL),
(14, 31, 'Home', NULL, NULL, NULL, 31, NULL),
(15, 32, 'Home', NULL, NULL, NULL, 32, NULL),
(16, 34, 'Home', '<span>Welcome to Xebec International School and the colorful, creative, caring, confronting and sometimes chaotic life! Upon arrival at our school it becomes immediately apparent that you have entered a welcoming community school. From the first smile of our reception staff through to the buzzing throng of parents and students who gathers within the school yard eager to commence the school day.&nbsp;<br></span>Our Primary school is housed within two purpose built facilities and upon entering the school you are greeted by the laughter of our youngest students who inquire and learn through play. The school welcomes Playgroup students, who at three years of age enjoy the opportunity to explore and play alongside other young children. Our Nursery classrooms support the learning of four year old students. Their classrooms are filled with activities and learning tasks that promote creativity, inquiry and the development of independence. Both of these groups are offered a half day program five days per week in either am or pm sessions.', NULL, '3196.full.jpg', 38, NULL),
(18, 37, 'Home', 'Founded in 1979, our firm has been providing effective, affordable and often untraditional legal solution to our hundreds and thousands of clients over the years. Our law firm consists of remarkable team of expert trial attorneys in just about every field of law you can name, and it is because of this comprehensive nature of the legal services we provide, our firm has been able to stay ahead of its league for decades.', NULL, 'ISFS-students-on-green3.jpg', 43, NULL),
(19, 38, 'Home', '<span style="color: rgb(153, 153, 153); font-family: AmbleRegular; line-height: 19.5px; text-align: justify;">Welcome to UK Dental Clinic of Uttara in Bangladesh, wherever we tend to concentrate on providing you the gold commonplace in dental care. At UK Dental Clinic of Uttara at Dhaka in Bangladesh, we''ve encircled ourselves with friendly, compassionate thrust workers so you''ll have the simplest dental expertise attainable. we wish you to be comfy whereas we tend to maintain the health and look of your smile, and with a tranquil apply, friendly workers and gifted dentists, we tend to believe we''ve the formula for stellar service.</span>', NULL, NULL, 44, NULL),
(20, 40, 'Home', '<p align="justify" style="margin-top: -0.5em; margin-bottom: 1em; direction: ltr; font-family: ''Open Sans'', Arial, Helvetica, sans-serif; line-height: 21.75px; text-align: justify; color: rgb(85, 85, 85); font-size: 14.5px;">AHSAN Group (AG) is one of the leading conglomerates in Bangladesh. Since 1986 the group is operating business in diversified sectors including Readymade Garments (RMG), Trading, manufacturing, Export &amp; Import, Engineering &amp; Construction, Agro Business, Project Management, Investment, Housing &amp; Real-Estate etc.</p><p align="justify" style="margin-bottom: 0px; direction: ltr; font-family: ''Open Sans'', Arial, Helvetica, sans-serif; line-height: 21.75px; text-align: justify; color: rgb(85, 85, 85); font-size: 14.5px;">Ahsan Group enjoys independent corporate capacity and specializes in Import &amp; Export Business and agent of various commoditied and technology. Besides global sourcing, procurement of raw materials, equipment and spare parts from abroad for Oil &amp; Gas, Power, Energy &amp; Petrochemical sector, its business includes specialized engineering constructions, river &amp; channel gredging, roads &amp; railway construction, land &amp; housing project, processing raw materials on clients demand, sales of imported products, mechanical &amp; electrical equipment and other various materials and provide complete solution for turn key projects.</p>', NULL, NULL, 45, NULL),
(21, 41, 'Home', NULL, NULL, NULL, 46, NULL),
(22, 42, 'Home', NULL, NULL, NULL, 47, NULL),
(23, 43, 'Home', 'dsfdsfsdfsdfsd', NULL, NULL, 48, NULL),
(24, 44, 'Home', NULL, NULL, NULL, 49, NULL),
(25, 50, 'Home', 'Asunt in anim uis aute irure dolor in reprehenderit in voluptate velit esse cillum dolore eu fugiat nulla pariatur.Asunt in anim uis aute irure dolor in reprehenderit in voluptate velit esse cillum dolore eu fugiat nulla pariatur.Asunt in anim uis aute irure dolor in reprehenderit in voluptate velit esse cillum dolore eu fugiat nulla pariatur.Asunt in anim uis aute irure dolor in reprehenderit in voluptate velit esse cillum dolore eu fugiat nulla pariatur.Asunt in anim uis aute irure dolor in reprehenderit in voluptate velit esse cillum dolore eu fugiat nulla pariatur.Asunt in anim uis aute irure dolor in reprehenderit in voluptate velit esse cillum dolore eu fugiat nulla pariatur.Asunt in anim uis aute irure dolor in reprehenderit in voluptate velit esse cillum dolore eu fugiat nulla pariatur.Asunt in anim uis aute irure dolor in reprehenderit in voluptate velit esse cillum dolore eu fugiat nulla pariatur.Asunt in anim uis aute irure dolor in reprehenderit in voluptate velit esse cillum dolore eu fugiat nulla pariatur.Asunt in anim uis aute irure dolor in reprehenderit in voluptate velit esse cillum dolore eu fugiat nulla pariatur.Asunt in anim uis aute irure dolor in reprehenderit in voluptate velit esse cillum dolore eu fugiat nulla pariatur.', NULL, '1.jpg', 50, NULL);

-- --------------------------------------------------------

--
-- Table structure for table `homepage_module`
--

CREATE TABLE IF NOT EXISTS `homepage_module` (
  `module_id` int(11) NOT NULL,
  `homePage_id` int(11) NOT NULL
) ENGINE=InnoDB DEFAULT CHARSET=utf8 COLLATE=utf8_unicode_ci;

-- --------------------------------------------------------

--
-- Table structure for table `homepage_syndicate`
--

CREATE TABLE IF NOT EXISTS `homepage_syndicate` (
  `syndicate_id` int(11) NOT NULL,
  `homePage_id` int(11) NOT NULL
) ENGINE=InnoDB DEFAULT CHARSET=utf8 COLLATE=utf8_unicode_ci;

-- --------------------------------------------------------

--
-- Table structure for table `homepage_syndicatemodule`
--

CREATE TABLE IF NOT EXISTS `homepage_syndicatemodule` (
  `syndicate_module_id` int(11) NOT NULL,
  `homePage_id` int(11) NOT NULL
) ENGINE=InnoDB DEFAULT CHARSET=utf8 COLLATE=utf8_unicode_ci;

-- --------------------------------------------------------

--
-- Table structure for table `HomeSlider`
--

CREATE TABLE IF NOT EXISTS `HomeSlider` (
  `id` int(11) NOT NULL,
  `user_id` int(11) DEFAULT NULL,
  `name` varchar(255) COLLATE utf8_unicode_ci DEFAULT NULL,
  `content` longtext COLLATE utf8_unicode_ci,
  `created` datetime NOT NULL,
  `updated` datetime NOT NULL,
  `sorting` smallint(6) DEFAULT NULL,
  `status` tinyint(1) NOT NULL,
  `path` varchar(255) COLLATE utf8_unicode_ci DEFAULT NULL,
  `globalOption_id` int(11) DEFAULT NULL
) ENGINE=InnoDB AUTO_INCREMENT=10 DEFAULT CHARSET=utf8 COLLATE=utf8_unicode_ci;

--
-- Dumping data for table `HomeSlider`
--

INSERT INTO `HomeSlider` (`id`, `user_id`, `name`, `content`, `created`, `updated`, `sorting`, `status`, `path`, `globalOption_id`) VALUES
(1, 34, 'Playing Student', 'Playing Student', '2016-05-01 07:11:33', '2016-05-01 11:48:10', NULL, 1, '3.jpg', 38),
(2, 34, 'Sports', 'Sports', '2016-05-01 07:26:08', '2016-05-01 07:26:08', NULL, 1, '4.jpg', 38),
(3, 34, 'Playing Football', NULL, '2016-05-01 07:36:39', '2016-05-01 07:36:39', NULL, 1, 'banner1.jpg', 38),
(4, 16, 'But I must explain to you how all this mistaken', 'This documentation can be treated as both a tutorial and reference. If this is your first time using Sequence.js, to get a good understanding of how it works, we recommend you read down to', '2016-07-13 21:00:22', '2016-07-13 22:38:37', NULL, 1, 'web-bulder.jpg', 10),
(5, 16, 'Lorem Ipsum is simply dummy', 'Lorem Ipsum is simply dummy text of the printing and typesetting industry. Lorem Ipsum has been the industry''s standard dummy text ever since the 1500s, when an unknown printer took a galley of type and scrambled it to make a type specimen book', '2016-07-13 21:01:32', '2016-07-13 21:01:32', NULL, 1, 'businesslocation.jpg', 10),
(6, 16, 'But I must explain to you how all this mistaken', 'But I must explain to you how all this mistaken idea of denouncing pleasure and praising pain was born and I will give you a complete account of the system, and expound the actual teachings of the great explorer of the truth, the master-builder of human happiness. No one rejects, dislikes, or avoids pleasure itself, because it is pleasure, but because those who do not know how to pursue pleasure rationally encounter consequences that are extremely painful.?"', '2016-07-13 21:04:18', '2016-07-13 21:04:18', NULL, 1, 'vector-business-.jpg', 10),
(7, 50, 'PATROS  Free HTML5/CSS3 Responsive Website Template.', '    -           &nbsp;          &nbsp;                 ,          ,                ', '2016-08-04 23:54:24', '2016-08-08 09:22:22', NULL, 1, 'unsplash1.jpg', 50),
(8, 50, 'SMART BUSINESS SOLUTIONS!', '  ,                                  ', '2016-08-04 23:57:18', '2016-08-08 09:22:42', NULL, 1, 'unsplash2.jpg', 50),
(9, 50, 'Lorem Ipsum is simply dummy text of typesetting industry.', '          ,    ,                ,                      -                             -         ', '2016-08-04 23:58:04', '2016-08-08 09:23:09', NULL, 1, 'unsplash5.jpg', 50);

-- --------------------------------------------------------

--
-- Table structure for table `Icon`
--

CREATE TABLE IF NOT EXISTS `Icon` (
  `id` int(11) NOT NULL,
  `name` varchar(255) COLLATE utf8_unicode_ci NOT NULL,
  `className` varchar(255) COLLATE utf8_unicode_ci NOT NULL,
  `status` tinyint(1) NOT NULL,
  `path` varchar(255) COLLATE utf8_unicode_ci DEFAULT NULL
) ENGINE=InnoDB AUTO_INCREMENT=16 DEFAULT CHARSET=utf8 COLLATE=utf8_unicode_ci;

--
-- Dumping data for table `Icon`
--

INSERT INTO `Icon` (`id`, `name`, `className`, `status`, `path`) VALUES
(1, 'Strategy\r\n', 'fa-line-chart', 1, NULL),
(2, 'User Friendly', 'fa-users', 1, NULL),
(3, 'Flexibility', 'fa-cogs', 1, NULL),
(4, 'Consulting', 'fa-wechat', 1, NULL),
(5, 'Planning', 'fa-table', 1, NULL),
(6, 'Development', 'fa-cogs', 1, NULL),
(7, 'Production', 'fa-cogs', 1, NULL),
(8, 'Analysis', 'fa-bar-chart', 1, NULL),
(9, 'Security & Optimization', 'fa-lock', 1, NULL),
(10, 'Marketing', 'fa-life-ring', 1, NULL),
(11, 'Conversion', 'fa-wechat', 1, NULL),
(12, 'Idea', 'fa-tachometer', 1, NULL),
(13, 'Manufacturing', 'fa-cogs', 1, NULL),
(14, 'Processing', 'fa-cogs', 1, NULL),
(15, 'Social Merketing', 'fa-life-ring', 1, NULL);

-- --------------------------------------------------------

--
-- Table structure for table `instituteLevel`
--

CREATE TABLE IF NOT EXISTS `instituteLevel` (
  `id` int(11) NOT NULL,
  `parent` int(11) DEFAULT NULL,
  `name` varchar(255) COLLATE utf8_unicode_ci NOT NULL,
  `slug` varchar(128) COLLATE utf8_unicode_ci NOT NULL,
  `level` int(11) DEFAULT NULL,
  `path` varchar(3000) COLLATE utf8_unicode_ci DEFAULT NULL,
  `status` tinyint(1) NOT NULL
) ENGINE=InnoDB DEFAULT CHARSET=utf8 COLLATE=utf8_unicode_ci;

-- --------------------------------------------------------

--
-- Table structure for table `InventoryConfig`
--

CREATE TABLE IF NOT EXISTS `InventoryConfig` (
  `id` int(11) NOT NULL,
  `globalOption_id` int(11) DEFAULT NULL,
  `salesReturnDayLimit` smallint(6) DEFAULT NULL,
  `isItem` tinyint(1) DEFAULT NULL,
  `isColor` tinyint(1) DEFAULT NULL,
  `isSize` tinyint(1) DEFAULT NULL,
  `isVendor` tinyint(1) DEFAULT NULL,
  `vatPercentage` smallint(6) DEFAULT NULL,
  `vatEnable` tinyint(1) DEFAULT NULL,
  `deliveryProcess` longtext COLLATE utf8_unicode_ci COMMENT '(DC2Type:array)',
  `isBrand` tinyint(1) DEFAULT NULL
) ENGINE=InnoDB AUTO_INCREMENT=13 DEFAULT CHARSET=utf8 COLLATE=utf8_unicode_ci;

--
-- Dumping data for table `InventoryConfig`
--

INSERT INTO `InventoryConfig` (`id`, `globalOption_id`, `salesReturnDayLimit`, `isItem`, `isColor`, `isSize`, `isVendor`, `vatPercentage`, `vatEnable`, `deliveryProcess`, `isBrand`) VALUES
(1, 4, NULL, 0, 0, 0, 0, NULL, NULL, NULL, NULL),
(2, 10, 4, 1, 1, 1, 1, NULL, 1, 'a:1:{i:0;s:3:"Pos";}', 0),
(4, 30, NULL, 0, 0, 0, 0, NULL, NULL, NULL, NULL),
(5, 32, NULL, 0, 0, 0, 0, NULL, NULL, NULL, NULL),
(6, 38, 4, 1, 0, 1, 0, 5, 1, NULL, 1),
(7, 44, 4, 1, 0, 1, 0, 5, 1, NULL, 1),
(8, 47, NULL, 1, NULL, NULL, NULL, NULL, 0, NULL, NULL),
(9, 43, NULL, NULL, 1, 1, 0, NULL, 0, NULL, 1),
(10, 6, NULL, NULL, 1, 1, 0, NULL, 0, 'a:2:{i:0;s:3:"Pos";i:1;s:9:"ManualPos";}', 1),
(11, 28, 5, 1, NULL, NULL, NULL, NULL, 0, 'N;', NULL),
(12, 50, 5, 1, NULL, NULL, NULL, NULL, 0, 'N;', NULL);

-- --------------------------------------------------------

--
-- Table structure for table `InvoiceModule`
--

CREATE TABLE IF NOT EXISTS `InvoiceModule` (
  `id` int(11) NOT NULL,
  `code` int(11) DEFAULT NULL,
  `invoice` varchar(255) COLLATE utf8_unicode_ci DEFAULT NULL,
  `paymentMethod` varchar(255) COLLATE utf8_unicode_ci DEFAULT NULL,
  `totalAmount` double DEFAULT NULL,
  `paidAmount` double DEFAULT NULL,
  `dueAmount` double DEFAULT NULL,
  `process` varchar(255) COLLATE utf8_unicode_ci DEFAULT NULL,
  `created` datetime NOT NULL,
  `updated` datetime NOT NULL,
  `globalOption_id` int(11) DEFAULT NULL,
  `portalBankAccount_id` int(11) DEFAULT NULL,
  `portalBkash_id` int(11) DEFAULT NULL,
  `createdBy_id` int(11) DEFAULT NULL,
  `paymentBy_id` int(11) DEFAULT NULL,
  `receivedBy_id` int(11) DEFAULT NULL,
  `billMonth` varchar(255) COLLATE utf8_unicode_ci DEFAULT NULL
) ENGINE=InnoDB AUTO_INCREMENT=20 DEFAULT CHARSET=utf8 COLLATE=utf8_unicode_ci;

--
-- Dumping data for table `InvoiceModule`
--

INSERT INTO `InvoiceModule` (`id`, `code`, `invoice`, `paymentMethod`, `totalAmount`, `paidAmount`, `dueAmount`, `process`, `created`, `updated`, `globalOption_id`, `portalBankAccount_id`, `portalBkash_id`, `createdBy_id`, `paymentBy_id`, `receivedBy_id`, `billMonth`) VALUES
(17, 1, '10201606180001', 'Bank', 3050, 3050, NULL, 'In-progress', '2016-06-18 09:04:06', '2016-06-18 20:31:53', 10, 1, 2, 16, NULL, NULL, 'June,2016'),
(18, 1, '1201608040001', NULL, NULL, NULL, NULL, 'Created', '2016-08-04 21:20:31', '2016-08-04 21:20:31', 1, NULL, NULL, 1, NULL, NULL, 'August,2016'),
(19, 1, '5201608040001', NULL, NULL, NULL, NULL, 'Created', '2016-08-04 21:20:49', '2016-08-04 21:20:49', 5, NULL, NULL, 1, NULL, NULL, 'August,2016');

-- --------------------------------------------------------

--
-- Table structure for table `InvoiceModuleItem`
--

CREATE TABLE IF NOT EXISTS `InvoiceModuleItem` (
  `id` int(11) NOT NULL,
  `module_id` int(11) DEFAULT NULL,
  `amount` double DEFAULT NULL,
  `invoiceModule_id` int(11) DEFAULT NULL,
  `appModule_id` int(11) DEFAULT NULL,
  `syndicateModule_id` int(11) DEFAULT NULL
) ENGINE=InnoDB AUTO_INCREMENT=46 DEFAULT CHARSET=utf8 COLLATE=utf8_unicode_ci;

--
-- Dumping data for table `InvoiceModuleItem`
--

INSERT INTO `InvoiceModuleItem` (`id`, `module_id`, `amount`, `invoiceModule_id`, `appModule_id`, `syndicateModule_id`) VALUES
(38, NULL, 1000, 17, 4, NULL),
(39, NULL, 1000, 17, 2, NULL),
(40, NULL, 200, 17, 5, NULL),
(41, 2, 200, 17, NULL, NULL),
(42, 6, 50, 17, NULL, NULL),
(43, 7, 500, 17, NULL, NULL),
(44, 8, 0, 17, NULL, NULL),
(45, 12, 100, 17, NULL, NULL);

-- --------------------------------------------------------

--
-- Table structure for table `InvoiceSmsEmail`
--

CREATE TABLE IF NOT EXISTS `InvoiceSmsEmail` (
  `id` int(11) NOT NULL,
  `invoice` varchar(255) COLLATE utf8_unicode_ci DEFAULT NULL,
  `paymentMethod` varchar(255) COLLATE utf8_unicode_ci DEFAULT NULL,
  `totalAmount` double DEFAULT NULL,
  `paidAmount` double DEFAULT NULL,
  `dueAmount` double DEFAULT NULL,
  `process` varchar(255) COLLATE utf8_unicode_ci DEFAULT NULL,
  `created` datetime NOT NULL,
  `updated` datetime NOT NULL,
  `globalOption_id` int(11) DEFAULT NULL,
  `portalBankAccount_id` int(11) DEFAULT NULL,
  `portalBkash_id` int(11) DEFAULT NULL,
  `code` int(11) DEFAULT NULL,
  `createdBy_id` int(11) DEFAULT NULL,
  `receivedBy_id` int(11) DEFAULT NULL
) ENGINE=InnoDB AUTO_INCREMENT=16 DEFAULT CHARSET=utf8 COLLATE=utf8_unicode_ci;

--
-- Dumping data for table `InvoiceSmsEmail`
--

INSERT INTO `InvoiceSmsEmail` (`id`, `invoice`, `paymentMethod`, `totalAmount`, `paidAmount`, `dueAmount`, `process`, `created`, `updated`, `globalOption_id`, `portalBankAccount_id`, `portalBkash_id`, `code`, `createdBy_id`, `receivedBy_id`) VALUES
(14, '10201606180001', 'bKash', 15000, 15000, NULL, 'Paid', '2016-06-18 23:55:23', '2016-06-19 00:07:27', 10, NULL, 2, 1, 16, NULL),
(15, '6201607100001', NULL, 15000, 15000, NULL, 'Paid', '2016-07-10 12:58:04', '2016-07-10 12:58:14', 6, NULL, NULL, 1, 22, NULL);

-- --------------------------------------------------------

--
-- Table structure for table `InvoiceSmsEmailItem`
--

CREATE TABLE IF NOT EXISTS `InvoiceSmsEmailItem` (
  `id` int(11) NOT NULL,
  `invoiceSmsEmail_id` int(11) DEFAULT NULL,
  `smsEmailPricing_id` int(11) DEFAULT NULL,
  `amount` double DEFAULT NULL
) ENGINE=InnoDB AUTO_INCREMENT=22 DEFAULT CHARSET=utf8 COLLATE=utf8_unicode_ci;

--
-- Dumping data for table `InvoiceSmsEmailItem`
--

INSERT INTO `InvoiceSmsEmailItem` (`id`, `invoiceSmsEmail_id`, `smsEmailPricing_id`, `amount`) VALUES
(20, 14, 4, 15000),
(21, 15, 4, 15000);

-- --------------------------------------------------------

--
-- Table structure for table `Item`
--

CREATE TABLE IF NOT EXISTS `Item` (
  `id` int(11) NOT NULL,
  `name` varchar(255) COLLATE utf8_unicode_ci DEFAULT NULL,
  `slug` varchar(255) COLLATE utf8_unicode_ci NOT NULL,
  `color_id` int(11) DEFAULT NULL,
  `created` datetime NOT NULL,
  `status` tinyint(1) DEFAULT NULL,
  `itemUnit` varchar(20) COLLATE utf8_unicode_ci DEFAULT NULL,
  `minQnt` int(11) DEFAULT NULL,
  `maxQnt` int(11) DEFAULT NULL,
  `remainingQnt` int(11) DEFAULT NULL,
  `inventoryConfig_id` int(11) DEFAULT NULL,
  `barcode` varchar(255) COLLATE utf8_unicode_ci DEFAULT NULL,
  `purchasePrice` double DEFAULT NULL,
  `purchaseAvgPrice` double DEFAULT NULL,
  `salesPrice` double DEFAULT NULL,
  `webPrice` double DEFAULT NULL,
  `quantity` int(11) DEFAULT NULL,
  `country_id` int(11) DEFAULT NULL,
  `brand_id` int(11) DEFAULT NULL,
  `path` varchar(255) COLLATE utf8_unicode_ci DEFAULT NULL,
  `content` longtext COLLATE utf8_unicode_ci,
  `vendor_id` int(11) DEFAULT NULL,
  `updated` datetime NOT NULL,
  `code` int(11) DEFAULT NULL,
  `size_id` int(11) DEFAULT NULL,
  `masterItem_id` int(11) DEFAULT NULL,
  `sku` varchar(255) COLLATE utf8_unicode_ci DEFAULT NULL,
  `skuSlug` varchar(255) COLLATE utf8_unicode_ci DEFAULT NULL,
  `skuWebSlug` varchar(255) COLLATE utf8_unicode_ci DEFAULT NULL,
  `webName` varchar(255) COLLATE utf8_unicode_ci DEFAULT NULL,
  `purchaseQuantity` double DEFAULT NULL,
  `purchaseQuantityReturn` double DEFAULT NULL,
  `salesQuantity` double DEFAULT NULL,
  `salesQuantityReturn` double DEFAULT NULL,
  `purchaseQuantityReplace` double DEFAULT NULL,
  `isWeb` tinyint(1) NOT NULL,
  `ageGroup` varchar(255) COLLATE utf8_unicode_ci DEFAULT NULL,
  `gender` varchar(255) COLLATE utf8_unicode_ci DEFAULT NULL,
  `material` varchar(255) COLLATE utf8_unicode_ci DEFAULT NULL,
  `damageQuantity` double DEFAULT NULL
) ENGINE=InnoDB AUTO_INCREMENT=907 DEFAULT CHARSET=utf8 COLLATE=utf8_unicode_ci;

--
-- Dumping data for table `Item`
--

INSERT INTO `Item` (`id`, `name`, `slug`, `color_id`, `created`, `status`, `itemUnit`, `minQnt`, `maxQnt`, `remainingQnt`, `inventoryConfig_id`, `barcode`, `purchasePrice`, `purchaseAvgPrice`, `salesPrice`, `webPrice`, `quantity`, `country_id`, `brand_id`, `path`, `content`, `vendor_id`, `updated`, `code`, `size_id`, `masterItem_id`, `sku`, `skuSlug`, `skuWebSlug`, `webName`, `purchaseQuantity`, `purchaseQuantityReturn`, `salesQuantity`, `salesQuantityReturn`, `purchaseQuantityReplace`, `isWeb`, `ageGroup`, `gender`, `material`, `damageQuantity`) VALUES
(1, 'Formal Shirt', 'formal-shirt16-5-polo-uk-dental-clinic', NULL, '2016-05-27 12:33:02', 1, NULL, NULL, NULL, NULL, 7, NULL, NULL, NULL, NULL, NULL, NULL, NULL, 3, NULL, NULL, NULL, '2016-05-27 12:33:02', 1, 1, 1, '001-01-01-000001', 'formal_shirt16-5_polo_', 'formal_shirt16-5_polo__uk-dental-clinic', 'Formal Shirt', NULL, NULL, NULL, NULL, NULL, 0, NULL, NULL, NULL, NULL),
(2, 'Formal Shirt', 'formal-shirt15-5-default-uk-dental-clinic', NULL, '2016-05-27 12:33:02', 1, NULL, NULL, NULL, NULL, 7, NULL, NULL, NULL, NULL, NULL, NULL, NULL, 4, NULL, NULL, NULL, '2016-05-27 12:33:02', 2, 2, 1, '001-02-02-000002', 'formal_shirt15-5_default_', 'formal_shirt15-5_default__uk-dental-clinic', 'Formal Shirt', NULL, NULL, NULL, NULL, NULL, 0, NULL, NULL, NULL, NULL),
(3, 'Formal Shirt', 'formal-shirt16-cats-eye-uk-dental-clinic', NULL, '2016-05-27 12:33:02', 1, NULL, NULL, NULL, NULL, 7, NULL, NULL, NULL, NULL, NULL, NULL, NULL, 5, NULL, NULL, NULL, '2016-05-27 12:33:02', 3, 3, 1, '001-03-03-000003', 'formal_shirt16_cats-eye_', 'formal_shirt16_cats-eye__uk-dental-clinic', 'Formal Shirt', NULL, NULL, NULL, NULL, NULL, 0, NULL, NULL, NULL, NULL),
(4, 'Formal Shirt', 'formal-shirt15-5-default-uk-dental-clinic-1', NULL, '2016-05-27 12:33:03', 1, NULL, NULL, NULL, NULL, 7, NULL, NULL, NULL, NULL, NULL, NULL, NULL, 4, NULL, NULL, NULL, '2016-05-27 12:33:03', 4, 2, 1, '001-02-02-000004', 'formal_shirt15-5_default_', 'formal_shirt15-5_default__uk-dental-clinic', 'Formal Shirt', NULL, NULL, NULL, NULL, NULL, 0, NULL, NULL, NULL, NULL),
(5, 'Formal Shirt', 'formal-shirt15-5-ck-uk-dental-clinic', NULL, '2016-05-27 12:33:03', 1, NULL, NULL, NULL, NULL, 7, NULL, NULL, NULL, NULL, NULL, NULL, NULL, 6, NULL, NULL, NULL, '2016-05-27 12:33:03', 5, 2, 1, '001-02-04-000005', 'formal_shirt15-5_ck_', 'formal_shirt15-5_ck__uk-dental-clinic', 'Formal Shirt', NULL, NULL, NULL, NULL, NULL, 0, NULL, NULL, NULL, NULL),
(6, 'Formal Shirt', 'formal-shirt16-default-uk-dental-clinic', NULL, '2016-05-27 12:33:03', 1, NULL, NULL, NULL, NULL, 7, NULL, NULL, NULL, NULL, NULL, NULL, NULL, 4, NULL, NULL, NULL, '2016-05-27 12:33:03', 6, 3, 1, '001-03-02-000006', 'formal_shirt16_default_', 'formal_shirt16_default__uk-dental-clinic', 'Formal Shirt', NULL, NULL, NULL, NULL, NULL, 0, NULL, NULL, NULL, NULL),
(7, 'Formal Shirt', 'formal-shirt15-lg-uk-dental-clinic', NULL, '2016-05-27 12:33:03', 1, NULL, NULL, NULL, NULL, 7, NULL, NULL, NULL, NULL, NULL, NULL, NULL, 7, NULL, NULL, NULL, '2016-05-27 12:33:03', 7, 4, 1, '001-04-05-000007', 'formal_shirt15_lg_', 'formal_shirt15_lg__uk-dental-clinic', 'Formal Shirt', NULL, NULL, NULL, NULL, NULL, 0, NULL, NULL, NULL, NULL),
(8, 'Tshirt', 'tshirtxl-default-uk-dental-clinic', NULL, '2016-05-27 12:33:04', 1, NULL, NULL, NULL, NULL, 7, NULL, NULL, NULL, NULL, NULL, NULL, NULL, 4, NULL, NULL, NULL, '2016-05-27 12:33:04', 8, 5, 2, '002-05-02-000008', 'tshirtxl_default_', 'tshirtxl_default__uk-dental-clinic', 'Tshirt', NULL, NULL, NULL, NULL, NULL, 0, NULL, NULL, NULL, NULL),
(9, 'Tshirt', 'tshirtl-default-uk-dental-clinic', NULL, '2016-05-27 12:33:04', 1, NULL, NULL, NULL, NULL, 7, NULL, NULL, NULL, NULL, NULL, NULL, NULL, 4, NULL, NULL, NULL, '2016-05-27 12:33:04', 9, 6, 2, '002-06-02-000009', 'tshirtl_default_', 'tshirtl_default__uk-dental-clinic', 'Tshirt', NULL, NULL, NULL, NULL, NULL, 0, NULL, NULL, NULL, NULL),
(10, 'Jeans Pant', 'jeans-pant30-default-uk-dental-clinic', NULL, '2016-05-27 12:33:04', 1, NULL, NULL, NULL, NULL, 7, NULL, NULL, NULL, NULL, NULL, NULL, NULL, 4, NULL, NULL, NULL, '2016-05-27 12:33:04', 10, 7, 3, '003-07-02-000010', 'jeans_pant30_default_', 'jeans_pant30_default__uk-dental-clinic', 'Jeans Pant', NULL, NULL, NULL, NULL, NULL, 0, NULL, NULL, NULL, NULL),
(11, 'Jeans Pant', 'jeans-pant34-default-uk-dental-clinic', NULL, '2016-05-27 12:33:04', 1, NULL, NULL, NULL, NULL, 7, NULL, NULL, NULL, NULL, NULL, NULL, NULL, 4, NULL, NULL, NULL, '2016-05-27 12:33:04', 11, 8, 3, '003-08-02-000011', 'jeans_pant34_default_', 'jeans_pant34_default__uk-dental-clinic', 'Jeans Pant', NULL, NULL, NULL, NULL, NULL, 0, NULL, NULL, NULL, NULL),
(12, 'Jeans Pant', 'jeans-pant36-default-uk-dental-clinic', NULL, '2016-05-27 12:33:05', 1, NULL, NULL, NULL, NULL, 7, NULL, NULL, NULL, NULL, NULL, NULL, NULL, 4, NULL, NULL, NULL, '2016-05-27 12:33:05', 12, 9, 3, '003-09-02-000012', 'jeans_pant36_default_', 'jeans_pant36_default__uk-dental-clinic', 'Jeans Pant', NULL, NULL, NULL, NULL, NULL, 0, NULL, NULL, NULL, NULL),
(13, 'Jeans Pant', 'jeans-pant36-default-uk-dental-clinic-1', NULL, '2016-05-27 12:33:05', 1, NULL, NULL, NULL, NULL, 7, NULL, NULL, NULL, NULL, NULL, NULL, NULL, 4, NULL, NULL, NULL, '2016-05-27 12:33:05', 13, 9, 3, '003-09-02-000013', 'jeans_pant36_default_', 'jeans_pant36_default__uk-dental-clinic', 'Jeans Pant', NULL, NULL, NULL, NULL, NULL, 0, NULL, NULL, NULL, NULL),
(14, 'Jeans Pant', 'jeans-pant32-default-uk-dental-clinic', NULL, '2016-05-27 12:33:05', 1, NULL, NULL, NULL, NULL, 7, NULL, NULL, NULL, NULL, NULL, NULL, NULL, 4, NULL, NULL, NULL, '2016-05-27 12:33:05', 14, 10, 3, '003-10-02-000014', 'jeans_pant32_default_', 'jeans_pant32_default__uk-dental-clinic', 'Jeans Pant', NULL, NULL, NULL, NULL, NULL, 0, NULL, NULL, NULL, NULL),
(15, 'Jeans Pant', 'jeans-pant32-default-uk-dental-clinic-1', NULL, '2016-05-27 12:33:05', 1, NULL, NULL, NULL, NULL, 7, NULL, NULL, NULL, NULL, NULL, NULL, NULL, 4, NULL, NULL, NULL, '2016-05-27 12:33:05', 15, 10, 3, '003-10-02-000015', 'jeans_pant32_default_', 'jeans_pant32_default__uk-dental-clinic', 'Jeans Pant', NULL, NULL, NULL, NULL, NULL, 0, NULL, NULL, NULL, NULL),
(16, 'Formal Shirt', 'formal-shirt16-5-polo-uk-dental-clinic-1', NULL, '2016-05-27 15:05:22', 1, NULL, NULL, NULL, NULL, 7, NULL, NULL, NULL, NULL, NULL, NULL, NULL, 3, NULL, NULL, NULL, '2016-05-27 15:05:22', 16, 1, 1, '001-01-01-000016', 'formal_shirt16-5_polo_', 'formal_shirt16-5_polo__uk-dental-clinic', NULL, NULL, NULL, NULL, NULL, NULL, 0, NULL, NULL, NULL, NULL),
(17, 'Formal Shirt', 'formal-shirt-1purple-1-16-5-1-gb-1-nahar-fashion', 8, '2016-05-30 13:51:51', 1, NULL, NULL, NULL, NULL, 2, NULL, NULL, NULL, NULL, NULL, NULL, NULL, NULL, NULL, NULL, 4, '2016-06-06 09:09:32', 1, 11, 4, '001-01-01-001-000001', 'formal_shirt_1purple-1_16-5-1_gb-1_', 'formal_shirt_1purple-1_16-5-1_gb-1__nahar-fashion', 'Formal Shirt', 1, NULL, NULL, NULL, NULL, 1, 'Kids', 'Male', NULL, NULL),
(18, 'Formal Shirt', 'formal-shirt-1purple-1-15-5-1-gb-1-nahar-fashion', 8, '2016-05-30 13:51:52', 1, NULL, NULL, NULL, NULL, 2, NULL, 100, NULL, 150, NULL, NULL, NULL, NULL, NULL, NULL, 4, '2016-06-10 15:43:59', 2, 12, 4, '001-01-02-001-000002', 'formal_shirt_1purple-1_15-5-1_gb-1_', 'formal_shirt_1purple-1_15-5-1_gb-1__nahar-fashion', 'Formal Shirt', 4, NULL, NULL, NULL, NULL, 0, NULL, NULL, NULL, NULL),
(19, 'Formal Shirt', 'formal-shirt-1pink-1-16-1-gb-1-nahar-fashion', 9, '2016-05-30 13:51:52', 1, NULL, NULL, NULL, NULL, 2, NULL, NULL, NULL, NULL, NULL, NULL, NULL, NULL, NULL, NULL, 4, '2016-05-30 17:58:20', 3, 13, 4, '001-02-03-001-000003', 'formal_shirt_1pink-1_16-1_gb-1_', 'formal_shirt_1pink-1_16-1_gb-1__nahar-fashion', 'Formal Shirt', 1, NULL, 1, NULL, NULL, 0, NULL, NULL, NULL, NULL),
(20, 'Formal Shirt', 'formal-shirt-1silver-1-15-5-1-gb-1-nahar-fashion', 10, '2016-05-30 13:51:52', 1, NULL, NULL, NULL, NULL, 2, NULL, 100, NULL, 150, NULL, NULL, NULL, NULL, NULL, NULL, 4, '2016-06-10 15:43:59', 4, 12, 4, '001-03-02-001-000004', 'formal_shirt_1silver-1_15-5-1_gb-1_', 'formal_shirt_1silver-1_15-5-1_gb-1__nahar-fashion', 'Formal Shirt', 3, NULL, NULL, NULL, NULL, 0, NULL, NULL, NULL, NULL),
(21, 'Formal Shirt', 'formal-shirt-1red-1-15-5-1-gb-1-nahar-fashion', 11, '2016-05-30 13:51:52', 1, NULL, NULL, NULL, NULL, 2, NULL, NULL, NULL, NULL, NULL, NULL, NULL, NULL, NULL, NULL, 4, '2016-05-30 17:58:20', 5, 12, 4, '001-04-02-001-000005', 'formal_shirt_1red-1_15-5-1_gb-1_', 'formal_shirt_1red-1_15-5-1_gb-1__nahar-fashion', 'Formal Shirt', 1, NULL, 1, NULL, NULL, 0, NULL, NULL, NULL, NULL),
(22, 'Formal Shirt', 'formal-shirt-1red-1-16-1-gb-1-nahar-fashion', 11, '2016-05-30 13:51:52', 1, NULL, NULL, NULL, NULL, 2, NULL, 100, NULL, 150, NULL, NULL, NULL, NULL, NULL, NULL, 4, '2016-06-10 15:43:59', 6, 13, 4, '001-04-03-001-000006', 'formal_shirt_1red-1_16-1_gb-1_', 'formal_shirt_1red-1_16-1_gb-1__nahar-fashion', 'Formal Shirt', 4, NULL, NULL, NULL, NULL, 0, NULL, NULL, NULL, NULL),
(23, 'Formal Shirt', 'formal-shirt-1red-1-15-1-gb-1-nahar-fashion', 11, '2016-05-30 13:51:53', 1, NULL, NULL, NULL, NULL, 2, NULL, NULL, NULL, NULL, NULL, NULL, NULL, NULL, NULL, NULL, 4, '2016-06-02 23:21:55', 7, 14, 4, '001-04-04-001-000007', 'formal_shirt_1red-1_15-1_gb-1_', 'formal_shirt_1red-1_15-1_gb-1__nahar-fashion', 'Formal Shirt', 1, NULL, 3, NULL, NULL, 0, NULL, NULL, NULL, NULL),
(24, 'Formal Shirt', 'formal-shirt-1purple-1-15-1-gb-1-nahar-fashion', 8, '2016-05-30 13:51:53', 1, NULL, NULL, NULL, NULL, 2, NULL, NULL, NULL, NULL, NULL, NULL, NULL, NULL, NULL, NULL, 4, '2016-05-30 17:17:14', 8, 14, 4, '001-01-04-001-000008', 'formal_shirt_1purple-1_15-1_gb-1_', 'formal_shirt_1purple-1_15-1_gb-1__nahar-fashion', 'Formal Shirt', 2, NULL, NULL, NULL, NULL, 0, NULL, NULL, NULL, NULL),
(25, 'Formal Shirt', 'formal-shirt-1red-1-15-5-1-cm-nahar-fashion', 11, '2016-05-30 13:51:53', 1, NULL, NULL, NULL, NULL, 2, NULL, NULL, NULL, NULL, NULL, NULL, NULL, NULL, NULL, NULL, 5, '2016-06-06 09:09:20', 9, 12, 4, '001-04-02-002-000009', 'formal_shirt_1red-1_15-5-1_cm_', 'formal_shirt_1red-1_15-5-1_cm__nahar-fashion', 'Formal Shirt', 1, NULL, NULL, NULL, NULL, 1, NULL, NULL, NULL, NULL),
(26, 'Formal Shirt', 'formal-shirt-1red-1-16-1-cm-nahar-fashion', 11, '2016-05-30 13:51:53', 1, NULL, NULL, NULL, NULL, 2, NULL, NULL, NULL, NULL, NULL, NULL, NULL, NULL, NULL, NULL, 5, '2016-05-30 17:17:14', 10, 13, 4, '001-04-03-002-000010', 'formal_shirt_1red-1_16-1_cm_', 'formal_shirt_1red-1_16-1_cm__nahar-fashion', 'Formal Shirt', 1, NULL, NULL, NULL, NULL, 0, NULL, NULL, NULL, NULL),
(27, 'Formal Shirt', 'formal-shirt-1red-1-15-1-cm-nahar-fashion', 11, '2016-05-30 13:51:53', 1, NULL, NULL, NULL, NULL, 2, NULL, NULL, NULL, NULL, NULL, NULL, NULL, NULL, NULL, NULL, 5, '2016-05-30 17:17:14', 11, 14, 4, '001-04-04-002-000011', 'formal_shirt_1red-1_15-1_cm_', 'formal_shirt_1red-1_15-1_cm__nahar-fashion', 'Formal Shirt', 1, NULL, NULL, NULL, NULL, 0, NULL, NULL, NULL, NULL),
(28, 'Formal Shirt', 'formal-shirt-1purple-1-16-1-cm-nahar-fashion', 8, '2016-05-30 13:51:53', 1, NULL, NULL, NULL, NULL, 2, NULL, NULL, NULL, NULL, NULL, NULL, NULL, NULL, NULL, NULL, 5, '2016-05-30 17:17:14', 12, 13, 4, '001-01-03-002-000012', 'formal_shirt_1purple-1_16-1_cm_', 'formal_shirt_1purple-1_16-1_cm__nahar-fashion', 'Formal Shirt', 3, NULL, NULL, NULL, NULL, 0, NULL, NULL, NULL, NULL),
(29, 'Formal Shirt', 'formal-shirt-1purple-1-15-1-cm-nahar-fashion', 8, '2016-05-30 13:51:53', 1, NULL, NULL, NULL, NULL, 2, NULL, NULL, NULL, NULL, NULL, NULL, NULL, NULL, NULL, NULL, 5, '2016-05-30 17:17:14', 13, 14, 4, '001-01-04-002-000013', 'formal_shirt_1purple-1_15-1_cm_', 'formal_shirt_1purple-1_15-1_cm__nahar-fashion', 'Formal Shirt', 1, NULL, NULL, NULL, NULL, 0, NULL, NULL, NULL, NULL),
(30, 'Formal Shirt', 'formal-shirt-1purple-1-15-5-1-cm-nahar-fashion', 8, '2016-05-30 13:51:53', 1, NULL, NULL, NULL, NULL, 2, NULL, NULL, NULL, NULL, NULL, NULL, NULL, NULL, NULL, NULL, 5, '2016-05-30 17:17:14', 14, 12, 4, '001-01-02-002-000014', 'formal_shirt_1purple-1_15-5-1_cm_', 'formal_shirt_1purple-1_15-5-1_cm__nahar-fashion', 'Formal Shirt', 1, NULL, NULL, NULL, NULL, 0, NULL, NULL, NULL, NULL),
(31, 'Formal Shirt', 'formal-shirt-1mixed-16-1-gb-1-nahar-fashion', 12, '2016-05-30 13:51:54', 1, NULL, NULL, NULL, NULL, 2, NULL, NULL, NULL, NULL, NULL, NULL, NULL, NULL, NULL, NULL, 4, '2016-05-30 17:17:14', 15, 13, 4, '001-05-03-001-000015', 'formal_shirt_1mixed_16-1_gb-1_', 'formal_shirt_1mixed_16-1_gb-1__nahar-fashion', 'Formal Shirt', 1, NULL, NULL, NULL, NULL, 0, NULL, NULL, NULL, NULL),
(32, 'Formal Shirt', 'formal-shirt-1mixed-15-5-1-cm-nahar-fashion', 12, '2016-05-30 13:51:54', 1, NULL, NULL, NULL, NULL, 2, NULL, NULL, NULL, NULL, NULL, NULL, NULL, NULL, NULL, NULL, 5, '2016-05-30 17:17:14', 16, 12, 4, '001-05-02-002-000016', 'formal_shirt_1mixed_15-5-1_cm_', 'formal_shirt_1mixed_15-5-1_cm__nahar-fashion', 'Formal Shirt', 1, NULL, NULL, NULL, NULL, 0, NULL, NULL, NULL, NULL),
(33, 'Formal Shirt', 'formal-shirt-1black-1-15-5-1-cm-nahar-fashion', 13, '2016-05-30 13:51:54', 1, NULL, NULL, NULL, NULL, 2, NULL, NULL, NULL, NULL, NULL, NULL, NULL, NULL, NULL, NULL, 5, '2016-05-30 17:17:14', 17, 12, 4, '001-06-02-002-000017', 'formal_shirt_1black-1_15-5-1_cm_', 'formal_shirt_1black-1_15-5-1_cm__nahar-fashion', 'Formal Shirt', 1, NULL, NULL, NULL, NULL, 0, NULL, NULL, NULL, NULL),
(34, 'Formal Shirt', 'formal-shirt-1black-1-16-1-cm-nahar-fashion', 13, '2016-05-30 13:51:54', 1, NULL, NULL, NULL, NULL, 2, NULL, NULL, NULL, NULL, NULL, NULL, NULL, NULL, NULL, NULL, 5, '2016-05-30 17:17:14', 18, 13, 4, '001-06-03-002-000018', 'formal_shirt_1black-1_16-1_cm_', 'formal_shirt_1black-1_16-1_cm__nahar-fashion', 'Formal Shirt', 1, NULL, NULL, NULL, NULL, 0, NULL, NULL, NULL, NULL),
(35, 'Formal Shirt', 'formal-shirt-1white-15-5-1-cm-nahar-fashion', 14, '2016-05-30 13:51:54', 1, NULL, NULL, NULL, NULL, 2, NULL, NULL, NULL, NULL, NULL, NULL, NULL, NULL, NULL, NULL, 5, '2016-05-30 17:17:14', 19, 12, 4, '001-07-02-002-000019', 'formal_shirt_1white_15-5-1_cm_', 'formal_shirt_1white_15-5-1_cm__nahar-fashion', 'Formal Shirt', 1, NULL, NULL, NULL, NULL, 0, NULL, NULL, NULL, NULL),
(36, 'Formal Shirt', 'formal-shirt-1white-15-1-cm-nahar-fashion', 14, '2016-05-30 13:51:54', 1, NULL, NULL, NULL, NULL, 2, NULL, NULL, NULL, NULL, NULL, NULL, NULL, NULL, NULL, NULL, 5, '2016-05-30 17:17:14', 20, 14, 4, '001-07-04-002-000020', 'formal_shirt_1white_15-1_cm_', 'formal_shirt_1white_15-1_cm__nahar-fashion', 'Formal Shirt', 1, NULL, NULL, NULL, NULL, 0, NULL, NULL, NULL, NULL),
(37, 'Formal Shirt', 'formal-shirt-1black-1-16-1-gb-1-nahar-fashion', 13, '2016-05-30 13:51:55', 1, NULL, NULL, NULL, NULL, 2, NULL, NULL, NULL, NULL, NULL, NULL, NULL, NULL, NULL, NULL, 4, '2016-05-30 17:17:14', 21, 13, 4, '001-06-03-001-000021', 'formal_shirt_1black-1_16-1_gb-1_', 'formal_shirt_1black-1_16-1_gb-1__nahar-fashion', 'Formal Shirt', 1, NULL, NULL, NULL, NULL, 0, NULL, NULL, NULL, NULL),
(38, 'Formal Shirt', 'formal-shirt-1black-1-15-5-1-gb-1-nahar-fashion', 13, '2016-05-30 13:51:55', 1, NULL, NULL, NULL, NULL, 2, NULL, NULL, NULL, NULL, NULL, NULL, NULL, NULL, NULL, NULL, 4, '2016-05-30 17:17:14', 22, 12, 4, '001-06-02-001-000022', 'formal_shirt_1black-1_15-5-1_gb-1_', 'formal_shirt_1black-1_15-5-1_gb-1__nahar-fashion', 'Formal Shirt', 1, NULL, NULL, NULL, NULL, 0, NULL, NULL, NULL, NULL),
(39, 'Formal Shirt', 'formal-shirt-1mixed-15-5-1-gb-1-nahar-fashion', 12, '2016-05-30 13:51:55', 1, NULL, NULL, NULL, NULL, 2, NULL, NULL, NULL, NULL, NULL, NULL, NULL, NULL, NULL, NULL, 4, '2016-05-30 17:17:14', 23, 12, 4, '001-05-02-001-000023', 'formal_shirt_1mixed_15-5-1_gb-1_', 'formal_shirt_1mixed_15-5-1_gb-1__nahar-fashion', 'Formal Shirt', 1, NULL, NULL, NULL, NULL, 0, NULL, NULL, NULL, NULL),
(40, 'Formal Shirt', 'formal-shirt-1blue-1-15-5-1-cl-nahar-fashion', 15, '2016-05-30 13:51:55', 1, NULL, NULL, NULL, NULL, 2, NULL, NULL, NULL, NULL, NULL, NULL, NULL, NULL, NULL, NULL, 6, '2016-05-30 17:17:14', 24, 12, 4, '001-08-02-003-000024', 'formal_shirt_1blue-1_15-5-1_cl_', 'formal_shirt_1blue-1_15-5-1_cl__nahar-fashion', 'Formal Shirt', 1, NULL, NULL, NULL, NULL, 0, NULL, NULL, NULL, NULL),
(41, 'Formal Shirt', 'formal-shirt-1white-16-5-1-cl-nahar-fashion', 14, '2016-05-30 13:51:55', 1, NULL, NULL, NULL, NULL, 2, NULL, NULL, NULL, NULL, NULL, NULL, NULL, NULL, NULL, NULL, 6, '2016-05-30 17:17:14', 25, 11, 4, '001-07-01-003-000025', 'formal_shirt_1white_16-5-1_cl_', 'formal_shirt_1white_16-5-1_cl__nahar-fashion', 'Formal Shirt', 1, NULL, NULL, NULL, NULL, 0, NULL, NULL, NULL, NULL),
(42, 'Formal Shirt', 'formal-shirt-1blue-1-16-1-cl-nahar-fashion', 15, '2016-05-30 13:51:56', 1, NULL, NULL, NULL, NULL, 2, NULL, NULL, NULL, NULL, NULL, NULL, NULL, NULL, NULL, NULL, 6, '2016-05-30 17:17:14', 26, 13, 4, '001-08-03-003-000026', 'formal_shirt_1blue-1_16-1_cl_', 'formal_shirt_1blue-1_16-1_cl__nahar-fashion', 'Formal Shirt', 4, NULL, NULL, NULL, NULL, 0, NULL, NULL, NULL, NULL),
(43, 'Formal Shirt', 'formal-shirt-1mixed-15-5-1-cl-nahar-fashion', 12, '2016-05-30 13:51:56', 1, NULL, NULL, NULL, NULL, 2, NULL, NULL, NULL, NULL, NULL, NULL, NULL, NULL, NULL, NULL, 6, '2016-05-30 17:17:14', 27, 12, 4, '001-05-02-003-000027', 'formal_shirt_1mixed_15-5-1_cl_', 'formal_shirt_1mixed_15-5-1_cl__nahar-fashion', 'Formal Shirt', 5, NULL, NULL, NULL, NULL, 0, NULL, NULL, NULL, NULL),
(44, 'Formal Shirt', 'formal-shirt-1white-15-5-1-cl-nahar-fashion', 14, '2016-05-30 13:51:56', 1, NULL, NULL, NULL, NULL, 2, NULL, NULL, NULL, NULL, NULL, NULL, NULL, NULL, NULL, NULL, 6, '2016-05-30 17:17:14', 28, 12, 4, '001-07-02-003-000028', 'formal_shirt_1white_15-5-1_cl_', 'formal_shirt_1white_15-5-1_cl__nahar-fashion', 'Formal Shirt', 2, NULL, NULL, NULL, NULL, 0, NULL, NULL, NULL, NULL),
(45, 'Formal Shirt', 'formal-shirt-1black-1-16-1-cl-nahar-fashion', 13, '2016-05-30 13:51:56', 1, NULL, NULL, NULL, NULL, 2, NULL, NULL, NULL, NULL, NULL, NULL, NULL, NULL, NULL, NULL, 6, '2016-05-30 17:17:14', 29, 13, 4, '001-06-03-003-000029', 'formal_shirt_1black-1_16-1_cl_', 'formal_shirt_1black-1_16-1_cl__nahar-fashion', 'Formal Shirt', 1, NULL, NULL, NULL, NULL, 0, NULL, NULL, NULL, NULL),
(46, 'Formal Shirt', 'formal-shirt-1yellow-15-5-1-cl-nahar-fashion', 16, '2016-05-30 13:51:56', 1, NULL, NULL, NULL, NULL, 2, NULL, NULL, NULL, NULL, NULL, NULL, NULL, NULL, NULL, NULL, 6, '2016-05-30 17:17:14', 30, 12, 4, '001-09-02-003-000030', 'formal_shirt_1yellow_15-5-1_cl_', 'formal_shirt_1yellow_15-5-1_cl__nahar-fashion', 'Formal Shirt', 3, NULL, NULL, NULL, NULL, 0, NULL, NULL, NULL, NULL),
(47, 'Formal Shirt', 'formal-shirt-1green-16-1-cl-nahar-fashion', 17, '2016-05-30 13:51:56', 1, NULL, NULL, NULL, NULL, 2, NULL, NULL, NULL, NULL, NULL, NULL, NULL, NULL, NULL, NULL, 6, '2016-05-30 17:17:14', 31, 13, 4, '001-10-03-003-000031', 'formal_shirt_1green_16-1_cl_', 'formal_shirt_1green_16-1_cl__nahar-fashion', 'Formal Shirt', 1, NULL, NULL, NULL, NULL, 0, NULL, NULL, NULL, NULL),
(48, 'Formal Shirt', 'formal-shirt-1coffy-16-1-cl-nahar-fashion', 18, '2016-05-30 13:51:56', 1, NULL, NULL, NULL, NULL, 2, NULL, NULL, NULL, NULL, NULL, NULL, NULL, NULL, NULL, NULL, 6, '2016-05-30 17:17:14', 32, 13, 4, '001-11-03-003-000032', 'formal_shirt_1coffy_16-1_cl_', 'formal_shirt_1coffy_16-1_cl__nahar-fashion', 'Formal Shirt', 1, NULL, NULL, NULL, NULL, 0, NULL, NULL, NULL, NULL),
(49, 'Formal Shirt', 'formal-shirt-1purple-1-15-5-1-cl-nahar-fashion', 8, '2016-05-30 13:51:57', 1, NULL, NULL, NULL, NULL, 2, NULL, NULL, NULL, NULL, NULL, NULL, NULL, NULL, NULL, NULL, 6, '2016-05-30 17:17:14', 33, 12, 4, '001-01-02-003-000033', 'formal_shirt_1purple-1_15-5-1_cl_', 'formal_shirt_1purple-1_15-5-1_cl__nahar-fashion', 'Formal Shirt', 1, NULL, NULL, NULL, NULL, 0, NULL, NULL, NULL, NULL),
(50, 'Formal Shirt', 'formal-shirt-1mixed-16-5-1-cl-nahar-fashion', 12, '2016-05-30 13:51:57', 1, NULL, NULL, NULL, NULL, 2, NULL, NULL, NULL, NULL, NULL, NULL, NULL, NULL, NULL, NULL, 6, '2016-05-30 17:17:14', 34, 11, 4, '001-05-01-003-000034', 'formal_shirt_1mixed_16-5-1_cl_', 'formal_shirt_1mixed_16-5-1_cl__nahar-fashion', 'Formal Shirt', 2, NULL, NULL, NULL, NULL, 0, NULL, NULL, NULL, NULL),
(51, 'Formal Shirt', 'formal-shirt-1mixed-16-1-cl-nahar-fashion', 12, '2016-05-30 13:51:57', 1, NULL, NULL, NULL, NULL, 2, NULL, NULL, NULL, NULL, NULL, NULL, NULL, NULL, NULL, NULL, 6, '2016-05-30 17:17:14', 35, 13, 4, '001-05-03-003-000035', 'formal_shirt_1mixed_16-1_cl_', 'formal_shirt_1mixed_16-1_cl__nahar-fashion', 'Formal Shirt', 4, NULL, NULL, NULL, NULL, 0, NULL, NULL, NULL, NULL),
(52, 'Formal Shirt', 'formal-shirt-1yellow-16-1-cl-nahar-fashion', 16, '2016-05-30 13:51:57', 1, NULL, NULL, NULL, NULL, 2, NULL, NULL, NULL, NULL, NULL, NULL, NULL, NULL, NULL, NULL, 6, '2016-05-30 17:17:14', 36, 13, 4, '001-09-03-003-000036', 'formal_shirt_1yellow_16-1_cl_', 'formal_shirt_1yellow_16-1_cl__nahar-fashion', 'Formal Shirt', 1, NULL, NULL, NULL, NULL, 0, NULL, NULL, NULL, NULL),
(53, 'Formal Shirt', 'formal-shirt-1sky-blue-m-cl-nahar-fashion', 19, '2016-05-30 13:51:57', 1, NULL, NULL, NULL, NULL, 2, NULL, NULL, NULL, NULL, NULL, NULL, NULL, NULL, NULL, NULL, 6, '2016-05-30 17:17:14', 37, 15, 4, '001-12-05-003-000037', 'formal_shirt_1sky-blue_m_cl_', 'formal_shirt_1sky-blue_m_cl__nahar-fashion', 'Formal Shirt', 1, NULL, NULL, NULL, NULL, 0, NULL, NULL, NULL, NULL),
(54, 'Formal Shirt', 'formal-shirt-1sky-blue-e-cl-nahar-fashion', 19, '2016-05-30 13:51:58', 1, NULL, NULL, NULL, NULL, 2, NULL, NULL, NULL, NULL, NULL, NULL, NULL, NULL, NULL, NULL, 6, '2016-05-30 17:17:14', 38, 16, 4, '001-12-06-003-000038', 'formal_shirt_1sky-blue_e_cl_', 'formal_shirt_1sky-blue_e_cl__nahar-fashion', 'Formal Shirt', 1, NULL, NULL, NULL, NULL, 0, NULL, NULL, NULL, NULL),
(55, 'Formal Shirt', 'formal-shirt-1pink-1-o-cl-nahar-fashion', 9, '2016-05-30 13:51:58', 1, NULL, NULL, NULL, NULL, 2, NULL, NULL, NULL, NULL, NULL, NULL, NULL, NULL, NULL, NULL, 6, '2016-05-30 17:17:14', 39, 17, 4, '001-02-07-003-000039', 'formal_shirt_1pink-1_o_cl_', 'formal_shirt_1pink-1_o_cl__nahar-fashion', 'Formal Shirt', 1, NULL, NULL, NULL, NULL, 0, NULL, NULL, NULL, NULL),
(56, 'Formal Shirt', 'formal-shirt-1pink-1-m-1-cl-nahar-fashion', 9, '2016-05-30 13:51:58', 1, NULL, NULL, NULL, NULL, 2, NULL, NULL, NULL, NULL, NULL, NULL, NULL, NULL, NULL, NULL, 6, '2016-05-30 17:17:14', 40, 18, 4, '001-02-08-003-000040', 'formal_shirt_1pink-1_m-1_cl_', 'formal_shirt_1pink-1_m-1_cl__nahar-fashion', 'Formal Shirt', 1, NULL, NULL, NULL, NULL, 0, NULL, NULL, NULL, NULL),
(57, 'Formal Shirt', 'formal-shirt-1pink-1-e-1-cl-nahar-fashion', 9, '2016-05-30 13:51:58', 1, NULL, NULL, NULL, NULL, 2, NULL, NULL, NULL, NULL, NULL, NULL, NULL, NULL, NULL, NULL, 6, '2016-05-30 17:17:14', 41, 19, 4, '001-02-09-003-000041', 'formal_shirt_1pink-1_e-1_cl_', 'formal_shirt_1pink-1_e-1_cl__nahar-fashion', 'Formal Shirt', 1, NULL, NULL, NULL, NULL, 0, NULL, NULL, NULL, NULL),
(58, 'Formal Shirt', 'formal-shirt-1sky-blue-e-2-cl-nahar-fashion', 19, '2016-05-30 13:51:58', 1, NULL, NULL, NULL, NULL, 2, NULL, NULL, NULL, NULL, NULL, NULL, NULL, NULL, NULL, NULL, 6, '2016-05-30 17:17:14', 42, 20, 4, '001-12-10-003-000042', 'formal_shirt_1sky-blue_e-2_cl_', 'formal_shirt_1sky-blue_e-2_cl__nahar-fashion', 'Formal Shirt', 1, NULL, NULL, NULL, NULL, 0, NULL, NULL, NULL, NULL),
(59, 'Formal Shirt', 'formal-shirt-1coffy-e-2-cl-nahar-fashion', 18, '2016-05-30 13:51:59', 1, NULL, NULL, NULL, NULL, 2, NULL, NULL, NULL, NULL, NULL, NULL, NULL, NULL, NULL, NULL, 6, '2016-05-30 17:17:14', 43, 20, 4, '001-11-10-003-000043', 'formal_shirt_1coffy_e-2_cl_', 'formal_shirt_1coffy_e-2_cl__nahar-fashion', 'Formal Shirt', 2, NULL, NULL, NULL, NULL, 0, NULL, NULL, NULL, NULL),
(60, 'Formal Shirt', 'formal-shirt-1coffy-o-cl-nahar-fashion', 18, '2016-05-30 13:51:59', 1, NULL, NULL, NULL, NULL, 2, NULL, NULL, NULL, NULL, NULL, NULL, NULL, NULL, NULL, NULL, 6, '2016-05-30 17:17:14', 44, 17, 4, '001-11-07-003-000044', 'formal_shirt_1coffy_o_cl_', 'formal_shirt_1coffy_o_cl__nahar-fashion', 'Formal Shirt', 1, NULL, NULL, NULL, NULL, 0, NULL, NULL, NULL, NULL),
(61, 'Formal Shirt', 'formal-shirt-1pink-1-16-1-cl-nahar-fashion', 9, '2016-05-30 13:51:59', 1, NULL, NULL, NULL, NULL, 2, NULL, NULL, NULL, NULL, NULL, NULL, NULL, NULL, NULL, NULL, 6, '2016-05-30 17:17:14', 45, 13, 4, '001-02-03-003-000045', 'formal_shirt_1pink-1_16-1_cl_', 'formal_shirt_1pink-1_16-1_cl__nahar-fashion', 'Formal Shirt', 1, NULL, NULL, NULL, NULL, 0, NULL, NULL, NULL, NULL),
(62, 'Formal Shirt', 'formal-shirt-1pink-1-15-5-1-cl-nahar-fashion', 9, '2016-05-30 13:51:59', 1, NULL, NULL, NULL, NULL, 2, NULL, NULL, NULL, NULL, NULL, NULL, NULL, NULL, NULL, NULL, 6, '2016-05-30 17:17:14', 46, 12, 4, '001-02-02-003-000046', 'formal_shirt_1pink-1_15-5-1_cl_', 'formal_shirt_1pink-1_15-5-1_cl__nahar-fashion', 'Formal Shirt', 1, NULL, NULL, NULL, NULL, 0, NULL, NULL, NULL, NULL),
(63, 'Formal Shirt', 'formal-shirt-1pink-1-16-5-1-cl-nahar-fashion', 9, '2016-05-30 13:51:59', 1, NULL, NULL, NULL, NULL, 2, NULL, NULL, NULL, NULL, NULL, NULL, NULL, NULL, NULL, NULL, 6, '2016-05-30 17:17:14', 47, 11, 4, '001-02-01-003-000047', 'formal_shirt_1pink-1_16-5-1_cl_', 'formal_shirt_1pink-1_16-5-1_cl__nahar-fashion', 'Formal Shirt', 1, NULL, NULL, NULL, NULL, 0, NULL, NULL, NULL, NULL),
(64, 'Formal Shirt', 'formal-shirt-1brown-e-2-cl-nahar-fashion', 20, '2016-05-30 13:51:59', 1, NULL, NULL, NULL, NULL, 2, NULL, NULL, NULL, NULL, NULL, NULL, NULL, NULL, NULL, NULL, 6, '2016-05-30 17:17:14', 48, 20, 4, '001-13-10-003-000048', 'formal_shirt_1brown_e-2_cl_', 'formal_shirt_1brown_e-2_cl__nahar-fashion', 'Formal Shirt', 2, NULL, NULL, NULL, NULL, 0, NULL, NULL, NULL, NULL),
(65, 'Formal Shirt', 'formal-shirt-1brown-m-2-cl-nahar-fashion', 20, '2016-05-30 13:52:00', 1, NULL, NULL, NULL, NULL, 2, NULL, NULL, NULL, NULL, NULL, NULL, NULL, NULL, NULL, NULL, 6, '2016-05-30 17:17:14', 49, 21, 4, '001-13-11-003-000049', 'formal_shirt_1brown_m-2_cl_', 'formal_shirt_1brown_m-2_cl__nahar-fashion', 'Formal Shirt', 1, NULL, NULL, NULL, NULL, 0, NULL, NULL, NULL, NULL),
(66, 'Formal Shirt', 'formal-shirt-1brown-o-cl-nahar-fashion', 20, '2016-05-30 13:52:00', 1, NULL, NULL, NULL, NULL, 2, NULL, NULL, NULL, NULL, NULL, NULL, NULL, NULL, NULL, NULL, 6, '2016-05-30 17:17:14', 50, 17, 4, '001-13-07-003-000050', 'formal_shirt_1brown_o_cl_', 'formal_shirt_1brown_o_cl__nahar-fashion', 'Formal Shirt', 1, NULL, NULL, NULL, NULL, 0, NULL, NULL, NULL, NULL),
(67, 'Formal Shirt', 'formal-shirt-1white-m-2-cl-nahar-fashion', 14, '2016-05-30 13:52:00', 1, NULL, NULL, NULL, NULL, 2, NULL, NULL, NULL, NULL, NULL, NULL, NULL, NULL, NULL, NULL, 6, '2016-05-30 17:17:14', 51, 21, 4, '001-07-11-003-000051', 'formal_shirt_1white_m-2_cl_', 'formal_shirt_1white_m-2_cl__nahar-fashion', 'Formal Shirt', 1, NULL, NULL, NULL, NULL, 0, NULL, NULL, NULL, NULL),
(68, 'Formal Shirt', 'formal-shirt-1white-e-2-cl-nahar-fashion', 14, '2016-05-30 13:52:01', 1, NULL, NULL, NULL, NULL, 2, NULL, NULL, NULL, NULL, NULL, NULL, NULL, NULL, NULL, NULL, 6, '2016-05-30 17:17:14', 52, 20, 4, '001-07-10-003-000052', 'formal_shirt_1white_e-2_cl_', 'formal_shirt_1white_e-2_cl__nahar-fashion', 'Formal Shirt', 1, NULL, NULL, NULL, NULL, 0, NULL, NULL, NULL, NULL),
(69, 'Formal Shirt', 'formal-shirt-1orange-1-m-2-cl-nahar-fashion', 21, '2016-05-30 13:52:01', 1, NULL, NULL, NULL, NULL, 2, NULL, NULL, NULL, NULL, NULL, NULL, NULL, NULL, NULL, NULL, 6, '2016-05-30 17:17:14', 53, 21, 4, '001-14-11-003-000053', 'formal_shirt_1orange-1_m-2_cl_', 'formal_shirt_1orange-1_m-2_cl__nahar-fashion', 'Formal Shirt', 1, NULL, NULL, NULL, NULL, 0, NULL, NULL, NULL, NULL),
(70, 'Formal Shirt', 'formal-shirt-1white-o-cl-nahar-fashion', 14, '2016-05-30 13:52:01', 1, NULL, NULL, NULL, NULL, 2, NULL, NULL, NULL, NULL, NULL, NULL, NULL, NULL, NULL, NULL, 6, '2016-05-30 17:17:14', 54, 17, 4, '001-07-07-003-000054', 'formal_shirt_1white_o_cl_', 'formal_shirt_1white_o_cl__nahar-fashion', 'Formal Shirt', 1, NULL, NULL, NULL, NULL, 0, NULL, NULL, NULL, NULL),
(71, 'Formal Shirt', 'formal-shirt-1orange-1-e-2-cl-nahar-fashion', 21, '2016-05-30 13:52:01', 1, NULL, NULL, NULL, NULL, 2, NULL, NULL, NULL, NULL, NULL, NULL, NULL, NULL, NULL, NULL, 6, '2016-05-30 17:17:14', 55, 20, 4, '001-14-10-003-000055', 'formal_shirt_1orange-1_e-2_cl_', 'formal_shirt_1orange-1_e-2_cl__nahar-fashion', 'Formal Shirt', 1, NULL, NULL, NULL, NULL, 0, NULL, NULL, NULL, NULL),
(72, 'Formal Shirt', 'formal-shirt-1orange-1-o-cl-nahar-fashion', 21, '2016-05-30 13:52:01', 1, NULL, NULL, NULL, NULL, 2, NULL, NULL, NULL, NULL, NULL, NULL, NULL, NULL, NULL, NULL, 6, '2016-05-30 17:17:14', 56, 17, 4, '001-14-07-003-000056', 'formal_shirt_1orange-1_o_cl_', 'formal_shirt_1orange-1_o_cl__nahar-fashion', 'Formal Shirt', 1, NULL, NULL, NULL, NULL, 0, NULL, NULL, NULL, NULL),
(73, 'Formal Shirt', 'formal-shirt-1botton-green-m-2-cl-nahar-fashion', 22, '2016-05-30 13:52:01', 1, NULL, NULL, NULL, NULL, 2, NULL, NULL, NULL, NULL, NULL, NULL, NULL, NULL, NULL, NULL, 6, '2016-05-30 17:17:14', 57, 21, 4, '001-15-11-003-000057', 'formal_shirt_1botton-green_m-2_cl_', 'formal_shirt_1botton-green_m-2_cl__nahar-fashion', 'Formal Shirt', 1, NULL, NULL, NULL, NULL, 0, NULL, NULL, NULL, NULL),
(74, 'Formal Shirt', 'formal-shirt-1silver-1-16-1-is-nahar-fashion', 10, '2016-05-30 13:52:02', 1, NULL, NULL, NULL, NULL, 2, NULL, NULL, NULL, NULL, NULL, NULL, NULL, NULL, NULL, NULL, 7, '2016-05-30 17:17:14', 58, 13, 4, '001-03-03-004-000058', 'formal_shirt_1silver-1_16-1_is_', 'formal_shirt_1silver-1_16-1_is__nahar-fashion', 'Formal Shirt', 1, NULL, NULL, NULL, NULL, 0, NULL, NULL, NULL, NULL),
(75, 'Formal Shirt', 'formal-shirt-1golden-16-5-1-is-nahar-fashion', 23, '2016-05-30 13:52:02', 1, NULL, NULL, NULL, NULL, 2, NULL, NULL, NULL, NULL, NULL, NULL, NULL, NULL, NULL, NULL, 7, '2016-05-30 17:17:14', 59, 11, 4, '001-16-01-004-000059', 'formal_shirt_1golden_16-5-1_is_', 'formal_shirt_1golden_16-5-1_is__nahar-fashion', 'Formal Shirt', 1, NULL, NULL, NULL, NULL, 0, NULL, NULL, NULL, NULL),
(76, 'Formal Shirt', 'formal-shirt-1golden-15-5-1-is-nahar-fashion', 23, '2016-05-30 13:52:02', 1, NULL, NULL, NULL, NULL, 2, NULL, NULL, NULL, NULL, NULL, NULL, NULL, NULL, NULL, NULL, 7, '2016-05-30 17:17:14', 60, 12, 4, '001-16-02-004-000060', 'formal_shirt_1golden_15-5-1_is_', 'formal_shirt_1golden_15-5-1_is__nahar-fashion', 'Formal Shirt', 1, NULL, NULL, NULL, NULL, 0, NULL, NULL, NULL, NULL),
(77, 'Formal Shirt', 'formal-shirt-1coffy-16-1-is-nahar-fashion', 18, '2016-05-30 13:52:02', 1, NULL, NULL, NULL, NULL, 2, NULL, NULL, NULL, NULL, NULL, NULL, NULL, NULL, NULL, NULL, 7, '2016-05-30 17:17:14', 61, 13, 4, '001-11-03-004-000061', 'formal_shirt_1coffy_16-1_is_', 'formal_shirt_1coffy_16-1_is__nahar-fashion', 'Formal Shirt', 1, NULL, NULL, NULL, NULL, 0, NULL, NULL, NULL, NULL),
(78, 'Formal Shirt', 'formal-shirt-1coffy-16-5-1-is-nahar-fashion', 18, '2016-05-30 13:52:02', 1, NULL, NULL, NULL, NULL, 2, NULL, NULL, NULL, NULL, NULL, NULL, NULL, NULL, NULL, NULL, 7, '2016-05-30 17:17:14', 62, 11, 4, '001-11-01-004-000062', 'formal_shirt_1coffy_16-5-1_is_', 'formal_shirt_1coffy_16-5-1_is__nahar-fashion', 'Formal Shirt', 1, NULL, NULL, NULL, NULL, 0, NULL, NULL, NULL, NULL),
(79, 'Formal Shirt', 'formal-shirt-1pink-1-16-1-is-nahar-fashion', 9, '2016-05-30 13:52:03', 1, NULL, NULL, NULL, NULL, 2, NULL, NULL, NULL, NULL, NULL, NULL, NULL, NULL, NULL, NULL, 7, '2016-05-30 17:17:14', 63, 13, 4, '001-02-03-004-000063', 'formal_shirt_1pink-1_16-1_is_', 'formal_shirt_1pink-1_16-1_is__nahar-fashion', 'Formal Shirt', 1, NULL, NULL, NULL, NULL, 0, NULL, NULL, NULL, NULL),
(80, 'Formal Shirt', 'formal-shirt-1purple-1-16-1-is-nahar-fashion', 8, '2016-05-30 13:52:03', 1, NULL, NULL, NULL, NULL, 2, NULL, NULL, NULL, NULL, NULL, NULL, NULL, NULL, NULL, NULL, 7, '2016-05-30 17:17:14', 64, 13, 4, '001-01-03-004-000064', 'formal_shirt_1purple-1_16-1_is_', 'formal_shirt_1purple-1_16-1_is__nahar-fashion', 'Formal Shirt', 1, NULL, NULL, NULL, NULL, 0, NULL, NULL, NULL, NULL),
(81, 'Formal Shirt', 'formal-shirt-1mixed-15-1-is-nahar-fashion', 12, '2016-05-30 13:52:03', 1, NULL, NULL, NULL, NULL, 2, NULL, NULL, NULL, NULL, NULL, NULL, NULL, NULL, NULL, NULL, 7, '2016-05-30 17:17:14', 65, 14, 4, '001-05-04-004-000065', 'formal_shirt_1mixed_15-1_is_', 'formal_shirt_1mixed_15-1_is__nahar-fashion', 'Formal Shirt', 1, NULL, NULL, NULL, NULL, 0, NULL, NULL, NULL, NULL),
(82, 'Formal Shirt', 'formal-shirt-1default-16-1-is-nahar-fashion', 24, '2016-05-30 13:52:03', 1, NULL, NULL, NULL, NULL, 2, NULL, NULL, NULL, NULL, NULL, NULL, NULL, NULL, NULL, NULL, 7, '2016-05-30 17:17:14', 66, 13, 4, '001-17-03-004-000066', 'formal_shirt_1default_16-1_is_', 'formal_shirt_1default_16-1_is__nahar-fashion', 'Formal Shirt', 1, NULL, NULL, NULL, NULL, 0, NULL, NULL, NULL, NULL),
(83, 'Casual Shirt', 'casual-shirtpink-1-xl-1-rm-nahar-fashion', 9, '2016-05-30 13:52:03', 1, NULL, NULL, NULL, NULL, 2, NULL, NULL, NULL, NULL, NULL, NULL, NULL, NULL, NULL, NULL, 8, '2016-05-30 17:17:14', 67, 22, 5, '002-02-12-005-000067', 'casual_shirtpink-1_xl-1_rm_', 'casual_shirtpink-1_xl-1_rm__nahar-fashion', 'Casual Shirt', 1, NULL, NULL, NULL, NULL, 0, NULL, NULL, NULL, NULL),
(84, 'Casual Shirt', 'casual-shirtblue-1-l-1-rm-nahar-fashion', 15, '2016-05-30 13:52:04', 1, NULL, NULL, NULL, NULL, 2, NULL, NULL, NULL, NULL, NULL, NULL, NULL, NULL, NULL, NULL, 8, '2016-05-30 17:17:14', 68, 23, 5, '002-08-13-005-000068', 'casual_shirtblue-1_l-1_rm_', 'casual_shirtblue-1_l-1_rm__nahar-fashion', 'Casual Shirt', 1, NULL, NULL, NULL, NULL, 0, NULL, NULL, NULL, NULL),
(85, 'Casual Shirt', 'casual-shirtcoffy-xl-1-rm-nahar-fashion', 18, '2016-05-30 13:52:04', 1, NULL, NULL, NULL, NULL, 2, NULL, NULL, NULL, NULL, NULL, NULL, NULL, NULL, NULL, NULL, 8, '2016-05-30 17:17:14', 69, 22, 5, '002-11-12-005-000069', 'casual_shirtcoffy_xl-1_rm_', 'casual_shirtcoffy_xl-1_rm__nahar-fashion', 'Casual Shirt', 1, NULL, NULL, NULL, NULL, 0, NULL, NULL, NULL, NULL),
(86, 'Casual Shirt', 'casual-shirtsilver-1-l-1-rm-nahar-fashion', 10, '2016-05-30 13:52:04', 1, NULL, NULL, NULL, NULL, 2, NULL, NULL, NULL, NULL, NULL, NULL, NULL, NULL, NULL, NULL, 8, '2016-05-30 17:17:14', 70, 23, 5, '002-03-13-005-000070', 'casual_shirtsilver-1_l-1_rm_', 'casual_shirtsilver-1_l-1_rm__nahar-fashion', 'Casual Shirt', 2, NULL, NULL, NULL, NULL, 0, NULL, NULL, NULL, NULL),
(87, 'Casual Shirt', 'casual-shirtsilver-1-xl-1-rm-nahar-fashion', 10, '2016-05-30 13:52:04', 1, NULL, NULL, NULL, NULL, 2, NULL, NULL, NULL, NULL, NULL, NULL, NULL, NULL, NULL, NULL, 8, '2016-05-30 17:17:14', 71, 22, 5, '002-03-12-005-000071', 'casual_shirtsilver-1_xl-1_rm_', 'casual_shirtsilver-1_xl-1_rm__nahar-fashion', 'Casual Shirt', 1, NULL, NULL, NULL, NULL, 0, NULL, NULL, NULL, NULL),
(88, 'Casual Shirt', 'casual-shirtsilver-1-m-2-rm-nahar-fashion', 10, '2016-05-30 13:52:05', 1, NULL, NULL, NULL, NULL, 2, NULL, NULL, NULL, NULL, NULL, NULL, NULL, NULL, NULL, NULL, 8, '2016-05-30 17:17:14', 72, 21, 5, '002-03-11-005-000072', 'casual_shirtsilver-1_m-2_rm_', 'casual_shirtsilver-1_m-2_rm__nahar-fashion', 'Casual Shirt', 2, NULL, NULL, NULL, NULL, 0, NULL, NULL, NULL, NULL),
(89, 'Casual Shirt', 'casual-shirtmixed-l-1-rm-nahar-fashion', 12, '2016-05-30 13:52:05', 1, NULL, NULL, NULL, NULL, 2, NULL, NULL, NULL, NULL, NULL, NULL, NULL, NULL, NULL, NULL, 8, '2016-05-30 17:17:14', 73, 23, 5, '002-05-13-005-000073', 'casual_shirtmixed_l-1_rm_', 'casual_shirtmixed_l-1_rm__nahar-fashion', 'Casual Shirt', 1, NULL, NULL, NULL, NULL, 0, NULL, NULL, NULL, NULL),
(90, 'Casual Shirt', 'casual-shirtred-1-xl-1-rm-nahar-fashion', 11, '2016-05-30 13:52:05', 1, NULL, NULL, NULL, NULL, 2, NULL, NULL, NULL, NULL, NULL, NULL, NULL, NULL, NULL, NULL, 8, '2016-05-30 17:17:14', 74, 22, 5, '002-04-12-005-000074', 'casual_shirtred-1_xl-1_rm_', 'casual_shirtred-1_xl-1_rm__nahar-fashion', 'Casual Shirt', 1, NULL, NULL, NULL, NULL, 0, NULL, NULL, NULL, NULL),
(91, 'Casual Shirt', 'casual-shirtblue-1-l-1-default-nahar-fashion', 15, '2016-05-30 13:52:05', 1, NULL, NULL, NULL, NULL, 2, NULL, NULL, NULL, NULL, NULL, NULL, NULL, NULL, NULL, NULL, 9, '2016-05-30 17:17:14', 75, 23, 5, '002-08-13-006-000075', 'casual_shirtblue-1_l-1_default_', 'casual_shirtblue-1_l-1_default__nahar-fashion', 'Casual Shirt', 1, NULL, NULL, NULL, NULL, 0, NULL, NULL, NULL, NULL),
(92, 'Casual Shirt', 'casual-shirtmixed-16-5-1-rm-nahar-fashion', 12, '2016-05-30 13:52:05', 1, NULL, NULL, NULL, NULL, 2, NULL, NULL, NULL, NULL, NULL, NULL, NULL, NULL, NULL, NULL, 8, '2016-05-30 17:17:14', 76, 11, 5, '002-05-01-005-000076', 'casual_shirtmixed_16-5-1_rm_', 'casual_shirtmixed_16-5-1_rm__nahar-fashion', 'Casual Shirt', 1, NULL, NULL, NULL, NULL, 0, NULL, NULL, NULL, NULL),
(93, 'Casual Shirt', 'casual-shirtmixed-15-5-1-rm-nahar-fashion', 12, '2016-05-30 13:52:06', 1, NULL, NULL, NULL, NULL, 2, NULL, NULL, NULL, NULL, NULL, NULL, NULL, NULL, NULL, NULL, 8, '2016-05-30 17:17:14', 77, 12, 5, '002-05-02-005-000077', 'casual_shirtmixed_15-5-1_rm_', 'casual_shirtmixed_15-5-1_rm__nahar-fashion', 'Casual Shirt', 1, NULL, NULL, NULL, NULL, 0, NULL, NULL, NULL, NULL),
(94, 'Casual Shirt', 'casual-shirtsilver-1-m-2-cm-nahar-fashion', 10, '2016-05-30 13:52:06', 1, NULL, NULL, NULL, NULL, 2, NULL, NULL, NULL, NULL, NULL, NULL, NULL, NULL, NULL, NULL, 5, '2016-05-30 17:17:14', 78, 21, 5, '002-03-11-002-000078', 'casual_shirtsilver-1_m-2_cm_', 'casual_shirtsilver-1_m-2_cm__nahar-fashion', 'Casual Shirt', 1, NULL, NULL, NULL, NULL, 0, NULL, NULL, NULL, NULL),
(95, 'Casual Shirt', 'casual-shirtblue-1-l-1-cm-nahar-fashion', 15, '2016-05-30 13:52:06', 1, NULL, NULL, NULL, NULL, 2, NULL, NULL, NULL, NULL, NULL, NULL, NULL, NULL, NULL, NULL, 5, '2016-05-30 17:17:14', 79, 23, 5, '002-08-13-002-000079', 'casual_shirtblue-1_l-1_cm_', 'casual_shirtblue-1_l-1_cm__nahar-fashion', 'Casual Shirt', 4, NULL, NULL, NULL, NULL, 0, NULL, NULL, NULL, NULL),
(96, 'Casual Shirt', 'casual-shirtblue-1-xl-1-cm-nahar-fashion', 15, '2016-05-30 13:52:06', 1, NULL, NULL, NULL, NULL, 2, NULL, NULL, NULL, NULL, NULL, NULL, NULL, NULL, NULL, NULL, 5, '2016-05-30 17:17:14', 80, 22, 5, '002-08-12-002-000080', 'casual_shirtblue-1_xl-1_cm_', 'casual_shirtblue-1_xl-1_cm__nahar-fashion', 'Casual Shirt', 2, NULL, NULL, NULL, NULL, 0, NULL, NULL, NULL, NULL),
(97, 'Casual Shirt', 'casual-shirtblue-1-m-2-cm-nahar-fashion', 15, '2016-05-30 13:52:06', 1, NULL, NULL, NULL, NULL, 2, NULL, NULL, NULL, NULL, NULL, NULL, NULL, NULL, NULL, NULL, 5, '2016-05-30 17:17:14', 81, 21, 5, '002-08-11-002-000081', 'casual_shirtblue-1_m-2_cm_', 'casual_shirtblue-1_m-2_cm__nahar-fashion', 'Casual Shirt', 2, NULL, NULL, NULL, NULL, 0, NULL, NULL, NULL, NULL),
(98, 'Casual Shirt', 'casual-shirtmixed-m-2-cm-nahar-fashion', 12, '2016-05-30 13:52:07', 1, NULL, NULL, NULL, NULL, 2, NULL, NULL, NULL, NULL, NULL, NULL, NULL, NULL, NULL, NULL, 5, '2016-05-30 17:17:14', 82, 21, 5, '002-05-11-002-000082', 'casual_shirtmixed_m-2_cm_', 'casual_shirtmixed_m-2_cm__nahar-fashion', 'Casual Shirt', 2, NULL, NULL, NULL, NULL, 0, NULL, NULL, NULL, NULL),
(99, 'Casual Shirt', 'casual-shirtred-1-l-1-cm-nahar-fashion', 11, '2016-05-30 13:52:07', 1, NULL, NULL, NULL, NULL, 2, NULL, NULL, NULL, NULL, NULL, NULL, NULL, NULL, NULL, NULL, 5, '2016-05-30 17:17:14', 83, 23, 5, '002-04-13-002-000083', 'casual_shirtred-1_l-1_cm_', 'casual_shirtred-1_l-1_cm__nahar-fashion', 'Casual Shirt', 1, NULL, NULL, NULL, NULL, 0, NULL, NULL, NULL, NULL),
(100, 'Casual Shirt', 'casual-shirtred-1-m-2-cm-nahar-fashion', 11, '2016-05-30 13:52:07', 1, NULL, NULL, NULL, NULL, 2, NULL, NULL, NULL, NULL, NULL, NULL, NULL, NULL, NULL, NULL, 5, '2016-05-30 17:17:14', 84, 21, 5, '002-04-11-002-000084', 'casual_shirtred-1_m-2_cm_', 'casual_shirtred-1_m-2_cm__nahar-fashion', 'Casual Shirt', 1, NULL, NULL, NULL, NULL, 0, NULL, NULL, NULL, NULL),
(101, 'Casual Shirt', 'casual-shirtmixed-xl-1-cm-nahar-fashion', 12, '2016-05-30 13:52:07', 1, NULL, NULL, NULL, NULL, 2, NULL, NULL, NULL, NULL, NULL, NULL, NULL, NULL, NULL, NULL, 5, '2016-05-30 17:17:14', 85, 22, 5, '002-05-12-002-000085', 'casual_shirtmixed_xl-1_cm_', 'casual_shirtmixed_xl-1_cm__nahar-fashion', 'Casual Shirt', 2, NULL, NULL, NULL, NULL, 0, NULL, NULL, NULL, NULL),
(102, 'Casual Shirt', 'casual-shirtmixed-l-1-cm-nahar-fashion', 12, '2016-05-30 13:52:08', 1, NULL, NULL, NULL, NULL, 2, NULL, NULL, NULL, NULL, NULL, NULL, NULL, NULL, NULL, NULL, 5, '2016-05-30 17:17:14', 86, 23, 5, '002-05-13-002-000086', 'casual_shirtmixed_l-1_cm_', 'casual_shirtmixed_l-1_cm__nahar-fashion', 'Casual Shirt', 1, NULL, NULL, NULL, NULL, 0, NULL, NULL, NULL, NULL),
(103, 'Casual Shirt', 'casual-shirtmixed-16-1-cm-nahar-fashion', 12, '2016-05-30 13:52:08', 1, NULL, NULL, NULL, NULL, 2, NULL, NULL, NULL, NULL, NULL, NULL, NULL, NULL, NULL, NULL, 5, '2016-05-30 17:17:14', 87, 13, 5, '002-05-03-002-000087', 'casual_shirtmixed_16-1_cm_', 'casual_shirtmixed_16-1_cm__nahar-fashion', 'Casual Shirt', 1, NULL, NULL, NULL, NULL, 0, NULL, NULL, NULL, NULL),
(104, 'Casual Shirt', 'casual-shirtblack-1-15-1-cm-nahar-fashion', 13, '2016-05-30 13:52:08', 1, NULL, NULL, NULL, NULL, 2, NULL, NULL, NULL, NULL, NULL, NULL, NULL, NULL, NULL, NULL, 5, '2016-05-30 17:17:14', 88, 14, 5, '002-06-04-002-000088', 'casual_shirtblack-1_15-1_cm_', 'casual_shirtblack-1_15-1_cm__nahar-fashion', 'Casual Shirt', 1, NULL, NULL, NULL, NULL, 0, NULL, NULL, NULL, NULL),
(105, 'Casual Shirt', 'casual-shirtmixed-15-5-1-gb-1-nahar-fashion', 12, '2016-05-30 13:52:08', 1, NULL, NULL, NULL, NULL, 2, NULL, NULL, NULL, NULL, NULL, NULL, NULL, NULL, NULL, NULL, 4, '2016-05-30 17:17:14', 89, 12, 5, '002-05-02-001-000089', 'casual_shirtmixed_15-5-1_gb-1_', 'casual_shirtmixed_15-5-1_gb-1__nahar-fashion', 'Casual Shirt', 1, NULL, NULL, NULL, NULL, 0, NULL, NULL, NULL, NULL),
(106, 'Casual Shirt', 'casual-shirtmixed-16-5-1-gb-1-nahar-fashion', 12, '2016-05-30 13:52:08', 1, NULL, NULL, NULL, NULL, 2, NULL, NULL, NULL, NULL, NULL, NULL, NULL, NULL, NULL, NULL, 4, '2016-05-30 17:17:14', 90, 11, 5, '002-05-01-001-000090', 'casual_shirtmixed_16-5-1_gb-1_', 'casual_shirtmixed_16-5-1_gb-1__nahar-fashion', 'Casual Shirt', 1, NULL, NULL, NULL, NULL, 0, NULL, NULL, NULL, NULL),
(107, 'Casual Shirt', 'casual-shirtwhite-15-5-1-gb-1-nahar-fashion', 14, '2016-05-30 13:52:09', 1, NULL, NULL, NULL, NULL, 2, NULL, NULL, NULL, NULL, NULL, NULL, NULL, NULL, NULL, NULL, 4, '2016-05-30 17:17:14', 91, 12, 5, '002-07-02-001-000091', 'casual_shirtwhite_15-5-1_gb-1_', 'casual_shirtwhite_15-5-1_gb-1__nahar-fashion', 'Casual Shirt', 1, NULL, NULL, NULL, NULL, 0, NULL, NULL, NULL, NULL),
(108, 'Casual Shirt', 'casual-shirtsky-blue-16-1-cm-nahar-fashion', 19, '2016-05-30 13:52:09', 1, NULL, NULL, NULL, NULL, 2, NULL, NULL, NULL, NULL, NULL, NULL, NULL, NULL, NULL, NULL, 5, '2016-05-30 17:17:14', 92, 13, 5, '002-12-03-002-000092', 'casual_shirtsky-blue_16-1_cm_', 'casual_shirtsky-blue_16-1_cm__nahar-fashion', 'Casual Shirt', 1, NULL, NULL, NULL, NULL, 0, NULL, NULL, NULL, NULL),
(109, 'Casual Shirt', 'casual-shirtwhite-xl-1-cm-nahar-fashion', 14, '2016-05-30 13:52:09', 1, NULL, NULL, NULL, NULL, 2, NULL, NULL, NULL, NULL, NULL, NULL, NULL, NULL, NULL, NULL, 5, '2016-05-30 17:17:14', 93, 22, 5, '002-07-12-002-000093', 'casual_shirtwhite_xl-1_cm_', 'casual_shirtwhite_xl-1_cm__nahar-fashion', 'Casual Shirt', 1, NULL, NULL, NULL, NULL, 0, NULL, NULL, NULL, NULL),
(110, 'Full Tshirt', 'full-tshirtpink-1-f-ex-nahar-fashion', 9, '2016-05-30 13:52:09', 1, NULL, NULL, NULL, NULL, 2, NULL, NULL, NULL, NULL, NULL, NULL, NULL, NULL, NULL, NULL, 10, '2016-05-30 17:17:14', 94, 24, 6, '003-02-14-007-000094', 'full_tshirtpink-1_f_ex_', 'full_tshirtpink-1_f_ex__nahar-fashion', 'Full Tshirt', 1, NULL, NULL, NULL, NULL, 0, NULL, NULL, NULL, NULL),
(111, 'Full Tshirt', 'full-tshirtmixed-f-ex-nahar-fashion', 12, '2016-05-30 13:52:10', 1, NULL, NULL, NULL, NULL, 2, NULL, NULL, NULL, NULL, NULL, NULL, NULL, NULL, NULL, NULL, 10, '2016-05-30 17:17:14', 95, 24, 6, '003-05-14-007-000095', 'full_tshirtmixed_f_ex_', 'full_tshirtmixed_f_ex__nahar-fashion', 'Full Tshirt', 9, NULL, NULL, NULL, NULL, 0, NULL, NULL, NULL, NULL),
(112, 'Full Tshirt', 'full-tshirtsky-blue-xl-1-ht-nahar-fashion', 19, '2016-05-30 13:52:10', 1, NULL, NULL, NULL, NULL, 2, NULL, NULL, NULL, NULL, NULL, NULL, NULL, NULL, NULL, NULL, 11, '2016-05-30 17:17:14', 96, 22, 6, '003-12-12-008-000096', 'full_tshirtsky-blue_xl-1_ht_', 'full_tshirtsky-blue_xl-1_ht__nahar-fashion', 'Full Tshirt', 1, NULL, NULL, NULL, NULL, 0, NULL, NULL, NULL, NULL),
(113, 'Full Tshirt', 'full-tshirtyellow-f-ht-nahar-fashion', 16, '2016-05-30 13:52:10', 1, NULL, NULL, NULL, NULL, 2, NULL, NULL, NULL, NULL, NULL, NULL, NULL, NULL, NULL, NULL, 11, '2016-05-30 17:17:14', 97, 24, 6, '003-09-14-008-000097', 'full_tshirtyellow_f_ht_', 'full_tshirtyellow_f_ht__nahar-fashion', 'Full Tshirt', 1, NULL, NULL, NULL, NULL, 0, NULL, NULL, NULL, NULL),
(114, 'Full Tshirt', 'full-tshirtgreen-m-2-ab-nahar-fashion', 17, '2016-05-30 13:52:11', 1, NULL, NULL, NULL, NULL, 2, NULL, NULL, NULL, NULL, NULL, NULL, NULL, NULL, NULL, NULL, 12, '2016-05-30 17:17:14', 98, 21, 6, '003-10-11-009-000098', 'full_tshirtgreen_m-2_ab_', 'full_tshirtgreen_m-2_ab__nahar-fashion', 'Full Tshirt', 1, NULL, NULL, NULL, NULL, 0, NULL, NULL, NULL, NULL),
(115, 'Full Tshirt', 'full-tshirtblack-1-xl-1-ht-nahar-fashion', 13, '2016-05-30 13:52:12', 1, NULL, NULL, NULL, NULL, 2, NULL, NULL, NULL, NULL, NULL, NULL, NULL, NULL, NULL, NULL, 11, '2016-05-30 17:17:14', 99, 22, 6, '003-06-12-008-000099', 'full_tshirtblack-1_xl-1_ht_', 'full_tshirtblack-1_xl-1_ht__nahar-fashion', 'Full Tshirt', 1, NULL, NULL, NULL, NULL, 0, NULL, NULL, NULL, NULL),
(116, 'Full Tshirt', 'full-tshirtsilver-1-f-sf-nahar-fashion', 10, '2016-05-30 13:52:12', 1, NULL, NULL, NULL, NULL, 2, NULL, NULL, NULL, NULL, NULL, NULL, NULL, NULL, NULL, NULL, 13, '2016-05-30 17:17:14', 100, 24, 6, '003-03-14-010-000100', 'full_tshirtsilver-1_f_sf_', 'full_tshirtsilver-1_f_sf__nahar-fashion', 'Full Tshirt', 1, NULL, NULL, NULL, NULL, 0, NULL, NULL, NULL, NULL),
(117, 'Full Tshirt', 'full-tshirtmixed-xl-1-ht-nahar-fashion', 12, '2016-05-30 13:52:12', 1, NULL, NULL, NULL, NULL, 2, NULL, NULL, NULL, NULL, NULL, NULL, NULL, NULL, NULL, NULL, 11, '2016-05-30 17:17:14', 101, 22, 6, '003-05-12-008-000101', 'full_tshirtmixed_xl-1_ht_', 'full_tshirtmixed_xl-1_ht__nahar-fashion', 'Full Tshirt', 3, NULL, NULL, NULL, NULL, 0, NULL, NULL, NULL, NULL),
(118, 'Full Tshirt', 'full-tshirtgreen-f-ht-nahar-fashion', 17, '2016-05-30 13:52:13', 1, NULL, NULL, NULL, NULL, 2, NULL, NULL, NULL, NULL, NULL, NULL, NULL, NULL, NULL, NULL, 11, '2016-05-30 17:17:14', 102, 24, 6, '003-10-14-008-000102', 'full_tshirtgreen_f_ht_', 'full_tshirtgreen_f_ht__nahar-fashion', 'Full Tshirt', 1, NULL, NULL, NULL, NULL, 0, NULL, NULL, NULL, NULL),
(119, 'Full Tshirt', 'full-tshirtblack-1-f-ht-nahar-fashion', 13, '2016-05-30 13:52:13', 1, NULL, NULL, NULL, NULL, 2, NULL, NULL, NULL, NULL, NULL, NULL, NULL, NULL, NULL, NULL, 11, '2016-05-30 17:17:14', 103, 24, 6, '003-06-14-008-000103', 'full_tshirtblack-1_f_ht_', 'full_tshirtblack-1_f_ht__nahar-fashion', 'Full Tshirt', 1, NULL, NULL, NULL, NULL, 0, NULL, NULL, NULL, NULL),
(120, 'Full Tshirt', 'full-tshirtred-1-f-ht-nahar-fashion', 11, '2016-05-30 13:52:13', 1, NULL, NULL, NULL, NULL, 2, NULL, NULL, NULL, NULL, NULL, NULL, NULL, NULL, NULL, NULL, 11, '2016-05-30 17:17:14', 104, 24, 6, '003-04-14-008-000104', 'full_tshirtred-1_f_ht_', 'full_tshirtred-1_f_ht__nahar-fashion', 'Full Tshirt', 1, NULL, NULL, NULL, NULL, 0, NULL, NULL, NULL, NULL),
(121, 'Full Polo Tshirt', 'full-polo-tshirtmixed-l-1-fc-1-nahar-fashion', 12, '2016-05-30 13:52:13', 1, NULL, NULL, NULL, NULL, 2, NULL, NULL, NULL, NULL, NULL, NULL, NULL, NULL, NULL, NULL, 14, '2016-05-30 17:17:14', 105, 23, 7, '004-05-13-011-000105', 'full_polo_tshirtmixed_l-1_fc-1_', 'full_polo_tshirtmixed_l-1_fc-1__nahar-fashion', 'Full Polo Tshirt', 1, NULL, NULL, NULL, NULL, 0, NULL, NULL, NULL, NULL),
(122, 'Full Polo Tshirt', 'full-polo-tshirtbrown-m-2-fc-1-nahar-fashion', 20, '2016-05-30 13:52:14', 1, NULL, NULL, NULL, NULL, 2, NULL, NULL, NULL, NULL, NULL, NULL, NULL, NULL, NULL, NULL, 14, '2016-05-30 17:17:14', 106, 21, 7, '004-13-11-011-000106', 'full_polo_tshirtbrown_m-2_fc-1_', 'full_polo_tshirtbrown_m-2_fc-1__nahar-fashion', 'Full Polo Tshirt', 2, NULL, NULL, NULL, NULL, 0, NULL, NULL, NULL, NULL),
(123, 'Full Polo Tshirt', 'full-polo-tshirtblue-1-m-2-fc-1-nahar-fashion', 15, '2016-05-30 13:52:14', 1, NULL, NULL, NULL, NULL, 2, NULL, NULL, NULL, NULL, NULL, NULL, NULL, NULL, NULL, NULL, 14, '2016-05-30 17:17:14', 107, 21, 7, '004-08-11-011-000107', 'full_polo_tshirtblue-1_m-2_fc-1_', 'full_polo_tshirtblue-1_m-2_fc-1__nahar-fashion', 'Full Polo Tshirt', 1, NULL, NULL, NULL, NULL, 0, NULL, NULL, NULL, NULL),
(124, 'Full Polo Tshirt', 'full-polo-tshirtyellow-m-2-fc-1-nahar-fashion', 16, '2016-05-30 13:52:14', 1, NULL, NULL, NULL, NULL, 2, NULL, NULL, NULL, NULL, NULL, NULL, NULL, NULL, NULL, NULL, 14, '2016-05-30 17:17:14', 108, 21, 7, '004-09-11-011-000108', 'full_polo_tshirtyellow_m-2_fc-1_', 'full_polo_tshirtyellow_m-2_fc-1__nahar-fashion', 'Full Polo Tshirt', 1, NULL, NULL, NULL, NULL, 0, NULL, NULL, NULL, NULL),
(125, 'Full Polo Tshirt', 'full-polo-tshirtblack-1-m-2-fc-1-nahar-fashion', 13, '2016-05-30 13:52:14', 1, NULL, NULL, NULL, NULL, 2, NULL, NULL, NULL, NULL, NULL, NULL, NULL, NULL, NULL, NULL, 14, '2016-05-30 17:17:14', 109, 21, 7, '004-06-11-011-000109', 'full_polo_tshirtblack-1_m-2_fc-1_', 'full_polo_tshirtblack-1_m-2_fc-1__nahar-fashion', 'Full Polo Tshirt', 2, NULL, NULL, NULL, NULL, 0, NULL, NULL, NULL, NULL),
(126, 'Full Polo Tshirt', 'full-polo-tshirtbrown-s-fc-1-nahar-fashion', 20, '2016-05-30 13:52:14', 1, NULL, NULL, NULL, NULL, 2, NULL, NULL, NULL, NULL, NULL, NULL, NULL, NULL, NULL, NULL, 14, '2016-06-06 09:13:02', 110, 25, 7, '004-13-15-011-000110', 'full_polo_tshirtbrown_s_fc-1_', 'full_polo_tshirtbrown_s_fc-1__nahar-fashion', 'Full Polo Tshirt', 1, NULL, NULL, NULL, NULL, 1, NULL, NULL, NULL, NULL);
INSERT INTO `Item` (`id`, `name`, `slug`, `color_id`, `created`, `status`, `itemUnit`, `minQnt`, `maxQnt`, `remainingQnt`, `inventoryConfig_id`, `barcode`, `purchasePrice`, `purchaseAvgPrice`, `salesPrice`, `webPrice`, `quantity`, `country_id`, `brand_id`, `path`, `content`, `vendor_id`, `updated`, `code`, `size_id`, `masterItem_id`, `sku`, `skuSlug`, `skuWebSlug`, `webName`, `purchaseQuantity`, `purchaseQuantityReturn`, `salesQuantity`, `salesQuantityReturn`, `purchaseQuantityReplace`, `isWeb`, `ageGroup`, `gender`, `material`, `damageQuantity`) VALUES
(127, 'Full Polo Tshirt', 'full-polo-tshirtblack-1-s-fc-1-nahar-fashion', 13, '2016-05-30 13:52:14', 1, NULL, NULL, NULL, NULL, 2, NULL, NULL, NULL, NULL, NULL, NULL, NULL, NULL, NULL, NULL, 14, '2016-05-30 17:17:14', 111, 25, 7, '004-06-15-011-000111', 'full_polo_tshirtblack-1_s_fc-1_', 'full_polo_tshirtblack-1_s_fc-1__nahar-fashion', 'Full Polo Tshirt', 1, NULL, NULL, NULL, NULL, 0, NULL, NULL, NULL, NULL),
(128, 'Full Polo Tshirt', 'full-polo-tshirtyellow-s-fc-1-nahar-fashion', 16, '2016-05-30 13:52:15', 1, NULL, NULL, NULL, NULL, 2, NULL, NULL, NULL, NULL, NULL, NULL, NULL, NULL, NULL, NULL, 14, '2016-05-30 17:17:14', 112, 25, 7, '004-09-15-011-000112', 'full_polo_tshirtyellow_s_fc-1_', 'full_polo_tshirtyellow_s_fc-1__nahar-fashion', 'Full Polo Tshirt', 1, NULL, NULL, NULL, NULL, 0, NULL, NULL, NULL, NULL),
(129, 'Full Polo Tshirt', 'full-polo-tshirtmixed-xl-1-ht-nahar-fashion', 12, '2016-05-30 13:52:15', 1, NULL, NULL, NULL, NULL, 2, NULL, NULL, NULL, NULL, NULL, NULL, NULL, NULL, NULL, NULL, 11, '2016-05-30 17:17:14', 113, 22, 7, '004-05-12-008-000113', 'full_polo_tshirtmixed_xl-1_ht_', 'full_polo_tshirtmixed_xl-1_ht__nahar-fashion', 'Full Polo Tshirt', 2, NULL, NULL, NULL, NULL, 0, NULL, NULL, NULL, NULL),
(130, 'Full Polo Tshirt', 'full-polo-tshirtmixed-f-ht-nahar-fashion', 12, '2016-05-30 13:52:15', 1, NULL, NULL, NULL, NULL, 2, NULL, NULL, NULL, NULL, NULL, NULL, NULL, NULL, NULL, NULL, 11, '2016-05-30 17:17:14', 114, 24, 7, '004-05-14-008-000114', 'full_polo_tshirtmixed_f_ht_', 'full_polo_tshirtmixed_f_ht__nahar-fashion', 'Full Polo Tshirt', 5, NULL, NULL, NULL, NULL, 0, NULL, NULL, NULL, NULL),
(131, 'Full Polo Tshirt', 'full-polo-tshirtwhite-f-ht-nahar-fashion', 14, '2016-05-30 13:52:15', 1, NULL, NULL, NULL, NULL, 2, NULL, NULL, NULL, NULL, NULL, NULL, NULL, NULL, NULL, NULL, 11, '2016-05-30 17:17:14', 115, 24, 7, '004-07-14-008-000115', 'full_polo_tshirtwhite_f_ht_', 'full_polo_tshirtwhite_f_ht__nahar-fashion', 'Full Polo Tshirt', 1, NULL, NULL, NULL, NULL, 0, NULL, NULL, NULL, NULL),
(132, 'Full Polo Tshirt', 'full-polo-tshirtblack-1-f-ht-nahar-fashion', 13, '2016-05-30 13:52:15', 1, NULL, NULL, NULL, NULL, 2, NULL, NULL, NULL, NULL, NULL, NULL, NULL, NULL, NULL, NULL, 11, '2016-05-30 17:17:14', 116, 24, 7, '004-06-14-008-000116', 'full_polo_tshirtblack-1_f_ht_', 'full_polo_tshirtblack-1_f_ht__nahar-fashion', 'Full Polo Tshirt', 1, NULL, NULL, NULL, NULL, 0, NULL, NULL, NULL, NULL),
(133, 'Full Polo Tshirt', 'full-polo-tshirtmixed-f-ind-mt-nahar-fashion', 12, '2016-05-30 13:52:16', 1, NULL, NULL, NULL, NULL, 2, NULL, NULL, NULL, NULL, NULL, NULL, NULL, NULL, NULL, NULL, 15, '2016-05-30 17:17:14', 117, 24, 7, '004-05-14-012-000117', 'full_polo_tshirtmixed_f_ind-mt_', 'full_polo_tshirtmixed_f_ind-mt__nahar-fashion', 'Full Polo Tshirt', 2, NULL, NULL, NULL, NULL, 0, NULL, NULL, NULL, NULL),
(134, 'Full Polo Tshirt', 'full-polo-tshirtblack-1-s-m-l-xl-xxl-xxxl-ind-mt-nahar-fashion', 13, '2016-05-30 13:52:16', 1, NULL, NULL, NULL, NULL, 2, NULL, NULL, NULL, NULL, NULL, NULL, NULL, NULL, NULL, NULL, 15, '2016-05-30 17:17:14', 118, 26, 7, '004-06-16-012-000118', 'full_polo_tshirtblack-1_s-m-l-xl-xxl-xxxl_ind-mt_', 'full_polo_tshirtblack-1_s-m-l-xl-xxl-xxxl_ind-mt__nahar-fashion', 'Full Polo Tshirt', 1, NULL, NULL, NULL, NULL, 0, NULL, NULL, NULL, NULL),
(135, 'Full Polo Tshirt', 'full-polo-tshirtmixed-s-m-l-xl-xxl-xxxl-ind-mt-nahar-fashion', 12, '2016-05-30 13:52:16', 1, NULL, NULL, NULL, NULL, 2, NULL, NULL, NULL, NULL, NULL, NULL, NULL, NULL, NULL, NULL, 15, '2016-05-30 17:17:14', 119, 26, 7, '004-05-16-012-000119', 'full_polo_tshirtmixed_s-m-l-xl-xxl-xxxl_ind-mt_', 'full_polo_tshirtmixed_s-m-l-xl-xxl-xxxl_ind-mt__nahar-fashion', 'Full Polo Tshirt', 27, NULL, NULL, NULL, NULL, 0, NULL, NULL, NULL, NULL),
(136, 'Full Tshirt', 'full-tshirtmixed-m-2-ab-nahar-fashion', 12, '2016-05-30 13:52:17', 1, NULL, NULL, NULL, NULL, 2, NULL, NULL, NULL, NULL, NULL, NULL, NULL, NULL, NULL, NULL, 12, '2016-05-30 17:17:14', 120, 21, 6, '003-05-11-009-000120', 'full_tshirtmixed_m-2_ab_', 'full_tshirtmixed_m-2_ab__nahar-fashion', 'Full Tshirt', 1, NULL, NULL, NULL, NULL, 0, NULL, NULL, NULL, NULL),
(137, 'Panjabi', 'panjabimerun-44-nk-nahar-fashion', 25, '2016-05-30 13:52:17', 1, NULL, NULL, NULL, NULL, 2, NULL, NULL, NULL, NULL, NULL, NULL, NULL, NULL, NULL, NULL, 16, '2016-05-30 17:17:14', 121, 27, 8, '005-18-17-013-000121', 'panjabimerun_44_nk_', 'panjabimerun_44_nk__nahar-fashion', 'Panjabi', 2, NULL, NULL, NULL, NULL, 0, NULL, NULL, NULL, NULL),
(138, 'Panjabi', 'panjabimerun-45-nk-nahar-fashion', 25, '2016-05-30 13:52:18', 1, NULL, NULL, NULL, NULL, 2, NULL, NULL, NULL, NULL, NULL, NULL, NULL, NULL, NULL, NULL, 16, '2016-05-30 17:17:14', 122, 28, 8, '005-18-18-013-000122', 'panjabimerun_45_nk_', 'panjabimerun_45_nk__nahar-fashion', 'Panjabi', 1, NULL, NULL, NULL, NULL, 0, NULL, NULL, NULL, NULL),
(139, 'Panjabi', 'panjabiwhite-44-nk-nahar-fashion', 14, '2016-05-30 13:52:18', 1, NULL, NULL, NULL, NULL, 2, NULL, NULL, NULL, NULL, NULL, NULL, NULL, NULL, NULL, NULL, 16, '2016-05-30 17:17:14', 123, 27, 8, '005-07-17-013-000123', 'panjabiwhite_44_nk_', 'panjabiwhite_44_nk__nahar-fashion', 'Panjabi', 1, NULL, NULL, NULL, NULL, 0, NULL, NULL, NULL, NULL),
(140, 'Panjabi', 'panjabiwhite-42-nk-nahar-fashion', 14, '2016-05-30 13:52:18', 1, NULL, NULL, NULL, NULL, 2, NULL, NULL, NULL, NULL, NULL, NULL, NULL, NULL, NULL, NULL, 16, '2016-05-30 17:17:14', 124, 29, 8, '005-07-19-013-000124', 'panjabiwhite_42_nk_', 'panjabiwhite_42_nk__nahar-fashion', 'Panjabi', 3, NULL, NULL, NULL, NULL, 0, NULL, NULL, NULL, NULL),
(141, 'Panjabi', 'panjabiwhite-40-nk-nahar-fashion', 14, '2016-05-30 13:52:18', 1, NULL, NULL, NULL, NULL, 2, NULL, NULL, NULL, NULL, NULL, NULL, NULL, NULL, NULL, NULL, 16, '2016-05-30 17:17:14', 125, 30, 8, '005-07-20-013-000125', 'panjabiwhite_40_nk_', 'panjabiwhite_40_nk__nahar-fashion', 'Panjabi', 1, NULL, NULL, NULL, NULL, 0, NULL, NULL, NULL, NULL),
(142, 'Panjabi', 'panjabimerun-42-nk-nahar-fashion', 25, '2016-05-30 13:52:18', 1, NULL, NULL, NULL, NULL, 2, NULL, NULL, NULL, NULL, NULL, NULL, NULL, NULL, NULL, NULL, 16, '2016-05-30 17:17:14', 126, 29, 8, '005-18-19-013-000126', 'panjabimerun_42_nk_', 'panjabimerun_42_nk__nahar-fashion', 'Panjabi', 1, NULL, NULL, NULL, NULL, 0, NULL, NULL, NULL, NULL),
(143, 'Panjabi', 'panjabiligtt-pink-44-nk-nahar-fashion', 26, '2016-05-30 13:52:19', 1, NULL, NULL, NULL, NULL, 2, NULL, NULL, NULL, NULL, NULL, NULL, NULL, NULL, NULL, NULL, 16, '2016-05-30 17:17:14', 127, 27, 8, '005-19-17-013-000127', 'panjabiligtt-pink_44_nk_', 'panjabiligtt-pink_44_nk__nahar-fashion', 'Panjabi', 1, NULL, NULL, NULL, NULL, 0, NULL, NULL, NULL, NULL),
(144, 'Panjabi', 'panjabibiskit-f-nk-nahar-fashion', 27, '2016-05-30 13:52:19', 1, NULL, NULL, NULL, NULL, 2, NULL, NULL, NULL, NULL, NULL, NULL, NULL, NULL, NULL, NULL, 16, '2016-05-30 17:17:14', 128, 24, 8, '005-20-14-013-000128', 'panjabibiskit_f_nk_', 'panjabibiskit_f_nk__nahar-fashion', 'Panjabi', 1, NULL, NULL, NULL, NULL, 0, NULL, NULL, NULL, NULL),
(145, 'Panjabi', 'panjabigreen-44-nk-nahar-fashion', 17, '2016-05-30 13:52:19', 1, NULL, NULL, NULL, NULL, 2, NULL, NULL, NULL, NULL, NULL, NULL, NULL, NULL, NULL, NULL, 16, '2016-05-30 17:17:14', 129, 27, 8, '005-10-17-013-000129', 'panjabigreen_44_nk_', 'panjabigreen_44_nk__nahar-fashion', 'Panjabi', 1, NULL, NULL, NULL, NULL, 0, NULL, NULL, NULL, NULL),
(146, 'Panjabi', 'panjabisilver-1-44-nk-nahar-fashion', 10, '2016-05-30 13:52:19', 1, NULL, NULL, NULL, NULL, 2, NULL, NULL, NULL, NULL, NULL, NULL, NULL, NULL, NULL, NULL, 16, '2016-05-30 17:17:14', 130, 27, 8, '005-03-17-013-000130', 'panjabisilver-1_44_nk_', 'panjabisilver-1_44_nk__nahar-fashion', 'Panjabi', 1, NULL, NULL, NULL, NULL, 0, NULL, NULL, NULL, NULL),
(147, 'Panjabi', 'panjabilight-purple-42-nk-nahar-fashion', 28, '2016-05-30 13:52:20', 1, NULL, NULL, NULL, NULL, 2, NULL, NULL, NULL, NULL, NULL, NULL, NULL, NULL, NULL, NULL, 16, '2016-05-30 17:17:14', 131, 29, 8, '005-21-19-013-000131', 'panjabilight-purple_42_nk_', 'panjabilight-purple_42_nk__nahar-fashion', 'Panjabi', 1, NULL, NULL, NULL, NULL, 0, NULL, NULL, NULL, NULL),
(148, 'Panjabi', 'panjabisky-blue-42-nk-nahar-fashion', 19, '2016-05-30 13:52:20', 1, NULL, NULL, NULL, NULL, 2, NULL, NULL, NULL, NULL, NULL, NULL, NULL, NULL, NULL, NULL, 16, '2016-05-30 17:17:14', 132, 29, 8, '005-12-19-013-000132', 'panjabisky-blue_42_nk_', 'panjabisky-blue_42_nk__nahar-fashion', 'Panjabi', 1, NULL, NULL, NULL, NULL, 0, NULL, NULL, NULL, NULL),
(149, 'Panjabi', 'panjabiofwhite-44-nk-nahar-fashion', 29, '2016-05-30 13:52:20', 1, NULL, NULL, NULL, NULL, 2, NULL, NULL, NULL, NULL, NULL, NULL, NULL, NULL, NULL, NULL, 16, '2016-05-30 17:17:14', 133, 27, 8, '005-22-17-013-000133', 'panjabiofwhite_44_nk_', 'panjabiofwhite_44_nk__nahar-fashion', 'Panjabi', 1, NULL, NULL, NULL, NULL, 0, NULL, NULL, NULL, NULL),
(150, 'Panjabi', 'panjabipest-44-nk-nahar-fashion', 30, '2016-05-30 13:52:21', 1, NULL, NULL, NULL, NULL, 2, NULL, NULL, NULL, NULL, NULL, NULL, NULL, NULL, NULL, NULL, 16, '2016-05-30 17:17:14', 134, 27, 8, '005-23-17-013-000134', 'panjabipest_44_nk_', 'panjabipest_44_nk__nahar-fashion', 'Panjabi', 1, NULL, NULL, NULL, NULL, 0, NULL, NULL, NULL, NULL),
(151, 'Panjabi', 'panjabipest-42-nk-nahar-fashion', 30, '2016-05-30 13:52:21', 1, NULL, NULL, NULL, NULL, 2, NULL, NULL, NULL, NULL, NULL, NULL, NULL, NULL, NULL, NULL, 16, '2016-05-30 17:17:14', 135, 29, 8, '005-23-19-013-000135', 'panjabipest_42_nk_', 'panjabipest_42_nk__nahar-fashion', 'Panjabi', 1, NULL, NULL, NULL, NULL, 0, NULL, NULL, NULL, NULL),
(152, 'Panjabi', 'panjabisilver-1-42-nk-nahar-fashion', 10, '2016-05-30 13:52:21', 1, NULL, NULL, NULL, NULL, 2, NULL, NULL, NULL, NULL, NULL, NULL, NULL, NULL, NULL, NULL, 16, '2016-05-30 17:17:14', 136, 29, 8, '005-03-19-013-000136', 'panjabisilver-1_42_nk_', 'panjabisilver-1_42_nk__nahar-fashion', 'Panjabi', 2, NULL, NULL, NULL, NULL, 0, NULL, NULL, NULL, NULL),
(153, 'Panjabi', 'panjabisky-blue-f-nk-nahar-fashion', 19, '2016-05-30 13:52:21', 1, NULL, NULL, NULL, NULL, 2, NULL, NULL, NULL, NULL, NULL, NULL, NULL, NULL, NULL, NULL, 16, '2016-05-30 17:17:14', 137, 24, 8, '005-12-14-013-000137', 'panjabisky-blue_f_nk_', 'panjabisky-blue_f_nk__nahar-fashion', 'Panjabi', 1, NULL, NULL, NULL, NULL, 0, NULL, NULL, NULL, NULL),
(154, 'Panjabi', 'panjabimixed-l-1-nk-nahar-fashion', 12, '2016-05-30 13:52:22', 1, NULL, NULL, NULL, NULL, 2, NULL, NULL, NULL, NULL, NULL, NULL, NULL, NULL, NULL, NULL, 16, '2016-05-30 17:17:14', 138, 23, 8, '005-05-13-013-000138', 'panjabimixed_l-1_nk_', 'panjabimixed_l-1_nk__nahar-fashion', 'Panjabi', 1, NULL, NULL, NULL, NULL, 0, NULL, NULL, NULL, NULL),
(155, 'Panjabi', 'panjabipurple-1-44-nk-nahar-fashion', 8, '2016-05-30 13:52:22', 1, NULL, NULL, NULL, NULL, 2, NULL, NULL, NULL, NULL, NULL, NULL, NULL, NULL, NULL, NULL, 16, '2016-05-30 17:17:14', 139, 27, 8, '005-01-17-013-000139', 'panjabipurple-1_44_nk_', 'panjabipurple-1_44_nk__nahar-fashion', 'Panjabi', 1, NULL, NULL, NULL, NULL, 0, NULL, NULL, NULL, NULL),
(156, 'Panjabi', 'panjabiolive-40-nk-nahar-fashion', 31, '2016-05-30 13:52:23', 1, NULL, NULL, NULL, NULL, 2, NULL, NULL, NULL, NULL, NULL, NULL, NULL, NULL, NULL, NULL, 16, '2016-05-30 17:17:14', 140, 30, 8, '005-24-20-013-000140', 'panjabiolive_40_nk_', 'panjabiolive_40_nk__nahar-fashion', 'Panjabi', 1, NULL, NULL, NULL, NULL, 0, NULL, NULL, NULL, NULL),
(157, 'Panjabi', 'panjabisky-blue-40-nk-nahar-fashion', 19, '2016-05-30 13:52:23', 1, NULL, NULL, NULL, NULL, 2, NULL, NULL, NULL, NULL, NULL, NULL, NULL, NULL, NULL, NULL, 16, '2016-05-30 17:17:14', 141, 30, 8, '005-12-20-013-000141', 'panjabisky-blue_40_nk_', 'panjabisky-blue_40_nk__nahar-fashion', 'Panjabi', 1, NULL, NULL, NULL, NULL, 0, NULL, NULL, NULL, NULL),
(158, 'Panjabi', 'panjabipest-40-nk-nahar-fashion', 30, '2016-05-30 13:52:23', 1, NULL, NULL, NULL, NULL, 2, NULL, NULL, NULL, NULL, NULL, NULL, NULL, NULL, NULL, NULL, 16, '2016-05-30 17:17:14', 142, 30, 8, '005-23-20-013-000142', 'panjabipest_40_nk_', 'panjabipest_40_nk__nahar-fashion', 'Panjabi', 1, NULL, NULL, NULL, NULL, 0, NULL, NULL, NULL, NULL),
(159, 'Panjabi', 'panjabiofwhite-40-nk-nahar-fashion', 29, '2016-05-30 13:52:23', 1, NULL, NULL, NULL, NULL, 2, NULL, NULL, NULL, NULL, NULL, NULL, NULL, NULL, NULL, NULL, 16, '2016-05-30 17:17:14', 143, 30, 8, '005-22-20-013-000143', 'panjabiofwhite_40_nk_', 'panjabiofwhite_40_nk__nahar-fashion', 'Panjabi', 1, NULL, NULL, NULL, NULL, 0, NULL, NULL, NULL, NULL),
(160, 'Panjabi', 'panjabisky-blue-44-nk-nahar-fashion', 19, '2016-05-30 13:52:23', 1, NULL, NULL, NULL, NULL, 2, NULL, NULL, NULL, NULL, NULL, NULL, NULL, NULL, NULL, NULL, 16, '2016-05-30 17:17:14', 144, 27, 8, '005-12-17-013-000144', 'panjabisky-blue_44_nk_', 'panjabisky-blue_44_nk__nahar-fashion', 'Panjabi', 1, NULL, NULL, NULL, NULL, 0, NULL, NULL, NULL, NULL),
(161, 'Casual Shirt', 'casual-shirt-1white-l-1-ind-ss-nahar-fashion', 14, '2016-05-30 13:52:24', 1, NULL, NULL, NULL, NULL, 2, NULL, NULL, NULL, NULL, NULL, NULL, NULL, NULL, NULL, NULL, 17, '2016-05-30 17:17:14', 145, 23, 9, '006-07-13-014-000145', 'casual_shirt_1white_l-1_ind-ss_', 'casual_shirt_1white_l-1_ind-ss__nahar-fashion', 'Casual Shirt', 1, NULL, NULL, NULL, NULL, 0, NULL, NULL, NULL, NULL),
(162, 'Casual Shirt', 'casual-shirt-1golden-m-2-ind-ss-nahar-fashion', 23, '2016-05-30 13:52:24', 1, NULL, NULL, NULL, NULL, 2, NULL, NULL, NULL, NULL, NULL, NULL, NULL, NULL, NULL, NULL, 17, '2016-05-30 17:17:14', 146, 21, 9, '006-16-11-014-000146', 'casual_shirt_1golden_m-2_ind-ss_', 'casual_shirt_1golden_m-2_ind-ss__nahar-fashion', 'Casual Shirt', 1, NULL, NULL, NULL, NULL, 0, NULL, NULL, NULL, NULL),
(163, 'Casual Shirt', 'casual-shirt-1blue-1-l-1-ind-ss-nahar-fashion', 15, '2016-05-30 13:52:24', 1, NULL, NULL, NULL, NULL, 2, NULL, NULL, NULL, NULL, NULL, NULL, NULL, NULL, NULL, NULL, 17, '2016-05-30 17:17:14', 147, 23, 9, '006-08-13-014-000147', 'casual_shirt_1blue-1_l-1_ind-ss_', 'casual_shirt_1blue-1_l-1_ind-ss__nahar-fashion', 'Casual Shirt', 1, NULL, NULL, NULL, NULL, 0, NULL, NULL, NULL, NULL),
(164, 'Casual Shirt', 'casual-shirt-1blue-1-xl-1-ind-ss-nahar-fashion', 15, '2016-05-30 13:52:25', 1, NULL, NULL, NULL, NULL, 2, NULL, NULL, NULL, NULL, NULL, NULL, NULL, NULL, NULL, NULL, 17, '2016-05-30 17:17:14', 148, 22, 9, '006-08-12-014-000148', 'casual_shirt_1blue-1_xl-1_ind-ss_', 'casual_shirt_1blue-1_xl-1_ind-ss__nahar-fashion', 'Casual Shirt', 1, NULL, NULL, NULL, NULL, 0, NULL, NULL, NULL, NULL),
(165, 'Casual Shirt', 'casual-shirt-1light-orange-l-1-ind-ss-nahar-fashion', 32, '2016-05-30 13:52:25', 1, NULL, NULL, NULL, NULL, 2, NULL, NULL, NULL, NULL, NULL, NULL, NULL, NULL, NULL, NULL, 17, '2016-05-30 17:17:14', 149, 23, 9, '006-25-13-014-000149', 'casual_shirt_1light-orange_l-1_ind-ss_', 'casual_shirt_1light-orange_l-1_ind-ss__nahar-fashion', 'Casual Shirt', 2, NULL, NULL, NULL, NULL, 0, NULL, NULL, NULL, NULL),
(166, 'Casual Shirt', 'casual-shirt-1yellow-xl-1-ind-ss-nahar-fashion', 16, '2016-05-30 13:52:25', 1, NULL, NULL, NULL, NULL, 2, NULL, NULL, NULL, NULL, NULL, NULL, NULL, NULL, NULL, NULL, 17, '2016-05-30 17:17:14', 150, 22, 9, '006-09-12-014-000150', 'casual_shirt_1yellow_xl-1_ind-ss_', 'casual_shirt_1yellow_xl-1_ind-ss__nahar-fashion', 'Casual Shirt', 1, NULL, NULL, NULL, NULL, 0, NULL, NULL, NULL, NULL),
(167, 'Casual Shirt', 'casual-shirt-1sky-blue-m-2-ind-ss-nahar-fashion', 19, '2016-05-30 13:52:25', 1, NULL, NULL, NULL, NULL, 2, NULL, NULL, NULL, NULL, NULL, NULL, NULL, NULL, NULL, NULL, 17, '2016-05-30 17:17:14', 151, 21, 9, '006-12-11-014-000151', 'casual_shirt_1sky-blue_m-2_ind-ss_', 'casual_shirt_1sky-blue_m-2_ind-ss__nahar-fashion', 'Casual Shirt', 1, NULL, NULL, NULL, NULL, 0, NULL, NULL, NULL, NULL),
(168, 'Casual Shirt', 'casual-shirt-1sky-blue-xl-1-ind-ss-nahar-fashion', 19, '2016-05-30 13:52:25', 1, NULL, NULL, NULL, NULL, 2, NULL, NULL, NULL, NULL, NULL, NULL, NULL, NULL, NULL, NULL, 17, '2016-05-30 17:17:14', 152, 22, 9, '006-12-12-014-000152', 'casual_shirt_1sky-blue_xl-1_ind-ss_', 'casual_shirt_1sky-blue_xl-1_ind-ss__nahar-fashion', 'Casual Shirt', 1, NULL, NULL, NULL, NULL, 0, NULL, NULL, NULL, NULL),
(169, 'Casual Shirt', 'casual-shirt-1mixed-xl-1-ind-ss-nahar-fashion', 12, '2016-05-30 13:52:26', 1, NULL, NULL, NULL, NULL, 2, NULL, NULL, NULL, NULL, NULL, NULL, NULL, NULL, NULL, NULL, 17, '2016-05-30 17:17:14', 153, 22, 9, '006-05-12-014-000153', 'casual_shirt_1mixed_xl-1_ind-ss_', 'casual_shirt_1mixed_xl-1_ind-ss__nahar-fashion', 'Casual Shirt', 1, NULL, NULL, NULL, NULL, 0, NULL, NULL, NULL, NULL),
(170, 'Casual Shirt', 'casual-shirt-1mixed-m-2-ind-ss-nahar-fashion', 12, '2016-05-30 13:52:26', 1, NULL, NULL, NULL, NULL, 2, NULL, NULL, NULL, NULL, NULL, NULL, NULL, NULL, NULL, NULL, 17, '2016-05-30 17:17:14', 154, 21, 9, '006-05-11-014-000154', 'casual_shirt_1mixed_m-2_ind-ss_', 'casual_shirt_1mixed_m-2_ind-ss__nahar-fashion', 'Casual Shirt', 1, NULL, NULL, NULL, NULL, 0, NULL, NULL, NULL, NULL),
(171, 'Casual Shirt', 'casual-shirt-1merun-l-1-ind-ss-nahar-fashion', 25, '2016-05-30 13:52:26', 1, NULL, NULL, NULL, NULL, 2, NULL, NULL, NULL, NULL, NULL, NULL, NULL, NULL, NULL, NULL, 17, '2016-05-30 17:17:14', 155, 23, 9, '006-18-13-014-000155', 'casual_shirt_1merun_l-1_ind-ss_', 'casual_shirt_1merun_l-1_ind-ss__nahar-fashion', 'Casual Shirt', 1, NULL, NULL, NULL, NULL, 0, NULL, NULL, NULL, NULL),
(172, 'Casual Shirt', 'casual-shirt-1pink-1-l-1-ind-ss-nahar-fashion', 9, '2016-05-30 13:52:26', 1, NULL, NULL, NULL, NULL, 2, NULL, NULL, NULL, NULL, NULL, NULL, NULL, NULL, NULL, NULL, 17, '2016-05-30 17:17:14', 156, 23, 9, '006-02-13-014-000156', 'casual_shirt_1pink-1_l-1_ind-ss_', 'casual_shirt_1pink-1_l-1_ind-ss__nahar-fashion', 'Casual Shirt', 1, NULL, NULL, NULL, NULL, 0, NULL, NULL, NULL, NULL),
(173, 'Casual Shirt', 'casual-shirt-1white-m-2-ind-div-nahar-fashion', 14, '2016-05-30 13:52:27', 1, NULL, NULL, NULL, NULL, 2, NULL, NULL, NULL, NULL, NULL, NULL, NULL, NULL, NULL, NULL, 18, '2016-05-30 17:17:14', 157, 21, 9, '006-07-11-015-000157', 'casual_shirt_1white_m-2_ind-div_', 'casual_shirt_1white_m-2_ind-div__nahar-fashion', 'Casual Shirt', 2, NULL, NULL, NULL, NULL, 0, NULL, NULL, NULL, NULL),
(174, 'Casual Shirt', 'casual-shirt-1white-l-1-ind-div-nahar-fashion', 14, '2016-05-30 13:52:27', 1, NULL, NULL, NULL, NULL, 2, NULL, NULL, NULL, NULL, NULL, NULL, NULL, NULL, NULL, NULL, 18, '2016-05-30 17:17:14', 158, 23, 9, '006-07-13-015-000158', 'casual_shirt_1white_l-1_ind-div_', 'casual_shirt_1white_l-1_ind-div__nahar-fashion', 'Casual Shirt', 2, NULL, NULL, NULL, NULL, 0, NULL, NULL, NULL, NULL),
(175, 'Casual Shirt', 'casual-shirt-1white-s-ind-div-nahar-fashion', 14, '2016-05-30 13:52:27', 1, NULL, NULL, NULL, NULL, 2, NULL, NULL, NULL, NULL, NULL, NULL, NULL, NULL, NULL, NULL, 18, '2016-05-30 17:17:14', 159, 25, 9, '006-07-15-015-000159', 'casual_shirt_1white_s_ind-div_', 'casual_shirt_1white_s_ind-div__nahar-fashion', 'Casual Shirt', 1, NULL, NULL, NULL, NULL, 0, NULL, NULL, NULL, NULL),
(176, 'Casual Shirt', 'casual-shirt-1yellow-m-2-ind-div-nahar-fashion', 16, '2016-05-30 13:52:27', 1, NULL, NULL, NULL, NULL, 2, NULL, NULL, NULL, NULL, NULL, NULL, NULL, NULL, NULL, NULL, 18, '2016-05-30 17:17:14', 160, 21, 9, '006-09-11-015-000160', 'casual_shirt_1yellow_m-2_ind-div_', 'casual_shirt_1yellow_m-2_ind-div__nahar-fashion', 'Casual Shirt', 1, NULL, NULL, NULL, NULL, 0, NULL, NULL, NULL, NULL),
(177, 'Casual Shirt', 'casual-shirt-1yellow-xl-1-ind-div-nahar-fashion', 16, '2016-05-30 13:52:28', 1, NULL, NULL, NULL, NULL, 2, NULL, NULL, NULL, NULL, NULL, NULL, NULL, NULL, NULL, NULL, 18, '2016-05-30 17:17:14', 161, 22, 9, '006-09-12-015-000161', 'casual_shirt_1yellow_xl-1_ind-div_', 'casual_shirt_1yellow_xl-1_ind-div__nahar-fashion', 'Casual Shirt', 1, NULL, NULL, NULL, NULL, 0, NULL, NULL, NULL, NULL),
(178, 'Casual Shirt', 'casual-shirt-1white-xl-1-ind-div-nahar-fashion', 14, '2016-05-30 13:52:28', 1, NULL, NULL, NULL, NULL, 2, NULL, NULL, NULL, NULL, NULL, NULL, NULL, NULL, NULL, NULL, 18, '2016-05-30 17:17:14', 162, 22, 9, '006-07-12-015-000162', 'casual_shirt_1white_xl-1_ind-div_', 'casual_shirt_1white_xl-1_ind-div__nahar-fashion', 'Casual Shirt', 1, NULL, NULL, NULL, NULL, 0, NULL, NULL, NULL, NULL),
(179, 'Casual Shirt', 'casual-shirt-1black-1-xl-1-ind-div-nahar-fashion', 13, '2016-05-30 13:52:28', 1, NULL, NULL, NULL, NULL, 2, NULL, NULL, NULL, NULL, NULL, NULL, NULL, NULL, NULL, NULL, 18, '2016-05-30 17:17:14', 163, 22, 9, '006-06-12-015-000163', 'casual_shirt_1black-1_xl-1_ind-div_', 'casual_shirt_1black-1_xl-1_ind-div__nahar-fashion', 'Casual Shirt', 1, NULL, NULL, NULL, NULL, 0, NULL, NULL, NULL, NULL),
(180, 'Casual Shirt', 'casual-shirt-1black-1-xxl-ind-div-nahar-fashion', 13, '2016-05-30 13:52:29', 1, NULL, NULL, NULL, NULL, 2, NULL, NULL, NULL, NULL, NULL, NULL, NULL, NULL, NULL, NULL, 18, '2016-05-30 17:17:14', 164, 31, 9, '006-06-21-015-000164', 'casual_shirt_1black-1_xxl_ind-div_', 'casual_shirt_1black-1_xxl_ind-div__nahar-fashion', 'Casual Shirt', 1, NULL, NULL, NULL, NULL, 0, NULL, NULL, NULL, NULL),
(181, 'Casual Shirt', 'casual-shirt-1yellow-l-1-ind-div-nahar-fashion', 16, '2016-05-30 13:52:29', 1, NULL, NULL, NULL, NULL, 2, NULL, NULL, NULL, NULL, NULL, NULL, NULL, NULL, NULL, NULL, 18, '2016-05-30 17:17:14', 165, 23, 9, '006-09-13-015-000165', 'casual_shirt_1yellow_l-1_ind-div_', 'casual_shirt_1yellow_l-1_ind-div__nahar-fashion', 'Casual Shirt', 1, NULL, NULL, NULL, NULL, 0, NULL, NULL, NULL, NULL),
(182, 'Casual Shirt', 'casual-shirt-1mixed-xl-1-ind-div-nahar-fashion', 12, '2016-05-30 13:52:29', 1, NULL, NULL, NULL, NULL, 2, NULL, NULL, NULL, NULL, NULL, NULL, NULL, NULL, NULL, NULL, 18, '2016-05-30 17:17:14', 166, 22, 9, '006-05-12-015-000166', 'casual_shirt_1mixed_xl-1_ind-div_', 'casual_shirt_1mixed_xl-1_ind-div__nahar-fashion', 'Casual Shirt', 4, NULL, NULL, NULL, NULL, 0, NULL, NULL, NULL, NULL),
(183, 'Casual Shirt', 'casual-shirt-1orange-1-xl-1-ind-div-nahar-fashion', 21, '2016-05-30 13:52:29', 1, NULL, NULL, NULL, NULL, 2, NULL, NULL, NULL, NULL, NULL, NULL, NULL, NULL, NULL, NULL, 18, '2016-05-30 17:17:14', 167, 22, 9, '006-14-12-015-000167', 'casual_shirt_1orange-1_xl-1_ind-div_', 'casual_shirt_1orange-1_xl-1_ind-div__nahar-fashion', 'Casual Shirt', 1, NULL, NULL, NULL, NULL, 0, NULL, NULL, NULL, NULL),
(184, 'Casual Shirt', 'casual-shirt-1orange-1-m-2-ind-div-nahar-fashion', 21, '2016-05-30 13:52:30', 1, NULL, NULL, NULL, NULL, 2, NULL, NULL, NULL, NULL, NULL, NULL, NULL, NULL, NULL, NULL, 18, '2016-05-30 17:17:14', 168, 21, 9, '006-14-11-015-000168', 'casual_shirt_1orange-1_m-2_ind-div_', 'casual_shirt_1orange-1_m-2_ind-div__nahar-fashion', 'Casual Shirt', 1, NULL, NULL, NULL, NULL, 0, NULL, NULL, NULL, NULL),
(185, 'Casual Shirt', 'casual-shirt-1orange-1-xxl-ind-div-nahar-fashion', 21, '2016-05-30 13:52:30', 1, NULL, NULL, NULL, NULL, 2, NULL, NULL, NULL, NULL, NULL, NULL, NULL, NULL, NULL, NULL, 18, '2016-05-30 17:17:14', 169, 31, 9, '006-14-21-015-000169', 'casual_shirt_1orange-1_xxl_ind-div_', 'casual_shirt_1orange-1_xxl_ind-div__nahar-fashion', 'Casual Shirt', 1, NULL, NULL, NULL, NULL, 0, NULL, NULL, NULL, NULL),
(186, 'Casual Shirt', 'casual-shirt-1sky-blue-l-1-ind-div-nahar-fashion', 19, '2016-05-30 13:52:30', 1, NULL, NULL, NULL, NULL, 2, NULL, NULL, NULL, NULL, NULL, NULL, NULL, NULL, NULL, NULL, 18, '2016-05-30 17:17:14', 170, 23, 9, '006-12-13-015-000170', 'casual_shirt_1sky-blue_l-1_ind-div_', 'casual_shirt_1sky-blue_l-1_ind-div__nahar-fashion', 'Casual Shirt', 1, NULL, NULL, NULL, NULL, 0, NULL, NULL, NULL, NULL),
(187, 'Casual Shirt', 'casual-shirt-1black-1-l-1-ind-div-nahar-fashion', 13, '2016-05-30 13:52:31', 1, NULL, NULL, NULL, NULL, 2, NULL, NULL, NULL, NULL, NULL, NULL, NULL, NULL, NULL, NULL, 18, '2016-05-30 17:17:14', 171, 23, 9, '006-06-13-015-000171', 'casual_shirt_1black-1_l-1_ind-div_', 'casual_shirt_1black-1_l-1_ind-div__nahar-fashion', 'Casual Shirt', 1, NULL, NULL, NULL, NULL, 0, NULL, NULL, NULL, NULL),
(188, 'Casual Shirt', 'casual-shirt-1mixed-xxl-ind-div-nahar-fashion', 12, '2016-05-30 13:52:31', 1, NULL, NULL, NULL, NULL, 2, NULL, NULL, NULL, NULL, NULL, NULL, NULL, NULL, NULL, NULL, 18, '2016-05-30 17:17:14', 172, 31, 9, '006-05-21-015-000172', 'casual_shirt_1mixed_xxl_ind-div_', 'casual_shirt_1mixed_xxl_ind-div__nahar-fashion', 'Casual Shirt', 2, NULL, NULL, NULL, NULL, 0, NULL, NULL, NULL, NULL),
(189, 'Casual Shirt', 'casual-shirt-1mixed-m-2-ind-div-nahar-fashion', 12, '2016-05-30 13:52:32', 1, NULL, NULL, NULL, NULL, 2, NULL, NULL, NULL, NULL, NULL, NULL, NULL, NULL, NULL, NULL, 18, '2016-05-30 17:17:14', 173, 21, 9, '006-05-11-015-000173', 'casual_shirt_1mixed_m-2_ind-div_', 'casual_shirt_1mixed_m-2_ind-div__nahar-fashion', 'Casual Shirt', 2, NULL, NULL, NULL, NULL, 0, NULL, NULL, NULL, NULL),
(190, 'Casual Shirt', 'casual-shirt-1mixed-l-1-ind-div-nahar-fashion', 12, '2016-05-30 13:52:32', 1, NULL, NULL, NULL, NULL, 2, NULL, NULL, NULL, NULL, NULL, NULL, NULL, NULL, NULL, NULL, 18, '2016-05-30 17:17:14', 174, 23, 9, '006-05-13-015-000174', 'casual_shirt_1mixed_l-1_ind-div_', 'casual_shirt_1mixed_l-1_ind-div__nahar-fashion', 'Casual Shirt', 1, NULL, NULL, NULL, NULL, 0, NULL, NULL, NULL, NULL),
(191, 'Casual Shirt', 'casual-shirt-1pest-xxl-ind-div-nahar-fashion', 30, '2016-05-30 13:52:32', 1, NULL, NULL, NULL, NULL, 2, NULL, NULL, NULL, NULL, NULL, NULL, NULL, NULL, NULL, NULL, 18, '2016-05-30 17:17:14', 175, 31, 9, '006-23-21-015-000175', 'casual_shirt_1pest_xxl_ind-div_', 'casual_shirt_1pest_xxl_ind-div__nahar-fashion', 'Casual Shirt', 1, NULL, NULL, NULL, NULL, 0, NULL, NULL, NULL, NULL),
(192, 'Casual Shirt', 'casual-shirt-1pest-l-1-ind-div-nahar-fashion', 30, '2016-05-30 13:52:33', 1, NULL, NULL, NULL, NULL, 2, NULL, NULL, NULL, NULL, NULL, NULL, NULL, NULL, NULL, NULL, 18, '2016-05-30 17:17:14', 176, 23, 9, '006-23-13-015-000176', 'casual_shirt_1pest_l-1_ind-div_', 'casual_shirt_1pest_l-1_ind-div__nahar-fashion', 'Casual Shirt', 1, NULL, NULL, NULL, NULL, 0, NULL, NULL, NULL, NULL),
(193, 'Casual Shirt', 'casual-shirt-1pest-m-2-ind-div-nahar-fashion', 30, '2016-05-30 13:52:34', 1, NULL, NULL, NULL, NULL, 2, NULL, NULL, NULL, NULL, NULL, NULL, NULL, NULL, NULL, NULL, 18, '2016-05-30 17:17:14', 177, 21, 9, '006-23-11-015-000177', 'casual_shirt_1pest_m-2_ind-div_', 'casual_shirt_1pest_m-2_ind-div__nahar-fashion', 'Casual Shirt', 1, NULL, NULL, NULL, NULL, 0, NULL, NULL, NULL, NULL),
(194, 'Panjabi', 'panjabiwhite-42-np-nahar-fashion', 14, '2016-05-30 13:52:34', 1, NULL, NULL, NULL, NULL, 2, NULL, NULL, NULL, NULL, NULL, NULL, NULL, NULL, NULL, NULL, 19, '2016-05-30 17:17:14', 178, 29, 8, '005-07-19-016-000178', 'panjabiwhite_42_np_', 'panjabiwhite_42_np__nahar-fashion', 'Panjabi', 2, NULL, NULL, NULL, NULL, 0, NULL, NULL, NULL, NULL),
(195, 'Panjabi', 'panjabisilver-1-xl-1-np-nahar-fashion', 10, '2016-05-30 13:52:35', 1, NULL, NULL, NULL, NULL, 2, NULL, NULL, NULL, NULL, NULL, NULL, NULL, NULL, NULL, NULL, 19, '2016-05-30 17:17:14', 179, 22, 8, '005-03-12-016-000179', 'panjabisilver-1_xl-1_np_', 'panjabisilver-1_xl-1_np__nahar-fashion', 'Panjabi', 1, NULL, NULL, NULL, NULL, 0, NULL, NULL, NULL, NULL),
(196, 'Panjabi', 'panjabiwhite-44-np-nahar-fashion', 14, '2016-05-30 13:52:35', 1, NULL, NULL, NULL, NULL, 2, NULL, NULL, NULL, NULL, NULL, NULL, NULL, NULL, NULL, NULL, 19, '2016-05-30 17:17:14', 180, 27, 8, '005-07-17-016-000180', 'panjabiwhite_44_np_', 'panjabiwhite_44_np__nahar-fashion', 'Panjabi', 1, NULL, NULL, NULL, NULL, 0, NULL, NULL, NULL, NULL),
(197, 'Panjabi', 'panjabimixed-38-np-nahar-fashion', 12, '2016-05-30 13:52:35', 1, NULL, NULL, NULL, NULL, 2, NULL, NULL, NULL, NULL, NULL, NULL, NULL, NULL, NULL, NULL, 19, '2016-05-30 17:17:14', 181, 32, 8, '005-05-22-016-000181', 'panjabimixed_38_np_', 'panjabimixed_38_np__nahar-fashion', 'Panjabi', 1, NULL, NULL, NULL, NULL, 0, NULL, NULL, NULL, NULL),
(198, 'Panjabi', 'panjabiolive-40-np-nahar-fashion', 31, '2016-05-30 13:52:36', 1, NULL, NULL, NULL, NULL, 2, NULL, NULL, NULL, NULL, NULL, NULL, NULL, NULL, NULL, NULL, 19, '2016-05-30 17:17:14', 182, 30, 8, '005-24-20-016-000182', 'panjabiolive_40_np_', 'panjabiolive_40_np__nahar-fashion', 'Panjabi', 1, NULL, NULL, NULL, NULL, 0, NULL, NULL, NULL, NULL),
(199, 'Panjabi', 'panjabipurple-1-xxl-np-nahar-fashion', 8, '2016-05-30 13:52:36', 1, NULL, NULL, NULL, NULL, 2, NULL, NULL, NULL, NULL, NULL, NULL, NULL, NULL, NULL, NULL, 19, '2016-05-30 17:17:14', 183, 31, 8, '005-01-21-016-000183', 'panjabipurple-1_xxl_np_', 'panjabipurple-1_xxl_np__nahar-fashion', 'Panjabi', 1, NULL, NULL, NULL, NULL, 0, NULL, NULL, NULL, NULL),
(200, 'Panjabi', 'panjabiolive-xxl-np-nahar-fashion', 31, '2016-05-30 13:52:36', 1, NULL, NULL, NULL, NULL, 2, NULL, NULL, NULL, NULL, NULL, NULL, NULL, NULL, NULL, NULL, 19, '2016-05-30 17:17:14', 184, 31, 8, '005-24-21-016-000184', 'panjabiolive_xxl_np_', 'panjabiolive_xxl_np__nahar-fashion', 'Panjabi', 1, NULL, NULL, NULL, NULL, 0, NULL, NULL, NULL, NULL),
(201, 'Panjabi', 'panjabiwhite-40-np-nahar-fashion', 14, '2016-05-30 13:52:37', 1, NULL, NULL, NULL, NULL, 2, NULL, NULL, NULL, NULL, NULL, NULL, NULL, NULL, NULL, NULL, 19, '2016-05-30 17:17:14', 185, 30, 8, '005-07-20-016-000185', 'panjabiwhite_40_np_', 'panjabiwhite_40_np__nahar-fashion', 'Panjabi', 1, NULL, NULL, NULL, NULL, 0, NULL, NULL, NULL, NULL),
(202, 'Panjabi', 'panjabisilver-1-xxl-np-nahar-fashion', 10, '2016-05-30 13:52:37', 1, NULL, NULL, NULL, NULL, 2, NULL, NULL, NULL, NULL, NULL, NULL, NULL, NULL, NULL, NULL, 19, '2016-05-30 17:17:14', 186, 31, 8, '005-03-21-016-000186', 'panjabisilver-1_xxl_np_', 'panjabisilver-1_xxl_np__nahar-fashion', 'Panjabi', 1, NULL, NULL, NULL, NULL, 0, NULL, NULL, NULL, NULL),
(203, 'Panjabi', 'panjabimixed-m-2-cm-nahar-fashion', 12, '2016-05-30 13:52:37', 1, NULL, NULL, NULL, NULL, 2, NULL, NULL, NULL, NULL, NULL, NULL, NULL, NULL, NULL, NULL, 5, '2016-05-30 17:17:14', 187, 21, 8, '005-05-11-002-000187', 'panjabimixed_m-2_cm_', 'panjabimixed_m-2_cm__nahar-fashion', 'Panjabi', 1, NULL, NULL, NULL, NULL, 0, NULL, NULL, NULL, NULL),
(204, 'Panjabi', 'panjabimixed-l-1-cm-nahar-fashion', 12, '2016-05-30 13:52:38', 1, NULL, NULL, NULL, NULL, 2, NULL, NULL, NULL, NULL, NULL, NULL, NULL, NULL, NULL, NULL, 5, '2016-05-30 17:17:14', 188, 23, 8, '005-05-13-002-000188', 'panjabimixed_l-1_cm_', 'panjabimixed_l-1_cm__nahar-fashion', 'Panjabi', 1, NULL, NULL, NULL, NULL, 0, NULL, NULL, NULL, NULL),
(205, 'Polo Tshirt', 'polo-tshirtofwhite-m-2-jk-nahar-fashion', 29, '2016-05-30 13:52:38', 1, NULL, NULL, NULL, NULL, 2, NULL, NULL, NULL, NULL, NULL, NULL, NULL, NULL, NULL, NULL, 20, '2016-05-30 17:17:14', 189, 21, 10, '007-22-11-017-000189', 'polo_tshirtofwhite_m-2_jk_', 'polo_tshirtofwhite_m-2_jk__nahar-fashion', 'Polo Tshirt', 2, NULL, NULL, NULL, NULL, 0, NULL, NULL, NULL, NULL),
(206, 'Polo Tshirt', 'polo-tshirtgreen-m-2-jk-nahar-fashion', 17, '2016-05-30 13:52:39', 1, NULL, NULL, NULL, NULL, 2, NULL, NULL, NULL, NULL, NULL, NULL, NULL, NULL, NULL, NULL, 20, '2016-05-30 17:17:14', 190, 21, 10, '007-10-11-017-000190', 'polo_tshirtgreen_m-2_jk_', 'polo_tshirtgreen_m-2_jk__nahar-fashion', 'Polo Tshirt', 1, NULL, NULL, NULL, NULL, 0, NULL, NULL, NULL, NULL),
(207, 'Polo Tshirt', 'polo-tshirtpest-m-2-jk-nahar-fashion', 30, '2016-05-30 13:52:39', 1, NULL, NULL, NULL, NULL, 2, NULL, NULL, NULL, NULL, NULL, NULL, NULL, NULL, NULL, NULL, 20, '2016-05-30 17:17:14', 191, 21, 10, '007-23-11-017-000191', 'polo_tshirtpest_m-2_jk_', 'polo_tshirtpest_m-2_jk__nahar-fashion', 'Polo Tshirt', 1, NULL, NULL, NULL, NULL, 0, NULL, NULL, NULL, NULL),
(208, 'Polo Tshirt', 'polo-tshirtblack-1-m-2-jk-nahar-fashion', 13, '2016-05-30 13:52:39', 1, NULL, NULL, NULL, NULL, 2, NULL, NULL, NULL, NULL, NULL, NULL, NULL, NULL, NULL, NULL, 20, '2016-05-30 17:17:14', 192, 21, 10, '007-06-11-017-000192', 'polo_tshirtblack-1_m-2_jk_', 'polo_tshirtblack-1_m-2_jk__nahar-fashion', 'Polo Tshirt', 2, NULL, NULL, NULL, NULL, 0, NULL, NULL, NULL, NULL),
(209, 'Polo Tshirt', 'polo-tshirtsilver-1-m-2-jk-nahar-fashion', 10, '2016-05-30 13:52:40', 1, NULL, NULL, NULL, NULL, 2, NULL, NULL, NULL, NULL, NULL, NULL, NULL, NULL, NULL, NULL, 20, '2016-05-30 17:17:14', 193, 21, 10, '007-03-11-017-000193', 'polo_tshirtsilver-1_m-2_jk_', 'polo_tshirtsilver-1_m-2_jk__nahar-fashion', 'Polo Tshirt', 2, NULL, NULL, NULL, NULL, 0, NULL, NULL, NULL, NULL),
(210, 'Polo Tshirt', 'polo-tshirtblue-1-m-2-jk-nahar-fashion', 15, '2016-05-30 13:52:40', 1, NULL, NULL, NULL, NULL, 2, NULL, NULL, NULL, NULL, NULL, NULL, NULL, NULL, NULL, NULL, 20, '2016-05-30 17:17:14', 194, 21, 10, '007-08-11-017-000194', 'polo_tshirtblue-1_m-2_jk_', 'polo_tshirtblue-1_m-2_jk__nahar-fashion', 'Polo Tshirt', 1, NULL, NULL, NULL, NULL, 0, NULL, NULL, NULL, NULL),
(211, 'Polo Tshirt', 'polo-tshirtcoffy-l-1-jk-nahar-fashion', 18, '2016-05-30 13:52:40', 1, NULL, NULL, NULL, NULL, 2, NULL, NULL, NULL, NULL, NULL, NULL, NULL, NULL, NULL, NULL, 20, '2016-05-30 17:17:14', 195, 23, 10, '007-11-13-017-000195', 'polo_tshirtcoffy_l-1_jk_', 'polo_tshirtcoffy_l-1_jk__nahar-fashion', 'Polo Tshirt', 2, NULL, NULL, NULL, NULL, 0, NULL, NULL, NULL, NULL),
(212, 'Polo Tshirt', 'polo-tshirtpink-1-xl-1-jk-nahar-fashion', 9, '2016-05-30 13:52:41', 1, NULL, NULL, NULL, NULL, 2, NULL, NULL, NULL, NULL, NULL, NULL, NULL, NULL, NULL, NULL, 20, '2016-05-30 17:17:14', 196, 22, 10, '007-02-12-017-000196', 'polo_tshirtpink-1_xl-1_jk_', 'polo_tshirtpink-1_xl-1_jk__nahar-fashion', 'Polo Tshirt', 3, NULL, NULL, NULL, NULL, 0, NULL, NULL, NULL, NULL),
(213, 'Polo Tshirt', 'polo-tshirtyellow-xl-1-jk-nahar-fashion', 16, '2016-05-30 13:52:41', 1, NULL, NULL, NULL, NULL, 2, NULL, NULL, NULL, NULL, NULL, NULL, NULL, NULL, NULL, NULL, 20, '2016-05-30 17:17:14', 197, 22, 10, '007-09-12-017-000197', 'polo_tshirtyellow_xl-1_jk_', 'polo_tshirtyellow_xl-1_jk__nahar-fashion', 'Polo Tshirt', 1, NULL, NULL, NULL, NULL, 0, NULL, NULL, NULL, NULL),
(214, 'Polo Tshirt', 'polo-tshirtcoffy-xl-1-jk-nahar-fashion', 18, '2016-05-30 13:52:41', 1, NULL, NULL, NULL, NULL, 2, NULL, NULL, NULL, NULL, NULL, NULL, NULL, NULL, NULL, NULL, 20, '2016-05-30 17:17:14', 198, 22, 10, '007-11-12-017-000198', 'polo_tshirtcoffy_xl-1_jk_', 'polo_tshirtcoffy_xl-1_jk__nahar-fashion', 'Polo Tshirt', 1, NULL, NULL, NULL, NULL, 0, NULL, NULL, NULL, NULL),
(215, 'Polo Tshirt', 'polo-tshirtpink-1-l-1-jk-nahar-fashion', 9, '2016-05-30 13:52:42', 1, NULL, NULL, NULL, NULL, 2, NULL, NULL, NULL, NULL, NULL, NULL, NULL, NULL, NULL, NULL, 20, '2016-05-30 17:17:14', 199, 23, 10, '007-02-13-017-000199', 'polo_tshirtpink-1_l-1_jk_', 'polo_tshirtpink-1_l-1_jk__nahar-fashion', 'Polo Tshirt', 1, NULL, NULL, NULL, NULL, 0, NULL, NULL, NULL, NULL),
(216, 'Polo Tshirt', 'polo-tshirtwhite-m-2-jk-nahar-fashion', 14, '2016-05-30 13:52:42', 1, NULL, NULL, NULL, NULL, 2, NULL, NULL, NULL, NULL, NULL, NULL, NULL, NULL, NULL, NULL, 20, '2016-05-30 17:17:14', 200, 21, 10, '007-07-11-017-000200', 'polo_tshirtwhite_m-2_jk_', 'polo_tshirtwhite_m-2_jk__nahar-fashion', 'Polo Tshirt', 3, NULL, NULL, NULL, NULL, 0, NULL, NULL, NULL, NULL),
(217, 'Polo Tshirt', 'polo-tshirtofwhite-xl-1-jk-nahar-fashion', 29, '2016-05-30 13:52:42', 1, NULL, NULL, NULL, NULL, 2, NULL, NULL, NULL, NULL, NULL, NULL, NULL, NULL, NULL, NULL, 20, '2016-05-30 17:17:14', 201, 22, 10, '007-22-12-017-000201', 'polo_tshirtofwhite_xl-1_jk_', 'polo_tshirtofwhite_xl-1_jk__nahar-fashion', 'Polo Tshirt', 2, NULL, NULL, NULL, NULL, 0, NULL, NULL, NULL, NULL),
(218, 'Polo Tshirt', 'polo-tshirtpest-xl-1-jk-nahar-fashion', 30, '2016-05-30 13:52:43', 1, NULL, NULL, NULL, NULL, 2, NULL, NULL, NULL, NULL, NULL, NULL, NULL, NULL, NULL, NULL, 20, '2016-05-30 17:17:14', 202, 22, 10, '007-23-12-017-000202', 'polo_tshirtpest_xl-1_jk_', 'polo_tshirtpest_xl-1_jk__nahar-fashion', 'Polo Tshirt', 2, NULL, NULL, NULL, NULL, 0, NULL, NULL, NULL, NULL),
(219, 'Polo Tshirt', 'polo-tshirtpest-l-1-jk-nahar-fashion', 30, '2016-05-30 13:52:43', 1, NULL, NULL, NULL, NULL, 2, NULL, NULL, NULL, NULL, NULL, NULL, NULL, NULL, NULL, NULL, 20, '2016-05-30 17:17:14', 203, 23, 10, '007-23-13-017-000203', 'polo_tshirtpest_l-1_jk_', 'polo_tshirtpest_l-1_jk__nahar-fashion', 'Polo Tshirt', 2, NULL, NULL, NULL, NULL, 0, NULL, NULL, NULL, NULL),
(220, 'Polo Tshirt', 'polo-tshirtblack-1-xl-1-jk-nahar-fashion', 13, '2016-05-30 13:52:44', 1, NULL, NULL, NULL, NULL, 2, NULL, NULL, NULL, NULL, NULL, NULL, NULL, NULL, NULL, NULL, 20, '2016-05-30 17:17:14', 204, 22, 10, '007-06-12-017-000204', 'polo_tshirtblack-1_xl-1_jk_', 'polo_tshirtblack-1_xl-1_jk__nahar-fashion', 'Polo Tshirt', 2, NULL, NULL, NULL, NULL, 0, NULL, NULL, NULL, NULL),
(221, 'Polo Tshirt', 'polo-tshirtsky-blue-xl-1-jk-nahar-fashion', 19, '2016-05-30 13:52:44', 1, NULL, NULL, NULL, NULL, 2, NULL, NULL, NULL, NULL, NULL, NULL, NULL, NULL, NULL, NULL, 20, '2016-05-30 17:17:14', 205, 22, 10, '007-12-12-017-000205', 'polo_tshirtsky-blue_xl-1_jk_', 'polo_tshirtsky-blue_xl-1_jk__nahar-fashion', 'Polo Tshirt', 2, NULL, NULL, NULL, NULL, 0, NULL, NULL, NULL, NULL),
(222, 'Polo Tshirt', 'polo-tshirtlight-orange-xl-1-jk-nahar-fashion', 32, '2016-05-30 13:52:45', 1, NULL, NULL, NULL, NULL, 2, NULL, NULL, NULL, NULL, NULL, NULL, NULL, NULL, NULL, NULL, 20, '2016-05-30 17:17:14', 206, 22, 10, '007-25-12-017-000206', 'polo_tshirtlight-orange_xl-1_jk_', 'polo_tshirtlight-orange_xl-1_jk__nahar-fashion', 'Polo Tshirt', 1, NULL, NULL, NULL, NULL, 0, NULL, NULL, NULL, NULL),
(223, 'Polo Tshirt', 'polo-tshirtbotton-green-xl-1-jk-nahar-fashion', 22, '2016-05-30 13:52:45', 1, NULL, NULL, NULL, NULL, 2, NULL, NULL, NULL, NULL, NULL, NULL, NULL, NULL, NULL, NULL, 20, '2016-05-30 17:17:14', 207, 22, 10, '007-15-12-017-000207', 'polo_tshirtbotton-green_xl-1_jk_', 'polo_tshirtbotton-green_xl-1_jk__nahar-fashion', 'Polo Tshirt', 1, NULL, NULL, NULL, NULL, 0, NULL, NULL, NULL, NULL),
(224, 'Polo Tshirt', 'polo-tshirtblue-1-xl-1-jk-nahar-fashion', 15, '2016-05-30 13:52:45', 1, NULL, NULL, NULL, NULL, 2, NULL, NULL, NULL, NULL, NULL, NULL, NULL, NULL, NULL, NULL, 20, '2016-05-30 17:17:14', 208, 22, 10, '007-08-12-017-000208', 'polo_tshirtblue-1_xl-1_jk_', 'polo_tshirtblue-1_xl-1_jk__nahar-fashion', 'Polo Tshirt', 1, NULL, NULL, NULL, NULL, 0, NULL, NULL, NULL, NULL),
(225, 'Polo Tshirt', 'polo-tshirtmixed-l-1-jk-nahar-fashion', 12, '2016-05-30 13:52:45', 1, NULL, NULL, NULL, NULL, 2, NULL, NULL, NULL, NULL, NULL, NULL, NULL, NULL, NULL, NULL, 20, '2016-05-30 17:17:14', 209, 23, 10, '007-05-13-017-000209', 'polo_tshirtmixed_l-1_jk_', 'polo_tshirtmixed_l-1_jk__nahar-fashion', 'Polo Tshirt', 5, NULL, NULL, NULL, NULL, 0, NULL, NULL, NULL, NULL),
(226, 'Polo Tshirt', 'polo-tshirtmixed-m-2-jk-nahar-fashion', 12, '2016-05-30 13:52:46', 1, NULL, NULL, NULL, NULL, 2, NULL, NULL, NULL, NULL, NULL, NULL, NULL, NULL, NULL, NULL, 20, '2016-05-30 17:17:14', 210, 21, 10, '007-05-11-017-000210', 'polo_tshirtmixed_m-2_jk_', 'polo_tshirtmixed_m-2_jk__nahar-fashion', 'Polo Tshirt', 2, NULL, NULL, NULL, NULL, 0, NULL, NULL, NULL, NULL),
(227, 'Polo Tshirt', 'polo-tshirtwhite-xl-1-jk-nahar-fashion', 14, '2016-05-30 13:52:46', 1, NULL, NULL, NULL, NULL, 2, NULL, NULL, NULL, NULL, NULL, NULL, NULL, NULL, NULL, NULL, 20, '2016-05-30 17:17:14', 211, 22, 10, '007-07-12-017-000211', 'polo_tshirtwhite_xl-1_jk_', 'polo_tshirtwhite_xl-1_jk__nahar-fashion', 'Polo Tshirt', 2, NULL, NULL, NULL, NULL, 0, NULL, NULL, NULL, NULL),
(228, 'Polo Tshirt', 'polo-tshirtgreen-50-jk-nahar-fashion', 17, '2016-05-30 13:52:47', 1, NULL, NULL, NULL, NULL, 2, NULL, NULL, NULL, NULL, NULL, NULL, NULL, NULL, NULL, NULL, 20, '2016-05-30 17:17:14', 212, 33, 10, '007-10-23-017-000212', 'polo_tshirtgreen_50_jk_', 'polo_tshirtgreen_50_jk__nahar-fashion', 'Polo Tshirt', 1, NULL, NULL, NULL, NULL, 0, NULL, NULL, NULL, NULL),
(229, 'Casual Shirt', 'casual-shirt-1olive-m-2-fc-1-nahar-fashion', 31, '2016-05-30 13:52:47', 1, NULL, NULL, NULL, NULL, 2, NULL, NULL, NULL, NULL, NULL, NULL, NULL, NULL, NULL, NULL, 14, '2016-05-30 17:17:14', 213, 21, 9, '006-24-11-011-000213', 'casual_shirt_1olive_m-2_fc-1_', 'casual_shirt_1olive_m-2_fc-1__nahar-fashion', 'Casual Shirt', 1, NULL, NULL, NULL, NULL, 0, NULL, NULL, NULL, NULL),
(230, 'Casual Shirt', 'casual-shirt-1sky-blue-l-1-fc-1-nahar-fashion', 19, '2016-05-30 13:52:47', 1, NULL, NULL, NULL, NULL, 2, NULL, NULL, NULL, NULL, NULL, NULL, NULL, NULL, NULL, NULL, 14, '2016-05-30 17:17:14', 214, 23, 9, '006-12-13-011-000214', 'casual_shirt_1sky-blue_l-1_fc-1_', 'casual_shirt_1sky-blue_l-1_fc-1__nahar-fashion', 'Casual Shirt', 1, NULL, NULL, NULL, NULL, 0, NULL, NULL, NULL, NULL),
(231, 'Casual Shirt', 'casual-shirt-1sky-blue-xl-1-fc-1-nahar-fashion', 19, '2016-05-30 13:52:48', 1, NULL, NULL, NULL, NULL, 2, NULL, NULL, NULL, NULL, NULL, NULL, NULL, NULL, NULL, NULL, 14, '2016-05-30 17:17:14', 215, 22, 9, '006-12-12-011-000215', 'casual_shirt_1sky-blue_xl-1_fc-1_', 'casual_shirt_1sky-blue_xl-1_fc-1__nahar-fashion', 'Casual Shirt', 1, NULL, NULL, NULL, NULL, 0, NULL, NULL, NULL, NULL),
(232, 'Casual Shirt', 'casual-shirt-1sky-blue-m-2-fc-1-nahar-fashion', 19, '2016-05-30 13:52:48', 1, NULL, NULL, NULL, NULL, 2, NULL, NULL, NULL, NULL, NULL, NULL, NULL, NULL, NULL, NULL, 14, '2016-05-30 17:17:14', 216, 21, 9, '006-12-11-011-000216', 'casual_shirt_1sky-blue_m-2_fc-1_', 'casual_shirt_1sky-blue_m-2_fc-1__nahar-fashion', 'Casual Shirt', 1, NULL, NULL, NULL, NULL, 0, NULL, NULL, NULL, NULL),
(233, 'Casual Shirt', 'casual-shirt-1orange-1-m-2-fc-1-nahar-fashion', 21, '2016-05-30 13:52:48', 1, NULL, NULL, NULL, NULL, 2, NULL, NULL, NULL, NULL, NULL, NULL, NULL, NULL, NULL, NULL, 14, '2016-05-30 17:17:14', 217, 21, 9, '006-14-11-011-000217', 'casual_shirt_1orange-1_m-2_fc-1_', 'casual_shirt_1orange-1_m-2_fc-1__nahar-fashion', 'Casual Shirt', 1, NULL, NULL, NULL, NULL, 0, NULL, NULL, NULL, NULL),
(234, 'Casual Shirt', 'casual-shirt-1orange-1-l-1-fc-1-nahar-fashion', 21, '2016-05-30 13:52:48', 1, NULL, NULL, NULL, NULL, 2, NULL, NULL, NULL, NULL, NULL, NULL, NULL, NULL, NULL, NULL, 14, '2016-05-30 17:17:14', 218, 23, 9, '006-14-13-011-000218', 'casual_shirt_1orange-1_l-1_fc-1_', 'casual_shirt_1orange-1_l-1_fc-1__nahar-fashion', 'Casual Shirt', 1, NULL, NULL, NULL, NULL, 0, NULL, NULL, NULL, NULL),
(235, 'Casual Shirt', 'casual-shirt-1orange-1-xl-1-fc-1-nahar-fashion', 21, '2016-05-30 13:52:49', 1, NULL, NULL, NULL, NULL, 2, NULL, NULL, NULL, NULL, NULL, NULL, NULL, NULL, NULL, NULL, 14, '2016-05-30 17:17:14', 219, 22, 9, '006-14-12-011-000219', 'casual_shirt_1orange-1_xl-1_fc-1_', 'casual_shirt_1orange-1_xl-1_fc-1__nahar-fashion', 'Casual Shirt', 1, NULL, NULL, NULL, NULL, 0, NULL, NULL, NULL, NULL),
(236, 'Casual Shirt', 'casual-shirt-1yellow-m-2-fc-1-nahar-fashion', 16, '2016-05-30 13:52:49', 1, NULL, NULL, NULL, NULL, 2, NULL, NULL, NULL, NULL, NULL, NULL, NULL, NULL, NULL, NULL, 14, '2016-05-30 17:17:14', 220, 21, 9, '006-09-11-011-000220', 'casual_shirt_1yellow_m-2_fc-1_', 'casual_shirt_1yellow_m-2_fc-1__nahar-fashion', 'Casual Shirt', 1, NULL, NULL, NULL, NULL, 0, NULL, NULL, NULL, NULL),
(237, 'Casual Shirt', 'casual-shirt-1yellow-l-1-fc-1-nahar-fashion', 16, '2016-05-30 13:52:49', 1, NULL, NULL, NULL, NULL, 2, NULL, NULL, NULL, NULL, NULL, NULL, NULL, NULL, NULL, NULL, 14, '2016-05-30 17:17:14', 221, 23, 9, '006-09-13-011-000221', 'casual_shirt_1yellow_l-1_fc-1_', 'casual_shirt_1yellow_l-1_fc-1__nahar-fashion', 'Casual Shirt', 1, NULL, NULL, NULL, NULL, 0, NULL, NULL, NULL, NULL),
(238, 'Polo Tshirt', 'polo-tshirtgreen-m-2-fc-1-nahar-fashion', 17, '2016-05-30 13:52:49', 1, NULL, NULL, NULL, NULL, 2, NULL, NULL, NULL, NULL, NULL, NULL, NULL, NULL, NULL, NULL, 14, '2016-05-30 17:17:14', 222, 21, 10, '007-10-11-011-000222', 'polo_tshirtgreen_m-2_fc-1_', 'polo_tshirtgreen_m-2_fc-1__nahar-fashion', 'Polo Tshirt', 1, NULL, NULL, NULL, NULL, 0, NULL, NULL, NULL, NULL),
(239, 'Polo Tshirt', 'polo-tshirtgreen-l-1-fc-1-nahar-fashion', 17, '2016-05-30 13:52:50', 1, NULL, NULL, NULL, NULL, 2, NULL, NULL, NULL, NULL, NULL, NULL, NULL, NULL, NULL, NULL, 14, '2016-05-30 17:17:14', 223, 23, 10, '007-10-13-011-000223', 'polo_tshirtgreen_l-1_fc-1_', 'polo_tshirtgreen_l-1_fc-1__nahar-fashion', 'Polo Tshirt', 1, NULL, NULL, NULL, NULL, 0, NULL, NULL, NULL, NULL),
(240, 'Polo Tshirt', 'polo-tshirtcoffy-m-2-fc-1-nahar-fashion', 18, '2016-05-30 13:52:50', 1, NULL, NULL, NULL, NULL, 2, NULL, NULL, NULL, NULL, NULL, NULL, NULL, NULL, NULL, NULL, 14, '2016-05-30 17:17:14', 224, 21, 10, '007-11-11-011-000224', 'polo_tshirtcoffy_m-2_fc-1_', 'polo_tshirtcoffy_m-2_fc-1__nahar-fashion', 'Polo Tshirt', 1, NULL, NULL, NULL, NULL, 0, NULL, NULL, NULL, NULL),
(241, 'Polo Tshirt', 'polo-tshirtorange-1-xl-1-fc-1-nahar-fashion', 21, '2016-05-30 13:52:50', 1, NULL, NULL, NULL, NULL, 2, NULL, NULL, NULL, NULL, NULL, NULL, NULL, NULL, NULL, NULL, 14, '2016-05-30 17:17:14', 225, 22, 10, '007-14-12-011-000225', 'polo_tshirtorange-1_xl-1_fc-1_', 'polo_tshirtorange-1_xl-1_fc-1__nahar-fashion', 'Polo Tshirt', 2, NULL, NULL, NULL, NULL, 0, NULL, NULL, NULL, NULL),
(242, 'Polo Tshirt', 'polo-tshirtorange-1-l-1-fc-1-nahar-fashion', 21, '2016-05-30 13:52:51', 1, NULL, NULL, NULL, NULL, 2, NULL, NULL, NULL, NULL, NULL, NULL, NULL, NULL, NULL, NULL, 14, '2016-05-30 17:17:14', 226, 23, 10, '007-14-13-011-000226', 'polo_tshirtorange-1_l-1_fc-1_', 'polo_tshirtorange-1_l-1_fc-1__nahar-fashion', 'Polo Tshirt', 2, NULL, NULL, NULL, NULL, 0, NULL, NULL, NULL, NULL),
(243, 'Polo Tshirt', 'polo-tshirtsilver-1-xl-1-fc-1-nahar-fashion', 10, '2016-05-30 13:52:51', 1, NULL, NULL, NULL, NULL, 2, NULL, NULL, NULL, NULL, NULL, NULL, NULL, NULL, NULL, NULL, 14, '2016-05-30 17:17:14', 227, 22, 10, '007-03-12-011-000227', 'polo_tshirtsilver-1_xl-1_fc-1_', 'polo_tshirtsilver-1_xl-1_fc-1__nahar-fashion', 'Polo Tshirt', 2, NULL, NULL, NULL, NULL, 0, NULL, NULL, NULL, NULL),
(244, 'Polo Tshirt', 'polo-tshirtmerun-xl-1-fc-1-nahar-fashion', 25, '2016-05-30 13:52:51', 1, NULL, NULL, NULL, NULL, 2, NULL, NULL, NULL, NULL, NULL, NULL, NULL, NULL, NULL, NULL, 14, '2016-05-30 17:17:14', 228, 22, 10, '007-18-12-011-000228', 'polo_tshirtmerun_xl-1_fc-1_', 'polo_tshirtmerun_xl-1_fc-1__nahar-fashion', 'Polo Tshirt', 2, NULL, NULL, NULL, NULL, 0, NULL, NULL, NULL, NULL),
(245, 'Polo Tshirt', 'polo-tshirtmerun-l-1-fc-1-nahar-fashion', 25, '2016-05-30 13:52:51', 1, NULL, NULL, NULL, NULL, 2, NULL, NULL, NULL, NULL, NULL, NULL, NULL, NULL, NULL, NULL, 14, '2016-05-30 17:17:14', 229, 23, 10, '007-18-13-011-000229', 'polo_tshirtmerun_l-1_fc-1_', 'polo_tshirtmerun_l-1_fc-1__nahar-fashion', 'Polo Tshirt', 2, NULL, NULL, NULL, NULL, 0, NULL, NULL, NULL, NULL),
(246, 'Polo Tshirt', 'polo-tshirtmerun-m-2-fc-1-nahar-fashion', 25, '2016-05-30 13:52:52', 1, NULL, NULL, NULL, NULL, 2, NULL, NULL, NULL, NULL, NULL, NULL, NULL, NULL, NULL, NULL, 14, '2016-05-30 17:17:14', 230, 21, 10, '007-18-11-011-000230', 'polo_tshirtmerun_m-2_fc-1_', 'polo_tshirtmerun_m-2_fc-1__nahar-fashion', 'Polo Tshirt', 1, NULL, NULL, NULL, NULL, 0, NULL, NULL, NULL, NULL),
(247, 'Polo Tshirt', 'polo-tshirtolive-xl-1-fc-1-nahar-fashion', 31, '2016-05-30 13:52:52', 1, NULL, NULL, NULL, NULL, 2, NULL, NULL, NULL, NULL, NULL, NULL, NULL, NULL, NULL, NULL, 14, '2016-05-30 17:17:14', 231, 22, 10, '007-24-12-011-000231', 'polo_tshirtolive_xl-1_fc-1_', 'polo_tshirtolive_xl-1_fc-1__nahar-fashion', 'Polo Tshirt', 1, NULL, NULL, NULL, NULL, 0, NULL, NULL, NULL, NULL),
(248, 'Polo Tshirt', 'polo-tshirtsky-blue-l-1-fc-1-nahar-fashion', 19, '2016-05-30 13:52:52', 1, NULL, NULL, NULL, NULL, 2, NULL, NULL, NULL, NULL, NULL, NULL, NULL, NULL, NULL, NULL, 14, '2016-05-30 17:17:14', 232, 23, 10, '007-12-13-011-000232', 'polo_tshirtsky-blue_l-1_fc-1_', 'polo_tshirtsky-blue_l-1_fc-1__nahar-fashion', 'Polo Tshirt', 1, NULL, NULL, NULL, NULL, 0, NULL, NULL, NULL, NULL),
(249, 'Polo Tshirt', 'polo-tshirtorange-1-m-2-fc-1-nahar-fashion', 21, '2016-05-30 13:52:52', 1, NULL, NULL, NULL, NULL, 2, NULL, NULL, NULL, NULL, NULL, NULL, NULL, NULL, NULL, NULL, 14, '2016-05-30 17:17:14', 233, 21, 10, '007-14-11-011-000233', 'polo_tshirtorange-1_m-2_fc-1_', 'polo_tshirtorange-1_m-2_fc-1__nahar-fashion', 'Polo Tshirt', 1, NULL, NULL, NULL, NULL, 0, NULL, NULL, NULL, NULL),
(250, 'Polo Tshirt', 'polo-tshirtsilver-1-l-1-fc-1-nahar-fashion', 10, '2016-05-30 13:52:52', 1, NULL, NULL, NULL, NULL, 2, NULL, NULL, NULL, NULL, NULL, NULL, NULL, NULL, NULL, NULL, 14, '2016-05-30 17:17:14', 234, 23, 10, '007-03-13-011-000234', 'polo_tshirtsilver-1_l-1_fc-1_', 'polo_tshirtsilver-1_l-1_fc-1__nahar-fashion', 'Polo Tshirt', 2, NULL, NULL, NULL, NULL, 0, NULL, NULL, NULL, NULL),
(251, 'Polo Tshirt', 'polo-tshirtpink-1-m-2-fc-1-nahar-fashion', 9, '2016-05-30 13:52:53', 1, NULL, NULL, NULL, NULL, 2, NULL, NULL, NULL, NULL, NULL, NULL, NULL, NULL, NULL, NULL, 14, '2016-05-30 17:17:14', 235, 21, 10, '007-02-11-011-000235', 'polo_tshirtpink-1_m-2_fc-1_', 'polo_tshirtpink-1_m-2_fc-1__nahar-fashion', 'Polo Tshirt', 2, NULL, NULL, NULL, NULL, 0, NULL, NULL, NULL, NULL),
(252, 'Polo Tshirt', 'polo-tshirtsky-blue-m-2-fc-1-nahar-fashion', 19, '2016-05-30 13:52:53', 1, NULL, NULL, NULL, NULL, 2, NULL, NULL, NULL, NULL, NULL, NULL, NULL, NULL, NULL, NULL, 14, '2016-05-30 17:17:14', 236, 21, 10, '007-12-11-011-000236', 'polo_tshirtsky-blue_m-2_fc-1_', 'polo_tshirtsky-blue_m-2_fc-1__nahar-fashion', 'Polo Tshirt', 1, NULL, NULL, NULL, NULL, 0, NULL, NULL, NULL, NULL);
INSERT INTO `Item` (`id`, `name`, `slug`, `color_id`, `created`, `status`, `itemUnit`, `minQnt`, `maxQnt`, `remainingQnt`, `inventoryConfig_id`, `barcode`, `purchasePrice`, `purchaseAvgPrice`, `salesPrice`, `webPrice`, `quantity`, `country_id`, `brand_id`, `path`, `content`, `vendor_id`, `updated`, `code`, `size_id`, `masterItem_id`, `sku`, `skuSlug`, `skuWebSlug`, `webName`, `purchaseQuantity`, `purchaseQuantityReturn`, `salesQuantity`, `salesQuantityReturn`, `purchaseQuantityReplace`, `isWeb`, `ageGroup`, `gender`, `material`, `damageQuantity`) VALUES
(253, 'Polo Tshirt', 'polo-tshirtsilver-1-m-2-fc-1-nahar-fashion', 10, '2016-05-30 13:52:53', 1, NULL, NULL, NULL, NULL, 2, NULL, NULL, NULL, NULL, NULL, NULL, NULL, NULL, NULL, NULL, 14, '2016-05-30 17:17:14', 237, 21, 10, '007-03-11-011-000237', 'polo_tshirtsilver-1_m-2_fc-1_', 'polo_tshirtsilver-1_m-2_fc-1__nahar-fashion', 'Polo Tshirt', 1, NULL, NULL, NULL, NULL, 0, NULL, NULL, NULL, NULL),
(254, 'Polo Tshirt', 'polo-tshirtyellow-l-1-fc-1-nahar-fashion', 16, '2016-05-30 13:52:53', 1, NULL, NULL, NULL, NULL, 2, NULL, NULL, NULL, NULL, NULL, NULL, NULL, NULL, NULL, NULL, 14, '2016-05-30 17:17:14', 238, 23, 10, '007-09-13-011-000238', 'polo_tshirtyellow_l-1_fc-1_', 'polo_tshirtyellow_l-1_fc-1__nahar-fashion', 'Polo Tshirt', 1, NULL, NULL, NULL, NULL, 0, NULL, NULL, NULL, NULL),
(255, 'Body Spray', 'body-spraydefault-default-sb-nahar-fashion', 24, '2016-05-30 13:52:54', 1, NULL, NULL, NULL, NULL, 2, NULL, NULL, NULL, NULL, NULL, NULL, NULL, NULL, NULL, NULL, 21, '2016-05-30 17:17:14', 239, 34, 11, '008-17-24-018-000239', 'body_spraydefault_default_sb_', 'body_spraydefault_default_sb__nahar-fashion', 'Body Spray', 22, NULL, NULL, NULL, NULL, 0, NULL, NULL, NULL, NULL),
(256, 'Body Spray', 'body-spray-1default-default-sb-nahar-fashion', 24, '2016-05-30 13:52:55', 1, NULL, NULL, NULL, NULL, 2, NULL, NULL, NULL, NULL, NULL, NULL, NULL, NULL, NULL, NULL, 21, '2016-05-30 17:17:14', 240, 34, 12, '009-17-24-018-000240', 'body_spray_1default_default_sb_', 'body_spray_1default_default_sb__nahar-fashion', 'Body Spray', 3, NULL, NULL, NULL, NULL, 0, NULL, NULL, NULL, NULL),
(257, 'Belt', 'beltdefault-default-clc-nahar-fashion', 24, '2016-05-30 13:52:57', 1, NULL, NULL, NULL, NULL, 2, NULL, NULL, NULL, NULL, NULL, NULL, NULL, NULL, NULL, NULL, 22, '2016-05-30 17:17:14', 241, 34, 13, '010-17-24-019-000241', 'beltdefault_default_clc_', 'beltdefault_default_clc__nahar-fashion', 'Belt', 16, NULL, NULL, NULL, NULL, 0, NULL, NULL, NULL, NULL),
(258, 'Wallet', 'walletdefault-default-clc-nahar-fashion', 24, '2016-05-30 13:53:00', 1, NULL, NULL, NULL, NULL, 2, NULL, NULL, NULL, NULL, NULL, NULL, NULL, NULL, NULL, NULL, 22, '2016-05-30 17:17:14', 242, 34, 14, '011-17-24-019-000242', 'walletdefault_default_clc_', 'walletdefault_default_clc__nahar-fashion', 'Wallet', 12, NULL, NULL, NULL, NULL, 0, NULL, NULL, NULL, NULL),
(259, 'Tai', 'taired-1-default-bb-nahar-fashion', 11, '2016-05-30 13:53:02', 1, NULL, NULL, NULL, NULL, 2, NULL, NULL, NULL, NULL, NULL, NULL, NULL, NULL, NULL, NULL, 23, '2016-05-30 17:17:14', 243, 34, 15, '012-04-24-020-000243', 'taired-1_default_bb_', 'taired-1_default_bb__nahar-fashion', 'Tai', 1, NULL, NULL, NULL, NULL, 0, NULL, NULL, NULL, NULL),
(260, 'Tai', 'taipink-1-default-bb-nahar-fashion', 9, '2016-05-30 13:53:03', 1, NULL, NULL, NULL, NULL, 2, NULL, NULL, NULL, NULL, NULL, NULL, NULL, NULL, NULL, NULL, 23, '2016-05-30 17:17:14', 244, 34, 15, '012-02-24-020-000244', 'taipink-1_default_bb_', 'taipink-1_default_bb__nahar-fashion', 'Tai', 1, NULL, NULL, NULL, NULL, 0, NULL, NULL, NULL, NULL),
(261, 'Tai', 'taiblack-1-default-bb-nahar-fashion', 13, '2016-05-30 13:53:03', 1, NULL, NULL, NULL, NULL, 2, NULL, NULL, NULL, NULL, NULL, NULL, NULL, NULL, NULL, NULL, 23, '2016-05-30 17:17:14', 245, 34, 15, '012-06-24-020-000245', 'taiblack-1_default_bb_', 'taiblack-1_default_bb__nahar-fashion', 'Tai', 1, NULL, NULL, NULL, NULL, 0, NULL, NULL, NULL, NULL),
(262, 'Tai', 'taimerun-default-bb-nahar-fashion', 25, '2016-05-30 13:53:03', 1, NULL, NULL, NULL, NULL, 2, NULL, NULL, NULL, NULL, NULL, NULL, NULL, NULL, NULL, NULL, 23, '2016-05-30 17:17:14', 246, 34, 15, '012-18-24-020-000246', 'taimerun_default_bb_', 'taimerun_default_bb__nahar-fashion', 'Tai', 1, NULL, NULL, NULL, NULL, 0, NULL, NULL, NULL, NULL),
(263, 'Tai', 'taisilver-1-default-bb-nahar-fashion', 10, '2016-05-30 13:53:04', 1, NULL, NULL, NULL, NULL, 2, NULL, NULL, NULL, NULL, NULL, NULL, NULL, NULL, NULL, NULL, 23, '2016-05-30 17:17:14', 247, 34, 15, '012-03-24-020-000247', 'taisilver-1_default_bb_', 'taisilver-1_default_bb__nahar-fashion', 'Tai', 1, NULL, NULL, NULL, NULL, 0, NULL, NULL, NULL, NULL),
(264, 'Tai Pin', 'tai-pingolden-default-bb-nahar-fashion', 23, '2016-05-30 13:53:04', 1, NULL, NULL, NULL, NULL, 2, NULL, NULL, NULL, NULL, NULL, NULL, NULL, NULL, NULL, NULL, 23, '2016-05-30 17:17:14', 248, 34, 16, '013-16-24-020-000248', 'tai_pingolden_default_bb_', 'tai_pingolden_default_bb__nahar-fashion', 'Tai Pin', 4, NULL, NULL, NULL, NULL, 0, NULL, NULL, NULL, NULL),
(265, 'Tai Pin', 'tai-pinsilver-1-default-bb-nahar-fashion', 10, '2016-05-30 13:53:04', 1, NULL, NULL, NULL, NULL, 2, NULL, NULL, NULL, NULL, NULL, NULL, NULL, NULL, NULL, NULL, 23, '2016-05-30 17:17:14', 249, 34, 16, '013-03-24-020-000249', 'tai_pinsilver-1_default_bb_', 'tai_pinsilver-1_default_bb__nahar-fashion', 'Tai Pin', 1, NULL, NULL, NULL, NULL, 0, NULL, NULL, NULL, NULL),
(266, ' Culflen', 'culflenblack-1-default-bb-nahar-fashion', 13, '2016-05-30 13:53:05', 1, NULL, NULL, NULL, NULL, 2, NULL, NULL, NULL, NULL, NULL, NULL, NULL, NULL, NULL, NULL, 23, '2016-05-30 17:17:14', 250, 34, 17, '014-06-24-020-000250', 'culflenblack-1_default_bb_', 'culflenblack-1_default_bb__nahar-fashion', ' Culflen', 5, NULL, NULL, NULL, NULL, 0, NULL, NULL, NULL, NULL),
(267, ' Culflen', 'culflengolden-default-bb-nahar-fashion', 23, '2016-05-30 13:53:06', 1, NULL, NULL, NULL, NULL, 2, NULL, NULL, NULL, NULL, NULL, NULL, NULL, NULL, NULL, NULL, 23, '2016-05-30 17:17:14', 251, 34, 17, '014-16-24-020-000251', 'culflengolden_default_bb_', 'culflengolden_default_bb__nahar-fashion', ' Culflen', 4, NULL, NULL, NULL, NULL, 0, NULL, NULL, NULL, NULL),
(268, ' Culflen', 'culflensilver-1-default-bb-nahar-fashion', 10, '2016-05-30 13:53:06', 1, NULL, NULL, NULL, NULL, 2, NULL, NULL, NULL, NULL, NULL, NULL, NULL, NULL, NULL, NULL, 23, '2016-05-30 17:17:14', 252, 34, 17, '014-03-24-020-000252', 'culflensilver-1_default_bb_', 'culflensilver-1_default_bb__nahar-fashion', ' Culflen', 1, NULL, NULL, NULL, NULL, 0, NULL, NULL, NULL, NULL),
(269, 'Polo Tshirt', 'polo-tshirtmixed-f-ind-div-nahar-fashion', 12, '2016-05-30 13:53:06', 1, NULL, NULL, NULL, NULL, 2, NULL, NULL, NULL, NULL, NULL, NULL, NULL, NULL, NULL, NULL, 18, '2016-05-30 17:17:14', 253, 24, 10, '007-05-14-015-000253', 'polo_tshirtmixed_f_ind-div_', 'polo_tshirtmixed_f_ind-div__nahar-fashion', 'Polo Tshirt', 14, NULL, NULL, NULL, NULL, 0, NULL, NULL, NULL, NULL),
(270, 'Polo Tshirt', 'polo-tshirtblue-1-f-ind-div-nahar-fashion', 15, '2016-05-30 13:53:07', 1, NULL, NULL, NULL, NULL, 2, NULL, NULL, NULL, NULL, NULL, NULL, NULL, NULL, NULL, NULL, 18, '2016-05-30 17:17:14', 254, 24, 10, '007-08-14-015-000254', 'polo_tshirtblue-1_f_ind-div_', 'polo_tshirtblue-1_f_ind-div__nahar-fashion', 'Polo Tshirt', 1, NULL, NULL, NULL, NULL, 0, NULL, NULL, NULL, NULL),
(271, 'Polo Tshirt', 'polo-tshirtwhite-f-ind-div-nahar-fashion', 14, '2016-05-30 13:53:07', 1, NULL, NULL, NULL, NULL, 2, NULL, NULL, NULL, NULL, NULL, NULL, NULL, NULL, NULL, NULL, 18, '2016-05-30 17:17:14', 255, 24, 10, '007-07-14-015-000255', 'polo_tshirtwhite_f_ind-div_', 'polo_tshirtwhite_f_ind-div__nahar-fashion', 'Polo Tshirt', 1, NULL, NULL, NULL, NULL, 0, NULL, NULL, NULL, NULL),
(272, 'Tshirt', 'tshirt-1white-xxl-ind-div-nahar-fashion', 14, '2016-05-30 13:53:07', 1, NULL, NULL, NULL, NULL, 2, NULL, NULL, NULL, NULL, NULL, NULL, NULL, NULL, NULL, NULL, 18, '2016-05-30 17:17:14', 256, 31, 18, '015-07-21-015-000256', 'tshirt_1white_xxl_ind-div_', 'tshirt_1white_xxl_ind-div__nahar-fashion', 'Tshirt', 2, NULL, NULL, NULL, NULL, 0, NULL, NULL, NULL, NULL),
(273, 'Tshirt', 'tshirt-1biskit-xxl-ind-div-nahar-fashion', 27, '2016-05-30 13:53:08', 1, NULL, NULL, NULL, NULL, 2, NULL, NULL, NULL, NULL, NULL, NULL, NULL, NULL, NULL, NULL, 18, '2016-05-30 17:17:14', 257, 31, 18, '015-20-21-015-000257', 'tshirt_1biskit_xxl_ind-div_', 'tshirt_1biskit_xxl_ind-div__nahar-fashion', 'Tshirt', 2, NULL, NULL, NULL, NULL, 0, NULL, NULL, NULL, NULL),
(274, 'Tshirt', 'tshirt-1black-1-xxl-ind-div-nahar-fashion', 13, '2016-05-30 13:53:08', 1, NULL, NULL, NULL, NULL, 2, NULL, NULL, NULL, NULL, NULL, NULL, NULL, NULL, NULL, NULL, 18, '2016-05-30 17:17:14', 258, 31, 18, '015-06-21-015-000258', 'tshirt_1black-1_xxl_ind-div_', 'tshirt_1black-1_xxl_ind-div__nahar-fashion', 'Tshirt', 1, NULL, NULL, NULL, NULL, 0, NULL, NULL, NULL, NULL),
(275, 'Tshirt', 'tshirt-1blue-1-xxl-ind-div-nahar-fashion', 15, '2016-05-30 13:53:08', 1, NULL, NULL, NULL, NULL, 2, NULL, NULL, NULL, NULL, NULL, NULL, NULL, NULL, NULL, NULL, 18, '2016-05-30 17:17:14', 259, 31, 18, '015-08-21-015-000259', 'tshirt_1blue-1_xxl_ind-div_', 'tshirt_1blue-1_xxl_ind-div__nahar-fashion', 'Tshirt', 1, NULL, NULL, NULL, NULL, 0, NULL, NULL, NULL, NULL),
(276, 'Polo Tshirt', 'polo-tshirtyellow-l-1-ind-iss-nahar-fashion', 16, '2016-05-30 13:53:08', 1, NULL, NULL, NULL, NULL, 2, NULL, NULL, NULL, NULL, NULL, NULL, NULL, NULL, NULL, NULL, 24, '2016-05-30 17:17:14', 260, 23, 10, '007-09-13-021-000260', 'polo_tshirtyellow_l-1_ind-iss_', 'polo_tshirtyellow_l-1_ind-iss__nahar-fashion', 'Polo Tshirt', 1, NULL, NULL, NULL, NULL, 0, NULL, NULL, NULL, NULL),
(277, 'Polo Tshirt', 'polo-tshirtyellow-m-2-ind-iss-nahar-fashion', 16, '2016-05-30 13:53:09', 1, NULL, NULL, NULL, NULL, 2, NULL, NULL, NULL, NULL, NULL, NULL, NULL, NULL, NULL, NULL, 24, '2016-05-30 17:17:14', 261, 21, 10, '007-09-11-021-000261', 'polo_tshirtyellow_m-2_ind-iss_', 'polo_tshirtyellow_m-2_ind-iss__nahar-fashion', 'Polo Tshirt', 1, NULL, NULL, NULL, NULL, 0, NULL, NULL, NULL, NULL),
(278, 'Polo Tshirt', 'polo-tshirtyellow-xl-1-ind-iss-nahar-fashion', 16, '2016-05-30 13:53:09', 1, NULL, NULL, NULL, NULL, 2, NULL, NULL, NULL, NULL, NULL, NULL, NULL, NULL, NULL, NULL, 24, '2016-05-30 17:17:14', 262, 22, 10, '007-09-12-021-000262', 'polo_tshirtyellow_xl-1_ind-iss_', 'polo_tshirtyellow_xl-1_ind-iss__nahar-fashion', 'Polo Tshirt', 1, NULL, NULL, NULL, NULL, 0, NULL, NULL, NULL, NULL),
(279, 'Tshirt', 'tshirt-1silver-1-46-bb-nahar-fashion', 10, '2016-05-30 13:53:10', 1, NULL, NULL, NULL, NULL, 2, NULL, NULL, NULL, NULL, NULL, NULL, NULL, NULL, NULL, NULL, 23, '2016-05-30 17:17:14', 263, 35, 18, '015-03-25-020-000263', 'tshirt_1silver-1_46_bb_', 'tshirt_1silver-1_46_bb__nahar-fashion', 'Tshirt', 1, NULL, NULL, NULL, NULL, 0, NULL, NULL, NULL, NULL),
(280, 'Tshirt', 'tshirt-1black-1-52-bb-nahar-fashion', 13, '2016-05-30 13:53:10', 1, NULL, NULL, NULL, NULL, 2, NULL, NULL, NULL, NULL, NULL, NULL, NULL, NULL, NULL, NULL, 23, '2016-05-30 17:17:14', 264, 36, 18, '015-06-26-020-000264', 'tshirt_1black-1_52_bb_', 'tshirt_1black-1_52_bb__nahar-fashion', 'Tshirt', 1, NULL, NULL, NULL, NULL, 0, NULL, NULL, NULL, NULL),
(281, 'Tshirt', 'tshirt-1silver-1-52-bb-nahar-fashion', 10, '2016-05-30 13:53:11', 1, NULL, NULL, NULL, NULL, 2, NULL, NULL, NULL, NULL, NULL, NULL, NULL, NULL, NULL, NULL, 23, '2016-05-30 17:17:14', 265, 36, 18, '015-03-26-020-000265', 'tshirt_1silver-1_52_bb_', 'tshirt_1silver-1_52_bb__nahar-fashion', 'Tshirt', 1, NULL, NULL, NULL, NULL, 0, NULL, NULL, NULL, NULL),
(282, 'Tshirt', 'tshirt-1silver-1-54-bb-nahar-fashion', 10, '2016-05-30 13:53:11', 1, NULL, NULL, NULL, NULL, 2, NULL, NULL, NULL, NULL, NULL, NULL, NULL, NULL, NULL, NULL, 23, '2016-05-30 17:17:14', 266, 37, 18, '015-03-27-020-000266', 'tshirt_1silver-1_54_bb_', 'tshirt_1silver-1_54_bb__nahar-fashion', 'Tshirt', 2, NULL, NULL, NULL, NULL, 0, NULL, NULL, NULL, NULL),
(283, 'Tshirt', 'tshirt-1mixed-xxl-jk-nahar-fashion', 12, '2016-05-30 13:53:11', 1, NULL, NULL, NULL, NULL, 2, NULL, NULL, NULL, NULL, NULL, NULL, NULL, NULL, NULL, NULL, 20, '2016-05-30 17:17:14', 267, 31, 18, '015-05-21-017-000267', 'tshirt_1mixed_xxl_jk_', 'tshirt_1mixed_xxl_jk__nahar-fashion', 'Tshirt', 1, NULL, NULL, NULL, NULL, 0, NULL, NULL, NULL, NULL),
(284, 'Short Pant', 'short-pantcoffy-30-1-xm-nahar-fashion', 18, '2016-05-30 13:53:12', 1, NULL, NULL, NULL, NULL, 2, NULL, NULL, NULL, NULL, NULL, NULL, NULL, NULL, NULL, NULL, 25, '2016-05-30 17:17:14', 268, 38, 19, '016-11-28-022-000268', 'short_pantcoffy_30-1_xm_', 'short_pantcoffy_30-1_xm__nahar-fashion', 'Short Pant', 1, NULL, NULL, NULL, NULL, 0, NULL, NULL, NULL, NULL),
(285, 'Short Pant', 'short-pantblack-1-30-1-xm-nahar-fashion', 13, '2016-05-30 13:53:13', 1, NULL, NULL, NULL, NULL, 2, NULL, NULL, NULL, NULL, NULL, NULL, NULL, NULL, NULL, NULL, 25, '2016-05-30 17:17:14', 269, 38, 19, '016-06-28-022-000269', 'short_pantblack-1_30-1_xm_', 'short_pantblack-1_30-1_xm__nahar-fashion', 'Short Pant', 2, NULL, NULL, NULL, NULL, 0, NULL, NULL, NULL, NULL),
(286, 'Short Pant', 'short-pantred-1-30-1-xm-nahar-fashion', 11, '2016-05-30 13:53:13', 1, NULL, NULL, NULL, NULL, 2, NULL, NULL, NULL, NULL, NULL, NULL, NULL, NULL, NULL, NULL, 25, '2016-05-30 17:17:14', 270, 38, 19, '016-04-28-022-000270', 'short_pantred-1_30-1_xm_', 'short_pantred-1_30-1_xm__nahar-fashion', 'Short Pant', 1, NULL, NULL, NULL, NULL, 0, NULL, NULL, NULL, NULL),
(287, 'Short Pant', 'short-pantgreen-30-1-xm-nahar-fashion', 17, '2016-05-30 13:53:13', 1, NULL, NULL, NULL, NULL, 2, NULL, NULL, NULL, NULL, NULL, NULL, NULL, NULL, NULL, NULL, 25, '2016-05-30 17:17:14', 271, 38, 19, '016-10-28-022-000271', 'short_pantgreen_30-1_xm_', 'short_pantgreen_30-1_xm__nahar-fashion', 'Short Pant', 3, NULL, NULL, NULL, NULL, 0, NULL, NULL, NULL, NULL),
(288, 'Short Pant', 'short-pantgreen-32-1-xm-nahar-fashion', 17, '2016-05-30 13:53:14', 1, NULL, NULL, NULL, NULL, 2, NULL, NULL, NULL, NULL, NULL, NULL, NULL, NULL, NULL, NULL, 25, '2016-05-30 17:17:14', 272, 39, 19, '016-10-29-022-000272', 'short_pantgreen_32-1_xm_', 'short_pantgreen_32-1_xm__nahar-fashion', 'Short Pant', 1, NULL, NULL, NULL, NULL, 0, NULL, NULL, NULL, NULL),
(289, 'Short Pant', 'short-pantblack-1-32-1-xm-nahar-fashion', 13, '2016-05-30 13:53:14', 1, NULL, NULL, NULL, NULL, 2, NULL, NULL, NULL, NULL, NULL, NULL, NULL, NULL, NULL, NULL, 25, '2016-05-30 17:17:14', 273, 39, 19, '016-06-29-022-000273', 'short_pantblack-1_32-1_xm_', 'short_pantblack-1_32-1_xm__nahar-fashion', 'Short Pant', 2, NULL, NULL, NULL, NULL, 0, NULL, NULL, NULL, NULL),
(290, 'Blezar', 'blezarpurple-1-38-ind-ibl-nahar-fashion', 8, '2016-05-30 13:53:14', 1, NULL, NULL, NULL, NULL, 2, NULL, NULL, NULL, NULL, NULL, NULL, NULL, NULL, NULL, NULL, 26, '2016-05-30 17:17:14', 274, 32, 20, '017-01-22-023-000274', 'blezarpurple-1_38_ind-ibl_', 'blezarpurple-1_38_ind-ibl__nahar-fashion', 'Blezar', 1, NULL, NULL, NULL, NULL, 0, NULL, NULL, NULL, NULL),
(291, 'Blezar', 'blezarmerun-40-ind-ibl-nahar-fashion', 25, '2016-05-30 13:53:15', 1, NULL, NULL, NULL, NULL, 2, NULL, NULL, NULL, NULL, NULL, NULL, NULL, NULL, NULL, NULL, 26, '2016-05-30 17:17:14', 275, 30, 20, '017-18-20-023-000275', 'blezarmerun_40_ind-ibl_', 'blezarmerun_40_ind-ibl__nahar-fashion', 'Blezar', 1, NULL, NULL, NULL, NULL, 0, NULL, NULL, NULL, NULL),
(292, 'Blezar', 'blezarmerun-36-1-ind-ibl-nahar-fashion', 25, '2016-05-30 13:53:15', 1, NULL, NULL, NULL, NULL, 2, NULL, NULL, NULL, NULL, NULL, NULL, NULL, NULL, NULL, NULL, 26, '2016-05-30 17:17:14', 276, 40, 20, '017-18-30-023-000276', 'blezarmerun_36-1_ind-ibl_', 'blezarmerun_36-1_ind-ibl__nahar-fashion', 'Blezar', 1, NULL, NULL, NULL, NULL, 0, NULL, NULL, NULL, NULL),
(293, 'Blezar', 'blezarmerun-34-1-ind-ibl-nahar-fashion', 25, '2016-05-30 13:53:16', 1, NULL, NULL, NULL, NULL, 2, NULL, NULL, NULL, NULL, NULL, NULL, NULL, NULL, NULL, NULL, 26, '2016-05-30 17:17:14', 277, 41, 20, '017-18-31-023-000277', 'blezarmerun_34-1_ind-ibl_', 'blezarmerun_34-1_ind-ibl__nahar-fashion', 'Blezar', 1, NULL, NULL, NULL, NULL, 0, NULL, NULL, NULL, NULL),
(294, 'Blezar', 'blezarmerun-38-ind-ibl-nahar-fashion', 25, '2016-05-30 13:53:16', 1, NULL, NULL, NULL, NULL, 2, NULL, NULL, NULL, NULL, NULL, NULL, NULL, NULL, NULL, NULL, 26, '2016-05-30 17:17:14', 278, 32, 20, '017-18-22-023-000278', 'blezarmerun_38_ind-ibl_', 'blezarmerun_38_ind-ibl__nahar-fashion', 'Blezar', 1, NULL, NULL, NULL, NULL, 0, NULL, NULL, NULL, NULL),
(295, 'Blezar', 'blezarpurple-1-42-ind-ibl-nahar-fashion', 8, '2016-05-30 13:53:17', 1, NULL, NULL, NULL, NULL, 2, NULL, NULL, NULL, NULL, NULL, NULL, NULL, NULL, NULL, NULL, 26, '2016-05-30 17:17:14', 279, 29, 20, '017-01-19-023-000279', 'blezarpurple-1_42_ind-ibl_', 'blezarpurple-1_42_ind-ibl__nahar-fashion', 'Blezar', 1, NULL, NULL, NULL, NULL, 0, NULL, NULL, NULL, NULL),
(296, 'Blezar', 'blezarpurple-1-40-ind-ibl-nahar-fashion', 8, '2016-05-30 13:53:17', 1, NULL, NULL, NULL, NULL, 2, NULL, NULL, NULL, NULL, NULL, NULL, NULL, NULL, NULL, NULL, 26, '2016-05-30 17:17:14', 280, 30, 20, '017-01-20-023-000280', 'blezarpurple-1_40_ind-ibl_', 'blezarpurple-1_40_ind-ibl__nahar-fashion', 'Blezar', 2, NULL, NULL, NULL, NULL, 0, NULL, NULL, NULL, NULL),
(297, 'Blezar', 'blezarsilver-1-42-ind-ibl-nahar-fashion', 10, '2016-05-30 13:53:17', 1, NULL, NULL, NULL, NULL, 2, NULL, NULL, NULL, NULL, NULL, NULL, NULL, NULL, NULL, NULL, 26, '2016-05-30 17:17:14', 281, 29, 20, '017-03-19-023-000281', 'blezarsilver-1_42_ind-ibl_', 'blezarsilver-1_42_ind-ibl__nahar-fashion', 'Blezar', 2, NULL, NULL, NULL, NULL, 0, NULL, NULL, NULL, NULL),
(298, 'Blezar', 'blezarsilver-1-36-1-ind-ibl-nahar-fashion', 10, '2016-05-30 13:53:18', 1, NULL, NULL, NULL, NULL, 2, NULL, NULL, NULL, NULL, NULL, NULL, NULL, NULL, NULL, NULL, 26, '2016-05-30 17:17:14', 282, 40, 20, '017-03-30-023-000282', 'blezarsilver-1_36-1_ind-ibl_', 'blezarsilver-1_36-1_ind-ibl__nahar-fashion', 'Blezar', 1, NULL, NULL, NULL, NULL, 0, NULL, NULL, NULL, NULL),
(299, 'Coti', 'cotimixed-34-1-ind-div-nahar-fashion', 12, '2016-05-30 13:53:18', 1, NULL, NULL, NULL, NULL, 2, NULL, NULL, NULL, NULL, NULL, NULL, NULL, NULL, NULL, NULL, 18, '2016-05-30 17:17:14', 283, 41, 21, '018-05-31-015-000283', 'cotimixed_34-1_ind-div_', 'cotimixed_34-1_ind-div__nahar-fashion', 'Coti', 2, NULL, NULL, NULL, NULL, 0, NULL, NULL, NULL, NULL),
(300, 'Coti', 'cotimixed-38-ind-div-nahar-fashion', 12, '2016-05-30 13:53:19', 1, NULL, NULL, NULL, NULL, 2, NULL, NULL, NULL, NULL, NULL, NULL, NULL, NULL, NULL, NULL, 18, '2016-05-30 17:17:14', 284, 32, 21, '018-05-22-015-000284', 'cotimixed_38_ind-div_', 'cotimixed_38_ind-div__nahar-fashion', 'Coti', 1, NULL, NULL, NULL, NULL, 0, NULL, NULL, NULL, NULL),
(301, 'Coti', 'cotimixed-36-1-ind-div-nahar-fashion', 12, '2016-05-30 13:53:19', 1, NULL, NULL, NULL, NULL, 2, NULL, NULL, NULL, NULL, NULL, NULL, NULL, NULL, NULL, NULL, 18, '2016-05-30 17:17:14', 285, 40, 21, '018-05-30-015-000285', 'cotimixed_36-1_ind-div_', 'cotimixed_36-1_ind-div__nahar-fashion', 'Coti', 1, NULL, NULL, NULL, NULL, 0, NULL, NULL, NULL, NULL),
(302, 'Coti', 'cotimixed-42-ind-div-nahar-fashion', 12, '2016-05-30 13:53:20', 1, NULL, NULL, NULL, NULL, 2, NULL, NULL, NULL, NULL, NULL, NULL, NULL, NULL, NULL, NULL, 18, '2016-05-30 17:17:14', 286, 29, 21, '018-05-19-015-000286', 'cotimixed_42_ind-div_', 'cotimixed_42_ind-div__nahar-fashion', 'Coti', 1, NULL, NULL, NULL, NULL, 0, NULL, NULL, NULL, NULL),
(303, 'Coti', 'cotiblack-1-40-ind-div-nahar-fashion', 13, '2016-05-30 13:53:20', 1, NULL, NULL, NULL, NULL, 2, NULL, NULL, NULL, NULL, NULL, NULL, NULL, NULL, NULL, NULL, 18, '2016-05-30 17:17:14', 287, 30, 21, '018-06-20-015-000287', 'cotiblack-1_40_ind-div_', 'cotiblack-1_40_ind-div__nahar-fashion', 'Coti', 2, NULL, NULL, NULL, NULL, 0, NULL, NULL, NULL, NULL),
(304, 'Coti', 'cotiblack-1-42-ind-div-nahar-fashion', 13, '2016-05-30 13:53:20', 1, NULL, NULL, NULL, NULL, 2, NULL, NULL, NULL, NULL, NULL, NULL, NULL, NULL, NULL, NULL, 18, '2016-05-30 17:17:14', 288, 29, 21, '018-06-19-015-000288', 'cotiblack-1_42_ind-div_', 'cotiblack-1_42_ind-div__nahar-fashion', 'Coti', 2, NULL, NULL, NULL, NULL, 0, NULL, NULL, NULL, NULL),
(305, 'Coti', 'cotiblack-1-38-ind-div-nahar-fashion', 13, '2016-05-30 13:53:21', 1, NULL, NULL, NULL, NULL, 2, NULL, NULL, NULL, NULL, NULL, NULL, NULL, NULL, NULL, NULL, 18, '2016-05-30 17:17:14', 289, 32, 21, '018-06-22-015-000289', 'cotiblack-1_38_ind-div_', 'cotiblack-1_38_ind-div__nahar-fashion', 'Coti', 2, NULL, NULL, NULL, NULL, 0, NULL, NULL, NULL, NULL),
(306, 'Coti', 'cotipurple-1-40-ind-div-nahar-fashion', 8, '2016-05-30 13:53:21', 1, NULL, NULL, NULL, NULL, 2, NULL, NULL, NULL, NULL, NULL, NULL, NULL, NULL, NULL, NULL, 18, '2016-05-30 17:17:14', 290, 30, 21, '018-01-20-015-000290', 'cotipurple-1_40_ind-div_', 'cotipurple-1_40_ind-div__nahar-fashion', 'Coti', 1, NULL, NULL, NULL, NULL, 0, NULL, NULL, NULL, NULL),
(307, 'Coti', 'cotiwhite-42-ind-div-nahar-fashion', 14, '2016-05-30 13:53:21', 1, NULL, NULL, NULL, NULL, 2, NULL, NULL, NULL, NULL, NULL, NULL, NULL, NULL, NULL, NULL, 18, '2016-05-30 17:17:14', 291, 29, 21, '018-07-19-015-000291', 'cotiwhite_42_ind-div_', 'cotiwhite_42_ind-div__nahar-fashion', 'Coti', 1, NULL, NULL, NULL, NULL, 0, NULL, NULL, NULL, NULL),
(308, 'Coti', 'cotiwhite-40-ind-div-nahar-fashion', 14, '2016-05-30 13:53:21', 1, NULL, NULL, NULL, NULL, 2, NULL, NULL, NULL, NULL, NULL, NULL, NULL, NULL, NULL, NULL, 18, '2016-05-30 17:17:14', 292, 30, 21, '018-07-20-015-000292', 'cotiwhite_40_ind-div_', 'cotiwhite_40_ind-div__nahar-fashion', 'Coti', 1, NULL, NULL, NULL, NULL, 0, NULL, NULL, NULL, NULL),
(309, 'Coti', 'cotigolden-42-ind-div-nahar-fashion', 23, '2016-05-30 13:53:22', 1, NULL, NULL, NULL, NULL, 2, NULL, NULL, NULL, NULL, NULL, NULL, NULL, NULL, NULL, NULL, 18, '2016-05-30 17:17:14', 293, 29, 21, '018-16-19-015-000293', 'cotigolden_42_ind-div_', 'cotigolden_42_ind-div__nahar-fashion', 'Coti', 1, NULL, NULL, NULL, NULL, 0, NULL, NULL, NULL, NULL),
(310, 'Coti', 'cotigolden-40-ind-div-nahar-fashion', 23, '2016-05-30 13:53:22', 1, NULL, NULL, NULL, NULL, 2, NULL, NULL, NULL, NULL, NULL, NULL, NULL, NULL, NULL, NULL, 18, '2016-05-30 17:17:14', 294, 30, 21, '018-16-20-015-000294', 'cotigolden_40_ind-div_', 'cotigolden_40_ind-div__nahar-fashion', 'Coti', 1, NULL, NULL, NULL, NULL, 0, NULL, NULL, NULL, NULL),
(311, 'Coti', 'cotigolden-36-1-ind-div-nahar-fashion', 23, '2016-05-30 13:53:22', 1, NULL, NULL, NULL, NULL, 2, NULL, NULL, NULL, NULL, NULL, NULL, NULL, NULL, NULL, NULL, 18, '2016-05-30 17:17:14', 295, 40, 21, '018-16-30-015-000295', 'cotigolden_36-1_ind-div_', 'cotigolden_36-1_ind-div__nahar-fashion', 'Coti', 1, NULL, NULL, NULL, NULL, 0, NULL, NULL, NULL, NULL),
(312, 'Coti', 'cotipurple-1-36-1-ind-div-nahar-fashion', 8, '2016-05-30 13:53:22', 1, NULL, NULL, NULL, NULL, 2, NULL, NULL, NULL, NULL, NULL, NULL, NULL, NULL, NULL, NULL, 18, '2016-05-30 17:17:14', 296, 40, 21, '018-01-30-015-000296', 'cotipurple-1_36-1_ind-div_', 'cotipurple-1_36-1_ind-div__nahar-fashion', 'Coti', 1, NULL, NULL, NULL, NULL, 0, NULL, NULL, NULL, NULL),
(313, 'Coti', 'cotigolden-38-ind-div-nahar-fashion', 23, '2016-05-30 13:53:23', 1, NULL, NULL, NULL, NULL, 2, NULL, NULL, NULL, NULL, NULL, NULL, NULL, NULL, NULL, NULL, 18, '2016-05-30 17:17:14', 297, 32, 21, '018-16-22-015-000297', 'cotigolden_38_ind-div_', 'cotigolden_38_ind-div__nahar-fashion', 'Coti', 1, NULL, NULL, NULL, NULL, 0, NULL, NULL, NULL, NULL),
(314, 'Coti', 'cotiblue-1-36-1-ind-div-nahar-fashion', 15, '2016-05-30 13:53:23', 1, NULL, NULL, NULL, NULL, 2, NULL, NULL, NULL, NULL, NULL, NULL, NULL, NULL, NULL, NULL, 18, '2016-05-30 17:17:14', 298, 40, 21, '018-08-30-015-000298', 'cotiblue-1_36-1_ind-div_', 'cotiblue-1_36-1_ind-div__nahar-fashion', 'Coti', 1, NULL, NULL, NULL, NULL, 0, NULL, NULL, NULL, NULL),
(315, 'Coti', 'cotiwhite-38-ind-div-nahar-fashion', 14, '2016-05-30 13:53:23', 1, NULL, NULL, NULL, NULL, 2, NULL, NULL, NULL, NULL, NULL, NULL, NULL, NULL, NULL, NULL, 18, '2016-05-30 17:17:14', 299, 32, 21, '018-07-22-015-000299', 'cotiwhite_38_ind-div_', 'cotiwhite_38_ind-div__nahar-fashion', 'Coti', 1, NULL, NULL, NULL, NULL, 0, NULL, NULL, NULL, NULL),
(316, 'Half Polo Tshirt', 'half-polo-tshirtmixed-f-ex-nahar-fashion', 12, '2016-05-30 13:53:24', 1, NULL, NULL, NULL, NULL, 2, NULL, NULL, NULL, NULL, NULL, NULL, NULL, NULL, NULL, NULL, 10, '2016-05-30 17:17:14', 300, 24, 22, '019-05-14-007-000300', 'half_polo_tshirtmixed_f_ex_', 'half_polo_tshirtmixed_f_ex__nahar-fashion', 'Half Polo Tshirt', 28, NULL, NULL, NULL, NULL, 0, NULL, NULL, NULL, NULL),
(317, 'Half Polo Tshirt', 'half-polo-tshirtblack-1-f-ex-nahar-fashion', 13, '2016-05-30 13:53:24', 1, NULL, NULL, NULL, NULL, 2, NULL, NULL, NULL, NULL, NULL, NULL, NULL, NULL, NULL, NULL, 10, '2016-05-30 17:17:14', 301, 24, 22, '019-06-14-007-000301', 'half_polo_tshirtblack-1_f_ex_', 'half_polo_tshirtblack-1_f_ex__nahar-fashion', 'Half Polo Tshirt', 1, NULL, NULL, NULL, NULL, 0, NULL, NULL, NULL, NULL),
(318, 'Half Polo Tshirt', 'half-polo-tshirtgreen-f-ex-nahar-fashion', 17, '2016-05-30 13:53:24', 1, NULL, NULL, NULL, NULL, 2, NULL, NULL, NULL, NULL, NULL, NULL, NULL, NULL, NULL, NULL, 10, '2016-05-30 17:17:14', 302, 24, 22, '019-10-14-007-000302', 'half_polo_tshirtgreen_f_ex_', 'half_polo_tshirtgreen_f_ex__nahar-fashion', 'Half Polo Tshirt', 2, NULL, NULL, NULL, NULL, 0, NULL, NULL, NULL, NULL),
(319, 'Half Polo Tshirt', 'half-polo-tshirtred-1-f-ex-nahar-fashion', 11, '2016-05-30 13:53:25', 1, NULL, NULL, NULL, NULL, 2, NULL, NULL, NULL, NULL, NULL, NULL, NULL, NULL, NULL, NULL, 10, '2016-05-30 17:17:14', 303, 24, 22, '019-04-14-007-000303', 'half_polo_tshirtred-1_f_ex_', 'half_polo_tshirtred-1_f_ex__nahar-fashion', 'Half Polo Tshirt', 2, NULL, NULL, NULL, NULL, 0, NULL, NULL, NULL, NULL),
(320, 'Half Polo Tshirt', 'half-polo-tshirtmerun-f-ex-nahar-fashion', 25, '2016-05-30 13:53:26', 1, NULL, NULL, NULL, NULL, 2, NULL, NULL, NULL, NULL, NULL, NULL, NULL, NULL, NULL, NULL, 10, '2016-05-30 17:17:14', 304, 24, 22, '019-18-14-007-000304', 'half_polo_tshirtmerun_f_ex_', 'half_polo_tshirtmerun_f_ex__nahar-fashion', 'Half Polo Tshirt', 1, NULL, NULL, NULL, NULL, 0, NULL, NULL, NULL, NULL),
(321, 'Half Polo Tshirt', 'half-polo-tshirtwhite-f-ex-nahar-fashion', 14, '2016-05-30 13:53:26', 1, NULL, NULL, NULL, NULL, 2, NULL, NULL, NULL, NULL, NULL, NULL, NULL, NULL, NULL, NULL, 10, '2016-05-30 17:17:14', 305, 24, 22, '019-07-14-007-000305', 'half_polo_tshirtwhite_f_ex_', 'half_polo_tshirtwhite_f_ex__nahar-fashion', 'Half Polo Tshirt', 1, NULL, NULL, NULL, NULL, 0, NULL, NULL, NULL, NULL),
(322, 'Half Polo Tshirt', 'half-polo-tshirtorange-1-f-ex-nahar-fashion', 21, '2016-05-30 13:53:26', 1, NULL, NULL, NULL, NULL, 2, NULL, NULL, NULL, NULL, NULL, NULL, NULL, NULL, NULL, NULL, 10, '2016-05-30 17:17:14', 306, 24, 22, '019-14-14-007-000306', 'half_polo_tshirtorange-1_f_ex_', 'half_polo_tshirtorange-1_f_ex__nahar-fashion', 'Half Polo Tshirt', 1, NULL, NULL, NULL, NULL, 0, NULL, NULL, NULL, NULL),
(323, 'Half Polo Tshirt', 'half-polo-tshirtpurple-1-f-ex-nahar-fashion', 8, '2016-05-30 13:53:27', 1, NULL, NULL, NULL, NULL, 2, NULL, NULL, NULL, NULL, NULL, NULL, NULL, NULL, NULL, NULL, 10, '2016-05-30 17:17:14', 307, 24, 22, '019-01-14-007-000307', 'half_polo_tshirtpurple-1_f_ex_', 'half_polo_tshirtpurple-1_f_ex__nahar-fashion', 'Half Polo Tshirt', 1, NULL, NULL, NULL, NULL, 0, NULL, NULL, NULL, NULL),
(324, 'Half Polo Tshirt', 'half-polo-tshirtblue-1-f-ex-nahar-fashion', 15, '2016-05-30 13:53:27', 1, NULL, NULL, NULL, NULL, 2, NULL, NULL, NULL, NULL, NULL, NULL, NULL, NULL, NULL, NULL, 10, '2016-05-30 17:17:14', 308, 24, 22, '019-08-14-007-000308', 'half_polo_tshirtblue-1_f_ex_', 'half_polo_tshirtblue-1_f_ex__nahar-fashion', 'Half Polo Tshirt', 1, NULL, NULL, NULL, NULL, 0, NULL, NULL, NULL, NULL),
(325, 'Tshirt', 'tshirt-1orange-1-m-2-fc-1-nahar-fashion', 21, '2016-05-30 13:53:28', 1, NULL, NULL, NULL, NULL, 2, NULL, NULL, NULL, NULL, NULL, NULL, NULL, NULL, NULL, NULL, 14, '2016-05-30 17:17:14', 309, 21, 18, '015-14-11-011-000309', 'tshirt_1orange-1_m-2_fc-1_', 'tshirt_1orange-1_m-2_fc-1__nahar-fashion', 'Tshirt', 1, NULL, NULL, NULL, NULL, 0, NULL, NULL, NULL, NULL),
(326, 'Tshirt', 'tshirt-1pink-1-m-2-fc-1-nahar-fashion', 9, '2016-05-30 13:53:28', 1, NULL, NULL, NULL, NULL, 2, NULL, NULL, NULL, NULL, NULL, NULL, NULL, NULL, NULL, NULL, 14, '2016-05-30 17:17:14', 310, 21, 18, '015-02-11-011-000310', 'tshirt_1pink-1_m-2_fc-1_', 'tshirt_1pink-1_m-2_fc-1__nahar-fashion', 'Tshirt', 1, NULL, NULL, NULL, NULL, 0, NULL, NULL, NULL, NULL),
(327, 'Tshirt', 'tshirt-1sky-blue-m-2-fc-1-nahar-fashion', 19, '2016-05-30 13:53:28', 1, NULL, NULL, NULL, NULL, 2, NULL, NULL, NULL, NULL, NULL, NULL, NULL, NULL, NULL, NULL, 14, '2016-05-30 17:17:14', 311, 21, 18, '015-12-11-011-000311', 'tshirt_1sky-blue_m-2_fc-1_', 'tshirt_1sky-blue_m-2_fc-1__nahar-fashion', 'Tshirt', 1, NULL, NULL, NULL, NULL, 0, NULL, NULL, NULL, NULL),
(328, 'Tshirt', 'tshirt-1pink-1-l-1-fc-1-nahar-fashion', 9, '2016-05-30 13:53:29', 1, NULL, NULL, NULL, NULL, 2, NULL, NULL, NULL, NULL, NULL, NULL, NULL, NULL, NULL, NULL, 14, '2016-05-30 17:17:14', 312, 23, 18, '015-02-13-011-000312', 'tshirt_1pink-1_l-1_fc-1_', 'tshirt_1pink-1_l-1_fc-1__nahar-fashion', 'Tshirt', 1, NULL, NULL, NULL, NULL, 0, NULL, NULL, NULL, NULL),
(329, 'Tshirt', 'tshirt-1orange-1-l-1-fc-1-nahar-fashion', 21, '2016-05-30 13:53:29', 1, NULL, NULL, NULL, NULL, 2, NULL, NULL, NULL, NULL, NULL, NULL, NULL, NULL, NULL, NULL, 14, '2016-05-30 17:17:14', 313, 23, 18, '015-14-13-011-000313', 'tshirt_1orange-1_l-1_fc-1_', 'tshirt_1orange-1_l-1_fc-1__nahar-fashion', 'Tshirt', 2, NULL, NULL, NULL, NULL, 0, NULL, NULL, NULL, NULL),
(330, 'Tshirt', 'tshirt-1orange-1-xl-1-fc-1-nahar-fashion', 21, '2016-05-30 13:53:29', 1, NULL, NULL, NULL, NULL, 2, NULL, NULL, NULL, NULL, NULL, NULL, NULL, NULL, NULL, NULL, 14, '2016-05-30 17:17:14', 314, 22, 18, '015-14-12-011-000314', 'tshirt_1orange-1_xl-1_fc-1_', 'tshirt_1orange-1_xl-1_fc-1__nahar-fashion', 'Tshirt', 1, NULL, NULL, NULL, NULL, 0, NULL, NULL, NULL, NULL),
(331, 'Tshirt', 'tshirt-1sky-blue-l-1-fc-1-nahar-fashion', 19, '2016-05-30 13:53:30', 1, NULL, NULL, NULL, NULL, 2, NULL, NULL, NULL, NULL, NULL, NULL, NULL, NULL, NULL, NULL, 14, '2016-05-30 17:17:14', 315, 23, 18, '015-12-13-011-000315', 'tshirt_1sky-blue_l-1_fc-1_', 'tshirt_1sky-blue_l-1_fc-1__nahar-fashion', 'Tshirt', 1, NULL, NULL, NULL, NULL, 0, NULL, NULL, NULL, NULL),
(332, 'Tshirt', 'tshirt-1pink-1-xl-1-fc-1-nahar-fashion', 9, '2016-05-30 13:53:30', 1, NULL, NULL, NULL, NULL, 2, NULL, NULL, NULL, NULL, NULL, NULL, NULL, NULL, NULL, NULL, 14, '2016-05-30 17:17:14', 316, 22, 18, '015-02-12-011-000316', 'tshirt_1pink-1_xl-1_fc-1_', 'tshirt_1pink-1_xl-1_fc-1__nahar-fashion', 'Tshirt', 2, NULL, NULL, NULL, NULL, 0, NULL, NULL, NULL, NULL),
(333, 'Jeans Pant', 'jeans-pant-1black-1-30-1-vf-1-nahar-fashion', 13, '2016-05-30 13:53:30', 1, NULL, NULL, NULL, NULL, 2, NULL, NULL, NULL, NULL, NULL, NULL, NULL, NULL, NULL, NULL, 27, '2016-05-30 17:17:14', 317, 38, 23, '020-06-28-024-000317', 'jeans_pant_1black-1_30-1_vf-1_', 'jeans_pant_1black-1_30-1_vf-1__nahar-fashion', 'Jeans Pant', 6, NULL, NULL, NULL, NULL, 0, NULL, NULL, NULL, NULL),
(334, 'Jeans Pant', 'jeans-pant-1blue-1-34-1-vf-1-nahar-fashion', 15, '2016-05-30 13:53:31', 1, NULL, NULL, NULL, NULL, 2, NULL, NULL, NULL, NULL, NULL, NULL, NULL, NULL, NULL, NULL, 27, '2016-05-30 17:17:14', 318, 41, 23, '020-08-31-024-000318', 'jeans_pant_1blue-1_34-1_vf-1_', 'jeans_pant_1blue-1_34-1_vf-1__nahar-fashion', 'Jeans Pant', 9, NULL, NULL, NULL, NULL, 0, NULL, NULL, NULL, NULL),
(335, 'Jeans Pant', 'jeans-pant-1blue-1-36-1-vf-1-nahar-fashion', 15, '2016-05-30 13:53:31', 1, NULL, NULL, NULL, NULL, 2, NULL, NULL, NULL, NULL, NULL, NULL, NULL, NULL, NULL, NULL, 27, '2016-05-30 17:17:14', 319, 40, 23, '020-08-30-024-000319', 'jeans_pant_1blue-1_36-1_vf-1_', 'jeans_pant_1blue-1_36-1_vf-1__nahar-fashion', 'Jeans Pant', 8, NULL, NULL, NULL, NULL, 0, NULL, NULL, NULL, NULL),
(336, 'Jeans Pant', 'jeans-pant-1black-1-36-1-vf-1-nahar-fashion', 13, '2016-05-30 13:53:32', 1, NULL, NULL, NULL, NULL, 2, NULL, NULL, NULL, NULL, NULL, NULL, NULL, NULL, NULL, NULL, 27, '2016-05-30 17:17:14', 320, 40, 23, '020-06-30-024-000320', 'jeans_pant_1black-1_36-1_vf-1_', 'jeans_pant_1black-1_36-1_vf-1__nahar-fashion', 'Jeans Pant', 3, NULL, NULL, NULL, NULL, 0, NULL, NULL, NULL, NULL),
(337, 'Jeans Pant', 'jeans-pant-1blue-1-32-1-vf-1-nahar-fashion', 15, '2016-05-30 13:53:32', 1, NULL, NULL, NULL, NULL, 2, NULL, NULL, NULL, NULL, 600, NULL, NULL, NULL, NULL, NULL, 27, '2016-07-31 23:48:20', 321, 39, 23, '020-08-29-024-000321', 'jeans_pant_1blue-1_32-1_vf-1_', 'jeans_pant_1blue-1_32-1_vf-1__nahar-fashion', 'Jeans Pant', 6, NULL, NULL, NULL, NULL, 0, NULL, NULL, NULL, NULL),
(338, 'Jeans Pant', 'jeans-pant-1black-1-32-1-vf-1-nahar-fashion', 13, '2016-05-30 13:53:33', 1, NULL, NULL, NULL, NULL, 2, NULL, NULL, NULL, NULL, NULL, NULL, NULL, NULL, NULL, NULL, 27, '2016-05-30 17:17:14', 322, 39, 23, '020-06-29-024-000322', 'jeans_pant_1black-1_32-1_vf-1_', 'jeans_pant_1black-1_32-1_vf-1__nahar-fashion', 'Jeans Pant', 4, NULL, NULL, NULL, NULL, 0, NULL, NULL, NULL, NULL),
(339, 'Jeans Pant', 'jeans-pant-1black-1-34-1-vf-1-nahar-fashion', 13, '2016-05-30 13:53:33', 1, NULL, NULL, NULL, NULL, 2, NULL, NULL, NULL, NULL, NULL, NULL, NULL, NULL, NULL, NULL, 27, '2016-05-30 17:17:14', 323, 41, 23, '020-06-31-024-000323', 'jeans_pant_1black-1_34-1_vf-1_', 'jeans_pant_1black-1_34-1_vf-1__nahar-fashion', 'Jeans Pant', 5, NULL, NULL, NULL, NULL, 0, NULL, NULL, NULL, NULL),
(340, 'Jeans Pant', 'jeans-pant-1black-1-28-vf-1-nahar-fashion', 13, '2016-05-30 13:53:33', 1, NULL, NULL, NULL, NULL, 2, NULL, NULL, NULL, NULL, NULL, NULL, NULL, NULL, NULL, NULL, 27, '2016-05-30 17:17:14', 324, 42, 23, '020-06-32-024-000324', 'jeans_pant_1black-1_28_vf-1_', 'jeans_pant_1black-1_28_vf-1__nahar-fashion', 'Jeans Pant', 2, NULL, NULL, NULL, NULL, 0, NULL, NULL, NULL, NULL),
(341, 'Jeans Pant', 'jeans-pant-1blue-1-30-1-vf-1-nahar-fashion', 15, '2016-05-30 13:53:34', 1, NULL, NULL, NULL, NULL, 2, NULL, NULL, NULL, NULL, NULL, NULL, NULL, NULL, NULL, NULL, 27, '2016-05-30 17:17:14', 325, 38, 23, '020-08-28-024-000325', 'jeans_pant_1blue-1_30-1_vf-1_', 'jeans_pant_1blue-1_30-1_vf-1__nahar-fashion', 'Jeans Pant', 9, NULL, NULL, NULL, NULL, 0, NULL, NULL, NULL, NULL),
(342, 'Jeans Pant', 'jeans-pant-1blue-1-28-vf-1-nahar-fashion', 15, '2016-05-30 13:53:34', 1, NULL, NULL, NULL, NULL, 2, NULL, NULL, NULL, NULL, NULL, NULL, NULL, NULL, NULL, NULL, 27, '2016-05-30 17:17:14', 326, 42, 23, '020-08-32-024-000326', 'jeans_pant_1blue-1_28_vf-1_', 'jeans_pant_1blue-1_28_vf-1__nahar-fashion', 'Jeans Pant', 1, NULL, NULL, NULL, NULL, 0, NULL, NULL, NULL, NULL),
(343, 'Jeans Pant', 'jeans-pant-1silver-1-34-1-vf-1-nahar-fashion', 10, '2016-05-30 13:53:37', 1, NULL, NULL, NULL, NULL, 2, NULL, NULL, NULL, NULL, NULL, NULL, NULL, NULL, NULL, NULL, 27, '2016-05-30 17:17:14', 327, 41, 23, '020-03-31-024-000327', 'jeans_pant_1silver-1_34-1_vf-1_', 'jeans_pant_1silver-1_34-1_vf-1__nahar-fashion', 'Jeans Pant', 2, NULL, NULL, NULL, NULL, 0, NULL, NULL, NULL, NULL),
(344, 'Jeans Pant', 'jeans-pant-1golden-30-1-vf-1-nahar-fashion', 23, '2016-05-30 13:53:37', 1, NULL, NULL, NULL, NULL, 2, NULL, NULL, NULL, NULL, NULL, NULL, NULL, NULL, NULL, NULL, 27, '2016-05-30 17:17:14', 328, 38, 23, '020-16-28-024-000328', 'jeans_pant_1golden_30-1_vf-1_', 'jeans_pant_1golden_30-1_vf-1__nahar-fashion', 'Jeans Pant', 1, NULL, NULL, NULL, NULL, 0, NULL, NULL, NULL, NULL),
(345, 'Jeans Pant', 'jeans-pant-1golden-34-1-vf-1-nahar-fashion', 23, '2016-05-30 13:53:37', 1, NULL, NULL, NULL, NULL, 2, NULL, NULL, NULL, NULL, NULL, NULL, NULL, NULL, NULL, NULL, 27, '2016-05-30 17:17:14', 329, 41, 23, '020-16-31-024-000329', 'jeans_pant_1golden_34-1_vf-1_', 'jeans_pant_1golden_34-1_vf-1__nahar-fashion', 'Jeans Pant', 2, NULL, NULL, NULL, NULL, 0, NULL, NULL, NULL, NULL),
(346, 'Jeans Pant', 'jeans-pant-1golden-32-1-vf-1-nahar-fashion', 23, '2016-05-30 13:53:37', 1, NULL, NULL, NULL, NULL, 2, NULL, NULL, NULL, NULL, NULL, NULL, NULL, NULL, NULL, NULL, 27, '2016-05-30 17:17:14', 330, 39, 23, '020-16-29-024-000330', 'jeans_pant_1golden_32-1_vf-1_', 'jeans_pant_1golden_32-1_vf-1__nahar-fashion', 'Jeans Pant', 3, NULL, NULL, NULL, NULL, 0, NULL, NULL, NULL, NULL),
(347, 'Jeans Pant', 'jeans-pant-1golden-36-1-vf-1-nahar-fashion', 23, '2016-05-30 13:53:38', 1, NULL, NULL, NULL, NULL, 2, NULL, NULL, NULL, NULL, NULL, NULL, NULL, NULL, NULL, NULL, 27, '2016-05-30 17:17:14', 331, 40, 23, '020-16-30-024-000331', 'jeans_pant_1golden_36-1_vf-1_', 'jeans_pant_1golden_36-1_vf-1__nahar-fashion', 'Jeans Pant', 1, NULL, NULL, NULL, NULL, 0, NULL, NULL, NULL, NULL),
(348, 'Jeans Pant', 'jeans-pant-1silver-1-32-1-vf-1-nahar-fashion', 10, '2016-05-30 13:53:39', 1, NULL, NULL, NULL, NULL, 2, NULL, NULL, NULL, NULL, NULL, NULL, NULL, NULL, NULL, NULL, 27, '2016-05-30 17:17:14', 332, 39, 23, '020-03-29-024-000332', 'jeans_pant_1silver-1_32-1_vf-1_', 'jeans_pant_1silver-1_32-1_vf-1__nahar-fashion', 'Jeans Pant', 2, NULL, NULL, NULL, NULL, 0, NULL, NULL, NULL, NULL),
(349, 'Jeans Pant', 'jeans-pant-1silver-1-30-1-vf-1-nahar-fashion', 10, '2016-05-30 13:53:39', 1, NULL, NULL, NULL, NULL, 2, NULL, NULL, NULL, NULL, NULL, NULL, NULL, NULL, NULL, NULL, 27, '2016-05-30 17:17:14', 333, 38, 23, '020-03-28-024-000333', 'jeans_pant_1silver-1_30-1_vf-1_', 'jeans_pant_1silver-1_30-1_vf-1__nahar-fashion', 'Jeans Pant', 1, NULL, NULL, NULL, NULL, 0, NULL, NULL, NULL, NULL),
(350, 'Jeans Pant', 'jeans-pant-1blue-1-42-vf-1-nahar-fashion', 15, '2016-05-30 13:53:40', 1, NULL, NULL, NULL, NULL, 2, NULL, NULL, NULL, NULL, NULL, NULL, NULL, NULL, NULL, NULL, 27, '2016-05-30 17:17:14', 334, 29, 23, '020-08-19-024-000334', 'jeans_pant_1blue-1_42_vf-1_', 'jeans_pant_1blue-1_42_vf-1__nahar-fashion', 'Jeans Pant', 1, NULL, NULL, NULL, NULL, 0, NULL, NULL, NULL, NULL),
(351, 'Jeans Pant', 'jeans-pant-1blue-1-34-1-ct-nahar-fashion', 15, '2016-05-30 13:53:41', 1, NULL, NULL, NULL, NULL, 2, NULL, NULL, NULL, NULL, NULL, NULL, NULL, NULL, NULL, NULL, 28, '2016-05-30 17:17:14', 335, 41, 23, '020-08-31-025-000335', 'jeans_pant_1blue-1_34-1_ct_', 'jeans_pant_1blue-1_34-1_ct__nahar-fashion', 'Jeans Pant', 1, NULL, NULL, NULL, NULL, 0, NULL, NULL, NULL, NULL),
(352, 'Jeans Pant', 'jeans-pant-1blue-1-32-1-ct-nahar-fashion', 15, '2016-05-30 13:53:41', 1, NULL, NULL, NULL, NULL, 2, NULL, NULL, NULL, NULL, NULL, NULL, NULL, NULL, NULL, NULL, 28, '2016-05-30 17:17:14', 336, 39, 23, '020-08-29-025-000336', 'jeans_pant_1blue-1_32-1_ct_', 'jeans_pant_1blue-1_32-1_ct__nahar-fashion', 'Jeans Pant', 1, NULL, NULL, NULL, NULL, 0, NULL, NULL, NULL, NULL),
(353, 'Jeans Pant', 'jeans-pant-1blue-1-31-ls-nahar-fashion', 15, '2016-05-30 13:53:42', 1, NULL, NULL, NULL, NULL, 2, NULL, NULL, NULL, NULL, NULL, NULL, NULL, NULL, NULL, NULL, 29, '2016-05-30 17:17:14', 337, 43, 23, '020-08-33-026-000337', 'jeans_pant_1blue-1_31_ls_', 'jeans_pant_1blue-1_31_ls__nahar-fashion', 'Jeans Pant', 4, NULL, NULL, NULL, NULL, 0, NULL, NULL, NULL, NULL),
(354, 'Jeans Pant', 'jeans-pant-1blue-1-33-ls-nahar-fashion', 15, '2016-05-30 13:53:43', 1, NULL, NULL, NULL, NULL, 2, NULL, NULL, NULL, NULL, NULL, NULL, NULL, NULL, NULL, NULL, 29, '2016-05-30 17:17:14', 338, 44, 23, '020-08-34-026-000338', 'jeans_pant_1blue-1_33_ls_', 'jeans_pant_1blue-1_33_ls__nahar-fashion', 'Jeans Pant', 3, NULL, NULL, NULL, NULL, 0, NULL, NULL, NULL, NULL),
(355, 'Jeans Pant', 'jeans-pant-1blue-1-29-ls-nahar-fashion', 15, '2016-05-30 13:53:43', 1, NULL, NULL, NULL, NULL, 2, NULL, NULL, NULL, NULL, NULL, NULL, NULL, NULL, NULL, NULL, 29, '2016-05-30 17:17:14', 339, 45, 23, '020-08-35-026-000339', 'jeans_pant_1blue-1_29_ls_', 'jeans_pant_1blue-1_29_ls__nahar-fashion', 'Jeans Pant', 1, NULL, NULL, NULL, NULL, 0, NULL, NULL, NULL, NULL),
(356, 'Jeans Pant', 'jeans-pant-1blue-1-28-ls-nahar-fashion', 15, '2016-05-30 13:53:44', 1, NULL, NULL, NULL, NULL, 2, NULL, NULL, NULL, NULL, NULL, NULL, NULL, NULL, NULL, NULL, 29, '2016-05-30 17:17:14', 340, 42, 23, '020-08-32-026-000340', 'jeans_pant_1blue-1_28_ls_', 'jeans_pant_1blue-1_28_ls__nahar-fashion', 'Jeans Pant', 1, NULL, NULL, NULL, NULL, 0, NULL, NULL, NULL, NULL),
(357, 'Jeans Pant', 'jeans-pant-1blue-1-34-1-ls-nahar-fashion', 15, '2016-05-30 13:53:44', 1, NULL, NULL, NULL, NULL, 2, NULL, NULL, NULL, NULL, NULL, NULL, NULL, NULL, NULL, NULL, 29, '2016-05-30 17:17:14', 341, 41, 23, '020-08-31-026-000341', 'jeans_pant_1blue-1_34-1_ls_', 'jeans_pant_1blue-1_34-1_ls__nahar-fashion', 'Jeans Pant', 2, NULL, NULL, NULL, NULL, 0, NULL, NULL, NULL, NULL),
(358, 'Jeans Pant', 'jeans-pant-1blue-1-32-1-ls-nahar-fashion', 15, '2016-05-30 13:53:44', 1, NULL, NULL, NULL, NULL, 2, NULL, NULL, NULL, NULL, NULL, NULL, NULL, NULL, NULL, NULL, 29, '2016-05-30 17:17:14', 342, 39, 23, '020-08-29-026-000342', 'jeans_pant_1blue-1_32-1_ls_', 'jeans_pant_1blue-1_32-1_ls__nahar-fashion', 'Jeans Pant', 1, NULL, NULL, NULL, NULL, 0, NULL, NULL, NULL, NULL),
(359, 'Jeans Pant', 'jeans-pant-1blue-1-36-1-ls-nahar-fashion', 15, '2016-05-30 13:53:45', 1, NULL, NULL, NULL, NULL, 2, NULL, NULL, NULL, NULL, NULL, NULL, NULL, NULL, NULL, NULL, 29, '2016-05-30 17:17:14', 343, 40, 23, '020-08-30-026-000343', 'jeans_pant_1blue-1_36-1_ls_', 'jeans_pant_1blue-1_36-1_ls__nahar-fashion', 'Jeans Pant', 1, NULL, NULL, NULL, NULL, 0, NULL, NULL, NULL, NULL),
(360, 'Jeans Pant', 'jeans-pant-1blue-1-30-1-ls-nahar-fashion', 15, '2016-05-30 13:53:45', 1, NULL, NULL, NULL, NULL, 2, NULL, NULL, NULL, NULL, NULL, NULL, NULL, NULL, NULL, NULL, 29, '2016-05-30 17:17:14', 344, 38, 23, '020-08-28-026-000344', 'jeans_pant_1blue-1_30-1_ls_', 'jeans_pant_1blue-1_30-1_ls__nahar-fashion', 'Jeans Pant', 1, NULL, NULL, NULL, NULL, 0, NULL, NULL, NULL, NULL),
(361, 'Jeans Pant', 'jeans-pant-1black-1-33-ls-nahar-fashion', 13, '2016-05-30 13:53:45', 1, NULL, NULL, NULL, NULL, 2, NULL, NULL, NULL, NULL, NULL, NULL, NULL, NULL, NULL, NULL, 29, '2016-05-30 17:17:14', 345, 44, 23, '020-06-34-026-000345', 'jeans_pant_1black-1_33_ls_', 'jeans_pant_1black-1_33_ls__nahar-fashion', 'Jeans Pant', 2, NULL, NULL, NULL, NULL, 0, NULL, NULL, NULL, NULL),
(362, 'Jeans Pant', 'jeans-pant-1black-1-29-ls-nahar-fashion', 13, '2016-05-30 13:53:46', 1, NULL, NULL, NULL, NULL, 2, NULL, NULL, NULL, NULL, NULL, NULL, NULL, NULL, NULL, NULL, 29, '2016-05-30 17:17:14', 346, 45, 23, '020-06-35-026-000346', 'jeans_pant_1black-1_29_ls_', 'jeans_pant_1black-1_29_ls__nahar-fashion', 'Jeans Pant', 1, NULL, NULL, NULL, NULL, 0, NULL, NULL, NULL, NULL),
(363, 'Jeans Pant', 'jeans-pant-1black-1-43-ls-nahar-fashion', 13, '2016-05-30 13:53:46', 1, NULL, NULL, NULL, NULL, 2, NULL, NULL, NULL, NULL, NULL, NULL, NULL, NULL, NULL, NULL, 29, '2016-05-30 17:17:14', 347, 46, 23, '020-06-36-026-000347', 'jeans_pant_1black-1_43_ls_', 'jeans_pant_1black-1_43_ls__nahar-fashion', 'Jeans Pant', 1, NULL, NULL, NULL, NULL, 0, NULL, NULL, NULL, NULL),
(364, 'Gavadin Pant', 'gavadin-pantblack-1-33-bb-nahar-fashion', 13, '2016-05-30 13:53:47', 1, NULL, NULL, NULL, NULL, 2, NULL, NULL, NULL, NULL, NULL, NULL, NULL, NULL, NULL, NULL, 23, '2016-05-30 17:17:14', 348, 44, 24, '021-06-34-020-000348', 'gavadin_pantblack-1_33_bb_', 'gavadin_pantblack-1_33_bb__nahar-fashion', 'Gavadin Pant', 1, NULL, NULL, NULL, NULL, 0, NULL, NULL, NULL, NULL),
(365, 'Gavadin Pant', 'gavadin-pantblue-1-36-1-bb-nahar-fashion', 15, '2016-05-30 13:53:48', 1, NULL, NULL, NULL, NULL, 2, NULL, NULL, NULL, NULL, NULL, NULL, NULL, NULL, NULL, NULL, 23, '2016-05-30 17:17:14', 349, 40, 24, '021-08-30-020-000349', 'gavadin_pantblue-1_36-1_bb_', 'gavadin_pantblue-1_36-1_bb__nahar-fashion', 'Gavadin Pant', 1, NULL, NULL, NULL, NULL, 0, NULL, NULL, NULL, NULL),
(366, 'Gavadin Pant', 'gavadin-pantgolden-34-1-bb-nahar-fashion', 23, '2016-05-30 13:53:48', 1, NULL, NULL, NULL, NULL, 2, NULL, NULL, NULL, NULL, NULL, NULL, NULL, NULL, NULL, NULL, 23, '2016-05-30 17:17:14', 350, 41, 24, '021-16-31-020-000350', 'gavadin_pantgolden_34-1_bb_', 'gavadin_pantgolden_34-1_bb__nahar-fashion', 'Gavadin Pant', 1, NULL, NULL, NULL, NULL, 0, NULL, NULL, NULL, NULL),
(367, 'Gavadin Pant', 'gavadin-pantbrown-33-bb-nahar-fashion', 20, '2016-05-30 13:53:49', 1, NULL, NULL, NULL, NULL, 2, NULL, NULL, NULL, NULL, NULL, NULL, NULL, NULL, NULL, NULL, 23, '2016-06-08 20:25:25', 351, 44, 24, '021-13-34-020-000351', 'gavadin_pantbrown_33_bb_', 'gavadin_pantbrown_33_bb__nahar-fashion', 'Gavadin Pant', 1, NULL, 2, NULL, NULL, 0, NULL, NULL, NULL, NULL),
(368, 'Gavadin Pant', 'gavadin-pantbrown-32-1-bb-nahar-fashion', 20, '2016-05-30 13:53:49', 1, NULL, NULL, NULL, NULL, 2, NULL, NULL, NULL, NULL, NULL, NULL, NULL, NULL, NULL, NULL, 23, '2016-05-30 17:17:14', 352, 39, 24, '021-13-29-020-000352', 'gavadin_pantbrown_32-1_bb_', 'gavadin_pantbrown_32-1_bb__nahar-fashion', 'Gavadin Pant', 1, NULL, NULL, NULL, NULL, 0, NULL, NULL, NULL, NULL),
(369, 'Gavadin Pant', 'gavadin-pantbrown-34-1-bb-nahar-fashion', 20, '2016-05-30 13:53:50', 1, NULL, NULL, NULL, NULL, 2, NULL, NULL, NULL, NULL, NULL, NULL, NULL, NULL, NULL, NULL, 23, '2016-05-30 17:17:14', 353, 41, 24, '021-13-31-020-000353', 'gavadin_pantbrown_34-1_bb_', 'gavadin_pantbrown_34-1_bb__nahar-fashion', 'Gavadin Pant', 2, NULL, NULL, NULL, NULL, 0, NULL, NULL, NULL, NULL),
(370, 'Gavadin Pant', 'gavadin-pantgolden-31-bb-nahar-fashion', 23, '2016-05-30 13:53:50', 1, NULL, NULL, NULL, NULL, 2, NULL, NULL, NULL, NULL, NULL, NULL, NULL, NULL, NULL, NULL, 23, '2016-05-30 17:17:14', 354, 43, 24, '021-16-33-020-000354', 'gavadin_pantgolden_31_bb_', 'gavadin_pantgolden_31_bb__nahar-fashion', 'Gavadin Pant', 1, NULL, NULL, NULL, NULL, 0, NULL, NULL, NULL, NULL),
(371, 'Gavadin Pant', 'gavadin-pantgolden-33-bb-nahar-fashion', 23, '2016-05-30 13:53:50', 1, NULL, NULL, NULL, NULL, 2, NULL, NULL, NULL, NULL, NULL, NULL, NULL, NULL, NULL, NULL, 23, '2016-05-30 17:17:14', 355, 44, 24, '021-16-34-020-000355', 'gavadin_pantgolden_33_bb_', 'gavadin_pantgolden_33_bb__nahar-fashion', 'Gavadin Pant', 1, NULL, NULL, NULL, NULL, 0, NULL, NULL, NULL, NULL),
(372, 'Gavadin Pant', 'gavadin-pantblack-1-36-1-bb-nahar-fashion', 13, '2016-05-30 13:53:51', 1, NULL, NULL, NULL, NULL, 2, NULL, NULL, NULL, NULL, NULL, NULL, NULL, NULL, NULL, NULL, 23, '2016-05-30 17:17:14', 356, 40, 24, '021-06-30-020-000356', 'gavadin_pantblack-1_36-1_bb_', 'gavadin_pantblack-1_36-1_bb__nahar-fashion', 'Gavadin Pant', 1, NULL, NULL, NULL, NULL, 0, NULL, NULL, NULL, NULL),
(373, 'Gavadin Pant', 'gavadin-pantblack-1-32-1-bb-nahar-fashion', 13, '2016-05-30 13:53:51', 1, NULL, NULL, NULL, NULL, 2, NULL, NULL, NULL, NULL, NULL, NULL, NULL, NULL, NULL, NULL, 23, '2016-05-30 17:17:14', 357, 39, 24, '021-06-29-020-000357', 'gavadin_pantblack-1_32-1_bb_', 'gavadin_pantblack-1_32-1_bb__nahar-fashion', 'Gavadin Pant', 2, NULL, NULL, NULL, NULL, 0, NULL, NULL, NULL, NULL),
(374, 'Gavadin Pant', 'gavadin-pantblack-1-30-1-bb-nahar-fashion', 13, '2016-05-30 13:53:51', 1, NULL, NULL, NULL, NULL, 2, NULL, NULL, NULL, NULL, NULL, NULL, NULL, NULL, NULL, NULL, 23, '2016-05-30 17:17:14', 358, 38, 24, '021-06-28-020-000358', 'gavadin_pantblack-1_30-1_bb_', 'gavadin_pantblack-1_30-1_bb__nahar-fashion', 'Gavadin Pant', 1, NULL, NULL, NULL, NULL, 0, NULL, NULL, NULL, NULL),
(375, 'Gavadin Pant', 'gavadin-pantblue-1-29-bb-nahar-fashion', 15, '2016-05-30 13:53:51', 1, NULL, NULL, NULL, NULL, 2, NULL, NULL, NULL, NULL, NULL, NULL, NULL, NULL, NULL, NULL, 23, '2016-05-30 17:17:14', 359, 45, 24, '021-08-35-020-000359', 'gavadin_pantblue-1_29_bb_', 'gavadin_pantblue-1_29_bb__nahar-fashion', 'Gavadin Pant', 1, NULL, NULL, NULL, NULL, 0, NULL, NULL, NULL, NULL),
(376, 'Gavadin Pant', 'gavadin-pantblue-1-31-bb-nahar-fashion', 15, '2016-05-30 13:53:52', 1, NULL, NULL, NULL, NULL, 2, NULL, NULL, NULL, NULL, NULL, NULL, NULL, NULL, NULL, NULL, 23, '2016-05-30 17:17:14', 360, 43, 24, '021-08-33-020-000360', 'gavadin_pantblue-1_31_bb_', 'gavadin_pantblue-1_31_bb__nahar-fashion', 'Gavadin Pant', 1, NULL, NULL, NULL, NULL, 0, NULL, NULL, NULL, NULL),
(377, 'Gavadin Pant', 'gavadin-pantblue-1-32-1-bb-nahar-fashion', 15, '2016-05-30 13:53:52', 1, NULL, NULL, NULL, NULL, 2, NULL, NULL, NULL, NULL, NULL, NULL, NULL, NULL, NULL, NULL, 23, '2016-05-30 17:17:14', 361, 39, 24, '021-08-29-020-000361', 'gavadin_pantblue-1_32-1_bb_', 'gavadin_pantblue-1_32-1_bb__nahar-fashion', 'Gavadin Pant', 1, NULL, NULL, NULL, NULL, 0, NULL, NULL, NULL, NULL),
(378, 'Gavadin Pant', 'gavadin-pantblue-1-33-bb-nahar-fashion', 15, '2016-05-30 13:53:52', 1, NULL, NULL, NULL, NULL, 2, NULL, NULL, NULL, NULL, NULL, NULL, NULL, NULL, NULL, NULL, 23, '2016-05-30 17:17:14', 362, 44, 24, '021-08-34-020-000362', 'gavadin_pantblue-1_33_bb_', 'gavadin_pantblue-1_33_bb__nahar-fashion', 'Gavadin Pant', 1, NULL, NULL, NULL, NULL, 0, NULL, NULL, NULL, NULL),
(379, 'Gavadin Pant', 'gavadin-pantblue-1-30-1-bb-nahar-fashion', 15, '2016-05-30 13:53:53', 1, NULL, NULL, NULL, NULL, 2, NULL, NULL, NULL, NULL, NULL, NULL, NULL, NULL, NULL, NULL, 23, '2016-05-30 17:17:14', 363, 38, 24, '021-08-28-020-000363', 'gavadin_pantblue-1_30-1_bb_', 'gavadin_pantblue-1_30-1_bb__nahar-fashion', 'Gavadin Pant', 1, NULL, NULL, NULL, NULL, 0, NULL, NULL, NULL, NULL),
(380, 'Gavadin Pant', 'gavadin-pantsky-blue-34-1-vf-1-nahar-fashion', 19, '2016-05-30 13:53:53', 1, NULL, NULL, NULL, NULL, 2, NULL, NULL, NULL, NULL, NULL, NULL, NULL, NULL, NULL, NULL, 27, '2016-05-30 17:17:14', 364, 41, 24, '021-12-31-024-000364', 'gavadin_pantsky-blue_34-1_vf-1_', 'gavadin_pantsky-blue_34-1_vf-1__nahar-fashion', 'Gavadin Pant', 1, NULL, NULL, NULL, NULL, 0, NULL, NULL, NULL, NULL),
(381, 'Gavadin Pant', 'gavadin-pantsilver-1-33-vf-1-nahar-fashion', 10, '2016-05-30 13:53:53', 1, NULL, NULL, NULL, NULL, 2, NULL, NULL, NULL, NULL, NULL, NULL, NULL, NULL, NULL, NULL, 27, '2016-05-30 17:17:14', 365, 44, 24, '021-03-34-024-000365', 'gavadin_pantsilver-1_33_vf-1_', 'gavadin_pantsilver-1_33_vf-1__nahar-fashion', 'Gavadin Pant', 1, NULL, NULL, NULL, NULL, 0, NULL, NULL, NULL, NULL);
INSERT INTO `Item` (`id`, `name`, `slug`, `color_id`, `created`, `status`, `itemUnit`, `minQnt`, `maxQnt`, `remainingQnt`, `inventoryConfig_id`, `barcode`, `purchasePrice`, `purchaseAvgPrice`, `salesPrice`, `webPrice`, `quantity`, `country_id`, `brand_id`, `path`, `content`, `vendor_id`, `updated`, `code`, `size_id`, `masterItem_id`, `sku`, `skuSlug`, `skuWebSlug`, `webName`, `purchaseQuantity`, `purchaseQuantityReturn`, `salesQuantity`, `salesQuantityReturn`, `purchaseQuantityReplace`, `isWeb`, `ageGroup`, `gender`, `material`, `damageQuantity`) VALUES
(382, 'Gavadin Pant', 'gavadin-pantsilver-1-30-1-vf-1-nahar-fashion', 10, '2016-05-30 13:53:54', 1, NULL, NULL, NULL, NULL, 2, NULL, NULL, NULL, NULL, NULL, NULL, NULL, NULL, NULL, NULL, 27, '2016-05-30 17:17:14', 366, 38, 24, '021-03-28-024-000366', 'gavadin_pantsilver-1_30-1_vf-1_', 'gavadin_pantsilver-1_30-1_vf-1__nahar-fashion', 'Gavadin Pant', 1, NULL, NULL, NULL, NULL, 0, NULL, NULL, NULL, NULL),
(383, 'Gavadin Pant', 'gavadin-pantbrown-34-1-ls-nahar-fashion', 20, '2016-05-30 13:53:54', 1, NULL, NULL, NULL, NULL, 2, NULL, NULL, NULL, NULL, NULL, NULL, NULL, NULL, NULL, NULL, 29, '2016-05-30 17:17:14', 367, 41, 24, '021-13-31-026-000367', 'gavadin_pantbrown_34-1_ls_', 'gavadin_pantbrown_34-1_ls__nahar-fashion', 'Gavadin Pant', 1, NULL, NULL, NULL, NULL, 0, NULL, NULL, NULL, NULL),
(384, 'Gavadin Pant', 'gavadin-pantblue-1-32-1-ls-nahar-fashion', 15, '2016-05-30 13:53:55', 1, NULL, NULL, NULL, NULL, 2, NULL, NULL, NULL, NULL, NULL, NULL, NULL, NULL, NULL, NULL, 29, '2016-05-30 17:17:14', 368, 39, 24, '021-08-29-026-000368', 'gavadin_pantblue-1_32-1_ls_', 'gavadin_pantblue-1_32-1_ls__nahar-fashion', 'Gavadin Pant', 1, NULL, NULL, NULL, NULL, 0, NULL, NULL, NULL, NULL),
(385, 'Gavadin Pant', 'gavadin-pantsilver-1-34-1-vf-1-nahar-fashion', 10, '2016-05-30 13:53:55', 1, NULL, NULL, NULL, NULL, 2, NULL, NULL, NULL, NULL, NULL, NULL, NULL, NULL, NULL, NULL, 27, '2016-05-30 17:17:14', 369, 41, 24, '021-03-31-024-000369', 'gavadin_pantsilver-1_34-1_vf-1_', 'gavadin_pantsilver-1_34-1_vf-1__nahar-fashion', 'Gavadin Pant', 2, NULL, NULL, NULL, NULL, 0, NULL, NULL, NULL, NULL),
(386, 'Gavadin Pant', 'gavadin-pantblue-1-30-1-vf-1-nahar-fashion', 15, '2016-05-30 13:53:56', 1, NULL, NULL, NULL, NULL, 2, NULL, NULL, NULL, NULL, NULL, NULL, NULL, NULL, NULL, NULL, 27, '2016-05-30 17:17:14', 370, 38, 24, '021-08-28-024-000370', 'gavadin_pantblue-1_30-1_vf-1_', 'gavadin_pantblue-1_30-1_vf-1__nahar-fashion', 'Gavadin Pant', 1, NULL, NULL, NULL, NULL, 0, NULL, NULL, NULL, NULL),
(387, 'Gavadin Pant', 'gavadin-pantsilver-1-28-vf-1-nahar-fashion', 10, '2016-05-30 13:53:56', 1, NULL, NULL, NULL, NULL, 2, NULL, NULL, NULL, NULL, NULL, NULL, NULL, NULL, NULL, NULL, 27, '2016-05-30 17:17:14', 371, 42, 24, '021-03-32-024-000371', 'gavadin_pantsilver-1_28_vf-1_', 'gavadin_pantsilver-1_28_vf-1__nahar-fashion', 'Gavadin Pant', 1, NULL, NULL, NULL, NULL, 0, NULL, NULL, NULL, NULL),
(388, 'Gavadin Pant', 'gavadin-pantblue-1-34-1-vf-1-nahar-fashion', 15, '2016-05-30 13:53:56', 1, NULL, NULL, NULL, NULL, 2, NULL, NULL, NULL, NULL, NULL, NULL, NULL, NULL, NULL, NULL, 27, '2016-05-30 17:17:14', 372, 41, 24, '021-08-31-024-000372', 'gavadin_pantblue-1_34-1_vf-1_', 'gavadin_pantblue-1_34-1_vf-1__nahar-fashion', 'Gavadin Pant', 1, NULL, NULL, NULL, NULL, 0, NULL, NULL, NULL, NULL),
(389, 'Gavadin Pant', 'gavadin-pantsilver-1-32-1-vf-1-nahar-fashion', 10, '2016-05-30 13:53:57', 1, NULL, NULL, NULL, NULL, 2, NULL, NULL, NULL, NULL, NULL, NULL, NULL, NULL, NULL, NULL, 27, '2016-05-30 17:17:14', 373, 39, 24, '021-03-29-024-000373', 'gavadin_pantsilver-1_32-1_vf-1_', 'gavadin_pantsilver-1_32-1_vf-1__nahar-fashion', 'Gavadin Pant', 2, NULL, NULL, NULL, NULL, 0, NULL, NULL, NULL, NULL),
(390, 'Gavadin Pant', 'gavadin-pantblue-1-32-1-vf-1-nahar-fashion', 15, '2016-05-30 13:53:57', 1, NULL, NULL, NULL, NULL, 2, NULL, NULL, NULL, NULL, NULL, NULL, NULL, NULL, NULL, NULL, 27, '2016-05-30 17:17:14', 374, 39, 24, '021-08-29-024-000374', 'gavadin_pantblue-1_32-1_vf-1_', 'gavadin_pantblue-1_32-1_vf-1__nahar-fashion', 'Gavadin Pant', 1, NULL, NULL, NULL, NULL, 0, NULL, NULL, NULL, NULL),
(391, 'Gavadin Pant', 'gavadin-pantblue-1-28-vf-1-nahar-fashion', 15, '2016-05-30 13:53:57', 1, NULL, NULL, NULL, NULL, 2, NULL, NULL, NULL, NULL, NULL, NULL, NULL, NULL, NULL, NULL, 27, '2016-05-30 17:17:14', 375, 42, 24, '021-08-32-024-000375', 'gavadin_pantblue-1_28_vf-1_', 'gavadin_pantblue-1_28_vf-1__nahar-fashion', 'Gavadin Pant', 1, NULL, NULL, NULL, NULL, 0, NULL, NULL, NULL, NULL),
(392, 'Gavadin Pant', 'gavadin-pantgolden-32-1-bb-nahar-fashion', 23, '2016-05-30 13:53:58', 1, NULL, NULL, NULL, NULL, 2, NULL, NULL, NULL, NULL, NULL, NULL, NULL, NULL, NULL, NULL, 23, '2016-05-30 17:17:14', 376, 39, 24, '021-16-29-020-000376', 'gavadin_pantgolden_32-1_bb_', 'gavadin_pantgolden_32-1_bb__nahar-fashion', 'Gavadin Pant', 1, NULL, NULL, NULL, NULL, 0, NULL, NULL, NULL, NULL),
(393, 'Gavadin Pant', 'gavadin-pantgolden-32-1-vf-1-nahar-fashion', 23, '2016-05-30 13:53:59', 1, NULL, NULL, NULL, NULL, 2, NULL, NULL, NULL, NULL, NULL, NULL, NULL, NULL, NULL, NULL, 27, '2016-05-30 17:17:14', 377, 39, 24, '021-16-29-024-000377', 'gavadin_pantgolden_32-1_vf-1_', 'gavadin_pantgolden_32-1_vf-1__nahar-fashion', 'Gavadin Pant', 2, NULL, NULL, NULL, NULL, 0, NULL, NULL, NULL, NULL),
(394, 'Gavadin Pant', 'gavadin-pantgolden-34-1-vf-1-nahar-fashion', 23, '2016-05-30 13:53:59', 1, NULL, NULL, NULL, NULL, 2, NULL, NULL, NULL, NULL, NULL, NULL, NULL, NULL, NULL, NULL, 27, '2016-05-30 17:17:14', 378, 41, 24, '021-16-31-024-000378', 'gavadin_pantgolden_34-1_vf-1_', 'gavadin_pantgolden_34-1_vf-1__nahar-fashion', 'Gavadin Pant', 1, NULL, NULL, NULL, NULL, 0, NULL, NULL, NULL, NULL),
(395, 'Gavadin Pant', 'gavadin-pantcoffy-32-1-vf-1-nahar-fashion', 18, '2016-05-30 13:53:59', 1, NULL, NULL, NULL, NULL, 2, NULL, NULL, NULL, NULL, NULL, NULL, NULL, NULL, NULL, NULL, 27, '2016-05-30 17:17:14', 379, 39, 24, '021-11-29-024-000379', 'gavadin_pantcoffy_32-1_vf-1_', 'gavadin_pantcoffy_32-1_vf-1__nahar-fashion', 'Gavadin Pant', 1, NULL, NULL, NULL, NULL, 0, NULL, NULL, NULL, NULL),
(396, 'Gavadin Pant', 'gavadin-pantgolden-28-vf-1-nahar-fashion', 23, '2016-05-30 13:54:00', 1, NULL, NULL, NULL, NULL, 2, NULL, NULL, NULL, NULL, NULL, NULL, NULL, NULL, NULL, NULL, 27, '2016-05-30 17:17:14', 380, 42, 24, '021-16-32-024-000380', 'gavadin_pantgolden_28_vf-1_', 'gavadin_pantgolden_28_vf-1__nahar-fashion', 'Gavadin Pant', 1, NULL, NULL, NULL, NULL, 0, NULL, NULL, NULL, NULL),
(397, 'Gavadin Pant', 'gavadin-pantcoffy-28-vf-1-nahar-fashion', 18, '2016-05-30 13:54:00', 1, NULL, NULL, NULL, NULL, 2, NULL, NULL, NULL, NULL, NULL, NULL, NULL, NULL, NULL, NULL, 27, '2016-05-30 17:17:14', 381, 42, 24, '021-11-32-024-000381', 'gavadin_pantcoffy_28_vf-1_', 'gavadin_pantcoffy_28_vf-1__nahar-fashion', 'Gavadin Pant', 1, NULL, NULL, NULL, NULL, 0, NULL, NULL, NULL, NULL),
(398, 'Gavadin Pant', 'gavadin-pantcoffy-30-1-vf-1-nahar-fashion', 18, '2016-05-30 13:54:01', 1, NULL, NULL, NULL, NULL, 2, NULL, NULL, NULL, NULL, NULL, NULL, NULL, NULL, NULL, NULL, 27, '2016-05-30 17:17:14', 382, 38, 24, '021-11-28-024-000382', 'gavadin_pantcoffy_30-1_vf-1_', 'gavadin_pantcoffy_30-1_vf-1__nahar-fashion', 'Gavadin Pant', 1, NULL, NULL, NULL, NULL, 0, NULL, NULL, NULL, NULL),
(399, 'Gavadin Pant', 'gavadin-pantgolden-30-1-vf-1-nahar-fashion', 23, '2016-05-30 13:54:01', 1, NULL, NULL, NULL, NULL, 2, NULL, NULL, NULL, NULL, NULL, NULL, NULL, NULL, NULL, NULL, 27, '2016-05-30 17:17:14', 383, 38, 24, '021-16-28-024-000383', 'gavadin_pantgolden_30-1_vf-1_', 'gavadin_pantgolden_30-1_vf-1__nahar-fashion', 'Gavadin Pant', 1, NULL, NULL, NULL, NULL, 0, NULL, NULL, NULL, NULL),
(400, 'Gavadin Pant', 'gavadin-pantcoffy-34-1-vf-1-nahar-fashion', 18, '2016-05-30 13:54:01', 1, NULL, NULL, NULL, NULL, 2, NULL, NULL, NULL, NULL, NULL, NULL, NULL, NULL, NULL, NULL, 27, '2016-05-30 17:17:14', 384, 41, 24, '021-11-31-024-000384', 'gavadin_pantcoffy_34-1_vf-1_', 'gavadin_pantcoffy_34-1_vf-1__nahar-fashion', 'Gavadin Pant', 1, NULL, NULL, NULL, NULL, 0, NULL, NULL, NULL, NULL),
(401, 'Gavadin Pant', 'gavadin-pantblack-1-32-1-jk-nahar-fashion', 13, '2016-05-30 13:54:02', 1, NULL, NULL, NULL, NULL, 2, NULL, NULL, NULL, NULL, NULL, NULL, NULL, NULL, NULL, NULL, 20, '2016-05-30 17:17:14', 385, 39, 24, '021-06-29-017-000385', 'gavadin_pantblack-1_32-1_jk_', 'gavadin_pantblack-1_32-1_jk__nahar-fashion', 'Gavadin Pant', 1, NULL, NULL, NULL, NULL, 0, NULL, NULL, NULL, NULL),
(402, 'Gavadin Pant', 'gavadin-pantbrown-32-1-jk-nahar-fashion', 20, '2016-05-30 13:54:03', 1, NULL, NULL, NULL, NULL, 2, NULL, NULL, NULL, NULL, NULL, NULL, NULL, NULL, NULL, NULL, 20, '2016-05-30 17:17:14', 386, 39, 24, '021-13-29-017-000386', 'gavadin_pantbrown_32-1_jk_', 'gavadin_pantbrown_32-1_jk__nahar-fashion', 'Gavadin Pant', 1, NULL, NULL, NULL, NULL, 0, NULL, NULL, NULL, NULL),
(403, 'Gavadin Pant', 'gavadin-pantblack-1-34-1-jk-nahar-fashion', 13, '2016-05-30 13:54:03', 1, NULL, NULL, NULL, NULL, 2, NULL, NULL, NULL, NULL, NULL, NULL, NULL, NULL, NULL, NULL, 20, '2016-05-30 17:17:14', 387, 41, 24, '021-06-31-017-000387', 'gavadin_pantblack-1_34-1_jk_', 'gavadin_pantblack-1_34-1_jk__nahar-fashion', 'Gavadin Pant', 2, NULL, NULL, NULL, NULL, 0, NULL, NULL, NULL, NULL),
(404, 'Gavadin Pant', 'gavadin-pantblack-1-38-jk-nahar-fashion', 13, '2016-05-30 13:54:04', 1, NULL, NULL, NULL, NULL, 2, NULL, NULL, NULL, NULL, NULL, NULL, NULL, NULL, NULL, NULL, 20, '2016-05-30 17:17:14', 388, 32, 24, '021-06-22-017-000388', 'gavadin_pantblack-1_38_jk_', 'gavadin_pantblack-1_38_jk__nahar-fashion', 'Gavadin Pant', 2, NULL, NULL, NULL, NULL, 0, NULL, NULL, NULL, NULL),
(405, 'Gavadin Pant', 'gavadin-pantbrown-34-1-jk-nahar-fashion', 20, '2016-05-30 13:54:04', 1, NULL, NULL, NULL, NULL, 2, NULL, NULL, NULL, NULL, NULL, NULL, NULL, NULL, NULL, NULL, 20, '2016-05-30 17:17:14', 389, 41, 24, '021-13-31-017-000389', 'gavadin_pantbrown_34-1_jk_', 'gavadin_pantbrown_34-1_jk__nahar-fashion', 'Gavadin Pant', 2, NULL, NULL, NULL, NULL, 0, NULL, NULL, NULL, NULL),
(406, 'Gavadin Pant', 'gavadin-pantbrown-31-jk-nahar-fashion', 20, '2016-05-30 13:54:05', 1, NULL, NULL, NULL, NULL, 2, NULL, NULL, NULL, NULL, NULL, NULL, NULL, NULL, NULL, NULL, 20, '2016-05-30 17:17:14', 390, 43, 24, '021-13-33-017-000390', 'gavadin_pantbrown_31_jk_', 'gavadin_pantbrown_31_jk__nahar-fashion', 'Gavadin Pant', 1, NULL, NULL, NULL, NULL, 0, NULL, NULL, NULL, NULL),
(407, 'Gavadin Pant', 'gavadin-pantbrown-38-jk-nahar-fashion', 20, '2016-05-30 13:54:05', 1, NULL, NULL, NULL, NULL, 2, NULL, NULL, NULL, NULL, NULL, NULL, NULL, NULL, NULL, NULL, 20, '2016-05-30 17:17:14', 391, 32, 24, '021-13-22-017-000391', 'gavadin_pantbrown_38_jk_', 'gavadin_pantbrown_38_jk__nahar-fashion', 'Gavadin Pant', 1, NULL, NULL, NULL, NULL, 0, NULL, NULL, NULL, NULL),
(408, 'Gavadin Pant', 'gavadin-pantolive-33-rb-nahar-fashion', 31, '2016-05-30 13:54:06', 1, NULL, NULL, NULL, NULL, 2, NULL, NULL, NULL, NULL, NULL, NULL, NULL, NULL, NULL, NULL, 30, '2016-05-30 17:17:14', 392, 44, 24, '021-24-34-027-000392', 'gavadin_pantolive_33_rb_', 'gavadin_pantolive_33_rb__nahar-fashion', 'Gavadin Pant', 1, NULL, NULL, NULL, NULL, 0, NULL, NULL, NULL, NULL),
(409, 'Gavadin Pant', 'gavadin-pantsilver-1-30-1-rb-nahar-fashion', 10, '2016-05-30 13:54:07', 1, NULL, NULL, NULL, NULL, 2, NULL, NULL, NULL, NULL, NULL, NULL, NULL, NULL, NULL, NULL, 30, '2016-05-30 17:17:14', 393, 38, 24, '021-03-28-027-000393', 'gavadin_pantsilver-1_30-1_rb_', 'gavadin_pantsilver-1_30-1_rb__nahar-fashion', 'Gavadin Pant', 1, NULL, NULL, NULL, NULL, 0, NULL, NULL, NULL, NULL),
(410, 'Gavadin Pant', 'gavadin-pantolive-36-1-rb-nahar-fashion', 31, '2016-05-30 13:54:07', 1, NULL, NULL, NULL, NULL, 2, NULL, NULL, NULL, NULL, NULL, NULL, NULL, NULL, NULL, NULL, 30, '2016-05-30 17:17:14', 394, 40, 24, '021-24-30-027-000394', 'gavadin_pantolive_36-1_rb_', 'gavadin_pantolive_36-1_rb__nahar-fashion', 'Gavadin Pant', 1, NULL, NULL, NULL, NULL, 0, NULL, NULL, NULL, NULL),
(411, 'Gavadin Pant', 'gavadin-pantolive-32-1-rb-nahar-fashion', 31, '2016-05-30 13:54:08', 1, NULL, NULL, NULL, NULL, 2, NULL, NULL, NULL, NULL, NULL, NULL, NULL, NULL, NULL, NULL, 30, '2016-05-30 17:17:14', 395, 39, 24, '021-24-29-027-000395', 'gavadin_pantolive_32-1_rb_', 'gavadin_pantolive_32-1_rb__nahar-fashion', 'Gavadin Pant', 1, NULL, NULL, NULL, NULL, 0, NULL, NULL, NULL, NULL),
(412, 'Gavadin Pant', 'gavadin-pantgolden-38-bb-nahar-fashion', 23, '2016-05-30 13:54:08', 1, NULL, NULL, NULL, NULL, 2, NULL, NULL, NULL, NULL, NULL, NULL, NULL, NULL, NULL, NULL, 23, '2016-05-30 17:17:14', 396, 32, 24, '021-16-22-020-000396', 'gavadin_pantgolden_38_bb_', 'gavadin_pantgolden_38_bb__nahar-fashion', 'Gavadin Pant', 1, NULL, NULL, NULL, NULL, 0, NULL, NULL, NULL, NULL),
(413, 'Gavadin Pant', 'gavadin-pantsilver-1-35-jk-nahar-fashion', 10, '2016-05-30 13:54:09', 1, NULL, NULL, NULL, NULL, 2, NULL, NULL, NULL, NULL, NULL, NULL, NULL, NULL, NULL, NULL, 20, '2016-05-30 17:17:14', 397, 47, 24, '021-03-37-017-000397', 'gavadin_pantsilver-1_35_jk_', 'gavadin_pantsilver-1_35_jk__nahar-fashion', 'Gavadin Pant', 3, NULL, NULL, NULL, NULL, 0, NULL, NULL, NULL, NULL),
(414, 'Gavadin Pant', 'gavadin-pantsilver-1-34-1-jk-nahar-fashion', 10, '2016-05-30 13:54:09', 1, NULL, NULL, NULL, NULL, 2, NULL, NULL, NULL, NULL, NULL, NULL, NULL, NULL, NULL, NULL, 20, '2016-05-30 17:17:14', 398, 41, 24, '021-03-31-017-000398', 'gavadin_pantsilver-1_34-1_jk_', 'gavadin_pantsilver-1_34-1_jk__nahar-fashion', 'Gavadin Pant', 3, NULL, NULL, NULL, NULL, 0, NULL, NULL, NULL, NULL),
(415, 'Gavadin Pant', 'gavadin-pantsilver-1-36-1-jk-nahar-fashion', 10, '2016-05-30 13:54:10', 1, NULL, NULL, NULL, NULL, 2, NULL, NULL, NULL, NULL, NULL, NULL, NULL, NULL, NULL, NULL, 20, '2016-05-30 17:17:14', 399, 40, 24, '021-03-30-017-000399', 'gavadin_pantsilver-1_36-1_jk_', 'gavadin_pantsilver-1_36-1_jk__nahar-fashion', 'Gavadin Pant', 2, NULL, NULL, NULL, NULL, 0, NULL, NULL, NULL, NULL),
(416, 'Gavadin Pant', 'gavadin-pantsilver-1-31-jk-nahar-fashion', 10, '2016-05-30 13:54:10', 1, NULL, NULL, NULL, NULL, 2, NULL, NULL, NULL, NULL, NULL, NULL, NULL, NULL, NULL, NULL, 20, '2016-05-30 17:17:14', 400, 43, 24, '021-03-33-017-000400', 'gavadin_pantsilver-1_31_jk_', 'gavadin_pantsilver-1_31_jk__nahar-fashion', 'Gavadin Pant', 1, NULL, NULL, NULL, NULL, 0, NULL, NULL, NULL, NULL),
(417, 'Gavadin Pant', 'gavadin-pantsilver-1-32-1-jk-nahar-fashion', 10, '2016-05-30 13:54:11', 1, NULL, NULL, NULL, NULL, 2, NULL, NULL, NULL, NULL, NULL, NULL, NULL, NULL, NULL, NULL, 20, '2016-05-30 17:17:14', 401, 39, 24, '021-03-29-017-000401', 'gavadin_pantsilver-1_32-1_jk_', 'gavadin_pantsilver-1_32-1_jk__nahar-fashion', 'Gavadin Pant', 1, NULL, NULL, NULL, NULL, 0, NULL, NULL, NULL, NULL),
(418, 'Gavadin Pant', 'gavadin-pantblack-1-31-jk-nahar-fashion', 13, '2016-05-30 13:54:12', 1, NULL, NULL, NULL, NULL, 2, NULL, NULL, NULL, NULL, NULL, NULL, NULL, NULL, NULL, NULL, 20, '2016-05-30 17:17:14', 402, 43, 24, '021-06-33-017-000402', 'gavadin_pantblack-1_31_jk_', 'gavadin_pantblack-1_31_jk__nahar-fashion', 'Gavadin Pant', 1, NULL, NULL, NULL, NULL, 0, NULL, NULL, NULL, NULL),
(419, 'Gavadin Pant', 'gavadin-pantblack-1-33-jk-nahar-fashion', 13, '2016-05-30 13:54:12', 1, NULL, NULL, NULL, NULL, 2, NULL, NULL, NULL, NULL, NULL, NULL, NULL, NULL, NULL, NULL, 20, '2016-05-30 17:17:14', 403, 44, 24, '021-06-34-017-000403', 'gavadin_pantblack-1_33_jk_', 'gavadin_pantblack-1_33_jk__nahar-fashion', 'Gavadin Pant', 1, NULL, NULL, NULL, NULL, 0, NULL, NULL, NULL, NULL),
(420, 'Formal Pant', 'formal-pantsilver-1-34-1-rb-nahar-fashion', 10, '2016-05-30 13:54:13', 1, NULL, NULL, NULL, NULL, 2, NULL, NULL, NULL, NULL, NULL, NULL, NULL, NULL, NULL, NULL, 30, '2016-05-30 17:17:14', 404, 41, 25, '022-03-31-027-000404', 'formal_pantsilver-1_34-1_rb_', 'formal_pantsilver-1_34-1_rb__nahar-fashion', 'Formal Pant', 1, NULL, NULL, NULL, NULL, 0, NULL, NULL, NULL, NULL),
(421, 'Formal Pant', 'formal-pantcoffy-34-1-rb-nahar-fashion', 18, '2016-05-30 13:54:13', 1, NULL, NULL, NULL, NULL, 2, NULL, NULL, NULL, NULL, NULL, NULL, NULL, NULL, NULL, NULL, 30, '2016-05-30 17:17:14', 405, 41, 25, '022-11-31-027-000405', 'formal_pantcoffy_34-1_rb_', 'formal_pantcoffy_34-1_rb__nahar-fashion', 'Formal Pant', 1, NULL, NULL, NULL, NULL, 0, NULL, NULL, NULL, NULL),
(422, 'Formal Pant', 'formal-pantsilver-1-33-rb-nahar-fashion', 10, '2016-05-30 13:54:14', 1, NULL, NULL, NULL, NULL, 2, NULL, NULL, NULL, NULL, NULL, NULL, NULL, NULL, NULL, NULL, 30, '2016-05-30 17:17:14', 406, 44, 25, '022-03-34-027-000406', 'formal_pantsilver-1_33_rb_', 'formal_pantsilver-1_33_rb__nahar-fashion', 'Formal Pant', 2, NULL, NULL, NULL, NULL, 0, NULL, NULL, NULL, NULL),
(423, 'Formal Pant', 'formal-pantcoffy-32-1-rb-nahar-fashion', 18, '2016-05-30 13:54:14', 1, NULL, NULL, NULL, NULL, 2, NULL, NULL, NULL, NULL, NULL, NULL, NULL, NULL, NULL, NULL, 30, '2016-05-30 17:17:14', 407, 39, 25, '022-11-29-027-000407', 'formal_pantcoffy_32-1_rb_', 'formal_pantcoffy_32-1_rb__nahar-fashion', 'Formal Pant', 1, NULL, NULL, NULL, NULL, 0, NULL, NULL, NULL, NULL),
(424, 'Formal Pant', 'formal-pantcoffy-36-1-rb-nahar-fashion', 18, '2016-05-30 13:54:14', 1, NULL, NULL, NULL, NULL, 2, NULL, NULL, NULL, NULL, NULL, NULL, NULL, NULL, NULL, NULL, 30, '2016-05-30 17:17:14', 408, 40, 25, '022-11-30-027-000408', 'formal_pantcoffy_36-1_rb_', 'formal_pantcoffy_36-1_rb__nahar-fashion', 'Formal Pant', 1, NULL, NULL, NULL, NULL, 0, NULL, NULL, NULL, NULL),
(425, 'Formal Pant', 'formal-pantcoffy-38-rb-nahar-fashion', 18, '2016-05-30 13:54:15', 1, NULL, NULL, NULL, NULL, 2, NULL, NULL, NULL, NULL, NULL, NULL, NULL, NULL, NULL, NULL, 30, '2016-05-30 17:17:14', 409, 32, 25, '022-11-22-027-000409', 'formal_pantcoffy_38_rb_', 'formal_pantcoffy_38_rb__nahar-fashion', 'Formal Pant', 1, NULL, NULL, NULL, NULL, 0, NULL, NULL, NULL, NULL),
(426, 'Formal Pant', 'formal-pantsilver-1-36-1-rb-nahar-fashion', 10, '2016-05-30 13:54:15', 1, NULL, NULL, NULL, NULL, 2, NULL, NULL, NULL, NULL, NULL, NULL, NULL, NULL, NULL, NULL, 30, '2016-05-30 17:17:14', 410, 40, 25, '022-03-30-027-000410', 'formal_pantsilver-1_36-1_rb_', 'formal_pantsilver-1_36-1_rb__nahar-fashion', 'Formal Pant', 2, NULL, NULL, NULL, NULL, 0, NULL, NULL, NULL, NULL),
(427, 'Formal Pant', 'formal-pantsilver-1-37-rb-nahar-fashion', 10, '2016-05-30 13:54:16', 1, NULL, NULL, NULL, NULL, 2, NULL, NULL, NULL, NULL, NULL, NULL, NULL, NULL, NULL, NULL, 30, '2016-05-30 17:17:14', 411, 48, 25, '022-03-38-027-000411', 'formal_pantsilver-1_37_rb_', 'formal_pantsilver-1_37_rb__nahar-fashion', 'Formal Pant', 1, NULL, NULL, NULL, NULL, 0, NULL, NULL, NULL, NULL),
(428, 'Formal Pant', 'formal-pantsilver-1-38-rb-nahar-fashion', 10, '2016-05-30 13:54:16', 1, NULL, NULL, NULL, NULL, 2, NULL, NULL, NULL, NULL, NULL, NULL, NULL, NULL, NULL, NULL, 30, '2016-05-30 17:17:14', 412, 32, 25, '022-03-22-027-000412', 'formal_pantsilver-1_38_rb_', 'formal_pantsilver-1_38_rb__nahar-fashion', 'Formal Pant', 1, NULL, NULL, NULL, NULL, 0, NULL, NULL, NULL, NULL),
(429, 'Under Wear', 'under-wearblack-1-l-1-bt-nahar-fashion', 13, '2016-05-30 13:54:18', 1, NULL, NULL, NULL, NULL, 2, NULL, NULL, NULL, NULL, NULL, NULL, NULL, NULL, NULL, NULL, 31, '2016-05-30 17:17:14', 413, 23, 26, '023-06-13-028-000413', 'under_wearblack-1_l-1_bt_', 'under_wearblack-1_l-1_bt__nahar-fashion', 'Under Wear', 2, NULL, NULL, NULL, NULL, 0, NULL, NULL, NULL, NULL),
(430, 'Under Wear', 'under-wearsilver-1-l-1-bt-nahar-fashion', 10, '2016-05-30 13:54:18', 1, NULL, NULL, NULL, NULL, 2, NULL, NULL, NULL, NULL, NULL, NULL, NULL, NULL, NULL, NULL, 31, '2016-05-30 17:17:14', 414, 23, 26, '023-03-13-028-000414', 'under_wearsilver-1_l-1_bt_', 'under_wearsilver-1_l-1_bt__nahar-fashion', 'Under Wear', 5, NULL, NULL, NULL, NULL, 0, NULL, NULL, NULL, NULL),
(431, 'Under Wear', 'under-wearblack-1-xl-1-bt-nahar-fashion', 13, '2016-05-30 13:54:19', 1, NULL, NULL, NULL, NULL, 2, NULL, NULL, NULL, NULL, NULL, NULL, NULL, NULL, NULL, NULL, 31, '2016-05-30 17:17:14', 415, 22, 26, '023-06-12-028-000415', 'under_wearblack-1_xl-1_bt_', 'under_wearblack-1_xl-1_bt__nahar-fashion', 'Under Wear', 3, NULL, NULL, NULL, NULL, 0, NULL, NULL, NULL, NULL),
(432, 'Under Wear', 'under-wearpurple-1-l-1-bt-nahar-fashion', 8, '2016-05-30 13:54:20', 1, NULL, NULL, NULL, NULL, 2, NULL, NULL, NULL, NULL, NULL, NULL, NULL, NULL, NULL, NULL, 31, '2016-05-30 17:17:14', 416, 23, 26, '023-01-13-028-000416', 'under_wearpurple-1_l-1_bt_', 'under_wearpurple-1_l-1_bt__nahar-fashion', 'Under Wear', 1, NULL, NULL, NULL, NULL, 0, NULL, NULL, NULL, NULL),
(433, 'Under Wear', 'under-wearsilver-1-m-2-bt-nahar-fashion', 10, '2016-05-30 13:54:20', 1, NULL, NULL, NULL, NULL, 2, NULL, NULL, NULL, NULL, NULL, NULL, NULL, NULL, NULL, NULL, 31, '2016-05-30 17:17:14', 417, 21, 26, '023-03-11-028-000417', 'under_wearsilver-1_m-2_bt_', 'under_wearsilver-1_m-2_bt__nahar-fashion', 'Under Wear', 4, NULL, NULL, NULL, NULL, 0, NULL, NULL, NULL, NULL),
(434, 'Under Wear', 'under-wearblue-1-m-2-bt-nahar-fashion', 15, '2016-05-30 13:54:20', 1, NULL, NULL, NULL, NULL, 2, NULL, NULL, NULL, NULL, NULL, NULL, NULL, NULL, NULL, NULL, 31, '2016-05-30 17:17:14', 418, 21, 26, '023-08-11-028-000418', 'under_wearblue-1_m-2_bt_', 'under_wearblue-1_m-2_bt__nahar-fashion', 'Under Wear', 1, NULL, NULL, NULL, NULL, 0, NULL, NULL, NULL, NULL),
(435, 'Under Wear', 'under-wearblack-1-xxl-bt-nahar-fashion', 13, '2016-05-30 13:54:21', 1, NULL, NULL, NULL, NULL, 2, NULL, NULL, NULL, NULL, NULL, NULL, NULL, NULL, NULL, NULL, 31, '2016-05-30 17:17:14', 419, 31, 26, '023-06-21-028-000419', 'under_wearblack-1_xxl_bt_', 'under_wearblack-1_xxl_bt__nahar-fashion', 'Under Wear', 4, NULL, NULL, NULL, NULL, 0, NULL, NULL, NULL, NULL),
(436, 'Under Wear', 'under-wearblue-1-xl-1-bt-nahar-fashion', 15, '2016-05-30 13:54:22', 1, NULL, NULL, NULL, NULL, 2, NULL, NULL, NULL, NULL, NULL, NULL, NULL, NULL, NULL, NULL, 31, '2016-05-30 17:17:14', 420, 22, 26, '023-08-12-028-000420', 'under_wearblue-1_xl-1_bt_', 'under_wearblue-1_xl-1_bt__nahar-fashion', 'Under Wear', 2, NULL, NULL, NULL, NULL, 0, NULL, NULL, NULL, NULL),
(437, 'Under Wear', 'under-wearpurple-1-m-2-bt-nahar-fashion', 8, '2016-05-30 13:54:22', 1, NULL, NULL, NULL, NULL, 2, NULL, NULL, NULL, NULL, NULL, NULL, NULL, NULL, NULL, NULL, 31, '2016-05-30 17:17:14', 421, 21, 26, '023-01-11-028-000421', 'under_wearpurple-1_m-2_bt_', 'under_wearpurple-1_m-2_bt__nahar-fashion', 'Under Wear', 1, NULL, NULL, NULL, NULL, 0, NULL, NULL, NULL, NULL),
(438, 'Under Wear', 'under-wearblack-1-m-2-bt-nahar-fashion', 13, '2016-05-30 13:54:22', 1, NULL, NULL, NULL, NULL, 2, NULL, NULL, NULL, NULL, NULL, NULL, NULL, NULL, NULL, NULL, 31, '2016-05-30 17:17:14', 422, 21, 26, '023-06-11-028-000422', 'under_wearblack-1_m-2_bt_', 'under_wearblack-1_m-2_bt__nahar-fashion', 'Under Wear', 1, NULL, NULL, NULL, NULL, 0, NULL, NULL, NULL, NULL),
(439, 'Under Wear', 'under-wearsilver-1-xxl-bt-nahar-fashion', 10, '2016-05-30 13:54:23', 1, NULL, NULL, NULL, NULL, 2, NULL, NULL, NULL, NULL, NULL, NULL, NULL, NULL, NULL, NULL, 31, '2016-05-30 17:17:14', 423, 31, 26, '023-03-21-028-000423', 'under_wearsilver-1_xxl_bt_', 'under_wearsilver-1_xxl_bt__nahar-fashion', 'Under Wear', 5, NULL, NULL, NULL, NULL, 0, NULL, NULL, NULL, NULL),
(440, 'Under Wear', 'under-wearolive-xxl-bt-nahar-fashion', 31, '2016-05-30 13:54:23', 1, NULL, NULL, NULL, NULL, 2, NULL, NULL, NULL, NULL, NULL, NULL, NULL, NULL, NULL, NULL, 31, '2016-05-30 17:17:14', 424, 31, 26, '023-24-21-028-000424', 'under_wearolive_xxl_bt_', 'under_wearolive_xxl_bt__nahar-fashion', 'Under Wear', 1, NULL, NULL, NULL, NULL, 0, NULL, NULL, NULL, NULL),
(441, 'Under Wear', 'under-wearolive-xl-1-bt-nahar-fashion', 31, '2016-05-30 13:54:24', 1, NULL, NULL, NULL, NULL, 2, NULL, NULL, NULL, NULL, NULL, NULL, NULL, NULL, NULL, NULL, 31, '2016-05-30 17:17:14', 425, 22, 26, '023-24-12-028-000425', 'under_wearolive_xl-1_bt_', 'under_wearolive_xl-1_bt__nahar-fashion', 'Under Wear', 1, NULL, NULL, NULL, NULL, 0, NULL, NULL, NULL, NULL),
(442, 'Under Wear', 'under-wearsilver-1-xl-1-bt-nahar-fashion', 10, '2016-05-30 13:54:24', 1, NULL, NULL, NULL, NULL, 2, NULL, NULL, NULL, NULL, NULL, NULL, NULL, NULL, NULL, NULL, 31, '2016-05-30 17:17:14', 426, 22, 26, '023-03-12-028-000426', 'under_wearsilver-1_xl-1_bt_', 'under_wearsilver-1_xl-1_bt__nahar-fashion', 'Under Wear', 3, NULL, NULL, NULL, NULL, 0, NULL, NULL, NULL, NULL),
(443, 'Under Wear', 'under-wearblue-1-xxxl-bt-nahar-fashion', 15, '2016-05-30 13:54:25', 1, NULL, NULL, NULL, NULL, 2, NULL, NULL, NULL, NULL, NULL, NULL, NULL, NULL, NULL, NULL, 31, '2016-05-30 17:17:14', 427, 49, 26, '023-08-39-028-000427', 'under_wearblue-1_xxxl_bt_', 'under_wearblue-1_xxxl_bt__nahar-fashion', 'Under Wear', 3, NULL, NULL, NULL, NULL, 0, NULL, NULL, NULL, NULL),
(444, 'Under Wear', 'under-wearsilver-1-xxxl-bt-nahar-fashion', 10, '2016-05-30 13:54:25', 1, NULL, NULL, NULL, NULL, 2, NULL, NULL, NULL, NULL, NULL, NULL, NULL, NULL, NULL, NULL, 31, '2016-05-30 17:17:14', 428, 49, 26, '023-03-39-028-000428', 'under_wearsilver-1_xxxl_bt_', 'under_wearsilver-1_xxxl_bt__nahar-fashion', 'Under Wear', 4, NULL, NULL, NULL, NULL, 0, NULL, NULL, NULL, NULL),
(445, 'Under Wear', 'under-wearpurple-1-xl-1-bt-nahar-fashion', 8, '2016-05-30 13:54:26', 1, NULL, NULL, NULL, NULL, 2, NULL, NULL, NULL, NULL, NULL, NULL, NULL, NULL, NULL, NULL, 31, '2016-05-30 17:17:14', 429, 22, 26, '023-01-12-028-000429', 'under_wearpurple-1_xl-1_bt_', 'under_wearpurple-1_xl-1_bt__nahar-fashion', 'Under Wear', 1, NULL, NULL, NULL, NULL, 0, NULL, NULL, NULL, NULL),
(446, 'Under Wear', 'under-wearpurple-1-xxl-bt-nahar-fashion', 8, '2016-05-30 13:54:26', 1, NULL, NULL, NULL, NULL, 2, NULL, NULL, NULL, NULL, NULL, NULL, NULL, NULL, NULL, NULL, 31, '2016-05-30 17:17:14', 430, 31, 26, '023-01-21-028-000430', 'under_wearpurple-1_xxl_bt_', 'under_wearpurple-1_xxl_bt__nahar-fashion', 'Under Wear', 3, NULL, NULL, NULL, NULL, 0, NULL, NULL, NULL, NULL),
(447, 'Under Wear', 'under-wearblack-1-xxxl-bt-nahar-fashion', 13, '2016-05-30 13:54:27', 1, NULL, NULL, NULL, NULL, 2, NULL, NULL, NULL, NULL, NULL, NULL, NULL, NULL, NULL, NULL, 31, '2016-05-30 17:17:14', 431, 49, 26, '023-06-39-028-000431', 'under_wearblack-1_xxxl_bt_', 'under_wearblack-1_xxxl_bt__nahar-fashion', 'Under Wear', 2, NULL, NULL, NULL, NULL, 0, NULL, NULL, NULL, NULL),
(448, 'Under Wear', 'under-wearcoffy-xxxl-bt-nahar-fashion', 18, '2016-05-30 13:54:27', 1, NULL, NULL, NULL, NULL, 2, NULL, NULL, NULL, NULL, NULL, NULL, NULL, NULL, NULL, NULL, 31, '2016-05-30 17:17:14', 432, 49, 26, '023-11-39-028-000432', 'under_wearcoffy_xxxl_bt_', 'under_wearcoffy_xxxl_bt__nahar-fashion', 'Under Wear', 2, NULL, NULL, NULL, NULL, 0, NULL, NULL, NULL, NULL),
(449, 'Under Wear', 'under-wearcoffy-xl-1-bt-nahar-fashion', 18, '2016-05-30 13:54:27', 1, NULL, NULL, NULL, NULL, 2, NULL, NULL, NULL, NULL, NULL, NULL, NULL, NULL, NULL, NULL, 31, '2016-05-30 17:17:14', 433, 22, 26, '023-11-12-028-000433', 'under_wearcoffy_xl-1_bt_', 'under_wearcoffy_xl-1_bt__nahar-fashion', 'Under Wear', 3, NULL, NULL, NULL, NULL, 0, NULL, NULL, NULL, NULL),
(450, 'Under Wear', 'under-wearmixed-xl-1-bt-nahar-fashion', 12, '2016-05-30 13:54:28', 1, NULL, NULL, NULL, NULL, 2, NULL, NULL, NULL, NULL, NULL, NULL, NULL, NULL, NULL, NULL, 31, '2016-05-30 17:17:14', 434, 22, 26, '023-05-12-028-000434', 'under_wearmixed_xl-1_bt_', 'under_wearmixed_xl-1_bt__nahar-fashion', 'Under Wear', 10, NULL, NULL, NULL, NULL, 0, NULL, NULL, NULL, NULL),
(451, 'Under Wear', 'under-wearmixed-xxl-bt-nahar-fashion', 12, '2016-05-30 13:54:29', 1, NULL, NULL, NULL, NULL, 2, NULL, NULL, NULL, NULL, NULL, NULL, NULL, NULL, NULL, NULL, 31, '2016-05-30 17:17:14', 435, 31, 26, '023-05-21-028-000435', 'under_wearmixed_xxl_bt_', 'under_wearmixed_xxl_bt__nahar-fashion', 'Under Wear', 8, NULL, NULL, NULL, NULL, 0, NULL, NULL, NULL, NULL),
(452, 'Under Wear', 'under-wearmixed-xxxl-bt-nahar-fashion', 12, '2016-05-30 13:54:29', 1, NULL, NULL, NULL, NULL, 2, NULL, NULL, NULL, NULL, NULL, NULL, NULL, NULL, NULL, NULL, 31, '2016-05-30 17:17:14', 436, 49, 26, '023-05-39-028-000436', 'under_wearmixed_xxxl_bt_', 'under_wearmixed_xxxl_bt__nahar-fashion', 'Under Wear', 5, NULL, NULL, NULL, NULL, 0, NULL, NULL, NULL, NULL),
(453, 'Under Wear', 'under-weargreen-l-1-bt-nahar-fashion', 17, '2016-05-30 13:54:32', 1, NULL, NULL, NULL, NULL, 2, NULL, NULL, NULL, NULL, NULL, NULL, NULL, NULL, NULL, NULL, 31, '2016-05-30 17:17:14', 437, 23, 26, '023-10-13-028-000437', 'under_weargreen_l-1_bt_', 'under_weargreen_l-1_bt__nahar-fashion', 'Under Wear', 1, NULL, NULL, NULL, NULL, 0, NULL, NULL, NULL, NULL),
(454, 'Under Wear', 'under-wearmixed-l-1-bt-nahar-fashion', 12, '2016-05-30 13:54:33', 1, NULL, NULL, NULL, NULL, 2, NULL, NULL, NULL, NULL, NULL, NULL, NULL, NULL, NULL, NULL, 31, '2016-05-30 17:17:14', 438, 23, 26, '023-05-13-028-000438', 'under_wearmixed_l-1_bt_', 'under_wearmixed_l-1_bt__nahar-fashion', 'Under Wear', 2, NULL, NULL, NULL, NULL, 0, NULL, NULL, NULL, NULL),
(455, 'Under Wear', 'under-wearmerun-xxl-bt-nahar-fashion', 25, '2016-05-30 13:54:33', 1, NULL, NULL, NULL, NULL, 2, NULL, NULL, NULL, NULL, NULL, NULL, NULL, NULL, NULL, NULL, 31, '2016-05-30 17:17:14', 439, 31, 26, '023-18-21-028-000439', 'under_wearmerun_xxl_bt_', 'under_wearmerun_xxl_bt__nahar-fashion', 'Under Wear', 1, NULL, NULL, NULL, NULL, 0, NULL, NULL, NULL, NULL),
(456, 'Sando Genji', 'sando-genjiwhite-l-1-ct-nahar-fashion', 14, '2016-05-30 13:54:35', 1, NULL, NULL, NULL, NULL, 2, NULL, NULL, NULL, NULL, NULL, NULL, NULL, NULL, NULL, NULL, 28, '2016-05-30 17:17:14', 440, 23, 27, '024-07-13-025-000440', 'sando_genjiwhite_l-1_ct_', 'sando_genjiwhite_l-1_ct__nahar-fashion', 'Sando Genji', 2, NULL, NULL, NULL, NULL, 0, NULL, NULL, NULL, NULL),
(457, 'Sando Genji', 'sando-genjiwhite-m-2-ct-nahar-fashion', 14, '2016-05-30 13:54:35', 1, NULL, NULL, NULL, NULL, 2, NULL, NULL, NULL, NULL, NULL, NULL, NULL, NULL, NULL, NULL, 28, '2016-05-30 17:17:14', 441, 21, 27, '024-07-11-025-000441', 'sando_genjiwhite_m-2_ct_', 'sando_genjiwhite_m-2_ct__nahar-fashion', 'Sando Genji', 1, NULL, NULL, NULL, NULL, 0, NULL, NULL, NULL, NULL),
(458, 'Sando Genji', 'sando-genjiwhite-s-ct-nahar-fashion', 14, '2016-05-30 13:54:36', 1, NULL, NULL, NULL, NULL, 2, NULL, NULL, NULL, NULL, NULL, NULL, NULL, NULL, NULL, NULL, 28, '2016-05-30 17:17:14', 442, 25, 27, '024-07-15-025-000442', 'sando_genjiwhite_s_ct_', 'sando_genjiwhite_s_ct__nahar-fashion', 'Sando Genji', 2, NULL, NULL, NULL, NULL, 0, NULL, NULL, NULL, NULL),
(459, 'Sando Genji', 'sando-genjiwhite-xl-1-ct-nahar-fashion', 14, '2016-05-30 13:54:36', 1, NULL, NULL, NULL, NULL, 2, NULL, NULL, NULL, NULL, NULL, NULL, NULL, NULL, NULL, NULL, 28, '2016-05-30 17:17:14', 443, 22, 27, '024-07-12-025-000443', 'sando_genjiwhite_xl-1_ct_', 'sando_genjiwhite_xl-1_ct__nahar-fashion', 'Sando Genji', 6, NULL, NULL, NULL, NULL, 0, NULL, NULL, NULL, NULL),
(460, 'Under Wear', 'under-wearmerun-xl-1-ct-nahar-fashion', 25, '2016-05-30 13:54:37', 1, NULL, NULL, NULL, NULL, 2, NULL, NULL, NULL, NULL, NULL, NULL, NULL, NULL, NULL, NULL, 28, '2016-05-30 17:17:14', 444, 22, 26, '023-18-12-025-000444', 'under_wearmerun_xl-1_ct_', 'under_wearmerun_xl-1_ct__nahar-fashion', 'Under Wear', 3, NULL, NULL, NULL, NULL, 0, NULL, NULL, NULL, NULL),
(461, 'Under Wear', 'under-wearblue-1-l-1-ct-nahar-fashion', 15, '2016-05-30 13:54:38', 1, NULL, NULL, NULL, NULL, 2, NULL, NULL, NULL, NULL, NULL, NULL, NULL, NULL, NULL, NULL, 28, '2016-05-30 17:17:14', 445, 23, 26, '023-08-13-025-000445', 'under_wearblue-1_l-1_ct_', 'under_wearblue-1_l-1_ct__nahar-fashion', 'Under Wear', 1, NULL, NULL, NULL, NULL, 0, NULL, NULL, NULL, NULL),
(462, 'Under Wear', 'under-wearblack-1-m-2-ct-nahar-fashion', 13, '2016-05-30 13:54:39', 1, NULL, NULL, NULL, NULL, 2, NULL, NULL, NULL, NULL, NULL, NULL, NULL, NULL, NULL, NULL, 28, '2016-05-30 17:17:14', 446, 21, 26, '023-06-11-025-000446', 'under_wearblack-1_m-2_ct_', 'under_wearblack-1_m-2_ct__nahar-fashion', 'Under Wear', 2, NULL, NULL, NULL, NULL, 0, NULL, NULL, NULL, NULL),
(463, 'Under Wear', 'under-wearsilver-1-m-2-ct-nahar-fashion', 10, '2016-05-30 13:54:39', 1, NULL, NULL, NULL, NULL, 2, NULL, NULL, NULL, NULL, NULL, NULL, NULL, NULL, NULL, NULL, 28, '2016-05-30 17:17:14', 447, 21, 26, '023-03-11-025-000447', 'under_wearsilver-1_m-2_ct_', 'under_wearsilver-1_m-2_ct__nahar-fashion', 'Under Wear', 1, NULL, NULL, NULL, NULL, 0, NULL, NULL, NULL, NULL),
(464, 'Under Wear', 'under-wearblack-1-l-1-ct-nahar-fashion', 13, '2016-05-30 13:54:39', 1, NULL, NULL, NULL, NULL, 2, NULL, NULL, NULL, NULL, NULL, NULL, NULL, NULL, NULL, NULL, 28, '2016-05-30 17:17:14', 448, 23, 26, '023-06-13-025-000448', 'under_wearblack-1_l-1_ct_', 'under_wearblack-1_l-1_ct__nahar-fashion', 'Under Wear', 1, NULL, NULL, NULL, NULL, 0, NULL, NULL, NULL, NULL),
(465, 'Under Wear', 'under-wearmerun-l-1-ct-nahar-fashion', 25, '2016-05-30 13:54:40', 1, NULL, NULL, NULL, NULL, 2, NULL, NULL, NULL, NULL, NULL, NULL, NULL, NULL, NULL, NULL, 28, '2016-05-30 17:17:14', 449, 23, 26, '023-18-13-025-000449', 'under_wearmerun_l-1_ct_', 'under_wearmerun_l-1_ct__nahar-fashion', 'Under Wear', 2, NULL, NULL, NULL, NULL, 0, NULL, NULL, NULL, NULL),
(466, 'Under Wear', 'under-wearmerun-m-2-ct-nahar-fashion', 25, '2016-05-30 13:54:40', 1, NULL, NULL, NULL, NULL, 2, NULL, NULL, NULL, NULL, NULL, NULL, NULL, NULL, NULL, NULL, 28, '2016-05-30 17:17:14', 450, 21, 26, '023-18-11-025-000450', 'under_wearmerun_m-2_ct_', 'under_wearmerun_m-2_ct__nahar-fashion', 'Under Wear', 1, NULL, NULL, NULL, NULL, 0, NULL, NULL, NULL, NULL),
(467, 'Under Wear', 'under-wearblue-1-m-2-ct-nahar-fashion', 15, '2016-05-30 13:54:40', 1, NULL, NULL, NULL, NULL, 2, NULL, NULL, NULL, NULL, NULL, NULL, NULL, NULL, NULL, NULL, 28, '2016-05-30 17:17:14', 451, 21, 26, '023-08-11-025-000451', 'under_wearblue-1_m-2_ct_', 'under_wearblue-1_m-2_ct__nahar-fashion', 'Under Wear', 1, NULL, NULL, NULL, NULL, 0, NULL, NULL, NULL, NULL),
(468, 'Under Wear', 'under-wearblue-1-s-ct-nahar-fashion', 15, '2016-05-30 13:54:41', 1, NULL, NULL, NULL, NULL, 2, NULL, NULL, NULL, NULL, NULL, NULL, NULL, NULL, NULL, NULL, 28, '2016-05-30 17:17:14', 452, 25, 26, '023-08-15-025-000452', 'under_wearblue-1_s_ct_', 'under_wearblue-1_s_ct__nahar-fashion', 'Under Wear', 2, NULL, NULL, NULL, NULL, 0, NULL, NULL, NULL, NULL),
(469, 'Three Pics', 'three-picsmisti-38-fo-nahar-fashion', 33, '2016-05-30 13:54:42', 1, NULL, NULL, NULL, NULL, 2, NULL, NULL, NULL, NULL, NULL, NULL, NULL, NULL, NULL, NULL, 32, '2016-05-30 17:17:14', 453, 32, 28, '025-26-22-029-000453', 'three_picsmisti_38_fo_', 'three_picsmisti_38_fo__nahar-fashion', 'Three Pics', 2, NULL, NULL, NULL, NULL, 0, NULL, NULL, NULL, NULL),
(470, 'Three Pics', 'three-picsred-1-40-fo-nahar-fashion', 11, '2016-05-30 13:54:42', 1, NULL, NULL, NULL, NULL, 2, NULL, NULL, NULL, NULL, NULL, NULL, NULL, NULL, NULL, NULL, 32, '2016-05-30 17:17:14', 454, 30, 28, '025-04-20-029-000454', 'three_picsred-1_40_fo_', 'three_picsred-1_40_fo__nahar-fashion', 'Three Pics', 2, NULL, NULL, NULL, NULL, 0, NULL, NULL, NULL, NULL),
(471, 'Three Pics', 'three-picsmixed-40-fo-nahar-fashion', 12, '2016-05-30 13:54:44', 1, NULL, NULL, NULL, NULL, 2, NULL, NULL, NULL, NULL, NULL, NULL, NULL, NULL, NULL, NULL, 32, '2016-05-30 17:17:14', 455, 30, 28, '025-05-20-029-000455', 'three_picsmixed_40_fo_', 'three_picsmixed_40_fo__nahar-fashion', 'Three Pics', 8, NULL, NULL, NULL, NULL, 0, NULL, NULL, NULL, NULL),
(472, 'Three Pics', 'three-picsblue-1-40-fo-nahar-fashion', 15, '2016-05-30 13:54:44', 1, NULL, NULL, NULL, NULL, 2, NULL, NULL, NULL, NULL, NULL, NULL, NULL, NULL, NULL, NULL, 32, '2016-05-30 17:17:14', 456, 30, 28, '025-08-20-029-000456', 'three_picsblue-1_40_fo_', 'three_picsblue-1_40_fo__nahar-fashion', 'Three Pics', 6, NULL, NULL, NULL, NULL, 0, NULL, NULL, NULL, NULL),
(473, 'Three Pics', 'three-picswhite-38-fo-nahar-fashion', 14, '2016-05-30 13:54:45', 1, NULL, NULL, NULL, NULL, 2, NULL, NULL, NULL, NULL, NULL, NULL, NULL, NULL, NULL, NULL, 32, '2016-05-30 17:17:14', 457, 32, 28, '025-07-22-029-000457', 'three_picswhite_38_fo_', 'three_picswhite_38_fo__nahar-fashion', 'Three Pics', 2, NULL, NULL, NULL, NULL, 0, NULL, NULL, NULL, NULL),
(474, 'Three Pics', 'three-picspest-38-fo-nahar-fashion', 30, '2016-05-30 13:54:46', 1, NULL, NULL, NULL, NULL, 2, NULL, NULL, NULL, NULL, NULL, NULL, NULL, NULL, NULL, NULL, 32, '2016-05-30 17:17:14', 458, 32, 28, '025-23-22-029-000458', 'three_picspest_38_fo_', 'three_picspest_38_fo__nahar-fashion', 'Three Pics', 1, NULL, NULL, NULL, NULL, 0, NULL, NULL, NULL, NULL),
(475, 'Three Pics', 'three-picsblack-1-40-fo-nahar-fashion', 13, '2016-05-30 13:54:46', 1, NULL, NULL, NULL, NULL, 2, NULL, NULL, NULL, NULL, NULL, NULL, NULL, NULL, NULL, NULL, 32, '2016-05-30 17:17:14', 459, 30, 28, '025-06-20-029-000459', 'three_picsblack-1_40_fo_', 'three_picsblack-1_40_fo__nahar-fashion', 'Three Pics', 1, NULL, NULL, NULL, NULL, 0, NULL, NULL, NULL, NULL),
(476, 'Three Pics', 'three-picsmixed-38-fo-nahar-fashion', 12, '2016-05-30 13:54:47', 1, NULL, NULL, NULL, NULL, 2, NULL, NULL, NULL, NULL, NULL, NULL, NULL, NULL, NULL, NULL, 32, '2016-05-30 17:17:14', 460, 32, 28, '025-05-22-029-000460', 'three_picsmixed_38_fo_', 'three_picsmixed_38_fo__nahar-fashion', 'Three Pics', 6, NULL, NULL, NULL, NULL, 0, NULL, NULL, NULL, NULL),
(477, 'Three Pics', 'three-picspink-1-38-fo-nahar-fashion', 9, '2016-05-30 13:54:48', 1, NULL, NULL, NULL, NULL, 2, NULL, NULL, NULL, NULL, NULL, NULL, NULL, NULL, NULL, NULL, 32, '2016-05-30 17:17:14', 461, 32, 28, '025-02-22-029-000461', 'three_picspink-1_38_fo_', 'three_picspink-1_38_fo__nahar-fashion', 'Three Pics', 1, NULL, NULL, NULL, NULL, 0, NULL, NULL, NULL, NULL),
(478, 'Three Pics', 'three-picsmixed-36-1-fo-nahar-fashion', 12, '2016-05-30 13:54:49', 1, NULL, NULL, NULL, NULL, 2, NULL, NULL, NULL, NULL, NULL, NULL, NULL, NULL, NULL, NULL, 32, '2016-05-30 17:17:14', 462, 40, 28, '025-05-30-029-000462', 'three_picsmixed_36-1_fo_', 'three_picsmixed_36-1_fo__nahar-fashion', 'Three Pics', 6, NULL, NULL, NULL, NULL, 0, NULL, NULL, NULL, NULL),
(479, 'Three Pics', 'three-picsblue-1-44-fo-nahar-fashion', 15, '2016-05-30 13:54:50', 1, NULL, NULL, NULL, NULL, 2, NULL, NULL, NULL, NULL, NULL, NULL, NULL, NULL, NULL, NULL, 32, '2016-05-30 17:17:14', 463, 27, 28, '025-08-17-029-000463', 'three_picsblue-1_44_fo_', 'three_picsblue-1_44_fo__nahar-fashion', 'Three Pics', 3, NULL, NULL, NULL, NULL, 0, NULL, NULL, NULL, NULL),
(480, 'Three Pics', 'three-picspink-1-f-fo-nahar-fashion', 9, '2016-05-30 13:54:51', 1, NULL, NULL, NULL, NULL, 2, NULL, NULL, NULL, NULL, NULL, NULL, NULL, NULL, NULL, NULL, 32, '2016-05-30 17:17:14', 464, 24, 28, '025-02-14-029-000464', 'three_picspink-1_f_fo_', 'three_picspink-1_f_fo__nahar-fashion', 'Three Pics', 1, NULL, NULL, NULL, NULL, 0, NULL, NULL, NULL, NULL),
(481, 'Three Pics', 'three-picsblue-1-f-fo-nahar-fashion', 15, '2016-05-30 13:54:51', 1, NULL, NULL, NULL, NULL, 2, NULL, NULL, NULL, NULL, NULL, NULL, NULL, NULL, NULL, NULL, 32, '2016-05-30 17:17:14', 465, 24, 28, '025-08-14-029-000465', 'three_picsblue-1_f_fo_', 'three_picsblue-1_f_fo__nahar-fashion', 'Three Pics', 1, NULL, NULL, NULL, NULL, 0, NULL, NULL, NULL, NULL),
(482, 'Three Pics', 'three-picsmixed-f-fo-nahar-fashion', 12, '2016-05-30 13:54:52', 1, NULL, NULL, NULL, NULL, 2, NULL, NULL, NULL, NULL, NULL, NULL, NULL, NULL, NULL, NULL, 32, '2016-05-30 17:17:14', 466, 24, 28, '025-05-14-029-000466', 'three_picsmixed_f_fo_', 'three_picsmixed_f_fo__nahar-fashion', 'Three Pics', 1, NULL, NULL, NULL, NULL, 0, NULL, NULL, NULL, NULL),
(483, 'Three Pics', 'three-picspurple-1-f-fo-nahar-fashion', 8, '2016-05-30 13:54:52', 1, NULL, NULL, NULL, NULL, 2, NULL, NULL, NULL, NULL, NULL, NULL, NULL, NULL, NULL, NULL, 32, '2016-05-30 17:17:14', 467, 24, 28, '025-01-14-029-000467', 'three_picspurple-1_f_fo_', 'three_picspurple-1_f_fo__nahar-fashion', 'Three Pics', 1, NULL, NULL, NULL, NULL, 0, NULL, NULL, NULL, NULL),
(484, 'Three Pics', 'three-picsyellow-40-fo-nahar-fashion', 16, '2016-05-30 13:54:53', 1, NULL, NULL, NULL, NULL, 2, NULL, NULL, NULL, NULL, NULL, NULL, NULL, NULL, NULL, NULL, 32, '2016-05-30 17:17:14', 468, 30, 28, '025-09-20-029-000468', 'three_picsyellow_40_fo_', 'three_picsyellow_40_fo__nahar-fashion', 'Three Pics', 1, NULL, NULL, NULL, NULL, 0, NULL, NULL, NULL, NULL),
(485, 'Three Pics', 'three-picspest-40-fo-nahar-fashion', 30, '2016-05-30 13:54:54', 1, NULL, NULL, NULL, NULL, 2, NULL, NULL, NULL, NULL, NULL, NULL, NULL, NULL, NULL, NULL, 32, '2016-05-30 17:17:14', 469, 30, 28, '025-23-20-029-000469', 'three_picspest_40_fo_', 'three_picspest_40_fo__nahar-fashion', 'Three Pics', 1, NULL, NULL, NULL, NULL, 0, NULL, NULL, NULL, NULL),
(486, 'Three Pics', 'three-picsblue-1-38-fo-nahar-fashion', 15, '2016-05-30 13:54:55', 1, NULL, NULL, NULL, NULL, 2, NULL, NULL, NULL, NULL, NULL, NULL, NULL, NULL, NULL, NULL, 32, '2016-05-30 17:17:14', 470, 32, 28, '025-08-22-029-000470', 'three_picsblue-1_38_fo_', 'three_picsblue-1_38_fo__nahar-fashion', 'Three Pics', 1, NULL, NULL, NULL, NULL, 0, NULL, NULL, NULL, NULL),
(487, 'Three Pics', 'three-picsmixed-42-fo-nahar-fashion', 12, '2016-05-30 13:54:55', 1, NULL, NULL, NULL, NULL, 2, NULL, NULL, NULL, NULL, NULL, NULL, NULL, NULL, NULL, NULL, 32, '2016-05-30 17:17:14', 471, 29, 28, '025-05-19-029-000471', 'three_picsmixed_42_fo_', 'three_picsmixed_42_fo__nahar-fashion', 'Three Pics', 3, NULL, NULL, NULL, NULL, 0, NULL, NULL, NULL, NULL),
(488, 'Three Pics', 'three-picsmerun-38-fo-nahar-fashion', 25, '2016-05-30 13:54:56', 1, NULL, NULL, NULL, NULL, 2, NULL, NULL, NULL, NULL, NULL, NULL, NULL, NULL, NULL, NULL, 32, '2016-05-30 17:17:14', 472, 32, 28, '025-18-22-029-000472', 'three_picsmerun_38_fo_', 'three_picsmerun_38_fo__nahar-fashion', 'Three Pics', 1, NULL, NULL, NULL, NULL, 0, NULL, NULL, NULL, NULL),
(489, 'Three Pics', 'three-picsmerun-40-fo-nahar-fashion', 25, '2016-05-30 13:54:57', 1, NULL, NULL, NULL, NULL, 2, NULL, NULL, NULL, NULL, NULL, NULL, NULL, NULL, NULL, NULL, 32, '2016-05-30 17:17:14', 473, 30, 28, '025-18-20-029-000473', 'three_picsmerun_40_fo_', 'three_picsmerun_40_fo__nahar-fashion', 'Three Pics', 1, NULL, NULL, NULL, NULL, 0, NULL, NULL, NULL, NULL),
(490, 'Three Pics', 'three-picsred-1-36-1-fo-nahar-fashion', 11, '2016-05-30 13:54:58', 1, NULL, NULL, NULL, NULL, 2, NULL, NULL, NULL, NULL, NULL, NULL, NULL, NULL, NULL, NULL, 32, '2016-05-30 17:17:14', 474, 40, 28, '025-04-30-029-000474', 'three_picsred-1_36-1_fo_', 'three_picsred-1_36-1_fo__nahar-fashion', 'Three Pics', 5, NULL, NULL, NULL, NULL, 0, NULL, NULL, NULL, NULL),
(491, 'Three Pics', 'three-picsmixed-35-fo-nahar-fashion', 12, '2016-05-30 13:54:58', 1, NULL, NULL, NULL, NULL, 2, NULL, NULL, NULL, NULL, NULL, NULL, NULL, NULL, NULL, NULL, 32, '2016-05-30 17:17:14', 475, 47, 28, '025-05-37-029-000475', 'three_picsmixed_35_fo_', 'three_picsmixed_35_fo__nahar-fashion', 'Three Pics', 1, NULL, NULL, NULL, NULL, 0, NULL, NULL, NULL, NULL),
(492, 'Three Pics', 'three-picsred-1-44-fo-nahar-fashion', 11, '2016-05-30 13:54:59', 1, NULL, NULL, NULL, NULL, 2, NULL, NULL, NULL, NULL, NULL, NULL, NULL, NULL, NULL, NULL, 32, '2016-05-30 17:17:14', 476, 27, 28, '025-04-17-029-000476', 'three_picsred-1_44_fo_', 'three_picsred-1_44_fo__nahar-fashion', 'Three Pics', 2, NULL, NULL, NULL, NULL, 0, NULL, NULL, NULL, NULL),
(493, 'Three Pics', 'three-picsblue-1-42-fo-nahar-fashion', 15, '2016-05-30 13:54:59', 1, NULL, NULL, NULL, NULL, 2, NULL, NULL, NULL, NULL, NULL, NULL, NULL, NULL, NULL, NULL, 32, '2016-05-30 17:17:14', 477, 29, 28, '025-08-19-029-000477', 'three_picsblue-1_42_fo_', 'three_picsblue-1_42_fo__nahar-fashion', 'Three Pics', 3, NULL, NULL, NULL, NULL, 0, NULL, NULL, NULL, NULL),
(494, 'Three Pics', 'three-picsred-1-38-fo-nahar-fashion', 11, '2016-05-30 13:55:02', 1, NULL, NULL, NULL, NULL, 2, NULL, NULL, NULL, NULL, NULL, NULL, NULL, NULL, NULL, NULL, 32, '2016-05-30 17:17:14', 478, 32, 28, '025-04-22-029-000478', 'three_picsred-1_38_fo_', 'three_picsred-1_38_fo__nahar-fashion', 'Three Pics', 2, NULL, NULL, NULL, NULL, 0, NULL, NULL, NULL, NULL),
(495, 'Three Pics', 'three-picsblack-1-38-fo-nahar-fashion', 13, '2016-05-30 13:55:02', 1, NULL, NULL, NULL, NULL, 2, NULL, NULL, NULL, NULL, NULL, NULL, NULL, NULL, NULL, NULL, 32, '2016-05-30 17:17:14', 479, 32, 28, '025-06-22-029-000479', 'three_picsblack-1_38_fo_', 'three_picsblack-1_38_fo__nahar-fashion', 'Three Pics', 1, NULL, NULL, NULL, NULL, 0, NULL, NULL, NULL, NULL),
(496, 'Three Pics', 'three-picsblack-1-36-1-fo-nahar-fashion', 13, '2016-05-30 13:55:04', 1, NULL, NULL, NULL, NULL, 2, NULL, NULL, NULL, NULL, NULL, NULL, NULL, NULL, NULL, NULL, 32, '2016-05-30 17:17:14', 480, 40, 28, '025-06-30-029-000480', 'three_picsblack-1_36-1_fo_', 'three_picsblack-1_36-1_fo__nahar-fashion', 'Three Pics', 1, NULL, NULL, NULL, NULL, 0, NULL, NULL, NULL, NULL),
(497, 'Three Pics', 'three-picssilver-1-36-1-fo-nahar-fashion', 10, '2016-05-30 13:55:04', 1, NULL, NULL, NULL, NULL, 2, NULL, NULL, NULL, NULL, NULL, NULL, NULL, NULL, NULL, NULL, 32, '2016-05-30 17:17:14', 481, 40, 28, '025-03-30-029-000481', 'three_picssilver-1_36-1_fo_', 'three_picssilver-1_36-1_fo__nahar-fashion', 'Three Pics', 1, NULL, NULL, NULL, NULL, 0, NULL, NULL, NULL, NULL),
(498, 'Three Pics', 'three-picssilver-1-38-fo-nahar-fashion', 10, '2016-05-30 13:55:05', 1, NULL, NULL, NULL, NULL, 2, NULL, NULL, NULL, NULL, NULL, NULL, NULL, NULL, NULL, NULL, 32, '2016-05-30 17:17:14', 482, 32, 28, '025-03-22-029-000482', 'three_picssilver-1_38_fo_', 'three_picssilver-1_38_fo__nahar-fashion', 'Three Pics', 2, NULL, NULL, NULL, NULL, 0, NULL, NULL, NULL, NULL),
(499, 'Three Pics', 'three-picssilver-1-40-fo-nahar-fashion', 10, '2016-05-30 13:55:05', 1, NULL, NULL, NULL, NULL, 2, NULL, NULL, NULL, NULL, NULL, NULL, NULL, NULL, NULL, NULL, 32, '2016-05-30 17:17:14', 483, 30, 28, '025-03-20-029-000483', 'three_picssilver-1_40_fo_', 'three_picssilver-1_40_fo__nahar-fashion', 'Three Pics', 1, NULL, NULL, NULL, NULL, 0, NULL, NULL, NULL, NULL),
(500, 'Three Pics', 'three-picsmisti-36-1-fo-nahar-fashion', 33, '2016-05-30 13:55:06', 1, NULL, NULL, NULL, NULL, 2, NULL, NULL, NULL, NULL, NULL, NULL, NULL, NULL, NULL, NULL, 32, '2016-05-30 17:17:14', 484, 40, 28, '025-26-30-029-000484', 'three_picsmisti_36-1_fo_', 'three_picsmisti_36-1_fo__nahar-fashion', 'Three Pics', 1, NULL, NULL, NULL, NULL, 0, NULL, NULL, NULL, NULL),
(501, 'Three Pics', 'three-picsmisti-42-fo-nahar-fashion', 33, '2016-05-30 13:55:06', 1, NULL, NULL, NULL, NULL, 2, NULL, NULL, NULL, NULL, NULL, NULL, NULL, NULL, NULL, NULL, 32, '2016-05-30 17:17:14', 485, 29, 28, '025-26-19-029-000485', 'three_picsmisti_42_fo_', 'three_picsmisti_42_fo__nahar-fashion', 'Three Pics', 3, NULL, NULL, NULL, NULL, 0, NULL, NULL, NULL, NULL),
(502, 'Three Pics', 'three-picssilver-1-42-fo-nahar-fashion', 10, '2016-05-30 13:55:06', 1, NULL, NULL, NULL, NULL, 2, NULL, NULL, NULL, NULL, NULL, NULL, NULL, NULL, NULL, NULL, 32, '2016-05-30 17:17:14', 486, 29, 28, '025-03-19-029-000486', 'three_picssilver-1_42_fo_', 'three_picssilver-1_42_fo__nahar-fashion', 'Three Pics', 1, NULL, NULL, NULL, NULL, 0, NULL, NULL, NULL, NULL),
(503, 'Three Pics', 'three-picsorange-1-42-fo-nahar-fashion', 21, '2016-05-30 13:55:07', 1, NULL, NULL, NULL, NULL, 2, NULL, NULL, NULL, NULL, NULL, NULL, NULL, NULL, NULL, NULL, 32, '2016-05-30 17:17:14', 487, 29, 28, '025-14-19-029-000487', 'three_picsorange-1_42_fo_', 'three_picsorange-1_42_fo__nahar-fashion', 'Three Pics', 1, NULL, NULL, NULL, NULL, 0, NULL, NULL, NULL, NULL),
(504, 'Three Pics', 'three-picspink-1-40-fo-nahar-fashion', 9, '2016-05-30 13:55:07', 1, NULL, NULL, NULL, NULL, 2, NULL, NULL, NULL, NULL, NULL, NULL, NULL, NULL, NULL, NULL, 32, '2016-05-30 17:17:14', 488, 30, 28, '025-02-20-029-000488', 'three_picspink-1_40_fo_', 'three_picspink-1_40_fo__nahar-fashion', 'Three Pics', 3, NULL, NULL, NULL, NULL, 0, NULL, NULL, NULL, NULL),
(505, 'Three Pics', 'three-picsorange-1-40-fo-nahar-fashion', 21, '2016-05-30 13:55:08', 1, NULL, NULL, NULL, NULL, 2, NULL, NULL, NULL, NULL, NULL, NULL, NULL, NULL, NULL, NULL, 32, '2016-05-30 17:17:14', 489, 30, 28, '025-14-20-029-000489', 'three_picsorange-1_40_fo_', 'three_picsorange-1_40_fo__nahar-fashion', 'Three Pics', 1, NULL, NULL, NULL, NULL, 0, NULL, NULL, NULL, NULL),
(506, 'Three Pics', 'three-picsblue-1-36-1-fo-nahar-fashion', 15, '2016-05-30 13:55:08', 1, NULL, NULL, NULL, NULL, 2, NULL, NULL, NULL, NULL, NULL, NULL, NULL, NULL, NULL, NULL, 32, '2016-05-30 17:17:14', 490, 40, 28, '025-08-30-029-000490', 'three_picsblue-1_36-1_fo_', 'three_picsblue-1_36-1_fo__nahar-fashion', 'Three Pics', 3, NULL, NULL, NULL, NULL, 0, NULL, NULL, NULL, NULL),
(507, 'Three Pics', 'three-picssky-blue-38-fo-nahar-fashion', 19, '2016-05-30 13:55:09', 1, NULL, NULL, NULL, NULL, 2, NULL, NULL, NULL, NULL, NULL, NULL, NULL, NULL, NULL, NULL, 32, '2016-05-30 17:17:14', 491, 32, 28, '025-12-22-029-000491', 'three_picssky-blue_38_fo_', 'three_picssky-blue_38_fo__nahar-fashion', 'Three Pics', 2, NULL, NULL, NULL, NULL, 0, NULL, NULL, NULL, NULL),
(508, 'Three Pics', 'three-picsbiskit-38-fo-nahar-fashion', 27, '2016-05-30 13:55:09', 1, NULL, NULL, NULL, NULL, 2, NULL, NULL, NULL, NULL, NULL, NULL, NULL, NULL, NULL, NULL, 32, '2016-05-30 17:17:14', 492, 32, 28, '025-20-22-029-000492', 'three_picsbiskit_38_fo_', 'three_picsbiskit_38_fo__nahar-fashion', 'Three Pics', 2, NULL, NULL, NULL, NULL, 0, NULL, NULL, NULL, NULL),
(509, 'Three Pics', 'three-picsblack-1-34-1-fo-nahar-fashion', 13, '2016-05-30 13:55:10', 1, NULL, NULL, NULL, NULL, 2, NULL, NULL, NULL, NULL, NULL, NULL, NULL, NULL, NULL, NULL, 32, '2016-05-30 17:17:14', 493, 41, 28, '025-06-31-029-000493', 'three_picsblack-1_34-1_fo_', 'three_picsblack-1_34-1_fo__nahar-fashion', 'Three Pics', 1, NULL, NULL, NULL, NULL, 0, NULL, NULL, NULL, NULL);
INSERT INTO `Item` (`id`, `name`, `slug`, `color_id`, `created`, `status`, `itemUnit`, `minQnt`, `maxQnt`, `remainingQnt`, `inventoryConfig_id`, `barcode`, `purchasePrice`, `purchaseAvgPrice`, `salesPrice`, `webPrice`, `quantity`, `country_id`, `brand_id`, `path`, `content`, `vendor_id`, `updated`, `code`, `size_id`, `masterItem_id`, `sku`, `skuSlug`, `skuWebSlug`, `webName`, `purchaseQuantity`, `purchaseQuantityReturn`, `salesQuantity`, `salesQuantityReturn`, `purchaseQuantityReplace`, `isWeb`, `ageGroup`, `gender`, `material`, `damageQuantity`) VALUES
(510, 'Three Pics', 'three-picswhite-34-1-fo-nahar-fashion', 14, '2016-05-30 13:55:10', 1, NULL, NULL, NULL, NULL, 2, NULL, NULL, NULL, NULL, NULL, NULL, NULL, NULL, NULL, NULL, 32, '2016-05-30 17:17:14', 494, 41, 28, '025-07-31-029-000494', 'three_picswhite_34-1_fo_', 'three_picswhite_34-1_fo__nahar-fashion', 'Three Pics', 1, NULL, NULL, NULL, NULL, 0, NULL, NULL, NULL, NULL),
(511, 'Three Pics', 'three-picsorange-1-36-1-fo-nahar-fashion', 21, '2016-05-30 13:55:11', 1, NULL, NULL, NULL, NULL, 2, NULL, NULL, NULL, NULL, NULL, NULL, NULL, NULL, NULL, NULL, 32, '2016-05-30 17:17:14', 495, 40, 28, '025-14-30-029-000495', 'three_picsorange-1_36-1_fo_', 'three_picsorange-1_36-1_fo__nahar-fashion', 'Three Pics', 1, NULL, NULL, NULL, NULL, 0, NULL, NULL, NULL, NULL),
(512, 'Three Pics', 'three-picstiya-36-1-fo-nahar-fashion', 34, '2016-05-30 13:55:12', 1, NULL, NULL, NULL, NULL, 2, NULL, NULL, NULL, NULL, NULL, NULL, NULL, NULL, NULL, NULL, 32, '2016-05-30 17:17:14', 496, 40, 28, '025-27-30-029-000496', 'three_picstiya_36-1_fo_', 'three_picstiya_36-1_fo__nahar-fashion', 'Three Pics', 1, NULL, NULL, NULL, NULL, 0, NULL, NULL, NULL, NULL),
(513, 'Three Pics', 'three-picsmisti-40-fo-nahar-fashion', 33, '2016-05-30 13:55:12', 1, NULL, NULL, NULL, NULL, 2, NULL, NULL, NULL, NULL, NULL, NULL, NULL, NULL, NULL, NULL, 32, '2016-05-30 17:17:14', 497, 30, 28, '025-26-20-029-000497', 'three_picsmisti_40_fo_', 'three_picsmisti_40_fo__nahar-fashion', 'Three Pics', 2, NULL, NULL, NULL, NULL, 0, NULL, NULL, NULL, NULL),
(514, 'Three Pics', 'three-picsmisti-44-fo-nahar-fashion', 33, '2016-05-30 13:55:13', 1, NULL, NULL, NULL, NULL, 2, NULL, NULL, NULL, NULL, NULL, NULL, NULL, NULL, NULL, NULL, 32, '2016-05-30 17:17:14', 498, 27, 28, '025-26-17-029-000498', 'three_picsmisti_44_fo_', 'three_picsmisti_44_fo__nahar-fashion', 'Three Pics', 2, NULL, NULL, NULL, NULL, 0, NULL, NULL, NULL, NULL),
(515, 'Three Pics', 'three-picssky-blue-42-fo-nahar-fashion', 19, '2016-05-30 13:55:13', 1, NULL, NULL, NULL, NULL, 2, NULL, NULL, NULL, NULL, NULL, NULL, NULL, NULL, NULL, NULL, 32, '2016-05-30 17:17:14', 499, 29, 28, '025-12-19-029-000499', 'three_picssky-blue_42_fo_', 'three_picssky-blue_42_fo__nahar-fashion', 'Three Pics', 1, NULL, NULL, NULL, NULL, 0, NULL, NULL, NULL, NULL),
(516, 'Three Pics', 'three-picssky-blue-40-fo-nahar-fashion', 19, '2016-05-30 13:55:14', 1, NULL, NULL, NULL, NULL, 2, NULL, NULL, NULL, NULL, NULL, NULL, NULL, NULL, NULL, NULL, 32, '2016-05-30 17:17:14', 500, 30, 28, '025-12-20-029-000500', 'three_picssky-blue_40_fo_', 'three_picssky-blue_40_fo__nahar-fashion', 'Three Pics', 1, NULL, NULL, NULL, NULL, 0, NULL, NULL, NULL, NULL),
(517, 'Three Pics', 'three-picswhite-42-fo-nahar-fashion', 14, '2016-05-30 13:55:14', 1, NULL, NULL, NULL, NULL, 2, NULL, NULL, NULL, NULL, NULL, NULL, NULL, NULL, NULL, NULL, 32, '2016-05-30 17:17:14', 501, 29, 28, '025-07-19-029-000501', 'three_picswhite_42_fo_', 'three_picswhite_42_fo__nahar-fashion', 'Three Pics', 1, NULL, NULL, NULL, NULL, 0, NULL, NULL, NULL, NULL),
(518, 'Three Pics', 'three-picswhite-44-fo-nahar-fashion', 14, '2016-05-30 13:55:15', 1, NULL, NULL, NULL, NULL, 2, NULL, NULL, NULL, NULL, NULL, NULL, NULL, NULL, NULL, NULL, 32, '2016-05-30 17:17:14', 502, 27, 28, '025-07-17-029-000502', 'three_picswhite_44_fo_', 'three_picswhite_44_fo__nahar-fashion', 'Three Pics', 1, NULL, NULL, NULL, NULL, 0, NULL, NULL, NULL, NULL),
(519, 'Three Pics', 'three-picsbiskit-36-1-fo-nahar-fashion', 27, '2016-05-30 13:55:17', 1, NULL, NULL, NULL, NULL, 2, NULL, NULL, NULL, NULL, NULL, NULL, NULL, NULL, NULL, NULL, 32, '2016-05-30 17:17:14', 503, 40, 28, '025-20-30-029-000503', 'three_picsbiskit_36-1_fo_', 'three_picsbiskit_36-1_fo__nahar-fashion', 'Three Pics', 1, NULL, NULL, NULL, NULL, 0, NULL, NULL, NULL, NULL),
(520, 'Three Pics', 'three-picsbiskit-42-fo-nahar-fashion', 27, '2016-05-30 13:55:17', 1, NULL, NULL, NULL, NULL, 2, NULL, NULL, NULL, NULL, NULL, NULL, NULL, NULL, NULL, NULL, 32, '2016-05-30 17:17:14', 504, 29, 28, '025-20-19-029-000504', 'three_picsbiskit_42_fo_', 'three_picsbiskit_42_fo__nahar-fashion', 'Three Pics', 1, NULL, NULL, NULL, NULL, 0, NULL, NULL, NULL, NULL),
(521, 'Three Pics', 'three-picsbiskit-44-fo-nahar-fashion', 27, '2016-05-30 13:55:18', 1, NULL, NULL, NULL, NULL, 2, NULL, NULL, NULL, NULL, NULL, NULL, NULL, NULL, NULL, NULL, 32, '2016-05-30 17:17:14', 505, 27, 28, '025-20-17-029-000505', 'three_picsbiskit_44_fo_', 'three_picsbiskit_44_fo__nahar-fashion', 'Three Pics', 1, NULL, NULL, NULL, NULL, 0, NULL, NULL, NULL, NULL),
(522, 'Three Pics', 'three-picspink-1-42-fo-nahar-fashion', 9, '2016-05-30 13:55:20', 1, NULL, NULL, NULL, NULL, 2, NULL, NULL, NULL, NULL, NULL, NULL, NULL, NULL, NULL, NULL, 32, '2016-05-30 17:17:14', 506, 29, 28, '025-02-19-029-000506', 'three_picspink-1_42_fo_', 'three_picspink-1_42_fo__nahar-fashion', 'Three Pics', 1, NULL, NULL, NULL, NULL, 0, NULL, NULL, NULL, NULL),
(523, 'Three Pics', 'three-picsmixed-44-fo-nahar-fashion', 12, '2016-05-30 13:55:21', 1, NULL, NULL, NULL, NULL, 2, NULL, NULL, NULL, NULL, NULL, NULL, NULL, NULL, NULL, NULL, 32, '2016-05-30 17:17:14', 507, 27, 28, '025-05-17-029-000507', 'three_picsmixed_44_fo_', 'three_picsmixed_44_fo__nahar-fashion', 'Three Pics', 1, NULL, NULL, NULL, NULL, 0, NULL, NULL, NULL, NULL),
(524, 'Three Pics', 'three-picsgreen-38-fo-nahar-fashion', 17, '2016-05-30 13:55:21', 1, NULL, NULL, NULL, NULL, 2, NULL, NULL, NULL, NULL, NULL, NULL, NULL, NULL, NULL, NULL, 32, '2016-05-30 17:17:14', 508, 32, 28, '025-10-22-029-000508', 'three_picsgreen_38_fo_', 'three_picsgreen_38_fo__nahar-fashion', 'Three Pics', 2, NULL, NULL, NULL, NULL, 0, NULL, NULL, NULL, NULL),
(525, 'Three Pics', 'three-picsgreen-36-1-fo-nahar-fashion', 17, '2016-05-30 13:55:22', 1, NULL, NULL, NULL, NULL, 2, NULL, NULL, NULL, NULL, NULL, NULL, NULL, NULL, NULL, NULL, 32, '2016-05-30 17:17:14', 509, 40, 28, '025-10-30-029-000509', 'three_picsgreen_36-1_fo_', 'three_picsgreen_36-1_fo__nahar-fashion', 'Three Pics', 1, NULL, NULL, NULL, NULL, 0, NULL, NULL, NULL, NULL),
(526, 'Three Pics', 'three-picsblack-1-42-jf-nahar-fashion', 13, '2016-05-30 13:55:23', 1, NULL, NULL, NULL, NULL, 2, NULL, NULL, NULL, NULL, NULL, NULL, NULL, NULL, NULL, NULL, 33, '2016-05-30 17:17:14', 510, 29, 28, '025-06-19-030-000510', 'three_picsblack-1_42_jf_', 'three_picsblack-1_42_jf__nahar-fashion', 'Three Pics', 1, NULL, NULL, NULL, NULL, 0, NULL, NULL, NULL, NULL),
(527, 'Three Pics', 'three-picsblack-1-44-jf-nahar-fashion', 13, '2016-05-30 13:55:24', 1, NULL, NULL, NULL, NULL, 2, NULL, NULL, NULL, NULL, NULL, NULL, NULL, NULL, NULL, NULL, 33, '2016-05-30 17:17:14', 511, 27, 28, '025-06-17-030-000511', 'three_picsblack-1_44_jf_', 'three_picsblack-1_44_jf__nahar-fashion', 'Three Pics', 2, NULL, NULL, NULL, NULL, 0, NULL, NULL, NULL, NULL),
(528, 'Three Pics', 'three-picsred-1-42-jf-nahar-fashion', 11, '2016-05-30 13:55:24', 1, NULL, NULL, NULL, NULL, 2, NULL, NULL, NULL, NULL, NULL, NULL, NULL, NULL, NULL, NULL, 33, '2016-05-30 17:17:14', 512, 29, 28, '025-04-19-030-000512', 'three_picsred-1_42_jf_', 'three_picsred-1_42_jf__nahar-fashion', 'Three Pics', 1, NULL, NULL, NULL, NULL, 0, NULL, NULL, NULL, NULL),
(529, 'Three Pics', 'three-picsred-1-44-jf-nahar-fashion', 11, '2016-05-30 13:55:25', 1, NULL, NULL, NULL, NULL, 2, NULL, NULL, NULL, NULL, NULL, NULL, NULL, NULL, NULL, NULL, 33, '2016-05-30 17:17:14', 513, 27, 28, '025-04-17-030-000513', 'three_picsred-1_44_jf_', 'three_picsred-1_44_jf__nahar-fashion', 'Three Pics', 1, NULL, NULL, NULL, NULL, 0, NULL, NULL, NULL, NULL),
(530, 'Three Pics', 'three-picsblue-1-44-jf-nahar-fashion', 15, '2016-05-30 13:55:25', 1, NULL, NULL, NULL, NULL, 2, NULL, NULL, NULL, NULL, NULL, NULL, NULL, NULL, NULL, NULL, 33, '2016-05-30 17:17:14', 514, 27, 28, '025-08-17-030-000514', 'three_picsblue-1_44_jf_', 'three_picsblue-1_44_jf__nahar-fashion', 'Three Pics', 2, NULL, NULL, NULL, NULL, 0, NULL, NULL, NULL, NULL),
(531, 'Three Pics', 'three-picsblue-1-36-1-jf-nahar-fashion', 15, '2016-05-30 13:55:26', 1, NULL, NULL, NULL, NULL, 2, NULL, NULL, NULL, NULL, NULL, NULL, NULL, NULL, NULL, NULL, 33, '2016-05-30 17:17:14', 515, 40, 28, '025-08-30-030-000515', 'three_picsblue-1_36-1_jf_', 'three_picsblue-1_36-1_jf__nahar-fashion', 'Three Pics', 3, NULL, NULL, NULL, NULL, 0, NULL, NULL, NULL, NULL),
(532, 'Three Pics', 'three-picsblue-1-40-jf-nahar-fashion', 15, '2016-05-30 13:55:26', 1, NULL, NULL, NULL, NULL, 2, NULL, NULL, NULL, NULL, NULL, NULL, NULL, NULL, NULL, NULL, 33, '2016-05-30 17:17:14', 516, 30, 28, '025-08-20-030-000516', 'three_picsblue-1_40_jf_', 'three_picsblue-1_40_jf__nahar-fashion', 'Three Pics', 2, NULL, NULL, NULL, NULL, 0, NULL, NULL, NULL, NULL),
(533, 'Three Pics', 'three-picsblue-1-38-jf-nahar-fashion', 15, '2016-05-30 13:55:27', 1, NULL, NULL, NULL, NULL, 2, NULL, NULL, NULL, NULL, NULL, NULL, NULL, NULL, NULL, NULL, 33, '2016-05-30 17:17:14', 517, 32, 28, '025-08-22-030-000517', 'three_picsblue-1_38_jf_', 'three_picsblue-1_38_jf__nahar-fashion', 'Three Pics', 2, NULL, NULL, NULL, NULL, 0, NULL, NULL, NULL, NULL),
(534, 'Three Pics', 'three-picsred-1-38-jf-nahar-fashion', 11, '2016-05-30 13:55:27', 1, NULL, NULL, NULL, NULL, 2, NULL, NULL, NULL, NULL, NULL, NULL, NULL, NULL, NULL, NULL, 33, '2016-05-30 17:17:14', 518, 32, 28, '025-04-22-030-000518', 'three_picsred-1_38_jf_', 'three_picsred-1_38_jf__nahar-fashion', 'Three Pics', 1, NULL, NULL, NULL, NULL, 0, NULL, NULL, NULL, NULL),
(535, 'Three Pics', 'three-picsmerun-38-jf-nahar-fashion', 25, '2016-05-30 13:55:28', 1, NULL, NULL, NULL, NULL, 2, NULL, NULL, NULL, NULL, NULL, NULL, NULL, NULL, NULL, NULL, 33, '2016-05-30 17:17:14', 519, 32, 28, '025-18-22-030-000519', 'three_picsmerun_38_jf_', 'three_picsmerun_38_jf__nahar-fashion', 'Three Pics', 3, NULL, NULL, NULL, NULL, 0, NULL, NULL, NULL, NULL),
(536, 'Three Pics', 'three-picsblue-1-42-jf-nahar-fashion', 15, '2016-05-30 13:55:29', 1, NULL, NULL, NULL, NULL, 2, NULL, NULL, NULL, NULL, NULL, NULL, NULL, NULL, NULL, NULL, 33, '2016-05-30 17:17:14', 520, 29, 28, '025-08-19-030-000520', 'three_picsblue-1_42_jf_', 'three_picsblue-1_42_jf__nahar-fashion', 'Three Pics', 1, NULL, NULL, NULL, NULL, 0, NULL, NULL, NULL, NULL),
(537, 'Three Pics', 'three-picsmisti-44-jf-nahar-fashion', 33, '2016-05-30 13:55:30', 1, NULL, NULL, NULL, NULL, 2, NULL, NULL, NULL, NULL, NULL, NULL, NULL, NULL, NULL, NULL, 33, '2016-05-30 17:17:14', 521, 27, 28, '025-26-17-030-000521', 'three_picsmisti_44_jf_', 'three_picsmisti_44_jf__nahar-fashion', 'Three Pics', 2, NULL, NULL, NULL, NULL, 0, NULL, NULL, NULL, NULL),
(538, 'Three Pics', 'three-picsmisti-42-jf-nahar-fashion', 33, '2016-05-30 13:55:30', 1, NULL, NULL, NULL, NULL, 2, NULL, NULL, NULL, NULL, NULL, NULL, NULL, NULL, NULL, NULL, 33, '2016-05-30 17:17:14', 522, 29, 28, '025-26-19-030-000522', 'three_picsmisti_42_jf_', 'three_picsmisti_42_jf__nahar-fashion', 'Three Pics', 1, NULL, NULL, NULL, NULL, 0, NULL, NULL, NULL, NULL),
(539, 'Three Pics', 'three-picsmerun-34-1-jf-nahar-fashion', 25, '2016-05-30 13:55:31', 1, NULL, NULL, NULL, NULL, 2, NULL, NULL, NULL, NULL, NULL, NULL, NULL, NULL, NULL, NULL, 33, '2016-05-30 17:17:14', 523, 41, 28, '025-18-31-030-000523', 'three_picsmerun_34-1_jf_', 'three_picsmerun_34-1_jf__nahar-fashion', 'Three Pics', 1, NULL, NULL, NULL, NULL, 0, NULL, NULL, NULL, NULL),
(540, 'Three Pics', 'three-picsblack-1-38-jf-nahar-fashion', 13, '2016-05-30 13:55:31', 1, NULL, NULL, NULL, NULL, 2, NULL, NULL, NULL, NULL, NULL, NULL, NULL, NULL, NULL, NULL, 33, '2016-05-30 17:17:14', 524, 32, 28, '025-06-22-030-000524', 'three_picsblack-1_38_jf_', 'three_picsblack-1_38_jf__nahar-fashion', 'Three Pics', 1, NULL, NULL, NULL, NULL, 0, NULL, NULL, NULL, NULL),
(541, 'Three Pics', 'three-picsmerun-36-1-jf-nahar-fashion', 25, '2016-05-30 13:55:33', 1, NULL, NULL, NULL, NULL, 2, NULL, NULL, NULL, NULL, NULL, NULL, NULL, NULL, NULL, NULL, 33, '2016-05-30 17:17:14', 525, 40, 28, '025-18-30-030-000525', 'three_picsmerun_36-1_jf_', 'three_picsmerun_36-1_jf__nahar-fashion', 'Three Pics', 1, NULL, NULL, NULL, NULL, 0, NULL, NULL, NULL, NULL),
(542, 'Three Pics', 'three-picsmixed-36-1-je-nahar-fashion', 12, '2016-05-30 13:55:34', 1, NULL, NULL, NULL, NULL, 2, NULL, NULL, NULL, NULL, NULL, NULL, NULL, NULL, NULL, NULL, 34, '2016-05-30 17:17:14', 526, 40, 28, '025-05-30-031-000526', 'three_picsmixed_36-1_je_', 'three_picsmixed_36-1_je__nahar-fashion', 'Three Pics', 3, NULL, NULL, NULL, NULL, 0, NULL, NULL, NULL, NULL),
(543, 'Three Pics', 'three-picsmixed-42-je-nahar-fashion', 12, '2016-05-30 13:55:34', 1, NULL, NULL, NULL, NULL, 2, NULL, NULL, NULL, NULL, NULL, NULL, NULL, NULL, NULL, NULL, 34, '2016-05-30 17:17:14', 527, 29, 28, '025-05-19-031-000527', 'three_picsmixed_42_je_', 'three_picsmixed_42_je__nahar-fashion', 'Three Pics', 2, NULL, NULL, NULL, NULL, 0, NULL, NULL, NULL, NULL),
(544, 'Three Pics', 'three-picsblue-1-38-je-nahar-fashion', 15, '2016-05-30 13:55:35', 1, NULL, NULL, NULL, NULL, 2, NULL, NULL, NULL, NULL, NULL, NULL, NULL, NULL, NULL, NULL, 34, '2016-05-30 17:17:14', 528, 32, 28, '025-08-22-031-000528', 'three_picsblue-1_38_je_', 'three_picsblue-1_38_je__nahar-fashion', 'Three Pics', 1, NULL, NULL, NULL, NULL, 0, NULL, NULL, NULL, NULL),
(545, 'Three Pics', 'three-picsblue-1-42-je-nahar-fashion', 15, '2016-05-30 13:55:35', 1, NULL, NULL, NULL, NULL, 2, NULL, NULL, NULL, NULL, NULL, NULL, NULL, NULL, NULL, NULL, 34, '2016-05-30 17:17:14', 529, 29, 28, '025-08-19-031-000529', 'three_picsblue-1_42_je_', 'three_picsblue-1_42_je__nahar-fashion', 'Three Pics', 2, NULL, NULL, NULL, NULL, 0, NULL, NULL, NULL, NULL),
(546, 'Three Pics', 'three-picsblue-1-36-1-je-nahar-fashion', 15, '2016-05-30 13:55:36', 1, NULL, NULL, NULL, NULL, 2, NULL, NULL, NULL, NULL, NULL, NULL, NULL, NULL, NULL, NULL, 34, '2016-05-30 17:17:14', 530, 40, 28, '025-08-30-031-000530', 'three_picsblue-1_36-1_je_', 'three_picsblue-1_36-1_je__nahar-fashion', 'Three Pics', 1, NULL, NULL, NULL, NULL, 0, NULL, NULL, NULL, NULL),
(547, 'Three Pics', 'three-picsyellow-40-je-nahar-fashion', 16, '2016-05-30 13:55:36', 1, NULL, NULL, NULL, NULL, 2, NULL, NULL, NULL, NULL, NULL, NULL, NULL, NULL, NULL, NULL, 34, '2016-05-30 17:17:14', 531, 30, 28, '025-09-20-031-000531', 'three_picsyellow_40_je_', 'three_picsyellow_40_je__nahar-fashion', 'Three Pics', 1, NULL, NULL, NULL, NULL, 0, NULL, NULL, NULL, NULL),
(548, 'Three Pics', 'three-picsyellow-36-1-je-nahar-fashion', 16, '2016-05-30 13:55:37', 1, NULL, NULL, NULL, NULL, 2, NULL, NULL, NULL, NULL, NULL, NULL, NULL, NULL, NULL, NULL, 34, '2016-05-30 17:17:14', 532, 40, 28, '025-09-30-031-000532', 'three_picsyellow_36-1_je_', 'three_picsyellow_36-1_je__nahar-fashion', 'Three Pics', 1, NULL, NULL, NULL, NULL, 0, NULL, NULL, NULL, NULL),
(549, 'Three Pics', 'three-picsyellow-42-je-nahar-fashion', 16, '2016-05-30 13:55:37', 1, NULL, NULL, NULL, NULL, 2, NULL, NULL, NULL, NULL, NULL, NULL, NULL, NULL, NULL, NULL, 34, '2016-05-30 17:17:14', 533, 29, 28, '025-09-19-031-000533', 'three_picsyellow_42_je_', 'three_picsyellow_42_je__nahar-fashion', 'Three Pics', 1, NULL, NULL, NULL, NULL, 0, NULL, NULL, NULL, NULL),
(550, 'Three Pics', 'three-picsbiskit-40-je-nahar-fashion', 27, '2016-05-30 13:55:38', 1, NULL, NULL, NULL, NULL, 2, NULL, NULL, NULL, NULL, NULL, NULL, NULL, NULL, NULL, NULL, 34, '2016-05-30 17:17:14', 534, 30, 28, '025-20-20-031-000534', 'three_picsbiskit_40_je_', 'three_picsbiskit_40_je__nahar-fashion', 'Three Pics', 2, NULL, NULL, NULL, NULL, 0, NULL, NULL, NULL, NULL),
(551, 'Three Pics', 'three-picsbiskit-36-1-je-nahar-fashion', 27, '2016-05-30 13:55:39', 1, NULL, NULL, NULL, NULL, 2, NULL, NULL, NULL, NULL, NULL, NULL, NULL, NULL, NULL, NULL, 34, '2016-05-30 17:17:14', 535, 40, 28, '025-20-30-031-000535', 'three_picsbiskit_36-1_je_', 'three_picsbiskit_36-1_je__nahar-fashion', 'Three Pics', 2, NULL, NULL, NULL, NULL, 0, NULL, NULL, NULL, NULL),
(552, 'Three Pics', 'three-picsbiskit-42-je-nahar-fashion', 27, '2016-05-30 13:55:39', 1, NULL, NULL, NULL, NULL, 2, NULL, NULL, NULL, NULL, NULL, NULL, NULL, NULL, NULL, NULL, 34, '2016-05-30 17:17:14', 536, 29, 28, '025-20-19-031-000536', 'three_picsbiskit_42_je_', 'three_picsbiskit_42_je__nahar-fashion', 'Three Pics', 2, NULL, NULL, NULL, NULL, 0, NULL, NULL, NULL, NULL),
(553, 'Three Pics', 'three-picsbiskit-44-je-nahar-fashion', 27, '2016-05-30 13:55:39', 1, NULL, NULL, NULL, NULL, 2, NULL, NULL, NULL, NULL, NULL, NULL, NULL, NULL, NULL, NULL, 34, '2016-05-30 17:17:14', 537, 27, 28, '025-20-17-031-000537', 'three_picsbiskit_44_je_', 'three_picsbiskit_44_je__nahar-fashion', 'Three Pics', 1, NULL, NULL, NULL, NULL, 0, NULL, NULL, NULL, NULL),
(554, 'Three Pics', 'three-picsmalti-42-je-nahar-fashion', 35, '2016-05-30 13:55:40', 1, NULL, NULL, NULL, NULL, 2, NULL, NULL, NULL, NULL, NULL, NULL, NULL, NULL, NULL, NULL, 34, '2016-05-30 17:17:14', 538, 29, 28, '025-28-19-031-000538', 'three_picsmalti_42_je_', 'three_picsmalti_42_je__nahar-fashion', 'Three Pics', 1, NULL, NULL, NULL, NULL, 0, NULL, NULL, NULL, NULL),
(555, 'Three Pics', 'three-picsbiskit-38-je-nahar-fashion', 27, '2016-05-30 13:55:41', 1, NULL, NULL, NULL, NULL, 2, NULL, NULL, NULL, NULL, NULL, NULL, NULL, NULL, NULL, NULL, 34, '2016-05-30 17:17:14', 539, 32, 28, '025-20-22-031-000539', 'three_picsbiskit_38_je_', 'three_picsbiskit_38_je__nahar-fashion', 'Three Pics', 2, NULL, NULL, NULL, NULL, 0, NULL, NULL, NULL, NULL),
(556, 'Three Pics', 'three-picsbiskit-34-1-je-nahar-fashion', 27, '2016-05-30 13:55:41', 1, NULL, NULL, NULL, NULL, 2, NULL, NULL, NULL, NULL, NULL, NULL, NULL, NULL, NULL, NULL, 34, '2016-05-30 17:17:14', 540, 41, 28, '025-20-31-031-000540', 'three_picsbiskit_34-1_je_', 'three_picsbiskit_34-1_je__nahar-fashion', 'Three Pics', 1, NULL, NULL, NULL, NULL, 0, NULL, NULL, NULL, NULL),
(557, 'Three Pics', 'three-picsyellow-44-je-nahar-fashion', 16, '2016-05-30 13:55:42', 1, NULL, NULL, NULL, NULL, 2, NULL, NULL, NULL, NULL, NULL, NULL, NULL, NULL, NULL, NULL, 34, '2016-05-30 17:17:14', 541, 27, 28, '025-09-17-031-000541', 'three_picsyellow_44_je_', 'three_picsyellow_44_je__nahar-fashion', 'Three Pics', 1, NULL, NULL, NULL, NULL, 0, NULL, NULL, NULL, NULL),
(558, 'Three Pics', 'three-picsmixed-38-je-nahar-fashion', 12, '2016-05-30 13:55:42', 1, NULL, NULL, NULL, NULL, 2, NULL, NULL, NULL, NULL, NULL, NULL, NULL, NULL, NULL, NULL, 34, '2016-05-30 17:17:14', 542, 32, 28, '025-05-22-031-000542', 'three_picsmixed_38_je_', 'three_picsmixed_38_je__nahar-fashion', 'Three Pics', 1, NULL, NULL, NULL, NULL, 0, NULL, NULL, NULL, NULL),
(559, 'Three Pics', 'three-picsmisti-44-je-nahar-fashion', 33, '2016-05-30 13:55:43', 1, NULL, NULL, NULL, NULL, 2, NULL, NULL, NULL, NULL, NULL, NULL, NULL, NULL, NULL, NULL, 34, '2016-05-30 17:17:14', 543, 27, 28, '025-26-17-031-000543', 'three_picsmisti_44_je_', 'three_picsmisti_44_je__nahar-fashion', 'Three Pics', 1, NULL, NULL, NULL, NULL, 0, NULL, NULL, NULL, NULL),
(560, 'Three Pics', 'three-picsmisti-42-je-nahar-fashion', 33, '2016-05-30 13:55:43', 1, NULL, NULL, NULL, NULL, 2, NULL, NULL, NULL, NULL, NULL, NULL, NULL, NULL, NULL, NULL, 34, '2016-05-30 17:17:14', 544, 29, 28, '025-26-19-031-000544', 'three_picsmisti_42_je_', 'three_picsmisti_42_je__nahar-fashion', 'Three Pics', 1, NULL, NULL, NULL, NULL, 0, NULL, NULL, NULL, NULL),
(561, 'Three Pics', 'three-picsmalti-40-je-nahar-fashion', 35, '2016-05-30 13:55:44', 1, NULL, NULL, NULL, NULL, 2, NULL, NULL, NULL, NULL, NULL, NULL, NULL, NULL, NULL, NULL, 34, '2016-05-30 17:17:14', 545, 30, 28, '025-28-20-031-000545', 'three_picsmalti_40_je_', 'three_picsmalti_40_je__nahar-fashion', 'Three Pics', 2, NULL, NULL, NULL, NULL, 0, NULL, NULL, NULL, NULL),
(562, 'Three Pics', 'three-picsmalti-44-je-nahar-fashion', 35, '2016-05-30 13:55:44', 1, NULL, NULL, NULL, NULL, 2, NULL, NULL, NULL, NULL, NULL, NULL, NULL, NULL, NULL, NULL, 34, '2016-05-30 17:17:14', 546, 27, 28, '025-28-17-031-000546', 'three_picsmalti_44_je_', 'three_picsmalti_44_je__nahar-fashion', 'Three Pics', 1, NULL, NULL, NULL, NULL, 0, NULL, NULL, NULL, NULL),
(563, 'Three Pics', 'three-picsmalti-36-1-je-nahar-fashion', 35, '2016-05-30 13:55:44', 1, NULL, NULL, NULL, NULL, 2, NULL, NULL, NULL, NULL, NULL, NULL, NULL, NULL, NULL, NULL, 34, '2016-05-30 17:17:14', 547, 40, 28, '025-28-30-031-000547', 'three_picsmalti_36-1_je_', 'three_picsmalti_36-1_je__nahar-fashion', 'Three Pics', 1, NULL, NULL, NULL, NULL, 0, NULL, NULL, NULL, NULL),
(564, 'Three Pics', 'three-picsmixed-40-je-nahar-fashion', 12, '2016-05-30 13:55:45', 1, NULL, NULL, NULL, NULL, 2, NULL, NULL, NULL, NULL, NULL, NULL, NULL, NULL, NULL, NULL, 34, '2016-05-30 17:17:14', 548, 30, 28, '025-05-20-031-000548', 'three_picsmixed_40_je_', 'three_picsmixed_40_je__nahar-fashion', 'Three Pics', 2, NULL, NULL, NULL, NULL, 0, NULL, NULL, NULL, NULL),
(565, 'Three Pics', 'three-picsmixed-44-je-nahar-fashion', 12, '2016-05-30 13:55:46', 1, NULL, NULL, NULL, NULL, 2, NULL, NULL, NULL, NULL, NULL, NULL, NULL, NULL, NULL, NULL, 34, '2016-05-30 17:17:14', 549, 27, 28, '025-05-17-031-000549', 'three_picsmixed_44_je_', 'three_picsmixed_44_je__nahar-fashion', 'Three Pics', 1, NULL, NULL, NULL, NULL, 0, NULL, NULL, NULL, NULL),
(566, 'Three Pics', 'three-picsmisti-38-je-nahar-fashion', 33, '2016-05-30 13:55:46', 1, NULL, NULL, NULL, NULL, 2, NULL, NULL, NULL, NULL, NULL, NULL, NULL, NULL, NULL, NULL, 34, '2016-05-30 17:17:14', 550, 32, 28, '025-26-22-031-000550', 'three_picsmisti_38_je_', 'three_picsmisti_38_je__nahar-fashion', 'Three Pics', 1, NULL, NULL, NULL, NULL, 0, NULL, NULL, NULL, NULL),
(567, 'Three Pics', 'three-picspink-1-42-je-nahar-fashion', 9, '2016-05-30 13:55:47', 1, NULL, NULL, NULL, NULL, 2, NULL, NULL, NULL, NULL, NULL, NULL, NULL, NULL, NULL, NULL, 34, '2016-05-30 17:17:14', 551, 29, 28, '025-02-19-031-000551', 'three_picspink-1_42_je_', 'three_picspink-1_42_je__nahar-fashion', 'Three Pics', 1, NULL, NULL, NULL, NULL, 0, NULL, NULL, NULL, NULL),
(568, 'Three Pics', 'three-picspink-1-40-je-nahar-fashion', 9, '2016-05-30 13:55:47', 1, NULL, NULL, NULL, NULL, 2, NULL, NULL, NULL, NULL, NULL, NULL, NULL, NULL, NULL, NULL, 34, '2016-05-30 17:17:14', 552, 30, 28, '025-02-20-031-000552', 'three_picspink-1_40_je_', 'three_picspink-1_40_je__nahar-fashion', 'Three Pics', 2, NULL, NULL, NULL, NULL, 0, NULL, NULL, NULL, NULL),
(569, 'Three Pics', 'three-picspink-1-44-je-nahar-fashion', 9, '2016-05-30 13:55:47', 1, NULL, NULL, NULL, NULL, 2, NULL, NULL, NULL, NULL, NULL, NULL, NULL, NULL, NULL, NULL, 34, '2016-05-30 17:17:14', 553, 27, 28, '025-02-17-031-000553', 'three_picspink-1_44_je_', 'three_picspink-1_44_je__nahar-fashion', 'Three Pics', 1, NULL, NULL, NULL, NULL, 0, NULL, NULL, NULL, NULL),
(570, 'Three Pics', 'three-picspink-1-36-1-je-nahar-fashion', 9, '2016-05-30 13:55:48', 1, NULL, NULL, NULL, NULL, 2, NULL, NULL, NULL, NULL, NULL, NULL, NULL, NULL, NULL, NULL, 34, '2016-05-30 17:17:14', 554, 40, 28, '025-02-30-031-000554', 'three_picspink-1_36-1_je_', 'three_picspink-1_36-1_je__nahar-fashion', 'Three Pics', 1, NULL, NULL, NULL, NULL, 0, NULL, NULL, NULL, NULL),
(571, 'Three Pics', 'three-picsblack-1-38-je-nahar-fashion', 13, '2016-05-30 13:55:49', 1, NULL, NULL, NULL, NULL, 2, NULL, NULL, NULL, NULL, NULL, NULL, NULL, NULL, NULL, NULL, 34, '2016-05-30 17:17:14', 555, 32, 28, '025-06-22-031-000555', 'three_picsblack-1_38_je_', 'three_picsblack-1_38_je__nahar-fashion', 'Three Pics', 2, NULL, NULL, NULL, NULL, 0, NULL, NULL, NULL, NULL),
(572, 'Three Pics', 'three-picsblack-1-44-je-nahar-fashion', 13, '2016-05-30 13:55:49', 1, NULL, NULL, NULL, NULL, 2, NULL, NULL, NULL, NULL, NULL, NULL, NULL, NULL, NULL, NULL, 34, '2016-05-30 17:17:14', 556, 27, 28, '025-06-17-031-000556', 'three_picsblack-1_44_je_', 'three_picsblack-1_44_je__nahar-fashion', 'Three Pics', 2, NULL, NULL, NULL, NULL, 0, NULL, NULL, NULL, NULL),
(573, 'Three Pics', 'three-picsblack-1-40-je-nahar-fashion', 13, '2016-05-30 13:55:50', 1, NULL, NULL, NULL, NULL, 2, NULL, NULL, NULL, NULL, NULL, NULL, NULL, NULL, NULL, NULL, 34, '2016-05-30 17:17:14', 557, 30, 28, '025-06-20-031-000557', 'three_picsblack-1_40_je_', 'three_picsblack-1_40_je__nahar-fashion', 'Three Pics', 1, NULL, NULL, NULL, NULL, 0, NULL, NULL, NULL, NULL),
(574, 'Three Pics', 'three-picsblue-1-40-je-nahar-fashion', 15, '2016-05-30 13:55:51', 1, NULL, NULL, NULL, NULL, 2, NULL, NULL, NULL, NULL, NULL, NULL, NULL, NULL, NULL, NULL, 34, '2016-05-30 17:17:14', 558, 30, 28, '025-08-20-031-000558', 'three_picsblue-1_40_je_', 'three_picsblue-1_40_je__nahar-fashion', 'Three Pics', 1, NULL, NULL, NULL, NULL, 0, NULL, NULL, NULL, NULL),
(575, 'Three Pics', 'three-picsyellow-38-je-nahar-fashion', 16, '2016-05-30 13:55:51', 1, NULL, NULL, NULL, NULL, 2, NULL, NULL, NULL, NULL, NULL, NULL, NULL, NULL, NULL, NULL, 34, '2016-05-30 17:17:14', 559, 32, 28, '025-09-22-031-000559', 'three_picsyellow_38_je_', 'three_picsyellow_38_je__nahar-fashion', 'Three Pics', 1, NULL, NULL, NULL, NULL, 0, NULL, NULL, NULL, NULL),
(576, 'Three Pics', 'three-picsblue-1-38-af-nahar-fashion', 15, '2016-05-30 13:55:52', 1, NULL, NULL, NULL, NULL, 2, NULL, NULL, NULL, NULL, NULL, NULL, NULL, NULL, NULL, NULL, 35, '2016-05-30 17:17:14', 560, 32, 28, '025-08-22-032-000560', 'three_picsblue-1_38_af_', 'three_picsblue-1_38_af__nahar-fashion', 'Three Pics', 2, NULL, NULL, NULL, NULL, 0, NULL, NULL, NULL, NULL),
(577, 'Three Pics', 'three-picsblue-1-40-af-nahar-fashion', 15, '2016-05-30 13:55:53', 1, NULL, NULL, NULL, NULL, 2, NULL, NULL, NULL, NULL, NULL, NULL, NULL, NULL, NULL, NULL, 35, '2016-05-30 17:17:14', 561, 30, 28, '025-08-20-032-000561', 'three_picsblue-1_40_af_', 'three_picsblue-1_40_af__nahar-fashion', 'Three Pics', 2, NULL, NULL, NULL, NULL, 0, NULL, NULL, NULL, NULL),
(578, 'Three Pics', 'three-picsblue-1-44-af-nahar-fashion', 15, '2016-05-30 13:55:53', 1, NULL, NULL, NULL, NULL, 2, NULL, NULL, NULL, NULL, NULL, NULL, NULL, NULL, NULL, NULL, 35, '2016-05-30 17:17:14', 562, 27, 28, '025-08-17-032-000562', 'three_picsblue-1_44_af_', 'three_picsblue-1_44_af__nahar-fashion', 'Three Pics', 2, NULL, NULL, NULL, NULL, 0, NULL, NULL, NULL, NULL),
(579, 'Three Pics', 'three-picspest-38-af-nahar-fashion', 30, '2016-05-30 13:55:54', 1, NULL, NULL, NULL, NULL, 2, NULL, NULL, NULL, NULL, NULL, NULL, NULL, NULL, NULL, NULL, 35, '2016-05-30 17:17:14', 563, 32, 28, '025-23-22-032-000563', 'three_picspest_38_af_', 'three_picspest_38_af__nahar-fashion', 'Three Pics', 2, NULL, NULL, NULL, NULL, 0, NULL, NULL, NULL, NULL),
(580, 'Three Pics', 'three-picspest-40-af-nahar-fashion', 30, '2016-05-30 13:55:55', 1, NULL, NULL, NULL, NULL, 2, NULL, NULL, NULL, NULL, NULL, NULL, NULL, NULL, NULL, NULL, 35, '2016-05-30 17:17:14', 564, 30, 28, '025-23-20-032-000564', 'three_picspest_40_af_', 'three_picspest_40_af__nahar-fashion', 'Three Pics', 3, NULL, NULL, NULL, NULL, 0, NULL, NULL, NULL, NULL),
(581, 'Three Pics', 'three-picspest-44-af-nahar-fashion', 30, '2016-05-30 13:55:55', 1, NULL, NULL, NULL, NULL, 2, NULL, NULL, NULL, NULL, NULL, NULL, NULL, NULL, NULL, NULL, 35, '2016-05-30 17:17:14', 565, 27, 28, '025-23-17-032-000565', 'three_picspest_44_af_', 'three_picspest_44_af__nahar-fashion', 'Three Pics', 2, NULL, NULL, NULL, NULL, 0, NULL, NULL, NULL, NULL),
(582, 'Three Pics', 'three-picspest-36-1-af-nahar-fashion', 30, '2016-05-30 13:55:55', 1, NULL, NULL, NULL, NULL, 2, NULL, NULL, NULL, NULL, NULL, NULL, NULL, NULL, NULL, NULL, 35, '2016-05-30 17:17:14', 566, 40, 28, '025-23-30-032-000566', 'three_picspest_36-1_af_', 'three_picspest_36-1_af__nahar-fashion', 'Three Pics', 2, NULL, NULL, NULL, NULL, 0, NULL, NULL, NULL, NULL),
(583, 'Three Pics', 'three-picspest-42-af-nahar-fashion', 30, '2016-05-30 13:55:56', 1, NULL, NULL, NULL, NULL, 2, NULL, NULL, NULL, NULL, NULL, NULL, NULL, NULL, NULL, NULL, 35, '2016-05-30 17:17:14', 567, 29, 28, '025-23-19-032-000567', 'three_picspest_42_af_', 'three_picspest_42_af__nahar-fashion', 'Three Pics', 3, NULL, NULL, NULL, NULL, 0, NULL, NULL, NULL, NULL),
(584, 'Three Pics', 'three-picsblack-1-40-af-nahar-fashion', 13, '2016-05-30 13:55:58', 1, NULL, NULL, NULL, NULL, 2, NULL, NULL, NULL, NULL, NULL, NULL, NULL, NULL, NULL, NULL, 35, '2016-05-30 17:17:14', 568, 30, 28, '025-06-20-032-000568', 'three_picsblack-1_40_af_', 'three_picsblack-1_40_af__nahar-fashion', 'Three Pics', 1, NULL, NULL, NULL, NULL, 0, NULL, NULL, NULL, NULL),
(585, 'Three Pics', 'three-picsblack-1-44-af-nahar-fashion', 13, '2016-05-30 13:55:59', 1, NULL, NULL, NULL, NULL, 2, NULL, NULL, NULL, NULL, NULL, NULL, NULL, NULL, NULL, NULL, 35, '2016-05-30 17:17:14', 569, 27, 28, '025-06-17-032-000569', 'three_picsblack-1_44_af_', 'three_picsblack-1_44_af__nahar-fashion', 'Three Pics', 1, NULL, NULL, NULL, NULL, 0, NULL, NULL, NULL, NULL),
(586, 'Three Pics', 'three-picsblack-1-42-af-nahar-fashion', 13, '2016-05-30 13:55:59', 1, NULL, NULL, NULL, NULL, 2, NULL, NULL, NULL, NULL, NULL, NULL, NULL, NULL, NULL, NULL, 35, '2016-05-30 17:17:14', 570, 29, 28, '025-06-19-032-000570', 'three_picsblack-1_42_af_', 'three_picsblack-1_42_af__nahar-fashion', 'Three Pics', 1, NULL, NULL, NULL, NULL, 0, NULL, NULL, NULL, NULL),
(587, 'Three Pics', 'three-picsblack-1-32-1-af-nahar-fashion', 13, '2016-05-30 13:56:00', 1, NULL, NULL, NULL, NULL, 2, NULL, NULL, NULL, NULL, NULL, NULL, NULL, NULL, NULL, NULL, 35, '2016-05-30 17:17:14', 571, 39, 28, '025-06-29-032-000571', 'three_picsblack-1_32-1_af_', 'three_picsblack-1_32-1_af__nahar-fashion', 'Three Pics', 1, NULL, NULL, NULL, NULL, 0, NULL, NULL, NULL, NULL),
(588, 'Three Pics', 'three-picsblack-1-30-1-af-nahar-fashion', 13, '2016-05-30 13:56:00', 1, NULL, NULL, NULL, NULL, 2, NULL, NULL, NULL, NULL, NULL, NULL, NULL, NULL, NULL, NULL, 35, '2016-05-30 17:17:14', 572, 38, 28, '025-06-28-032-000572', 'three_picsblack-1_30-1_af_', 'three_picsblack-1_30-1_af__nahar-fashion', 'Three Pics', 1, NULL, NULL, NULL, NULL, 0, NULL, NULL, NULL, NULL),
(589, 'Three Pics', 'three-picsbiskit-38-af-nahar-fashion', 27, '2016-05-30 13:56:00', 1, NULL, NULL, NULL, NULL, 2, NULL, NULL, NULL, NULL, NULL, NULL, NULL, NULL, NULL, NULL, 35, '2016-05-30 17:17:14', 573, 32, 28, '025-20-22-032-000573', 'three_picsbiskit_38_af_', 'three_picsbiskit_38_af__nahar-fashion', 'Three Pics', 3, NULL, NULL, NULL, NULL, 0, NULL, NULL, NULL, NULL),
(590, 'Three Pics', 'three-picsbiskit-36-1-af-nahar-fashion', 27, '2016-05-30 13:56:01', 1, NULL, NULL, NULL, NULL, 2, NULL, NULL, NULL, NULL, NULL, NULL, NULL, NULL, NULL, NULL, 35, '2016-05-30 17:17:14', 574, 40, 28, '025-20-30-032-000574', 'three_picsbiskit_36-1_af_', 'three_picsbiskit_36-1_af__nahar-fashion', 'Three Pics', 1, NULL, NULL, NULL, NULL, 0, NULL, NULL, NULL, NULL),
(591, 'Three Pics', 'three-picsbiskit-44-af-nahar-fashion', 27, '2016-05-30 13:56:01', 1, NULL, NULL, NULL, NULL, 2, NULL, NULL, NULL, NULL, NULL, NULL, NULL, NULL, NULL, NULL, 35, '2016-05-30 17:17:14', 575, 27, 28, '025-20-17-032-000575', 'three_picsbiskit_44_af_', 'three_picsbiskit_44_af__nahar-fashion', 'Three Pics', 2, NULL, NULL, NULL, NULL, 0, NULL, NULL, NULL, NULL),
(592, 'Three Pics', 'three-picsbiskit-42-af-nahar-fashion', 27, '2016-05-30 13:56:02', 1, NULL, NULL, NULL, NULL, 2, NULL, NULL, NULL, NULL, NULL, NULL, NULL, NULL, NULL, NULL, 35, '2016-05-30 17:17:14', 576, 29, 28, '025-20-19-032-000576', 'three_picsbiskit_42_af_', 'three_picsbiskit_42_af__nahar-fashion', 'Three Pics', 2, NULL, NULL, NULL, NULL, 0, NULL, NULL, NULL, NULL),
(593, 'Three Pics', 'three-picsmerun-42-af-nahar-fashion', 25, '2016-05-30 13:56:02', 1, NULL, NULL, NULL, NULL, 2, NULL, NULL, NULL, NULL, NULL, NULL, NULL, NULL, NULL, NULL, 35, '2016-05-30 17:17:14', 577, 29, 28, '025-18-19-032-000577', 'three_picsmerun_42_af_', 'three_picsmerun_42_af__nahar-fashion', 'Three Pics', 1, NULL, NULL, NULL, NULL, 0, NULL, NULL, NULL, NULL),
(594, 'Three Pics', 'three-picsmerun-34-1-af-nahar-fashion', 25, '2016-05-30 13:56:03', 1, NULL, NULL, NULL, NULL, 2, NULL, NULL, NULL, NULL, NULL, NULL, NULL, NULL, NULL, NULL, 35, '2016-05-30 17:17:14', 578, 41, 28, '025-18-31-032-000578', 'three_picsmerun_34-1_af_', 'three_picsmerun_34-1_af__nahar-fashion', 'Three Pics', 1, NULL, NULL, NULL, NULL, 0, NULL, NULL, NULL, NULL),
(595, 'Three Pics', 'three-picsmerun-36-1-af-nahar-fashion', 25, '2016-05-30 13:56:03', 1, NULL, NULL, NULL, NULL, 2, NULL, NULL, NULL, NULL, NULL, NULL, NULL, NULL, NULL, NULL, 35, '2016-05-30 17:17:14', 579, 40, 28, '025-18-30-032-000579', 'three_picsmerun_36-1_af_', 'three_picsmerun_36-1_af__nahar-fashion', 'Three Pics', 1, NULL, NULL, NULL, NULL, 0, NULL, NULL, NULL, NULL),
(596, 'Three Pics', 'three-picsgolden-40-af-nahar-fashion', 23, '2016-05-30 13:56:04', 1, NULL, NULL, NULL, NULL, 2, NULL, NULL, NULL, NULL, NULL, NULL, NULL, NULL, NULL, NULL, 35, '2016-05-30 17:17:14', 580, 30, 28, '025-16-20-032-000580', 'three_picsgolden_40_af_', 'three_picsgolden_40_af__nahar-fashion', 'Three Pics', 1, NULL, NULL, NULL, NULL, 0, NULL, NULL, NULL, NULL),
(597, 'Three Pics', 'three-picsgolden-38-af-nahar-fashion', 23, '2016-05-30 13:56:04', 1, NULL, NULL, NULL, NULL, 2, NULL, NULL, NULL, NULL, NULL, NULL, NULL, NULL, NULL, NULL, 35, '2016-05-30 17:17:14', 581, 32, 28, '025-16-22-032-000581', 'three_picsgolden_38_af_', 'three_picsgolden_38_af__nahar-fashion', 'Three Pics', 1, NULL, NULL, NULL, NULL, 0, NULL, NULL, NULL, NULL),
(598, 'Three Pics', 'three-picsbiskit-40-af-nahar-fashion', 27, '2016-05-30 13:56:05', 1, NULL, NULL, NULL, NULL, 2, NULL, NULL, NULL, NULL, NULL, NULL, NULL, NULL, NULL, NULL, 35, '2016-05-30 17:17:14', 582, 30, 28, '025-20-20-032-000582', 'three_picsbiskit_40_af_', 'three_picsbiskit_40_af__nahar-fashion', 'Three Pics', 3, NULL, NULL, NULL, NULL, 0, NULL, NULL, NULL, NULL),
(599, 'Three Pics', 'three-picscoffy-42-af-nahar-fashion', 18, '2016-05-30 13:56:05', 1, NULL, NULL, NULL, NULL, 2, NULL, NULL, NULL, NULL, NULL, NULL, NULL, NULL, NULL, NULL, 35, '2016-05-30 17:17:14', 583, 29, 28, '025-11-19-032-000583', 'three_picscoffy_42_af_', 'three_picscoffy_42_af__nahar-fashion', 'Three Pics', 1, NULL, NULL, NULL, NULL, 0, NULL, NULL, NULL, NULL),
(600, 'Three Pics', 'three-picscoffy-40-af-nahar-fashion', 18, '2016-05-30 13:56:05', 1, NULL, NULL, NULL, NULL, 2, NULL, NULL, NULL, NULL, NULL, NULL, NULL, NULL, NULL, NULL, 35, '2016-05-30 17:17:14', 584, 30, 28, '025-11-20-032-000584', 'three_picscoffy_40_af_', 'three_picscoffy_40_af__nahar-fashion', 'Three Pics', 1, NULL, NULL, NULL, NULL, 0, NULL, NULL, NULL, NULL),
(601, 'Three Pics', 'three-picscoffy-38-af-nahar-fashion', 18, '2016-05-30 13:56:06', 1, NULL, NULL, NULL, NULL, 2, NULL, NULL, NULL, NULL, NULL, NULL, NULL, NULL, NULL, NULL, 35, '2016-05-30 17:17:14', 585, 32, 28, '025-11-22-032-000585', 'three_picscoffy_38_af_', 'three_picscoffy_38_af__nahar-fashion', 'Three Pics', 3, NULL, NULL, NULL, NULL, 0, NULL, NULL, NULL, NULL),
(602, 'Three Pics', 'three-picscoffy-44-af-nahar-fashion', 18, '2016-05-30 13:56:06', 1, NULL, NULL, NULL, NULL, 2, NULL, NULL, NULL, NULL, NULL, NULL, NULL, NULL, NULL, NULL, 35, '2016-05-30 17:17:14', 586, 27, 28, '025-11-17-032-000586', 'three_picscoffy_44_af_', 'three_picscoffy_44_af__nahar-fashion', 'Three Pics', 3, NULL, NULL, NULL, NULL, 0, NULL, NULL, NULL, NULL),
(603, 'Three Pics', 'three-picscoffy-36-1-af-nahar-fashion', 18, '2016-05-30 13:56:07', 1, NULL, NULL, NULL, NULL, 2, NULL, NULL, NULL, NULL, NULL, NULL, NULL, NULL, NULL, NULL, 35, '2016-05-30 17:17:14', 587, 40, 28, '025-11-30-032-000587', 'three_picscoffy_36-1_af_', 'three_picscoffy_36-1_af__nahar-fashion', 'Three Pics', 3, NULL, NULL, NULL, NULL, 0, NULL, NULL, NULL, NULL),
(604, 'Three Pics', 'three-picscoffy-32-1-af-nahar-fashion', 18, '2016-05-30 13:56:08', 1, NULL, NULL, NULL, NULL, 2, NULL, NULL, NULL, NULL, NULL, NULL, NULL, NULL, NULL, NULL, 35, '2016-06-01 06:55:55', 588, 39, 28, '025-11-29-032-000588', 'three_picscoffy_32-1_af_', 'three_picscoffy_32-1_af__nahar-fashion', 'Three Pics', 1, NULL, 1, NULL, NULL, 0, NULL, NULL, NULL, NULL),
(605, 'Three Pics', 'three-picsyellow-44-af-nahar-fashion', 16, '2016-05-30 13:56:09', 1, NULL, NULL, NULL, NULL, 2, NULL, NULL, NULL, NULL, NULL, NULL, NULL, NULL, NULL, NULL, 35, '2016-05-30 17:17:14', 589, 27, 28, '025-09-17-032-000589', 'three_picsyellow_44_af_', 'three_picsyellow_44_af__nahar-fashion', 'Three Pics', 1, NULL, NULL, NULL, NULL, 0, NULL, NULL, NULL, NULL),
(606, 'Three Pics', 'three-picssilver-1-44-af-nahar-fashion', 10, '2016-05-30 13:56:10', 1, NULL, NULL, NULL, NULL, 2, NULL, NULL, NULL, NULL, NULL, NULL, NULL, NULL, NULL, NULL, 35, '2016-05-30 17:17:14', 590, 27, 28, '025-03-17-032-000590', 'three_picssilver-1_44_af_', 'three_picssilver-1_44_af__nahar-fashion', 'Three Pics', 1, NULL, NULL, NULL, NULL, 0, NULL, NULL, NULL, NULL),
(607, 'Three Pics', 'three-picsblue-1-42-af-nahar-fashion', 15, '2016-05-30 13:56:10', 1, NULL, NULL, NULL, NULL, 2, NULL, NULL, NULL, NULL, NULL, NULL, NULL, NULL, NULL, NULL, 35, '2016-05-30 17:17:14', 591, 29, 28, '025-08-19-032-000591', 'three_picsblue-1_42_af_', 'three_picsblue-1_42_af__nahar-fashion', 'Three Pics', 2, NULL, NULL, NULL, NULL, 0, NULL, NULL, NULL, NULL),
(608, 'Three Pics', 'three-picsblue-1-36-1-af-nahar-fashion', 15, '2016-05-30 13:56:11', 1, NULL, NULL, NULL, NULL, 2, NULL, NULL, NULL, NULL, NULL, NULL, NULL, NULL, NULL, NULL, 35, '2016-05-30 17:17:14', 592, 40, 28, '025-08-30-032-000592', 'three_picsblue-1_36-1_af_', 'three_picsblue-1_36-1_af__nahar-fashion', 'Three Pics', 1, NULL, NULL, NULL, NULL, 0, NULL, NULL, NULL, NULL),
(609, 'Three Pics', 'three-picsred-1-40-af-nahar-fashion', 11, '2016-05-30 13:56:12', 1, NULL, NULL, NULL, NULL, 2, NULL, NULL, NULL, NULL, NULL, NULL, NULL, NULL, NULL, NULL, 35, '2016-05-30 17:17:14', 593, 30, 28, '025-04-20-032-000593', 'three_picsred-1_40_af_', 'three_picsred-1_40_af__nahar-fashion', 'Three Pics', 1, NULL, NULL, NULL, NULL, 0, NULL, NULL, NULL, NULL),
(610, 'Three Pics', 'three-picsred-1-38-af-nahar-fashion', 11, '2016-05-30 13:56:13', 1, NULL, NULL, NULL, NULL, 2, NULL, NULL, NULL, NULL, NULL, NULL, NULL, NULL, NULL, NULL, 35, '2016-05-30 17:17:14', 594, 32, 28, '025-04-22-032-000594', 'three_picsred-1_38_af_', 'three_picsred-1_38_af__nahar-fashion', 'Three Pics', 1, NULL, NULL, NULL, NULL, 0, NULL, NULL, NULL, NULL),
(611, 'Three Pics', 'three-picssilver-1-38-af-nahar-fashion', 10, '2016-05-30 13:56:14', 1, NULL, NULL, NULL, NULL, 2, NULL, NULL, NULL, NULL, NULL, NULL, NULL, NULL, NULL, NULL, 35, '2016-05-30 17:17:14', 595, 32, 28, '025-03-22-032-000595', 'three_picssilver-1_38_af_', 'three_picssilver-1_38_af__nahar-fashion', 'Three Pics', 1, NULL, NULL, NULL, NULL, 0, NULL, NULL, NULL, NULL),
(612, 'Three Pics', 'three-picssilver-1-42-af-nahar-fashion', 10, '2016-05-30 13:56:14', 1, NULL, NULL, NULL, NULL, 2, NULL, NULL, NULL, NULL, NULL, NULL, NULL, NULL, NULL, NULL, 35, '2016-05-30 17:17:14', 596, 29, 28, '025-03-19-032-000596', 'three_picssilver-1_42_af_', 'three_picssilver-1_42_af__nahar-fashion', 'Three Pics', 1, NULL, NULL, NULL, NULL, 0, NULL, NULL, NULL, NULL),
(613, 'Three Pics', 'three-picsyellow-42-af-nahar-fashion', 16, '2016-05-30 13:56:15', 1, NULL, NULL, NULL, NULL, 2, NULL, NULL, NULL, NULL, NULL, NULL, NULL, NULL, NULL, NULL, 35, '2016-05-30 17:17:14', 597, 29, 28, '025-09-19-032-000597', 'three_picsyellow_42_af_', 'three_picsyellow_42_af__nahar-fashion', 'Three Pics', 1, NULL, NULL, NULL, NULL, 0, NULL, NULL, NULL, NULL),
(614, 'Three Pics', 'three-picsyellow-36-1-af-nahar-fashion', 16, '2016-05-30 13:56:15', 1, NULL, NULL, NULL, NULL, 2, NULL, NULL, NULL, NULL, NULL, NULL, NULL, NULL, NULL, NULL, 35, '2016-05-30 17:17:14', 598, 40, 28, '025-09-30-032-000598', 'three_picsyellow_36-1_af_', 'three_picsyellow_36-1_af__nahar-fashion', 'Three Pics', 1, NULL, NULL, NULL, NULL, 0, NULL, NULL, NULL, NULL),
(615, 'Three Pics', 'three-picsbiskit-34-1-af-nahar-fashion', 27, '2016-05-30 13:56:16', 1, NULL, NULL, NULL, NULL, 2, NULL, NULL, NULL, NULL, NULL, NULL, NULL, NULL, NULL, NULL, 35, '2016-05-30 17:17:14', 599, 41, 28, '025-20-31-032-000599', 'three_picsbiskit_34-1_af_', 'three_picsbiskit_34-1_af__nahar-fashion', 'Three Pics', 1, NULL, NULL, NULL, NULL, 0, NULL, NULL, NULL, NULL),
(616, 'Ladies Shirt', 'ladies-shirtmixed-f-ss-nahar-fashion', 12, '2016-05-30 13:56:17', 1, NULL, NULL, NULL, NULL, 2, NULL, NULL, NULL, NULL, NULL, NULL, NULL, NULL, NULL, NULL, 36, '2016-05-30 17:17:14', 600, 24, 29, '026-05-14-033-000600', 'ladies_shirtmixed_f_ss_', 'ladies_shirtmixed_f_ss__nahar-fashion', 'Ladies Shirt', 25, NULL, NULL, NULL, NULL, 0, NULL, NULL, NULL, NULL),
(617, 'Ladies Shirt', 'ladies-shirtpurple-1-f-ss-nahar-fashion', 8, '2016-05-30 13:56:18', 1, NULL, NULL, NULL, NULL, 2, NULL, NULL, NULL, NULL, NULL, NULL, NULL, NULL, NULL, NULL, 36, '2016-05-30 17:17:14', 601, 24, 29, '026-01-14-033-000601', 'ladies_shirtpurple-1_f_ss_', 'ladies_shirtpurple-1_f_ss__nahar-fashion', 'Ladies Shirt', 1, NULL, NULL, NULL, NULL, 0, NULL, NULL, NULL, NULL),
(618, 'Ladies Shirt', 'ladies-shirtsky-blue-f-ss-nahar-fashion', 19, '2016-05-30 13:56:19', 1, NULL, NULL, NULL, NULL, 2, NULL, NULL, NULL, NULL, NULL, NULL, NULL, NULL, NULL, NULL, 36, '2016-05-30 17:17:14', 602, 24, 29, '026-12-14-033-000602', 'ladies_shirtsky-blue_f_ss_', 'ladies_shirtsky-blue_f_ss__nahar-fashion', 'Ladies Shirt', 1, NULL, NULL, NULL, NULL, 0, NULL, NULL, NULL, NULL),
(619, 'Ladies Shirt', 'ladies-shirtmalti-f-ss-nahar-fashion', 35, '2016-05-30 13:56:19', 1, NULL, NULL, NULL, NULL, 2, NULL, NULL, NULL, NULL, NULL, NULL, NULL, NULL, NULL, NULL, 36, '2016-05-30 17:17:14', 603, 24, 29, '026-28-14-033-000603', 'ladies_shirtmalti_f_ss_', 'ladies_shirtmalti_f_ss__nahar-fashion', 'Ladies Shirt', 39, NULL, NULL, NULL, NULL, 0, NULL, NULL, NULL, NULL),
(620, 'Ladies Shirt', 'ladies-shirtwhite-f-ss-nahar-fashion', 14, '2016-05-30 13:56:20', 1, NULL, NULL, NULL, NULL, 2, NULL, NULL, NULL, NULL, NULL, NULL, NULL, NULL, NULL, NULL, 36, '2016-05-30 17:17:14', 604, 24, 29, '026-07-14-033-000604', 'ladies_shirtwhite_f_ss_', 'ladies_shirtwhite_f_ss__nahar-fashion', 'Ladies Shirt', 13, NULL, NULL, NULL, NULL, 0, NULL, NULL, NULL, NULL),
(621, 'Ladies Shirt', 'ladies-shirtred-1-f-ss-nahar-fashion', 11, '2016-05-30 13:56:20', 1, NULL, NULL, NULL, NULL, 2, NULL, NULL, NULL, NULL, NULL, NULL, NULL, NULL, NULL, NULL, 36, '2016-05-30 17:17:14', 605, 24, 29, '026-04-14-033-000605', 'ladies_shirtred-1_f_ss_', 'ladies_shirtred-1_f_ss__nahar-fashion', 'Ladies Shirt', 2, NULL, NULL, NULL, NULL, 0, NULL, NULL, NULL, NULL),
(622, 'Ladies Shirt', 'ladies-shirtblack-1-f-ss-nahar-fashion', 13, '2016-05-30 13:56:21', 1, NULL, NULL, NULL, NULL, 2, NULL, NULL, NULL, NULL, NULL, NULL, NULL, NULL, NULL, NULL, 36, '2016-05-30 17:17:14', 606, 24, 29, '026-06-14-033-000606', 'ladies_shirtblack-1_f_ss_', 'ladies_shirtblack-1_f_ss__nahar-fashion', 'Ladies Shirt', 3, NULL, NULL, NULL, NULL, 0, NULL, NULL, NULL, NULL),
(623, 'Ladies Shirt', 'ladies-shirtblue-1-f-ss-nahar-fashion', 15, '2016-05-30 13:56:21', 1, NULL, NULL, NULL, NULL, 2, NULL, NULL, NULL, NULL, NULL, NULL, NULL, NULL, NULL, NULL, 36, '2016-05-30 17:17:14', 607, 24, 29, '026-08-14-033-000607', 'ladies_shirtblue-1_f_ss_', 'ladies_shirtblue-1_f_ss__nahar-fashion', 'Ladies Shirt', 1, NULL, NULL, NULL, NULL, 0, NULL, NULL, NULL, NULL),
(624, 'Ladies Shirt', 'ladies-shirtsilver-1-f-ss-nahar-fashion', 10, '2016-05-30 13:56:22', 1, NULL, NULL, NULL, NULL, 2, NULL, NULL, NULL, NULL, NULL, NULL, NULL, NULL, NULL, NULL, 36, '2016-05-30 17:17:14', 608, 24, 29, '026-03-14-033-000608', 'ladies_shirtsilver-1_f_ss_', 'ladies_shirtsilver-1_f_ss__nahar-fashion', 'Ladies Shirt', 1, NULL, NULL, NULL, NULL, 0, NULL, NULL, NULL, NULL),
(625, 'Ladies Shirt', 'ladies-shirtorange-1-f-ss-nahar-fashion', 21, '2016-05-30 13:56:22', 1, NULL, NULL, NULL, NULL, 2, NULL, NULL, NULL, NULL, NULL, NULL, NULL, NULL, NULL, NULL, 36, '2016-05-30 17:17:14', 609, 24, 29, '026-14-14-033-000609', 'ladies_shirtorange-1_f_ss_', 'ladies_shirtorange-1_f_ss__nahar-fashion', 'Ladies Shirt', 1, NULL, NULL, NULL, NULL, 0, NULL, NULL, NULL, NULL),
(626, 'Ladies Shirt', 'ladies-shirtpink-1-f-ss-nahar-fashion', 9, '2016-05-30 13:56:23', 1, NULL, NULL, NULL, NULL, 2, NULL, NULL, NULL, NULL, NULL, NULL, NULL, NULL, NULL, NULL, 36, '2016-05-30 17:17:14', 610, 24, 29, '026-02-14-033-000610', 'ladies_shirtpink-1_f_ss_', 'ladies_shirtpink-1_f_ss__nahar-fashion', 'Ladies Shirt', 2, NULL, NULL, NULL, NULL, 0, NULL, NULL, NULL, NULL),
(627, 'Slipping Set', 'slipping-setpurple-1-38-ss-nahar-fashion', 8, '2016-05-30 13:56:24', 1, NULL, NULL, NULL, NULL, 2, NULL, NULL, NULL, NULL, NULL, NULL, NULL, NULL, NULL, NULL, 36, '2016-05-30 17:17:14', 611, 32, 30, '027-01-22-033-000611', 'slipping_setpurple-1_38_ss_', 'slipping_setpurple-1_38_ss__nahar-fashion', 'Slipping Set', 8, NULL, NULL, NULL, NULL, 0, NULL, NULL, NULL, NULL),
(628, 'Slipping Set', 'slipping-setblue-1-44-ss-nahar-fashion', 15, '2016-05-30 13:56:24', 1, NULL, NULL, NULL, NULL, 2, NULL, NULL, NULL, NULL, NULL, NULL, NULL, NULL, NULL, NULL, 36, '2016-05-30 17:17:14', 612, 27, 30, '027-08-17-033-000612', 'slipping_setblue-1_44_ss_', 'slipping_setblue-1_44_ss__nahar-fashion', 'Slipping Set', 1, NULL, NULL, NULL, NULL, 0, NULL, NULL, NULL, NULL),
(629, 'Slipping Set', 'slipping-setpurple-1-40-ss-nahar-fashion', 8, '2016-05-30 13:56:25', 1, NULL, NULL, NULL, NULL, 2, NULL, NULL, NULL, NULL, NULL, NULL, NULL, NULL, NULL, NULL, 36, '2016-05-30 17:17:14', 613, 30, 30, '027-01-20-033-000613', 'slipping_setpurple-1_40_ss_', 'slipping_setpurple-1_40_ss__nahar-fashion', 'Slipping Set', 9, NULL, NULL, NULL, NULL, 0, NULL, NULL, NULL, NULL),
(630, 'Slipping Set', 'slipping-setpurple-1-44-ss-nahar-fashion', 8, '2016-05-30 13:56:26', 1, NULL, NULL, NULL, NULL, 2, NULL, NULL, NULL, NULL, NULL, NULL, NULL, NULL, NULL, NULL, 36, '2016-05-30 17:17:14', 614, 27, 30, '027-01-17-033-000614', 'slipping_setpurple-1_44_ss_', 'slipping_setpurple-1_44_ss__nahar-fashion', 'Slipping Set', 2, NULL, NULL, NULL, NULL, 0, NULL, NULL, NULL, NULL),
(631, 'Slipping Set', 'slipping-setpurple-1-42-ss-nahar-fashion', 8, '2016-05-30 13:56:27', 1, NULL, NULL, NULL, NULL, 2, NULL, NULL, NULL, NULL, NULL, NULL, NULL, NULL, NULL, NULL, 36, '2016-05-30 17:17:14', 615, 29, 30, '027-01-19-033-000615', 'slipping_setpurple-1_42_ss_', 'slipping_setpurple-1_42_ss__nahar-fashion', 'Slipping Set', 4, NULL, NULL, NULL, NULL, 0, NULL, NULL, NULL, NULL),
(632, 'Slipping Set', 'slipping-setwhite-42-ss-nahar-fashion', 14, '2016-05-30 13:56:27', 1, NULL, NULL, NULL, NULL, 2, NULL, NULL, NULL, NULL, NULL, NULL, NULL, NULL, NULL, NULL, 36, '2016-05-30 17:17:14', 616, 29, 30, '027-07-19-033-000616', 'slipping_setwhite_42_ss_', 'slipping_setwhite_42_ss__nahar-fashion', 'Slipping Set', 4, NULL, NULL, NULL, NULL, 0, NULL, NULL, NULL, NULL),
(633, 'Slipping Set', 'slipping-setwhite-40-ss-nahar-fashion', 14, '2016-05-30 13:56:28', 1, NULL, NULL, NULL, NULL, 2, NULL, NULL, NULL, NULL, NULL, NULL, NULL, NULL, NULL, NULL, 36, '2016-05-30 17:17:14', 617, 30, 30, '027-07-20-033-000617', 'slipping_setwhite_40_ss_', 'slipping_setwhite_40_ss__nahar-fashion', 'Slipping Set', 3, NULL, NULL, NULL, NULL, 0, NULL, NULL, NULL, NULL),
(634, 'Slipping Set', 'slipping-setwhite-38-ss-nahar-fashion', 14, '2016-05-30 13:56:28', 1, NULL, NULL, NULL, NULL, 2, NULL, NULL, NULL, NULL, NULL, NULL, NULL, NULL, NULL, NULL, 36, '2016-05-30 17:17:14', 618, 32, 30, '027-07-22-033-000618', 'slipping_setwhite_38_ss_', 'slipping_setwhite_38_ss__nahar-fashion', 'Slipping Set', 1, NULL, NULL, NULL, NULL, 0, NULL, NULL, NULL, NULL),
(635, 'Slipping Set', 'slipping-setwhite-36-1-ss-nahar-fashion', 14, '2016-05-30 13:56:29', 1, NULL, NULL, NULL, NULL, 2, NULL, NULL, NULL, NULL, NULL, NULL, NULL, NULL, NULL, NULL, 36, '2016-05-30 17:17:14', 619, 40, 30, '027-07-30-033-000619', 'slipping_setwhite_36-1_ss_', 'slipping_setwhite_36-1_ss__nahar-fashion', 'Slipping Set', 1, NULL, NULL, NULL, NULL, 0, NULL, NULL, NULL, NULL),
(636, 'Slipping Set', 'slipping-setwhite-44-ss-nahar-fashion', 14, '2016-05-30 13:56:29', 1, NULL, NULL, NULL, NULL, 2, NULL, NULL, NULL, NULL, NULL, NULL, NULL, NULL, NULL, NULL, 36, '2016-05-30 17:17:14', 620, 27, 30, '027-07-17-033-000620', 'slipping_setwhite_44_ss_', 'slipping_setwhite_44_ss__nahar-fashion', 'Slipping Set', 2, NULL, NULL, NULL, NULL, 0, NULL, NULL, NULL, NULL),
(637, 'Slipping Set', 'slipping-setblue-1-40-ss-nahar-fashion', 15, '2016-05-30 13:56:30', 1, NULL, NULL, NULL, NULL, 2, NULL, NULL, NULL, NULL, NULL, NULL, NULL, NULL, NULL, NULL, 36, '2016-05-30 17:17:14', 621, 30, 30, '027-08-20-033-000621', 'slipping_setblue-1_40_ss_', 'slipping_setblue-1_40_ss__nahar-fashion', 'Slipping Set', 2, NULL, NULL, NULL, NULL, 0, NULL, NULL, NULL, NULL),
(638, 'Ladies Tops', 'ladies-topsblack-1-l-1-mk-nahar-fashion', 13, '2016-05-30 13:56:31', 1, NULL, NULL, NULL, NULL, 2, NULL, NULL, NULL, NULL, NULL, NULL, NULL, NULL, NULL, NULL, 37, '2016-05-30 17:17:14', 622, 23, 31, '028-06-13-034-000622', 'ladies_topsblack-1_l-1_mk_', 'ladies_topsblack-1_l-1_mk__nahar-fashion', 'Ladies Tops', 4, NULL, NULL, NULL, NULL, 0, NULL, NULL, NULL, NULL),
(639, 'Ladies Tops', 'ladies-topsofwhite-m-2-mk-nahar-fashion', 29, '2016-05-30 13:56:32', 1, NULL, NULL, NULL, NULL, 2, NULL, NULL, NULL, NULL, NULL, NULL, NULL, NULL, NULL, NULL, 37, '2016-05-30 17:17:14', 623, 21, 31, '028-22-11-034-000623', 'ladies_topsofwhite_m-2_mk_', 'ladies_topsofwhite_m-2_mk__nahar-fashion', 'Ladies Tops', 1, NULL, NULL, NULL, NULL, 0, NULL, NULL, NULL, NULL);
INSERT INTO `Item` (`id`, `name`, `slug`, `color_id`, `created`, `status`, `itemUnit`, `minQnt`, `maxQnt`, `remainingQnt`, `inventoryConfig_id`, `barcode`, `purchasePrice`, `purchaseAvgPrice`, `salesPrice`, `webPrice`, `quantity`, `country_id`, `brand_id`, `path`, `content`, `vendor_id`, `updated`, `code`, `size_id`, `masterItem_id`, `sku`, `skuSlug`, `skuWebSlug`, `webName`, `purchaseQuantity`, `purchaseQuantityReturn`, `salesQuantity`, `salesQuantityReturn`, `purchaseQuantityReplace`, `isWeb`, `ageGroup`, `gender`, `material`, `damageQuantity`) VALUES
(640, 'Ladies Tops', 'ladies-topsgolden-m-2-mk-nahar-fashion', 23, '2016-05-30 13:56:33', 1, NULL, NULL, NULL, NULL, 2, NULL, NULL, NULL, NULL, NULL, NULL, NULL, NULL, NULL, NULL, 37, '2016-05-30 17:17:14', 624, 21, 31, '028-16-11-034-000624', 'ladies_topsgolden_m-2_mk_', 'ladies_topsgolden_m-2_mk__nahar-fashion', 'Ladies Tops', 2, NULL, NULL, NULL, NULL, 0, NULL, NULL, NULL, NULL),
(641, 'Ladies Tops', 'ladies-topsblack-1-m-2-mk-nahar-fashion', 13, '2016-05-30 13:56:34', 1, NULL, NULL, NULL, NULL, 2, NULL, NULL, NULL, NULL, NULL, NULL, NULL, NULL, NULL, NULL, 37, '2016-05-30 17:17:14', 625, 21, 31, '028-06-11-034-000625', 'ladies_topsblack-1_m-2_mk_', 'ladies_topsblack-1_m-2_mk__nahar-fashion', 'Ladies Tops', 6, NULL, NULL, NULL, NULL, 0, NULL, NULL, NULL, NULL),
(642, 'Ladies Tops', 'ladies-topsblack-1-s-mk-nahar-fashion', 13, '2016-05-30 13:56:35', 1, NULL, NULL, NULL, NULL, 2, NULL, NULL, NULL, NULL, NULL, NULL, NULL, NULL, NULL, NULL, 37, '2016-05-30 17:17:14', 626, 25, 31, '028-06-15-034-000626', 'ladies_topsblack-1_s_mk_', 'ladies_topsblack-1_s_mk__nahar-fashion', 'Ladies Tops', 5, NULL, NULL, NULL, NULL, 0, NULL, NULL, NULL, NULL),
(643, 'Ladies Tops', 'ladies-topsblue-1-s-mk-nahar-fashion', 15, '2016-05-30 13:56:35', 1, NULL, NULL, NULL, NULL, 2, NULL, NULL, NULL, NULL, NULL, NULL, NULL, NULL, NULL, NULL, 37, '2016-05-30 17:17:14', 627, 25, 31, '028-08-15-034-000627', 'ladies_topsblue-1_s_mk_', 'ladies_topsblue-1_s_mk__nahar-fashion', 'Ladies Tops', 3, NULL, NULL, NULL, NULL, 0, NULL, NULL, NULL, NULL),
(644, 'Ladies Tops', 'ladies-topsmixed-s-mk-nahar-fashion', 12, '2016-05-30 13:56:37', 1, NULL, NULL, NULL, NULL, 2, NULL, NULL, NULL, NULL, NULL, NULL, NULL, NULL, NULL, NULL, 37, '2016-05-30 17:17:14', 628, 25, 31, '028-05-15-034-000628', 'ladies_topsmixed_s_mk_', 'ladies_topsmixed_s_mk__nahar-fashion', 'Ladies Tops', 1, NULL, NULL, NULL, NULL, 0, NULL, NULL, NULL, NULL),
(645, 'Ladies Tops', 'ladies-topspink-1-l-1-mk-nahar-fashion', 9, '2016-05-30 13:56:38', 1, NULL, NULL, NULL, NULL, 2, NULL, NULL, NULL, NULL, NULL, NULL, NULL, NULL, NULL, NULL, 37, '2016-05-30 17:17:14', 629, 23, 31, '028-02-13-034-000629', 'ladies_topspink-1_l-1_mk_', 'ladies_topspink-1_l-1_mk__nahar-fashion', 'Ladies Tops', 1, NULL, NULL, NULL, NULL, 0, NULL, NULL, NULL, NULL),
(646, 'Ladies Tops', 'ladies-topswhite-m-2-mk-nahar-fashion', 14, '2016-05-30 13:56:39', 1, NULL, NULL, NULL, NULL, 2, NULL, NULL, NULL, NULL, NULL, NULL, NULL, NULL, NULL, NULL, 37, '2016-05-30 17:17:14', 630, 21, 31, '028-07-11-034-000630', 'ladies_topswhite_m-2_mk_', 'ladies_topswhite_m-2_mk__nahar-fashion', 'Ladies Tops', 1, NULL, NULL, NULL, NULL, 0, NULL, NULL, NULL, NULL),
(647, 'Ladies Tops', 'ladies-topswhite-s-mk-nahar-fashion', 14, '2016-05-30 13:56:40', 1, NULL, NULL, NULL, NULL, 2, NULL, NULL, NULL, NULL, NULL, NULL, NULL, NULL, NULL, NULL, 37, '2016-05-30 17:17:14', 631, 25, 31, '028-07-15-034-000631', 'ladies_topswhite_s_mk_', 'ladies_topswhite_s_mk__nahar-fashion', 'Ladies Tops', 2, NULL, NULL, NULL, NULL, 0, NULL, NULL, NULL, NULL),
(648, 'Ladies Tops', 'ladies-topsred-1-m-2-mk-nahar-fashion', 11, '2016-05-30 13:56:43', 1, NULL, NULL, NULL, NULL, 2, NULL, NULL, NULL, NULL, NULL, NULL, NULL, NULL, NULL, NULL, 37, '2016-05-30 17:17:14', 632, 21, 31, '028-04-11-034-000632', 'ladies_topsred-1_m-2_mk_', 'ladies_topsred-1_m-2_mk__nahar-fashion', 'Ladies Tops', 1, NULL, NULL, NULL, NULL, 0, NULL, NULL, NULL, NULL),
(649, 'Ladies Tops', 'ladies-topsblue-1-m-2-mk-nahar-fashion', 15, '2016-05-30 13:56:43', 1, NULL, NULL, NULL, NULL, 2, NULL, NULL, NULL, NULL, NULL, NULL, NULL, NULL, NULL, NULL, 37, '2016-05-30 17:17:14', 633, 21, 31, '028-08-11-034-000633', 'ladies_topsblue-1_m-2_mk_', 'ladies_topsblue-1_m-2_mk__nahar-fashion', 'Ladies Tops', 2, NULL, NULL, NULL, NULL, 0, NULL, NULL, NULL, NULL),
(650, 'Ladies Tops', 'ladies-topspink-1-s-mk-nahar-fashion', 9, '2016-05-30 13:56:44', 1, NULL, NULL, NULL, NULL, 2, NULL, NULL, NULL, NULL, NULL, NULL, NULL, NULL, NULL, NULL, 37, '2016-05-30 17:17:14', 634, 25, 31, '028-02-15-034-000634', 'ladies_topspink-1_s_mk_', 'ladies_topspink-1_s_mk__nahar-fashion', 'Ladies Tops', 1, NULL, NULL, NULL, NULL, 0, NULL, NULL, NULL, NULL),
(651, 'Ladies Tops', 'ladies-topspink-1-m-2-mk-nahar-fashion', 9, '2016-05-30 13:56:45', 1, NULL, NULL, NULL, NULL, 2, NULL, NULL, NULL, NULL, NULL, NULL, NULL, NULL, NULL, NULL, 37, '2016-05-30 17:17:14', 635, 21, 31, '028-02-11-034-000635', 'ladies_topspink-1_m-2_mk_', 'ladies_topspink-1_m-2_mk__nahar-fashion', 'Ladies Tops', 1, NULL, NULL, NULL, NULL, 0, NULL, NULL, NULL, NULL),
(652, 'Ladies Tops', 'ladies-topsred-1-l-1-mk-nahar-fashion', 11, '2016-05-30 13:56:46', 1, NULL, NULL, NULL, NULL, 2, NULL, NULL, NULL, NULL, NULL, NULL, NULL, NULL, NULL, NULL, 37, '2016-05-30 17:17:14', 636, 23, 31, '028-04-13-034-000636', 'ladies_topsred-1_l-1_mk_', 'ladies_topsred-1_l-1_mk__nahar-fashion', 'Ladies Tops', 1, NULL, NULL, NULL, NULL, 0, NULL, NULL, NULL, NULL),
(653, 'Ladies Tops', 'ladies-topsblue-1-l-1-mk-nahar-fashion', 15, '2016-05-30 13:56:47', 1, NULL, NULL, NULL, NULL, 2, NULL, NULL, NULL, NULL, NULL, NULL, NULL, NULL, NULL, NULL, 37, '2016-05-30 17:17:14', 637, 23, 31, '028-08-13-034-000637', 'ladies_topsblue-1_l-1_mk_', 'ladies_topsblue-1_l-1_mk__nahar-fashion', 'Ladies Tops', 2, NULL, NULL, NULL, NULL, 0, NULL, NULL, NULL, NULL),
(654, 'Ladies Tops', 'ladies-topsbiskit-l-1-mk-nahar-fashion', 27, '2016-05-30 13:56:48', 1, NULL, NULL, NULL, NULL, 2, NULL, NULL, NULL, NULL, NULL, NULL, NULL, NULL, NULL, NULL, 37, '2016-05-30 17:17:14', 638, 23, 31, '028-20-13-034-000638', 'ladies_topsbiskit_l-1_mk_', 'ladies_topsbiskit_l-1_mk__nahar-fashion', 'Ladies Tops', 2, NULL, NULL, NULL, NULL, 0, NULL, NULL, NULL, NULL),
(655, 'Ladies Tops', 'ladies-topsmalti-m-2-mk-nahar-fashion', 35, '2016-05-30 13:56:49', 1, NULL, NULL, NULL, NULL, 2, NULL, NULL, NULL, NULL, NULL, NULL, NULL, NULL, NULL, NULL, 37, '2016-05-30 17:17:14', 639, 21, 31, '028-28-11-034-000639', 'ladies_topsmalti_m-2_mk_', 'ladies_topsmalti_m-2_mk__nahar-fashion', 'Ladies Tops', 4, NULL, NULL, NULL, NULL, 0, NULL, NULL, NULL, NULL),
(656, 'Ladies Tops', 'ladies-topsmalti-l-1-mk-nahar-fashion', 35, '2016-05-30 13:56:50', 1, NULL, NULL, NULL, NULL, 2, NULL, NULL, NULL, NULL, NULL, NULL, NULL, NULL, NULL, NULL, 37, '2016-05-30 17:17:14', 640, 23, 31, '028-28-13-034-000640', 'ladies_topsmalti_l-1_mk_', 'ladies_topsmalti_l-1_mk__nahar-fashion', 'Ladies Tops', 6, NULL, NULL, NULL, NULL, 0, NULL, NULL, NULL, NULL),
(657, 'Ladies Tops', 'ladies-topsmalti-s-mk-nahar-fashion', 35, '2016-05-30 13:56:51', 1, NULL, NULL, NULL, NULL, 2, NULL, NULL, NULL, NULL, NULL, NULL, NULL, NULL, NULL, NULL, 37, '2016-05-30 17:17:14', 641, 25, 31, '028-28-15-034-000641', 'ladies_topsmalti_s_mk_', 'ladies_topsmalti_s_mk__nahar-fashion', 'Ladies Tops', 4, NULL, NULL, NULL, NULL, 0, NULL, NULL, NULL, NULL),
(658, 'Ladies Tops', 'ladies-topsbiskit-m-2-mk-nahar-fashion', 27, '2016-05-30 13:56:52', 1, NULL, NULL, NULL, NULL, 2, NULL, NULL, NULL, NULL, NULL, NULL, NULL, NULL, NULL, NULL, 37, '2016-05-30 17:17:14', 642, 21, 31, '028-20-11-034-000642', 'ladies_topsbiskit_m-2_mk_', 'ladies_topsbiskit_m-2_mk__nahar-fashion', 'Ladies Tops', 2, NULL, NULL, NULL, NULL, 0, NULL, NULL, NULL, NULL),
(659, 'Ladies Tops', 'ladies-topsmisti-m-2-mk-nahar-fashion', 33, '2016-05-30 13:56:53', 1, NULL, NULL, NULL, NULL, 2, NULL, NULL, NULL, NULL, NULL, NULL, NULL, NULL, NULL, NULL, 37, '2016-05-30 17:17:14', 643, 21, 31, '028-26-11-034-000643', 'ladies_topsmisti_m-2_mk_', 'ladies_topsmisti_m-2_mk__nahar-fashion', 'Ladies Tops', 1, NULL, NULL, NULL, NULL, 0, NULL, NULL, NULL, NULL),
(660, 'Ladies Tops', 'ladies-topsorange-1-m-2-mk-nahar-fashion', 21, '2016-05-30 13:56:55', 1, NULL, NULL, NULL, NULL, 2, NULL, NULL, NULL, NULL, NULL, NULL, NULL, NULL, NULL, NULL, 37, '2016-05-30 17:17:14', 644, 21, 31, '028-14-11-034-000644', 'ladies_topsorange-1_m-2_mk_', 'ladies_topsorange-1_m-2_mk__nahar-fashion', 'Ladies Tops', 1, NULL, NULL, NULL, NULL, 0, NULL, NULL, NULL, NULL),
(661, 'Ladies Tops', 'ladies-topsorange-1-s-mk-nahar-fashion', 21, '2016-05-30 13:56:55', 1, NULL, NULL, NULL, NULL, 2, NULL, NULL, NULL, NULL, NULL, NULL, NULL, NULL, NULL, NULL, 37, '2016-05-30 17:17:14', 645, 25, 31, '028-14-15-034-000645', 'ladies_topsorange-1_s_mk_', 'ladies_topsorange-1_s_mk__nahar-fashion', 'Ladies Tops', 1, NULL, NULL, NULL, NULL, 0, NULL, NULL, NULL, NULL),
(662, 'Ladies Tops', 'ladies-topsgreen-s-mk-nahar-fashion', 17, '2016-05-30 13:56:57', 1, NULL, NULL, NULL, NULL, 2, NULL, NULL, NULL, NULL, NULL, NULL, NULL, NULL, NULL, NULL, 37, '2016-05-30 17:17:14', 646, 25, 31, '028-10-15-034-000646', 'ladies_topsgreen_s_mk_', 'ladies_topsgreen_s_mk__nahar-fashion', 'Ladies Tops', 1, NULL, NULL, NULL, NULL, 0, NULL, NULL, NULL, NULL),
(663, 'Ladies Tops', 'ladies-topssilver-1-m-2-mk-nahar-fashion', 10, '2016-05-30 13:56:59', 1, NULL, NULL, NULL, NULL, 2, NULL, NULL, NULL, NULL, NULL, NULL, NULL, NULL, NULL, NULL, 37, '2016-05-30 17:17:14', 647, 21, 31, '028-03-11-034-000647', 'ladies_topssilver-1_m-2_mk_', 'ladies_topssilver-1_m-2_mk__nahar-fashion', 'Ladies Tops', 3, NULL, NULL, NULL, NULL, 0, NULL, NULL, NULL, NULL),
(664, 'Ladies Tops', 'ladies-topssilver-1-s-mk-nahar-fashion', 10, '2016-05-30 13:57:00', 1, NULL, NULL, NULL, NULL, 2, NULL, NULL, NULL, NULL, NULL, NULL, NULL, NULL, NULL, NULL, 37, '2016-05-30 17:17:14', 648, 25, 31, '028-03-15-034-000648', 'ladies_topssilver-1_s_mk_', 'ladies_topssilver-1_s_mk__nahar-fashion', 'Ladies Tops', 4, NULL, NULL, NULL, NULL, 0, NULL, NULL, NULL, NULL),
(665, 'Ladies Tops', 'ladies-topsmerun-m-2-mk-nahar-fashion', 25, '2016-05-30 13:57:01', 1, NULL, NULL, NULL, NULL, 2, NULL, NULL, NULL, NULL, NULL, NULL, NULL, NULL, NULL, NULL, 37, '2016-05-30 17:17:14', 649, 21, 31, '028-18-11-034-000649', 'ladies_topsmerun_m-2_mk_', 'ladies_topsmerun_m-2_mk__nahar-fashion', 'Ladies Tops', 2, NULL, NULL, NULL, NULL, 0, NULL, NULL, NULL, NULL),
(666, 'Ladies Tops', 'ladies-topsmerun-l-1-mk-nahar-fashion', 25, '2016-05-30 13:57:01', 1, NULL, NULL, NULL, NULL, 2, NULL, NULL, NULL, NULL, NULL, NULL, NULL, NULL, NULL, NULL, 37, '2016-05-30 17:17:14', 650, 23, 31, '028-18-13-034-000650', 'ladies_topsmerun_l-1_mk_', 'ladies_topsmerun_l-1_mk__nahar-fashion', 'Ladies Tops', 1, NULL, NULL, NULL, NULL, 0, NULL, NULL, NULL, NULL),
(667, 'Ladies Tops', 'ladies-topsmixed-m-2-mk-nahar-fashion', 12, '2016-05-30 13:57:02', 1, NULL, NULL, NULL, NULL, 2, NULL, NULL, NULL, NULL, NULL, NULL, NULL, NULL, NULL, NULL, 37, '2016-05-30 17:17:14', 651, 21, 31, '028-05-11-034-000651', 'ladies_topsmixed_m-2_mk_', 'ladies_topsmixed_m-2_mk__nahar-fashion', 'Ladies Tops', 1, NULL, NULL, NULL, NULL, 0, NULL, NULL, NULL, NULL),
(668, 'Ladies Tops', 'ladies-topsorange-1-f-ind-by-nahar-fashion', 21, '2016-05-30 13:57:06', 1, NULL, NULL, NULL, NULL, 2, NULL, NULL, NULL, NULL, NULL, NULL, NULL, NULL, NULL, NULL, 38, '2016-05-30 17:17:14', 652, 24, 31, '028-14-14-035-000652', 'ladies_topsorange-1_f_ind-by_', 'ladies_topsorange-1_f_ind-by__nahar-fashion', 'Ladies Tops', 3, NULL, NULL, NULL, NULL, 0, NULL, NULL, NULL, NULL),
(669, 'Ladies Tops', 'ladies-topspink-1-f-ind-by-nahar-fashion', 9, '2016-05-30 13:57:07', 1, NULL, NULL, NULL, NULL, 2, NULL, NULL, NULL, NULL, NULL, NULL, NULL, NULL, NULL, NULL, 38, '2016-05-30 17:17:14', 653, 24, 31, '028-02-14-035-000653', 'ladies_topspink-1_f_ind-by_', 'ladies_topspink-1_f_ind-by__nahar-fashion', 'Ladies Tops', 3, NULL, NULL, NULL, NULL, 0, NULL, NULL, NULL, NULL),
(670, 'Ladies Tops', 'ladies-topsblue-1-f-ind-by-nahar-fashion', 15, '2016-05-30 13:57:09', 1, NULL, NULL, NULL, NULL, 2, NULL, NULL, NULL, NULL, NULL, NULL, NULL, NULL, NULL, NULL, 38, '2016-05-30 17:17:14', 654, 24, 31, '028-08-14-035-000654', 'ladies_topsblue-1_f_ind-by_', 'ladies_topsblue-1_f_ind-by__nahar-fashion', 'Ladies Tops', 11, NULL, NULL, NULL, NULL, 0, NULL, NULL, NULL, NULL),
(671, 'Ladies Tops', 'ladies-topsmisti-f-ind-by-nahar-fashion', 33, '2016-05-30 13:57:10', 1, NULL, NULL, NULL, NULL, 2, NULL, NULL, NULL, NULL, NULL, NULL, NULL, NULL, NULL, NULL, 38, '2016-05-30 17:17:14', 655, 24, 31, '028-26-14-035-000655', 'ladies_topsmisti_f_ind-by_', 'ladies_topsmisti_f_ind-by__nahar-fashion', 'Ladies Tops', 1, NULL, NULL, NULL, NULL, 0, NULL, NULL, NULL, NULL),
(672, 'Ladies Tops', 'ladies-topsred-1-f-ind-by-nahar-fashion', 11, '2016-05-30 13:57:10', 1, NULL, NULL, NULL, NULL, 2, NULL, NULL, NULL, NULL, NULL, NULL, NULL, NULL, NULL, NULL, 38, '2016-05-30 17:17:14', 656, 24, 31, '028-04-14-035-000656', 'ladies_topsred-1_f_ind-by_', 'ladies_topsred-1_f_ind-by__nahar-fashion', 'Ladies Tops', 4, NULL, NULL, NULL, NULL, 0, NULL, NULL, NULL, NULL),
(673, 'Ladies Tops', 'ladies-topswhite-f-ind-by-nahar-fashion', 14, '2016-05-30 13:57:11', 1, NULL, NULL, NULL, NULL, 2, NULL, NULL, NULL, NULL, NULL, NULL, NULL, NULL, NULL, NULL, 38, '2016-05-30 17:17:14', 657, 24, 31, '028-07-14-035-000657', 'ladies_topswhite_f_ind-by_', 'ladies_topswhite_f_ind-by__nahar-fashion', 'Ladies Tops', 16, NULL, NULL, NULL, NULL, 0, NULL, NULL, NULL, NULL),
(674, 'Ladies Tops', 'ladies-topsblack-1-f-ind-by-nahar-fashion', 13, '2016-05-30 13:57:13', 1, NULL, NULL, NULL, NULL, 2, NULL, NULL, NULL, NULL, NULL, NULL, NULL, NULL, NULL, NULL, 38, '2016-05-30 17:17:14', 658, 24, 31, '028-06-14-035-000658', 'ladies_topsblack-1_f_ind-by_', 'ladies_topsblack-1_f_ind-by__nahar-fashion', 'Ladies Tops', 14, NULL, NULL, NULL, NULL, 0, NULL, NULL, NULL, NULL),
(675, 'Ladies Tops', 'ladies-topspurple-1-f-ind-by-nahar-fashion', 8, '2016-05-30 13:57:14', 1, NULL, NULL, NULL, NULL, 2, NULL, NULL, NULL, NULL, NULL, NULL, NULL, NULL, NULL, NULL, 38, '2016-05-30 17:17:14', 659, 24, 31, '028-01-14-035-000659', 'ladies_topspurple-1_f_ind-by_', 'ladies_topspurple-1_f_ind-by__nahar-fashion', 'Ladies Tops', 2, NULL, NULL, NULL, NULL, 0, NULL, NULL, NULL, NULL),
(676, 'Ladies Tops', 'ladies-topsmixed-f-ind-by-nahar-fashion', 12, '2016-05-30 13:57:17', 1, NULL, NULL, NULL, NULL, 2, NULL, NULL, NULL, NULL, NULL, NULL, NULL, NULL, NULL, NULL, 38, '2016-05-30 17:17:14', 660, 24, 31, '028-05-14-035-000660', 'ladies_topsmixed_f_ind-by_', 'ladies_topsmixed_f_ind-by__nahar-fashion', 'Ladies Tops', 6, NULL, NULL, NULL, NULL, 0, NULL, NULL, NULL, NULL),
(677, 'Ladies Tops', 'ladies-topsgolden-f-ind-by-nahar-fashion', 23, '2016-05-30 13:57:19', 1, NULL, NULL, NULL, NULL, 2, NULL, NULL, NULL, NULL, NULL, NULL, NULL, NULL, NULL, NULL, 38, '2016-05-30 17:17:14', 661, 24, 31, '028-16-14-035-000661', 'ladies_topsgolden_f_ind-by_', 'ladies_topsgolden_f_ind-by__nahar-fashion', 'Ladies Tops', 1, NULL, NULL, NULL, NULL, 0, NULL, NULL, NULL, NULL),
(678, 'Ladies Tops', 'ladies-topsgreen-f-ind-by-nahar-fashion', 17, '2016-05-30 13:57:21', 1, NULL, NULL, NULL, NULL, 2, NULL, NULL, NULL, NULL, NULL, NULL, NULL, NULL, NULL, NULL, 38, '2016-05-30 17:17:14', 662, 24, 31, '028-10-14-035-000662', 'ladies_topsgreen_f_ind-by_', 'ladies_topsgreen_f_ind-by__nahar-fashion', 'Ladies Tops', 2, NULL, NULL, NULL, NULL, 0, NULL, NULL, NULL, NULL),
(679, 'Ladies Tops', 'ladies-topspest-f-ind-by-nahar-fashion', 30, '2016-05-30 13:57:23', 1, NULL, NULL, NULL, NULL, 2, NULL, NULL, NULL, NULL, NULL, NULL, NULL, NULL, NULL, NULL, 38, '2016-05-30 17:17:14', 663, 24, 31, '028-23-14-035-000663', 'ladies_topspest_f_ind-by_', 'ladies_topspest_f_ind-by__nahar-fashion', 'Ladies Tops', 1, NULL, NULL, NULL, NULL, 0, NULL, NULL, NULL, NULL),
(680, 'Ladies Tops', 'ladies-topssilver-1-xxl-mk-nahar-fashion', 10, '2016-05-30 13:57:25', 1, NULL, NULL, NULL, NULL, 2, NULL, NULL, NULL, NULL, NULL, NULL, NULL, NULL, NULL, NULL, 37, '2016-05-30 17:17:14', 664, 31, 31, '028-03-21-034-000664', 'ladies_topssilver-1_xxl_mk_', 'ladies_topssilver-1_xxl_mk__nahar-fashion', 'Ladies Tops', 4, NULL, NULL, NULL, NULL, 0, NULL, NULL, NULL, NULL),
(681, 'Ladies Tops', 'ladies-topssilver-1-l-1-mk-nahar-fashion', 10, '2016-05-30 13:57:27', 1, NULL, NULL, NULL, NULL, 2, NULL, NULL, NULL, NULL, NULL, NULL, NULL, NULL, NULL, NULL, 37, '2016-05-30 17:17:14', 665, 23, 31, '028-03-13-034-000665', 'ladies_topssilver-1_l-1_mk_', 'ladies_topssilver-1_l-1_mk__nahar-fashion', 'Ladies Tops', 3, NULL, NULL, NULL, NULL, 0, NULL, NULL, NULL, NULL),
(682, 'Ladies Palazzo', 'ladies-palazzoblue-1-f-ind-by-nahar-fashion', 15, '2016-05-30 13:57:29', 1, NULL, NULL, NULL, NULL, 2, NULL, NULL, NULL, NULL, NULL, NULL, NULL, NULL, NULL, NULL, 38, '2016-05-30 17:17:14', 666, 24, 32, '029-08-14-035-000666', 'ladies_palazzoblue-1_f_ind-by_', 'ladies_palazzoblue-1_f_ind-by__nahar-fashion', 'Ladies Palazzo', 3, NULL, NULL, NULL, NULL, 0, NULL, NULL, NULL, NULL),
(683, 'Ladies Palazzo', 'ladies-palazzogreen-f-ind-by-nahar-fashion', 17, '2016-05-30 13:57:30', 1, NULL, NULL, NULL, NULL, 2, NULL, NULL, NULL, NULL, NULL, NULL, NULL, NULL, NULL, NULL, 38, '2016-05-30 17:17:14', 667, 24, 32, '029-10-14-035-000667', 'ladies_palazzogreen_f_ind-by_', 'ladies_palazzogreen_f_ind-by__nahar-fashion', 'Ladies Palazzo', 2, NULL, NULL, NULL, NULL, 0, NULL, NULL, NULL, NULL),
(684, 'Ladies Palazzo', 'ladies-palazzomerun-f-ind-by-nahar-fashion', 25, '2016-05-30 13:57:31', 1, NULL, NULL, NULL, NULL, 2, NULL, NULL, NULL, NULL, NULL, NULL, NULL, NULL, NULL, NULL, 38, '2016-05-30 17:17:14', 668, 24, 32, '029-18-14-035-000668', 'ladies_palazzomerun_f_ind-by_', 'ladies_palazzomerun_f_ind-by__nahar-fashion', 'Ladies Palazzo', 1, NULL, NULL, NULL, NULL, 0, NULL, NULL, NULL, NULL),
(685, 'Ladies Palazzo', 'ladies-palazzomixed-f-ind-by-nahar-fashion', 12, '2016-05-30 13:57:31', 1, NULL, NULL, NULL, NULL, 2, NULL, NULL, NULL, NULL, NULL, NULL, NULL, NULL, NULL, NULL, 38, '2016-05-30 17:17:14', 669, 24, 32, '029-05-14-035-000669', 'ladies_palazzomixed_f_ind-by_', 'ladies_palazzomixed_f_ind-by__nahar-fashion', 'Ladies Palazzo', 20, NULL, NULL, NULL, NULL, 0, NULL, NULL, NULL, NULL),
(686, 'Ladies Palazzo', 'ladies-palazzored-1-f-ind-by-nahar-fashion', 11, '2016-05-30 13:57:32', 1, NULL, NULL, NULL, NULL, 2, NULL, NULL, NULL, NULL, NULL, NULL, NULL, NULL, NULL, NULL, 38, '2016-05-30 17:17:14', 670, 24, 32, '029-04-14-035-000670', 'ladies_palazzored-1_f_ind-by_', 'ladies_palazzored-1_f_ind-by__nahar-fashion', 'Ladies Palazzo', 1, NULL, NULL, NULL, NULL, 0, NULL, NULL, NULL, NULL),
(687, 'Ladies Palazzo', 'ladies-palazzoblack-1-f-ind-by-nahar-fashion', 13, '2016-05-30 13:57:33', 1, NULL, NULL, NULL, NULL, 2, NULL, NULL, NULL, NULL, NULL, NULL, NULL, NULL, NULL, NULL, 38, '2016-05-30 17:17:14', 671, 24, 32, '029-06-14-035-000671', 'ladies_palazzoblack-1_f_ind-by_', 'ladies_palazzoblack-1_f_ind-by__nahar-fashion', 'Ladies Palazzo', 4, NULL, NULL, NULL, NULL, 0, NULL, NULL, NULL, NULL),
(688, 'Gents Gavadin Pants', 'gents-gavadin-pantsbiskit-36-1-ind-fu-nahar-fashion', 27, '2016-05-30 13:57:34', 1, NULL, NULL, NULL, NULL, 2, NULL, NULL, NULL, NULL, NULL, NULL, NULL, NULL, NULL, NULL, 39, '2016-05-30 17:17:14', 672, 40, 33, '030-20-30-036-000672', 'gents_gavadin_pantsbiskit_36-1_ind-fu_', 'gents_gavadin_pantsbiskit_36-1_ind-fu__nahar-fashion', 'Gents Gavadin Pants', 4, NULL, NULL, NULL, NULL, 0, NULL, NULL, NULL, NULL),
(689, 'Gents Gavadin Pants', 'gents-gavadin-pantssilver-1-30-1-ind-fu-nahar-fashion', 10, '2016-05-30 13:57:36', 1, NULL, NULL, NULL, NULL, 2, NULL, NULL, NULL, NULL, NULL, NULL, NULL, NULL, NULL, NULL, 39, '2016-05-30 17:17:14', 673, 38, 33, '030-03-28-036-000673', 'gents_gavadin_pantssilver-1_30-1_ind-fu_', 'gents_gavadin_pantssilver-1_30-1_ind-fu__nahar-fashion', 'Gents Gavadin Pants', 2, NULL, NULL, NULL, NULL, 0, NULL, NULL, NULL, NULL),
(690, 'Gents Gavadin Pants', 'gents-gavadin-pantsbiskit-34-1-ind-fu-nahar-fashion', 27, '2016-05-30 13:57:36', 1, NULL, NULL, NULL, NULL, 2, NULL, NULL, NULL, NULL, NULL, NULL, NULL, NULL, NULL, NULL, 39, '2016-05-30 17:17:14', 674, 41, 33, '030-20-31-036-000674', 'gents_gavadin_pantsbiskit_34-1_ind-fu_', 'gents_gavadin_pantsbiskit_34-1_ind-fu__nahar-fashion', 'Gents Gavadin Pants', 3, NULL, NULL, NULL, NULL, 0, NULL, NULL, NULL, NULL),
(691, 'Gents Gavadin Pants', 'gents-gavadin-pantsbiskit-30-1-ind-fu-nahar-fashion', 27, '2016-05-30 13:57:37', 1, NULL, NULL, NULL, NULL, 2, NULL, NULL, NULL, NULL, NULL, NULL, NULL, NULL, NULL, NULL, 39, '2016-05-30 17:17:14', 675, 38, 33, '030-20-28-036-000675', 'gents_gavadin_pantsbiskit_30-1_ind-fu_', 'gents_gavadin_pantsbiskit_30-1_ind-fu__nahar-fashion', 'Gents Gavadin Pants', 2, NULL, NULL, NULL, NULL, 0, NULL, NULL, NULL, NULL),
(692, 'Gents Gavadin Pants', 'gents-gavadin-pantsbiskit-32-1-ind-fu-nahar-fashion', 27, '2016-05-30 13:57:38', 1, NULL, NULL, NULL, NULL, 2, NULL, NULL, NULL, NULL, NULL, NULL, NULL, NULL, NULL, NULL, 39, '2016-05-30 17:17:14', 676, 39, 33, '030-20-29-036-000676', 'gents_gavadin_pantsbiskit_32-1_ind-fu_', 'gents_gavadin_pantsbiskit_32-1_ind-fu__nahar-fashion', 'Gents Gavadin Pants', 4, NULL, NULL, NULL, NULL, 0, NULL, NULL, NULL, NULL),
(693, 'Gents Gavadin Pants', 'gents-gavadin-pantssilver-1-36-1-ind-fu-nahar-fashion', 10, '2016-05-30 13:57:39', 1, NULL, NULL, NULL, NULL, 2, NULL, NULL, NULL, NULL, NULL, NULL, NULL, NULL, NULL, NULL, 39, '2016-05-30 17:17:14', 677, 40, 33, '030-03-30-036-000677', 'gents_gavadin_pantssilver-1_36-1_ind-fu_', 'gents_gavadin_pantssilver-1_36-1_ind-fu__nahar-fashion', 'Gents Gavadin Pants', 1, NULL, NULL, NULL, NULL, 0, NULL, NULL, NULL, NULL),
(694, 'Gents Gavadin Pants', 'gents-gavadin-pantssilver-1-34-1-ind-fu-nahar-fashion', 10, '2016-05-30 13:57:39', 1, NULL, NULL, NULL, NULL, 2, NULL, NULL, NULL, NULL, NULL, NULL, NULL, NULL, NULL, NULL, 39, '2016-05-30 17:17:14', 678, 41, 33, '030-03-31-036-000678', 'gents_gavadin_pantssilver-1_34-1_ind-fu_', 'gents_gavadin_pantssilver-1_34-1_ind-fu__nahar-fashion', 'Gents Gavadin Pants', 3, NULL, NULL, NULL, NULL, 0, NULL, NULL, NULL, NULL),
(695, 'Gents Gavadin Pants', 'gents-gavadin-pantssilver-1-32-1-ind-fu-nahar-fashion', 10, '2016-05-30 13:57:40', 1, NULL, NULL, NULL, NULL, 2, NULL, NULL, NULL, NULL, NULL, NULL, NULL, NULL, NULL, NULL, 39, '2016-05-30 17:17:14', 679, 39, 33, '030-03-29-036-000679', 'gents_gavadin_pantssilver-1_32-1_ind-fu_', 'gents_gavadin_pantssilver-1_32-1_ind-fu__nahar-fashion', 'Gents Gavadin Pants', 1, NULL, NULL, NULL, NULL, 0, NULL, NULL, NULL, NULL),
(696, 'Gents Gavadin Pants', 'gents-gavadin-pantscoffy-34-1-ind-fu-nahar-fashion', 18, '2016-05-30 13:57:41', 1, NULL, NULL, NULL, NULL, 2, NULL, NULL, NULL, NULL, NULL, NULL, NULL, NULL, NULL, NULL, 39, '2016-05-30 17:17:14', 680, 41, 33, '030-11-31-036-000680', 'gents_gavadin_pantscoffy_34-1_ind-fu_', 'gents_gavadin_pantscoffy_34-1_ind-fu__nahar-fashion', 'Gents Gavadin Pants', 1, NULL, NULL, NULL, NULL, 0, NULL, NULL, NULL, NULL),
(697, 'Gents Gavadin Pants', 'gents-gavadin-pantsbiskit-38-ind-fu-nahar-fashion', 27, '2016-05-30 13:57:42', 1, NULL, NULL, NULL, NULL, 2, NULL, NULL, NULL, NULL, NULL, NULL, NULL, NULL, NULL, NULL, 39, '2016-05-30 17:56:56', 681, 32, 33, '030-20-22-036-000681', 'gents_gavadin_pantsbiskit_38_ind-fu_', 'gents_gavadin_pantsbiskit_38_ind-fu__nahar-fashion', 'Gents Gavadin Pants', 1, NULL, 1, NULL, NULL, 0, NULL, NULL, NULL, NULL),
(698, 'Gents Gavadin Pants', 'gents-gavadin-pantscoffy-36-1-ind-fu-nahar-fashion', 18, '2016-05-30 13:57:43', 1, NULL, NULL, NULL, NULL, 2, NULL, NULL, NULL, NULL, NULL, NULL, NULL, NULL, NULL, NULL, 39, '2016-05-30 17:17:14', 682, 40, 33, '030-11-30-036-000682', 'gents_gavadin_pantscoffy_36-1_ind-fu_', 'gents_gavadin_pantscoffy_36-1_ind-fu__nahar-fashion', 'Gents Gavadin Pants', 2, NULL, NULL, NULL, NULL, 0, NULL, NULL, NULL, NULL),
(699, 'Gents Gavadin Pants', 'gents-gavadin-pantscoffy-38-ind-fu-nahar-fashion', 18, '2016-05-30 13:57:44', 1, NULL, NULL, NULL, NULL, 2, NULL, NULL, NULL, NULL, NULL, NULL, NULL, NULL, NULL, NULL, 39, '2016-05-30 17:17:14', 683, 32, 33, '030-11-22-036-000683', 'gents_gavadin_pantscoffy_38_ind-fu_', 'gents_gavadin_pantscoffy_38_ind-fu__nahar-fashion', 'Gents Gavadin Pants', 2, NULL, NULL, NULL, NULL, 0, NULL, NULL, NULL, NULL),
(700, 'Gents Gavadin Pants', 'gents-gavadin-pantscoffy-32-1-ind-fu-nahar-fashion', 18, '2016-05-30 13:57:45', 1, NULL, NULL, NULL, NULL, 2, NULL, NULL, NULL, NULL, NULL, NULL, NULL, NULL, NULL, NULL, 39, '2016-05-30 17:17:14', 684, 39, 33, '030-11-29-036-000684', 'gents_gavadin_pantscoffy_32-1_ind-fu_', 'gents_gavadin_pantscoffy_32-1_ind-fu__nahar-fashion', 'Gents Gavadin Pants', 2, NULL, NULL, NULL, NULL, 0, NULL, NULL, NULL, NULL),
(701, 'Gents Gavadin Pants', 'gents-gavadin-pantsbiskit-42-ind-fu-nahar-fashion', 27, '2016-05-30 13:57:48', 1, NULL, NULL, NULL, NULL, 2, NULL, NULL, NULL, NULL, NULL, NULL, NULL, NULL, NULL, NULL, 39, '2016-05-30 17:17:14', 685, 29, 33, '030-20-19-036-000685', 'gents_gavadin_pantsbiskit_42_ind-fu_', 'gents_gavadin_pantsbiskit_42_ind-fu__nahar-fashion', 'Gents Gavadin Pants', 1, NULL, NULL, NULL, NULL, 0, NULL, NULL, NULL, NULL),
(702, 'Gents Jeans Pants', 'gents-jeans-pantsblue-1-30-1-ind-fu-nahar-fashion', 15, '2016-05-30 13:57:50', 1, NULL, NULL, NULL, NULL, 2, NULL, NULL, NULL, NULL, NULL, NULL, NULL, NULL, NULL, NULL, 39, '2016-05-30 17:17:14', 686, 38, 34, '031-08-28-036-000686', 'gents_jeans_pantsblue-1_30-1_ind-fu_', 'gents_jeans_pantsblue-1_30-1_ind-fu__nahar-fashion', 'Gents Jeans Pants', 4, NULL, NULL, NULL, NULL, 0, NULL, NULL, NULL, NULL),
(703, 'Gents Jeans Pants', 'gents-jeans-pantsblue-1-32-1-ind-fu-nahar-fashion', 15, '2016-05-30 13:57:51', 1, NULL, NULL, NULL, NULL, 2, NULL, NULL, NULL, NULL, NULL, NULL, NULL, NULL, NULL, NULL, 39, '2016-05-30 17:17:14', 687, 39, 34, '031-08-29-036-000687', 'gents_jeans_pantsblue-1_32-1_ind-fu_', 'gents_jeans_pantsblue-1_32-1_ind-fu__nahar-fashion', 'Gents Jeans Pants', 6, NULL, NULL, NULL, NULL, 0, NULL, NULL, NULL, NULL),
(704, 'Gents Jeans Pants', 'gents-jeans-pantsblue-1-34-1-ind-fu-nahar-fashion', 15, '2016-05-30 13:57:51', 1, NULL, NULL, NULL, NULL, 2, NULL, NULL, NULL, NULL, NULL, NULL, NULL, NULL, NULL, NULL, 39, '2016-05-30 17:17:14', 688, 41, 34, '031-08-31-036-000688', 'gents_jeans_pantsblue-1_34-1_ind-fu_', 'gents_jeans_pantsblue-1_34-1_ind-fu__nahar-fashion', 'Gents Jeans Pants', 5, NULL, NULL, NULL, NULL, 0, NULL, NULL, NULL, NULL),
(705, 'Gents Jeans Pants', 'gents-jeans-pantsblack-1-38-ind-fu-nahar-fashion', 13, '2016-05-30 13:57:52', 1, NULL, NULL, NULL, NULL, 2, NULL, NULL, NULL, NULL, NULL, NULL, NULL, NULL, NULL, NULL, 39, '2016-05-30 17:17:14', 689, 32, 34, '031-06-22-036-000689', 'gents_jeans_pantsblack-1_38_ind-fu_', 'gents_jeans_pantsblack-1_38_ind-fu__nahar-fashion', 'Gents Jeans Pants', 1, NULL, NULL, NULL, NULL, 0, NULL, NULL, NULL, NULL),
(706, 'Gents Jeans Pants', 'gents-jeans-pantsblack-1-35-ind-fu-nahar-fashion', 13, '2016-05-30 13:57:53', 1, NULL, NULL, NULL, NULL, 2, NULL, NULL, NULL, NULL, NULL, NULL, NULL, NULL, NULL, NULL, 39, '2016-05-30 17:17:14', 690, 47, 34, '031-06-37-036-000690', 'gents_jeans_pantsblack-1_35_ind-fu_', 'gents_jeans_pantsblack-1_35_ind-fu__nahar-fashion', 'Gents Jeans Pants', 1, NULL, NULL, NULL, NULL, 0, NULL, NULL, NULL, NULL),
(707, 'Gents Jeans Pants', 'gents-jeans-pantsblack-1-34-1-ind-fu-nahar-fashion', 13, '2016-05-30 13:57:54', 1, NULL, NULL, NULL, NULL, 2, NULL, NULL, NULL, NULL, NULL, NULL, NULL, NULL, NULL, NULL, 39, '2016-05-30 17:17:14', 691, 41, 34, '031-06-31-036-000691', 'gents_jeans_pantsblack-1_34-1_ind-fu_', 'gents_jeans_pantsblack-1_34-1_ind-fu__nahar-fashion', 'Gents Jeans Pants', 2, NULL, NULL, NULL, NULL, 0, NULL, NULL, NULL, NULL),
(708, 'Gents Jeans Pants', 'gents-jeans-pantsblue-1-36-1-ind-fu-nahar-fashion', 15, '2016-05-30 13:57:54', 1, NULL, NULL, NULL, NULL, 2, NULL, NULL, NULL, NULL, NULL, NULL, NULL, NULL, NULL, NULL, 39, '2016-05-30 17:17:14', 692, 40, 34, '031-08-30-036-000692', 'gents_jeans_pantsblue-1_36-1_ind-fu_', 'gents_jeans_pantsblue-1_36-1_ind-fu__nahar-fashion', 'Gents Jeans Pants', 3, NULL, NULL, NULL, NULL, 0, NULL, NULL, NULL, NULL),
(709, 'Gents Jeans Pants', 'gents-jeans-pantsblue-1-28-ind-fu-nahar-fashion', 15, '2016-05-30 13:57:58', 1, NULL, NULL, NULL, NULL, 2, NULL, NULL, NULL, NULL, NULL, NULL, NULL, NULL, NULL, NULL, 39, '2016-05-30 17:17:14', 693, 42, 34, '031-08-32-036-000693', 'gents_jeans_pantsblue-1_28_ind-fu_', 'gents_jeans_pantsblue-1_28_ind-fu__nahar-fashion', 'Gents Jeans Pants', 4, NULL, NULL, NULL, NULL, 0, NULL, NULL, NULL, NULL),
(710, 'Gents Jeans Pants', 'gents-jeans-pantsblack-1-28-ind-fu-nahar-fashion', 13, '2016-05-30 13:57:59', 1, NULL, NULL, NULL, NULL, 2, NULL, NULL, NULL, NULL, NULL, NULL, NULL, NULL, NULL, NULL, 39, '2016-05-30 17:17:14', 694, 42, 34, '031-06-32-036-000694', 'gents_jeans_pantsblack-1_28_ind-fu_', 'gents_jeans_pantsblack-1_28_ind-fu__nahar-fashion', 'Gents Jeans Pants', 1, NULL, NULL, NULL, NULL, 0, NULL, NULL, NULL, NULL),
(711, 'Gents Jeans Pants', 'gents-jeans-pantsblack-1-32-1-ind-fu-nahar-fashion', 13, '2016-05-30 13:58:00', 1, NULL, NULL, NULL, NULL, 2, NULL, NULL, NULL, NULL, NULL, NULL, NULL, NULL, NULL, NULL, 39, '2016-05-30 17:17:14', 695, 39, 34, '031-06-29-036-000695', 'gents_jeans_pantsblack-1_32-1_ind-fu_', 'gents_jeans_pantsblack-1_32-1_ind-fu__nahar-fashion', 'Gents Jeans Pants', 1, NULL, NULL, NULL, NULL, 0, NULL, NULL, NULL, NULL),
(712, 'Gents Jeans Pants', 'gents-jeans-pantsblack-1-36-1-ind-fu-nahar-fashion', 13, '2016-05-30 13:58:01', 1, NULL, NULL, NULL, NULL, 2, NULL, NULL, NULL, NULL, NULL, NULL, NULL, NULL, NULL, NULL, 39, '2016-05-30 17:17:14', 696, 40, 34, '031-06-30-036-000696', 'gents_jeans_pantsblack-1_36-1_ind-fu_', 'gents_jeans_pantsblack-1_36-1_ind-fu__nahar-fashion', 'Gents Jeans Pants', 1, NULL, NULL, NULL, NULL, 0, NULL, NULL, NULL, NULL),
(713, 'Gents Jeans Pants', 'gents-jeans-pantsblack-1-30-1-ind-fu-nahar-fashion', 13, '2016-05-30 13:58:01', 1, NULL, NULL, NULL, NULL, 2, NULL, NULL, NULL, NULL, NULL, NULL, NULL, NULL, NULL, NULL, 39, '2016-05-30 17:17:14', 697, 38, 34, '031-06-28-036-000697', 'gents_jeans_pantsblack-1_30-1_ind-fu_', 'gents_jeans_pantsblack-1_30-1_ind-fu__nahar-fashion', 'Gents Jeans Pants', 1, NULL, NULL, NULL, NULL, 0, NULL, NULL, NULL, NULL),
(714, 'Ladies Palazzo', 'ladies-palazzoblue-1-f-fn-nahar-fashion', 15, '2016-05-30 13:58:02', 1, NULL, NULL, NULL, NULL, 2, NULL, NULL, NULL, NULL, NULL, NULL, NULL, NULL, NULL, NULL, 40, '2016-05-30 17:17:14', 698, 24, 32, '029-08-14-037-000698', 'ladies_palazzoblue-1_f_fn_', 'ladies_palazzoblue-1_f_fn__nahar-fashion', 'Ladies Palazzo', 5, NULL, NULL, NULL, NULL, 0, NULL, NULL, NULL, NULL),
(715, 'Ladies Palazzo', 'ladies-palazzoolive-f-fn-nahar-fashion', 31, '2016-05-30 13:58:04', 1, NULL, NULL, NULL, NULL, 2, NULL, NULL, NULL, NULL, NULL, NULL, NULL, NULL, NULL, NULL, 40, '2016-05-30 17:17:14', 699, 24, 32, '029-24-14-037-000699', 'ladies_palazzoolive_f_fn_', 'ladies_palazzoolive_f_fn__nahar-fashion', 'Ladies Palazzo', 1, NULL, NULL, NULL, NULL, 0, NULL, NULL, NULL, NULL),
(716, 'Ladies Palazzo', 'ladies-palazzogreen-f-fn-nahar-fashion', 17, '2016-05-30 13:58:05', 1, NULL, NULL, NULL, NULL, 2, NULL, NULL, NULL, NULL, NULL, NULL, NULL, NULL, NULL, NULL, 40, '2016-05-30 17:17:14', 700, 24, 32, '029-10-14-037-000700', 'ladies_palazzogreen_f_fn_', 'ladies_palazzogreen_f_fn__nahar-fashion', 'Ladies Palazzo', 3, NULL, NULL, NULL, NULL, 0, NULL, NULL, NULL, NULL),
(717, 'Ladies Palazzo', 'ladies-palazzoyellow-f-fn-nahar-fashion', 16, '2016-05-30 13:58:05', 1, NULL, NULL, NULL, NULL, 2, NULL, NULL, NULL, NULL, NULL, NULL, NULL, NULL, NULL, NULL, 40, '2016-05-30 17:17:14', 701, 24, 32, '029-09-14-037-000701', 'ladies_palazzoyellow_f_fn_', 'ladies_palazzoyellow_f_fn__nahar-fashion', 'Ladies Palazzo', 2, NULL, NULL, NULL, NULL, 0, NULL, NULL, NULL, NULL),
(718, 'Ladies Palazzo', 'ladies-palazzopink-1-f-fn-nahar-fashion', 9, '2016-05-30 13:58:06', 1, NULL, NULL, NULL, NULL, 2, NULL, NULL, NULL, NULL, NULL, NULL, NULL, NULL, NULL, NULL, 40, '2016-05-30 17:17:14', 702, 24, 32, '029-02-14-037-000702', 'ladies_palazzopink-1_f_fn_', 'ladies_palazzopink-1_f_fn__nahar-fashion', 'Ladies Palazzo', 3, NULL, NULL, NULL, NULL, 0, NULL, NULL, NULL, NULL),
(719, 'Ladies Palazzo', 'ladies-palazzopest-f-fn-nahar-fashion', 30, '2016-05-30 13:58:07', 1, NULL, NULL, NULL, NULL, 2, NULL, NULL, NULL, NULL, NULL, NULL, NULL, NULL, NULL, NULL, 40, '2016-05-30 17:17:14', 703, 24, 32, '029-23-14-037-000703', 'ladies_palazzopest_f_fn_', 'ladies_palazzopest_f_fn__nahar-fashion', 'Ladies Palazzo', 3, NULL, NULL, NULL, NULL, 0, NULL, NULL, NULL, NULL),
(720, 'Ladies Palazzo', 'ladies-palazzomalti-f-fn-nahar-fashion', 35, '2016-05-30 13:58:08', 1, NULL, NULL, NULL, NULL, 2, NULL, NULL, NULL, NULL, NULL, NULL, NULL, NULL, NULL, NULL, 40, '2016-05-30 17:17:14', 704, 24, 32, '029-28-14-037-000704', 'ladies_palazzomalti_f_fn_', 'ladies_palazzomalti_f_fn__nahar-fashion', 'Ladies Palazzo', 4, NULL, NULL, NULL, NULL, 0, NULL, NULL, NULL, NULL),
(721, 'Ladies Tops', 'ladies-topsmixed-l-1-fg-nahar-fashion', 12, '2016-05-30 13:58:10', 1, NULL, NULL, NULL, NULL, 2, NULL, NULL, NULL, NULL, NULL, NULL, NULL, NULL, NULL, NULL, 41, '2016-05-30 17:17:14', 705, 23, 31, '028-05-13-038-000705', 'ladies_topsmixed_l-1_fg_', 'ladies_topsmixed_l-1_fg__nahar-fashion', 'Ladies Tops', 1, NULL, NULL, NULL, NULL, 0, NULL, NULL, NULL, NULL),
(722, 'Ladies Tops', 'ladies-topsmixed-xxl-fg-nahar-fashion', 12, '2016-05-30 13:58:12', 1, NULL, NULL, NULL, NULL, 2, NULL, NULL, NULL, NULL, NULL, NULL, NULL, NULL, NULL, NULL, 41, '2016-05-30 17:17:14', 706, 31, 31, '028-05-21-038-000706', 'ladies_topsmixed_xxl_fg_', 'ladies_topsmixed_xxl_fg__nahar-fashion', 'Ladies Tops', 2, NULL, NULL, NULL, NULL, 0, NULL, NULL, NULL, NULL),
(723, 'Ladies Tops', 'ladies-topsred-1-xxl-fg-nahar-fashion', 11, '2016-05-30 13:58:12', 1, NULL, NULL, NULL, NULL, 2, NULL, NULL, NULL, NULL, NULL, NULL, NULL, NULL, NULL, NULL, 41, '2016-05-30 17:17:14', 707, 31, 31, '028-04-21-038-000707', 'ladies_topsred-1_xxl_fg_', 'ladies_topsred-1_xxl_fg__nahar-fashion', 'Ladies Tops', 1, NULL, NULL, NULL, NULL, 0, NULL, NULL, NULL, NULL),
(724, 'Ladies Tops', 'ladies-topsblack-1-xxl-fg-nahar-fashion', 13, '2016-05-30 13:58:14', 1, NULL, NULL, NULL, NULL, 2, NULL, NULL, NULL, NULL, NULL, NULL, NULL, NULL, NULL, NULL, 41, '2016-05-30 17:17:14', 708, 31, 31, '028-06-21-038-000708', 'ladies_topsblack-1_xxl_fg_', 'ladies_topsblack-1_xxl_fg__nahar-fashion', 'Ladies Tops', 1, NULL, NULL, NULL, NULL, 0, NULL, NULL, NULL, NULL),
(725, 'Ladies Tops', 'ladies-topsmalti-xxl-fg-nahar-fashion', 35, '2016-05-30 13:58:15', 1, NULL, NULL, NULL, NULL, 2, NULL, NULL, NULL, NULL, NULL, NULL, NULL, NULL, NULL, NULL, 41, '2016-05-30 17:17:14', 709, 31, 31, '028-28-21-038-000709', 'ladies_topsmalti_xxl_fg_', 'ladies_topsmalti_xxl_fg__nahar-fashion', 'Ladies Tops', 2, NULL, NULL, NULL, NULL, 0, NULL, NULL, NULL, NULL),
(726, 'Ladies Tops', 'ladies-topsblue-1-f-fg-nahar-fashion', 15, '2016-05-30 13:58:17', 1, NULL, NULL, NULL, NULL, 2, NULL, NULL, NULL, NULL, NULL, NULL, NULL, NULL, NULL, NULL, 41, '2016-05-30 17:17:14', 710, 24, 31, '028-08-14-038-000710', 'ladies_topsblue-1_f_fg_', 'ladies_topsblue-1_f_fg__nahar-fashion', 'Ladies Tops', 1, NULL, NULL, NULL, NULL, 0, NULL, NULL, NULL, NULL),
(727, 'Ladies Tops', 'ladies-topswhite-f-fg-nahar-fashion', 14, '2016-05-30 13:58:18', 1, NULL, NULL, NULL, NULL, 2, NULL, NULL, NULL, NULL, NULL, NULL, NULL, NULL, NULL, NULL, 41, '2016-05-30 17:17:14', 711, 24, 31, '028-07-14-038-000711', 'ladies_topswhite_f_fg_', 'ladies_topswhite_f_fg__nahar-fashion', 'Ladies Tops', 2, NULL, NULL, NULL, NULL, 0, NULL, NULL, NULL, NULL),
(728, 'Ladies Tops', 'ladies-topsyellow-f-fg-nahar-fashion', 16, '2016-05-30 13:58:19', 1, NULL, NULL, NULL, NULL, 2, NULL, NULL, NULL, NULL, NULL, NULL, NULL, NULL, NULL, NULL, 41, '2016-05-30 17:17:14', 712, 24, 31, '028-09-14-038-000712', 'ladies_topsyellow_f_fg_', 'ladies_topsyellow_f_fg__nahar-fashion', 'Ladies Tops', 1, NULL, NULL, NULL, NULL, 0, NULL, NULL, NULL, NULL),
(729, 'Ladies Jeans Pants', 'ladies-jeans-pantsblack-1-38-fn-nahar-fashion', 13, '2016-05-30 13:58:20', 1, NULL, NULL, NULL, NULL, 2, NULL, NULL, NULL, NULL, NULL, NULL, NULL, NULL, NULL, NULL, 40, '2016-05-30 17:17:14', 713, 32, 35, '032-06-22-037-000713', 'ladies_jeans_pantsblack-1_38_fn_', 'ladies_jeans_pantsblack-1_38_fn__nahar-fashion', 'Ladies Jeans Pants', 2, NULL, NULL, NULL, NULL, 0, NULL, NULL, NULL, NULL),
(730, 'Ladies Jeans Pants', 'ladies-jeans-pantsblue-1-30-1-fn-nahar-fashion', 15, '2016-05-30 13:58:22', 1, NULL, NULL, NULL, NULL, 2, NULL, NULL, NULL, NULL, NULL, NULL, NULL, NULL, NULL, NULL, 40, '2016-05-30 17:17:14', 714, 38, 35, '032-08-28-037-000714', 'ladies_jeans_pantsblue-1_30-1_fn_', 'ladies_jeans_pantsblue-1_30-1_fn__nahar-fashion', 'Ladies Jeans Pants', 3, NULL, NULL, NULL, NULL, 0, NULL, NULL, NULL, NULL),
(731, 'Ladies Jeans Pants', 'ladies-jeans-pantsblue-1-40-fn-nahar-fashion', 15, '2016-05-30 13:58:22', 1, NULL, NULL, NULL, NULL, 2, NULL, NULL, NULL, NULL, NULL, NULL, NULL, NULL, NULL, NULL, 40, '2016-05-30 17:17:14', 715, 30, 35, '032-08-20-037-000715', 'ladies_jeans_pantsblue-1_40_fn_', 'ladies_jeans_pantsblue-1_40_fn__nahar-fashion', 'Ladies Jeans Pants', 1, NULL, NULL, NULL, NULL, 0, NULL, NULL, NULL, NULL),
(732, 'Ladies Jeans Pants', 'ladies-jeans-pantsblack-1-28-ss-nahar-fashion', 13, '2016-05-30 13:58:23', 1, NULL, NULL, NULL, NULL, 2, NULL, NULL, NULL, NULL, NULL, NULL, NULL, NULL, NULL, NULL, 36, '2016-05-30 17:17:14', 716, 42, 35, '032-06-32-033-000716', 'ladies_jeans_pantsblack-1_28_ss_', 'ladies_jeans_pantsblack-1_28_ss__nahar-fashion', 'Ladies Jeans Pants', 3, NULL, NULL, NULL, NULL, 0, NULL, NULL, NULL, NULL),
(733, 'Ladies Jeans Pants', 'ladies-jeans-pantsblack-1-27-ss-nahar-fashion', 13, '2016-05-30 13:58:25', 1, NULL, NULL, NULL, NULL, 2, NULL, NULL, NULL, NULL, NULL, NULL, NULL, NULL, NULL, NULL, 36, '2016-05-30 17:17:14', 717, 50, 35, '032-06-40-033-000717', 'ladies_jeans_pantsblack-1_27_ss_', 'ladies_jeans_pantsblack-1_27_ss__nahar-fashion', 'Ladies Jeans Pants', 2, NULL, NULL, NULL, NULL, 0, NULL, NULL, NULL, NULL),
(734, 'Ladies Jeans Pants', 'ladies-jeans-pantsblack-1-32-1-ss-nahar-fashion', 13, '2016-05-30 13:58:26', 1, NULL, NULL, NULL, NULL, 2, NULL, NULL, NULL, NULL, NULL, NULL, NULL, NULL, NULL, NULL, 36, '2016-05-30 17:17:14', 718, 39, 35, '032-06-29-033-000718', 'ladies_jeans_pantsblack-1_32-1_ss_', 'ladies_jeans_pantsblack-1_32-1_ss__nahar-fashion', 'Ladies Jeans Pants', 2, NULL, NULL, NULL, NULL, 0, NULL, NULL, NULL, NULL),
(735, 'Ladies Jeans Pants', 'ladies-jeans-pantsblack-1-25-ss-nahar-fashion', 13, '2016-05-30 13:58:27', 1, NULL, NULL, NULL, NULL, 2, NULL, NULL, NULL, NULL, NULL, NULL, NULL, NULL, NULL, NULL, 36, '2016-05-30 17:17:14', 719, 51, 35, '032-06-41-033-000719', 'ladies_jeans_pantsblack-1_25_ss_', 'ladies_jeans_pantsblack-1_25_ss__nahar-fashion', 'Ladies Jeans Pants', 4, NULL, NULL, NULL, NULL, 0, NULL, NULL, NULL, NULL),
(736, 'Ladies Jeans Pants', 'ladies-jeans-pantsblack-1-26-ss-nahar-fashion', 13, '2016-05-30 13:58:28', 1, NULL, NULL, NULL, NULL, 2, NULL, NULL, NULL, NULL, NULL, NULL, NULL, NULL, NULL, NULL, 36, '2016-05-30 17:17:14', 720, 52, 35, '032-06-42-033-000720', 'ladies_jeans_pantsblack-1_26_ss_', 'ladies_jeans_pantsblack-1_26_ss__nahar-fashion', 'Ladies Jeans Pants', 1, NULL, NULL, NULL, NULL, 0, NULL, NULL, NULL, NULL),
(737, 'Ladies Jeans Pants', 'ladies-jeans-pantsblack-1-29-ss-nahar-fashion', 13, '2016-05-30 13:58:29', 1, NULL, NULL, NULL, NULL, 2, NULL, NULL, NULL, NULL, NULL, NULL, NULL, NULL, NULL, NULL, 36, '2016-05-30 17:17:14', 721, 45, 35, '032-06-35-033-000721', 'ladies_jeans_pantsblack-1_29_ss_', 'ladies_jeans_pantsblack-1_29_ss__nahar-fashion', 'Ladies Jeans Pants', 1, NULL, NULL, NULL, NULL, 0, NULL, NULL, NULL, NULL),
(738, 'Ladies Jeans Pants', 'ladies-jeans-pantsblack-1-30-1-ss-nahar-fashion', 13, '2016-05-30 13:58:30', 1, NULL, NULL, NULL, NULL, 2, NULL, NULL, NULL, NULL, NULL, NULL, NULL, NULL, NULL, NULL, 36, '2016-05-30 17:17:14', 722, 38, 35, '032-06-28-033-000722', 'ladies_jeans_pantsblack-1_30-1_ss_', 'ladies_jeans_pantsblack-1_30-1_ss__nahar-fashion', 'Ladies Jeans Pants', 1, NULL, NULL, NULL, NULL, 0, NULL, NULL, NULL, NULL),
(739, 'Ladies Jeans Pants', 'ladies-jeans-pantsgolden-44-ss-nahar-fashion', 23, '2016-05-30 13:58:31', 1, NULL, NULL, NULL, NULL, 2, NULL, NULL, NULL, NULL, NULL, NULL, NULL, NULL, NULL, NULL, 36, '2016-05-30 17:17:14', 723, 27, 35, '032-16-17-033-000723', 'ladies_jeans_pantsgolden_44_ss_', 'ladies_jeans_pantsgolden_44_ss__nahar-fashion', 'Ladies Jeans Pants', 2, NULL, NULL, NULL, NULL, 0, NULL, NULL, NULL, NULL),
(740, 'Ladies Jeans Pants', 'ladies-jeans-pantssilver-1-36-1-ss-nahar-fashion', 10, '2016-05-30 13:58:32', 1, NULL, NULL, NULL, NULL, 2, NULL, NULL, NULL, NULL, NULL, NULL, NULL, NULL, NULL, NULL, 36, '2016-05-30 17:17:14', 724, 40, 35, '032-03-30-033-000724', 'ladies_jeans_pantssilver-1_36-1_ss_', 'ladies_jeans_pantssilver-1_36-1_ss__nahar-fashion', 'Ladies Jeans Pants', 3, NULL, NULL, NULL, NULL, 0, NULL, NULL, NULL, NULL),
(741, 'Ladies Jeans Pants', 'ladies-jeans-pantssilver-1-44-ss-nahar-fashion', 10, '2016-05-30 13:58:33', 1, NULL, NULL, NULL, NULL, 2, NULL, NULL, NULL, NULL, NULL, NULL, NULL, NULL, NULL, NULL, 36, '2016-05-30 17:17:14', 725, 27, 35, '032-03-17-033-000725', 'ladies_jeans_pantssilver-1_44_ss_', 'ladies_jeans_pantssilver-1_44_ss__nahar-fashion', 'Ladies Jeans Pants', 3, NULL, NULL, NULL, NULL, 0, NULL, NULL, NULL, NULL),
(742, 'Ladies Jeans Pants', 'ladies-jeans-pantssilver-1-42-ss-nahar-fashion', 10, '2016-05-30 13:58:33', 1, NULL, NULL, NULL, NULL, 2, NULL, NULL, NULL, NULL, NULL, NULL, NULL, NULL, NULL, NULL, 36, '2016-05-30 17:17:14', 726, 29, 35, '032-03-19-033-000726', 'ladies_jeans_pantssilver-1_42_ss_', 'ladies_jeans_pantssilver-1_42_ss__nahar-fashion', 'Ladies Jeans Pants', 1, NULL, NULL, NULL, NULL, 0, NULL, NULL, NULL, NULL),
(743, 'Ladies Jeans Pants', 'ladies-jeans-pantssilver-1-46-ss-nahar-fashion', 10, '2016-05-30 13:58:34', 1, NULL, NULL, NULL, NULL, 2, NULL, NULL, NULL, NULL, NULL, NULL, NULL, NULL, NULL, NULL, 36, '2016-05-30 17:17:14', 727, 35, 35, '032-03-25-033-000727', 'ladies_jeans_pantssilver-1_46_ss_', 'ladies_jeans_pantssilver-1_46_ss__nahar-fashion', 'Ladies Jeans Pants', 1, NULL, NULL, NULL, NULL, 0, NULL, NULL, NULL, NULL),
(744, 'Ladies Jagins', 'ladies-jaginsblue-1-f-fg-nahar-fashion', 15, '2016-05-30 13:58:35', 1, NULL, NULL, NULL, NULL, 2, NULL, NULL, NULL, NULL, NULL, NULL, NULL, NULL, NULL, NULL, 41, '2016-05-30 17:17:14', 728, 24, 36, '033-08-14-038-000728', 'ladies_jaginsblue-1_f_fg_', 'ladies_jaginsblue-1_f_fg__nahar-fashion', 'Ladies Jagins', 1, NULL, NULL, NULL, NULL, 0, NULL, NULL, NULL, NULL),
(745, 'Ladies Jagins', 'ladies-jaginsbiskit-f-fg-nahar-fashion', 27, '2016-05-30 13:58:37', 1, NULL, NULL, NULL, NULL, 2, NULL, NULL, NULL, NULL, NULL, NULL, NULL, NULL, NULL, NULL, 41, '2016-05-30 17:17:14', 729, 24, 36, '033-20-14-038-000729', 'ladies_jaginsbiskit_f_fg_', 'ladies_jaginsbiskit_f_fg__nahar-fashion', 'Ladies Jagins', 2, NULL, NULL, NULL, NULL, 0, NULL, NULL, NULL, NULL),
(746, 'Ladies Jagins', 'ladies-jaginspink-1-f-fg-nahar-fashion', 9, '2016-05-30 13:58:39', 1, NULL, NULL, NULL, NULL, 2, NULL, NULL, NULL, NULL, NULL, NULL, NULL, NULL, NULL, NULL, 41, '2016-06-10 15:55:30', 730, 24, 36, '033-02-14-038-000730', 'ladies_jaginspink-1_f_fg_', 'ladies_jaginspink-1_f_fg__nahar-fashion', 'Ladies Jagins', 1, NULL, 1, NULL, NULL, 0, NULL, NULL, NULL, NULL),
(747, 'Ladies Jagins', 'ladies-jaginspurple-1-f-fg-nahar-fashion', 8, '2016-05-30 13:58:39', 1, NULL, NULL, NULL, NULL, 2, NULL, NULL, NULL, NULL, NULL, NULL, NULL, NULL, NULL, NULL, 41, '2016-05-30 17:17:14', 731, 24, 36, '033-01-14-038-000731', 'ladies_jaginspurple-1_f_fg_', 'ladies_jaginspurple-1_f_fg__nahar-fashion', 'Ladies Jagins', 1, NULL, NULL, NULL, NULL, 0, NULL, NULL, NULL, NULL),
(748, 'Ladies Jagins', 'ladies-jaginsorange-1-f-fg-nahar-fashion', 21, '2016-05-30 13:58:40', 1, NULL, NULL, NULL, NULL, 2, NULL, NULL, NULL, NULL, NULL, NULL, NULL, NULL, NULL, NULL, 41, '2016-05-30 17:17:14', 732, 24, 36, '033-14-14-038-000732', 'ladies_jaginsorange-1_f_fg_', 'ladies_jaginsorange-1_f_fg__nahar-fashion', 'Ladies Jagins', 1, NULL, NULL, NULL, NULL, 0, NULL, NULL, NULL, NULL),
(749, 'Ladies Jagins', 'ladies-jaginssilver-1-f-fg-nahar-fashion', 10, '2016-05-30 13:58:41', 1, NULL, NULL, NULL, NULL, 2, NULL, NULL, NULL, NULL, NULL, NULL, NULL, NULL, NULL, NULL, 41, '2016-05-30 17:17:14', 733, 24, 36, '033-03-14-038-000733', 'ladies_jaginssilver-1_f_fg_', 'ladies_jaginssilver-1_f_fg__nahar-fashion', 'Ladies Jagins', 1, NULL, NULL, NULL, NULL, 0, NULL, NULL, NULL, NULL),
(750, 'Ladies Jagins', 'ladies-jaginsbrown-f-fg-nahar-fashion', 20, '2016-05-30 13:58:42', 1, NULL, NULL, NULL, NULL, 2, NULL, NULL, NULL, NULL, NULL, NULL, NULL, NULL, NULL, NULL, 41, '2016-05-30 17:17:14', 734, 24, 36, '033-13-14-038-000734', 'ladies_jaginsbrown_f_fg_', 'ladies_jaginsbrown_f_fg__nahar-fashion', 'Ladies Jagins', 2, NULL, NULL, NULL, NULL, 0, NULL, NULL, NULL, NULL),
(751, 'Ladies Jagins', 'ladies-jaginsred-1-f-fg-nahar-fashion', 11, '2016-05-30 13:58:43', 1, NULL, NULL, NULL, NULL, 2, NULL, NULL, NULL, NULL, NULL, NULL, NULL, NULL, NULL, NULL, 41, '2016-05-30 17:17:14', 735, 24, 36, '033-04-14-038-000735', 'ladies_jaginsred-1_f_fg_', 'ladies_jaginsred-1_f_fg__nahar-fashion', 'Ladies Jagins', 2, NULL, NULL, NULL, NULL, 0, NULL, NULL, NULL, NULL),
(752, 'Ladies Jagins', 'ladies-jaginspest-f-fg-nahar-fashion', 30, '2016-05-30 13:58:44', 1, NULL, NULL, NULL, NULL, 2, NULL, NULL, NULL, NULL, NULL, NULL, NULL, NULL, NULL, NULL, 41, '2016-05-30 17:17:14', 736, 24, 36, '033-23-14-038-000736', 'ladies_jaginspest_f_fg_', 'ladies_jaginspest_f_fg__nahar-fashion', 'Ladies Jagins', 1, NULL, NULL, NULL, NULL, 0, NULL, NULL, NULL, NULL),
(753, 'Ladies Three Quater', 'ladies-three-quatersilver-1-36-1-ss-nahar-fashion', 10, '2016-05-30 13:58:45', 1, NULL, NULL, NULL, NULL, 2, NULL, NULL, NULL, NULL, NULL, NULL, NULL, NULL, NULL, NULL, 36, '2016-05-30 17:17:14', 737, 40, 37, '034-03-30-033-000737', 'ladies_three_quatersilver-1_36-1_ss_', 'ladies_three_quatersilver-1_36-1_ss__nahar-fashion', 'Ladies Three Quater', 1, NULL, NULL, NULL, NULL, 0, NULL, NULL, NULL, NULL),
(754, 'Ladies Three Quater', 'ladies-three-quaterblack-1-38-ss-nahar-fashion', 13, '2016-05-30 13:58:46', 1, NULL, NULL, NULL, NULL, 2, NULL, NULL, NULL, NULL, NULL, NULL, NULL, NULL, NULL, NULL, 36, '2016-05-30 17:17:14', 738, 32, 37, '034-06-22-033-000738', 'ladies_three_quaterblack-1_38_ss_', 'ladies_three_quaterblack-1_38_ss__nahar-fashion', 'Ladies Three Quater', 1, NULL, NULL, NULL, NULL, 0, NULL, NULL, NULL, NULL),
(755, 'Ladies Three Quater', 'ladies-three-quaterblack-1-36-1-ss-nahar-fashion', 13, '2016-05-30 13:58:48', 1, NULL, NULL, NULL, NULL, 2, NULL, NULL, NULL, NULL, NULL, NULL, NULL, NULL, NULL, NULL, 36, '2016-05-30 17:17:14', 739, 40, 37, '034-06-30-033-000739', 'ladies_three_quaterblack-1_36-1_ss_', 'ladies_three_quaterblack-1_36-1_ss__nahar-fashion', 'Ladies Three Quater', 2, NULL, NULL, NULL, NULL, 0, NULL, NULL, NULL, NULL),
(756, 'Ladies Ties', 'ladies-tiesbrown-f-ss-nahar-fashion', 20, '2016-05-30 13:58:49', 1, NULL, NULL, NULL, NULL, 2, NULL, NULL, NULL, NULL, NULL, NULL, NULL, NULL, NULL, NULL, 36, '2016-05-30 17:17:14', 740, 24, 38, '035-13-14-033-000740', 'ladies_tiesbrown_f_ss_', 'ladies_tiesbrown_f_ss__nahar-fashion', 'Ladies Ties', 1, NULL, NULL, NULL, NULL, 0, NULL, NULL, NULL, NULL),
(757, 'Ladies Ties', 'ladies-tiesblue-1-f-ss-nahar-fashion', 15, '2016-05-30 13:58:50', 1, NULL, NULL, NULL, NULL, 2, NULL, NULL, NULL, NULL, NULL, NULL, NULL, NULL, NULL, NULL, 36, '2016-05-30 17:17:14', 741, 24, 38, '035-08-14-033-000741', 'ladies_tiesblue-1_f_ss_', 'ladies_tiesblue-1_f_ss__nahar-fashion', 'Ladies Ties', 4, NULL, NULL, NULL, NULL, 0, NULL, NULL, NULL, NULL),
(758, 'Ladies Ties', 'ladies-tiesblack-1-f-ss-nahar-fashion', 13, '2016-05-30 13:58:51', 1, NULL, NULL, NULL, NULL, 2, NULL, NULL, NULL, NULL, NULL, NULL, NULL, NULL, NULL, NULL, 36, '2016-05-30 17:17:14', 742, 24, 38, '035-06-14-033-000742', 'ladies_tiesblack-1_f_ss_', 'ladies_tiesblack-1_f_ss__nahar-fashion', 'Ladies Ties', 10, NULL, NULL, NULL, NULL, 0, NULL, NULL, NULL, NULL),
(759, 'Ladies Ties', 'ladies-tiescoffy-f-ss-nahar-fashion', 18, '2016-05-30 13:58:52', 1, NULL, NULL, NULL, NULL, 2, NULL, NULL, NULL, NULL, NULL, NULL, NULL, NULL, NULL, NULL, 36, '2016-05-30 17:17:14', 743, 24, 38, '035-11-14-033-000743', 'ladies_tiescoffy_f_ss_', 'ladies_tiescoffy_f_ss__nahar-fashion', 'Ladies Ties', 1, NULL, NULL, NULL, NULL, 0, NULL, NULL, NULL, NULL),
(760, 'Ladies Ties', 'ladies-tiespest-f-ss-nahar-fashion', 30, '2016-05-30 13:58:53', 1, NULL, NULL, NULL, NULL, 2, NULL, NULL, NULL, NULL, NULL, NULL, NULL, NULL, NULL, NULL, 36, '2016-05-30 17:17:14', 744, 24, 38, '035-23-14-033-000744', 'ladies_tiespest_f_ss_', 'ladies_tiespest_f_ss__nahar-fashion', 'Ladies Ties', 3, NULL, NULL, NULL, NULL, 0, NULL, NULL, NULL, NULL),
(761, 'Ladies Ties', 'ladies-tiessilver-1-f-ss-nahar-fashion', 10, '2016-05-30 13:58:54', 1, NULL, NULL, NULL, NULL, 2, NULL, NULL, NULL, NULL, NULL, NULL, NULL, NULL, NULL, NULL, 36, '2016-05-30 17:17:14', 745, 24, 38, '035-03-14-033-000745', 'ladies_tiessilver-1_f_ss_', 'ladies_tiessilver-1_f_ss__nahar-fashion', 'Ladies Ties', 9, NULL, NULL, NULL, NULL, 0, NULL, NULL, NULL, NULL),
(762, 'Ladies Ties', 'ladies-tieswhite-f-ss-nahar-fashion', 14, '2016-05-30 13:58:55', 1, NULL, NULL, NULL, NULL, 2, NULL, NULL, NULL, NULL, NULL, NULL, NULL, NULL, NULL, NULL, 36, '2016-05-30 17:17:14', 746, 24, 38, '035-07-14-033-000746', 'ladies_tieswhite_f_ss_', 'ladies_tieswhite_f_ss__nahar-fashion', 'Ladies Ties', 1, NULL, NULL, NULL, NULL, 0, NULL, NULL, NULL, NULL);
INSERT INTO `Item` (`id`, `name`, `slug`, `color_id`, `created`, `status`, `itemUnit`, `minQnt`, `maxQnt`, `remainingQnt`, `inventoryConfig_id`, `barcode`, `purchasePrice`, `purchaseAvgPrice`, `salesPrice`, `webPrice`, `quantity`, `country_id`, `brand_id`, `path`, `content`, `vendor_id`, `updated`, `code`, `size_id`, `masterItem_id`, `sku`, `skuSlug`, `skuWebSlug`, `webName`, `purchaseQuantity`, `purchaseQuantityReturn`, `salesQuantity`, `salesQuantityReturn`, `purchaseQuantityReplace`, `isWeb`, `ageGroup`, `gender`, `material`, `damageQuantity`) VALUES
(763, 'Ladies Ties', 'ladies-tiesbiskit-f-epz-nahar-fashion', 27, '2016-05-30 13:58:56', 1, NULL, NULL, NULL, NULL, 2, NULL, NULL, NULL, NULL, NULL, NULL, NULL, NULL, NULL, NULL, 42, '2016-05-30 17:17:14', 747, 24, 38, '035-20-14-039-000747', 'ladies_tiesbiskit_f_epz_', 'ladies_tiesbiskit_f_epz__nahar-fashion', 'Ladies Ties', 1, NULL, NULL, NULL, NULL, 0, NULL, NULL, NULL, NULL),
(764, 'Ladies Ties', 'ladies-tiesblack-1-f-epz-nahar-fashion', 13, '2016-05-30 13:58:58', 1, NULL, NULL, NULL, NULL, 2, NULL, NULL, NULL, NULL, NULL, NULL, NULL, NULL, NULL, NULL, 42, '2016-05-30 17:17:14', 748, 24, 38, '035-06-14-039-000748', 'ladies_tiesblack-1_f_epz_', 'ladies_tiesblack-1_f_epz__nahar-fashion', 'Ladies Ties', 4, NULL, NULL, NULL, NULL, 0, NULL, NULL, NULL, NULL),
(765, 'Ladies Ties', 'ladies-tieswhite-f-epz-nahar-fashion', 14, '2016-05-30 13:58:58', 1, NULL, NULL, NULL, NULL, 2, NULL, NULL, NULL, NULL, NULL, NULL, NULL, NULL, NULL, NULL, 42, '2016-05-30 17:17:14', 749, 24, 38, '035-07-14-039-000749', 'ladies_tieswhite_f_epz_', 'ladies_tieswhite_f_epz__nahar-fashion', 'Ladies Ties', 5, NULL, NULL, NULL, NULL, 0, NULL, NULL, NULL, NULL),
(766, 'Ladies Ties', 'ladies-tiesred-1-f-epz-nahar-fashion', 11, '2016-05-30 13:58:59', 1, NULL, NULL, NULL, NULL, 2, NULL, NULL, NULL, NULL, NULL, NULL, NULL, NULL, NULL, NULL, 42, '2016-05-30 17:17:14', 750, 24, 38, '035-04-14-039-000750', 'ladies_tiesred-1_f_epz_', 'ladies_tiesred-1_f_epz__nahar-fashion', 'Ladies Ties', 4, NULL, NULL, NULL, NULL, 0, NULL, NULL, NULL, NULL),
(767, 'Ladies Ties', 'ladies-tiespink-1-f-epz-nahar-fashion', 9, '2016-05-30 13:59:00', 1, NULL, NULL, NULL, NULL, 2, NULL, NULL, NULL, NULL, NULL, NULL, NULL, NULL, NULL, NULL, 42, '2016-05-30 17:17:14', 751, 24, 38, '035-02-14-039-000751', 'ladies_tiespink-1_f_epz_', 'ladies_tiespink-1_f_epz__nahar-fashion', 'Ladies Ties', 2, NULL, NULL, NULL, NULL, 0, NULL, NULL, NULL, NULL),
(768, 'Ladies Ties', 'ladies-tiespurple-1-f-epz-nahar-fashion', 8, '2016-05-30 13:59:01', 1, NULL, NULL, NULL, NULL, 2, NULL, NULL, NULL, NULL, NULL, NULL, NULL, NULL, NULL, NULL, 42, '2016-05-30 17:17:14', 752, 24, 38, '035-01-14-039-000752', 'ladies_tiespurple-1_f_epz_', 'ladies_tiespurple-1_f_epz__nahar-fashion', 'Ladies Ties', 4, NULL, NULL, NULL, NULL, 0, NULL, NULL, NULL, NULL),
(769, 'Ladies Ties', 'ladies-tiesblue-1-f-epz-nahar-fashion', 15, '2016-05-30 13:59:02', 1, NULL, NULL, NULL, NULL, 2, NULL, NULL, NULL, NULL, NULL, NULL, NULL, NULL, NULL, NULL, 42, '2016-05-30 17:17:14', 753, 24, 38, '035-08-14-039-000753', 'ladies_tiesblue-1_f_epz_', 'ladies_tiesblue-1_f_epz__nahar-fashion', 'Ladies Ties', 2, NULL, NULL, NULL, NULL, 0, NULL, NULL, NULL, NULL),
(770, 'Ladies Ties', 'ladies-tiespest-f-epz-nahar-fashion', 30, '2016-05-30 13:59:03', 1, NULL, NULL, NULL, NULL, 2, NULL, NULL, NULL, NULL, NULL, NULL, NULL, NULL, NULL, NULL, 42, '2016-05-30 17:17:14', 754, 24, 38, '035-23-14-039-000754', 'ladies_tiespest_f_epz_', 'ladies_tiespest_f_epz__nahar-fashion', 'Ladies Ties', 3, NULL, NULL, NULL, NULL, 0, NULL, NULL, NULL, NULL),
(771, 'Ladies Ties', 'ladies-tiessilver-1-f-epz-nahar-fashion', 10, '2016-05-30 13:59:04', 1, NULL, NULL, NULL, NULL, 2, NULL, NULL, NULL, NULL, NULL, NULL, NULL, NULL, NULL, NULL, 42, '2016-05-30 17:17:14', 755, 24, 38, '035-03-14-039-000755', 'ladies_tiessilver-1_f_epz_', 'ladies_tiessilver-1_f_epz__nahar-fashion', 'Ladies Ties', 1, NULL, NULL, NULL, NULL, 0, NULL, NULL, NULL, NULL),
(772, 'Babies Tshirt ', 'babies-tshirtpink-1-f-ss-nahar-fashion', 9, '2016-05-30 13:59:05', 1, NULL, NULL, NULL, NULL, 2, NULL, NULL, NULL, NULL, NULL, NULL, NULL, NULL, NULL, NULL, 36, '2016-05-30 17:17:14', 756, 24, 39, '036-02-14-033-000756', 'babies_tshirtpink-1_f_ss_', 'babies_tshirtpink-1_f_ss__nahar-fashion', 'Babies Tshirt ', 2, NULL, NULL, NULL, NULL, 0, NULL, NULL, NULL, NULL),
(773, 'Babies Tshirt ', 'babies-tshirtpurple-1-f-ss-nahar-fashion', 8, '2016-05-30 13:59:06', 1, NULL, NULL, NULL, NULL, 2, NULL, NULL, NULL, NULL, NULL, NULL, NULL, NULL, NULL, NULL, 36, '2016-05-30 17:17:14', 757, 24, 39, '036-01-14-033-000757', 'babies_tshirtpurple-1_f_ss_', 'babies_tshirtpurple-1_f_ss__nahar-fashion', 'Babies Tshirt ', 1, NULL, NULL, NULL, NULL, 0, NULL, NULL, NULL, NULL),
(774, 'Babies Tshirt ', 'babies-tshirtsilver-1-f-ss-nahar-fashion', 10, '2016-05-30 13:59:07', 1, NULL, NULL, NULL, NULL, 2, NULL, NULL, NULL, NULL, NULL, NULL, NULL, NULL, NULL, NULL, 36, '2016-05-30 17:17:14', 758, 24, 39, '036-03-14-033-000758', 'babies_tshirtsilver-1_f_ss_', 'babies_tshirtsilver-1_f_ss__nahar-fashion', 'Babies Tshirt ', 4, NULL, NULL, NULL, NULL, 0, NULL, NULL, NULL, NULL),
(775, 'Babies Tshirt ', 'babies-tshirtwhite-f-ss-nahar-fashion', 14, '2016-05-30 13:59:08', 1, NULL, NULL, NULL, NULL, 2, NULL, NULL, NULL, NULL, NULL, NULL, NULL, NULL, NULL, NULL, 36, '2016-05-30 17:17:14', 759, 24, 39, '036-07-14-033-000759', 'babies_tshirtwhite_f_ss_', 'babies_tshirtwhite_f_ss__nahar-fashion', 'Babies Tshirt ', 3, NULL, NULL, NULL, NULL, 0, NULL, NULL, NULL, NULL),
(776, 'Babies Tshirt ', 'babies-tshirtsilver-1-xl-1-ss-nahar-fashion', 10, '2016-05-30 13:59:09', 1, NULL, NULL, NULL, NULL, 2, NULL, NULL, NULL, NULL, NULL, NULL, NULL, NULL, NULL, NULL, 36, '2016-05-30 17:17:14', 760, 22, 39, '036-03-12-033-000760', 'babies_tshirtsilver-1_xl-1_ss_', 'babies_tshirtsilver-1_xl-1_ss__nahar-fashion', 'Babies Tshirt ', 1, NULL, NULL, NULL, NULL, 0, NULL, NULL, NULL, NULL),
(777, 'Ladies Ties', 'ladies-tiesmisti-f-ct-nahar-fashion', 33, '2016-05-30 13:59:10', 1, NULL, NULL, NULL, NULL, 2, NULL, NULL, NULL, NULL, NULL, NULL, NULL, NULL, NULL, NULL, 28, '2016-05-30 17:17:14', 761, 24, 38, '035-26-14-025-000761', 'ladies_tiesmisti_f_ct_', 'ladies_tiesmisti_f_ct__nahar-fashion', 'Ladies Ties', 1, NULL, NULL, NULL, NULL, 0, NULL, NULL, NULL, NULL),
(778, 'Ladies Ties', 'ladies-tiesblue-1-f-ct-nahar-fashion', 15, '2016-05-30 13:59:11', 1, NULL, NULL, NULL, NULL, 2, NULL, NULL, NULL, NULL, NULL, NULL, NULL, NULL, NULL, NULL, 28, '2016-05-30 17:17:14', 762, 24, 38, '035-08-14-025-000762', 'ladies_tiesblue-1_f_ct_', 'ladies_tiesblue-1_f_ct__nahar-fashion', 'Ladies Ties', 2, NULL, NULL, NULL, NULL, 0, NULL, NULL, NULL, NULL),
(779, 'Ladies Ties', 'ladies-tiessilver-1-f-ct-nahar-fashion', 10, '2016-05-30 13:59:12', 1, NULL, NULL, NULL, NULL, 2, NULL, NULL, NULL, NULL, NULL, NULL, NULL, NULL, NULL, NULL, 28, '2016-05-30 17:17:14', 763, 24, 38, '035-03-14-025-000763', 'ladies_tiessilver-1_f_ct_', 'ladies_tiessilver-1_f_ct__nahar-fashion', 'Ladies Ties', 1, NULL, NULL, NULL, NULL, 0, NULL, NULL, NULL, NULL),
(780, 'Gents Panjabi', 'gents-panjabimerun-m-2-ind-in-nahar-fashion', 25, '2016-05-30 13:59:14', 1, NULL, NULL, NULL, NULL, 2, NULL, NULL, NULL, NULL, NULL, NULL, NULL, NULL, NULL, NULL, 43, '2016-05-30 17:17:14', 764, 21, 40, '037-18-11-040-000764', 'gents_panjabimerun_m-2_ind-in_', 'gents_panjabimerun_m-2_ind-in__nahar-fashion', 'Gents Panjabi', 1, NULL, NULL, NULL, NULL, 0, NULL, NULL, NULL, NULL),
(781, 'Gents Panjabi', 'gents-panjabimerun-xl-1-ind-in-nahar-fashion', 25, '2016-05-30 13:59:16', 1, NULL, NULL, NULL, NULL, 2, NULL, NULL, NULL, NULL, NULL, NULL, NULL, NULL, NULL, NULL, 43, '2016-05-30 17:17:14', 765, 22, 40, '037-18-12-040-000765', 'gents_panjabimerun_xl-1_ind-in_', 'gents_panjabimerun_xl-1_ind-in__nahar-fashion', 'Gents Panjabi', 1, NULL, NULL, NULL, NULL, 0, NULL, NULL, NULL, NULL),
(782, 'Gents Panjabi', 'gents-panjabimerun-l-1-ind-in-nahar-fashion', 25, '2016-05-30 13:59:17', 1, NULL, NULL, NULL, NULL, 2, NULL, NULL, NULL, NULL, NULL, NULL, NULL, NULL, NULL, NULL, 43, '2016-06-01 06:55:55', 766, 23, 40, '037-18-13-040-000766', 'gents_panjabimerun_l-1_ind-in_', 'gents_panjabimerun_l-1_ind-in__nahar-fashion', 'Gents Panjabi', 1, NULL, 1, NULL, NULL, 0, NULL, NULL, NULL, NULL),
(783, 'Gents Panjabi', 'gents-panjabigolden-xl-1-ind-in-nahar-fashion', 23, '2016-05-30 13:59:18', 1, NULL, NULL, NULL, NULL, 2, NULL, NULL, NULL, NULL, NULL, NULL, NULL, NULL, NULL, NULL, 43, '2016-05-30 17:17:14', 767, 22, 40, '037-16-12-040-000767', 'gents_panjabigolden_xl-1_ind-in_', 'gents_panjabigolden_xl-1_ind-in__nahar-fashion', 'Gents Panjabi', 1, NULL, NULL, NULL, NULL, 0, NULL, NULL, NULL, NULL),
(784, 'Gents Panjabi', 'gents-panjabigolden-l-1-ind-in-nahar-fashion', 23, '2016-05-30 13:59:20', 1, NULL, NULL, NULL, NULL, 2, NULL, NULL, NULL, NULL, NULL, NULL, NULL, NULL, NULL, NULL, 43, '2016-05-30 17:17:14', 768, 23, 40, '037-16-13-040-000768', 'gents_panjabigolden_l-1_ind-in_', 'gents_panjabigolden_l-1_ind-in__nahar-fashion', 'Gents Panjabi', 1, NULL, NULL, NULL, NULL, 0, NULL, NULL, NULL, NULL),
(785, 'Gents Panjabi', 'gents-panjabigolden-m-2-ind-in-nahar-fashion', 23, '2016-05-30 13:59:21', 1, NULL, NULL, NULL, NULL, 2, NULL, NULL, NULL, NULL, NULL, NULL, NULL, NULL, NULL, NULL, 43, '2016-05-30 17:17:14', 769, 21, 40, '037-16-11-040-000769', 'gents_panjabigolden_m-2_ind-in_', 'gents_panjabigolden_m-2_ind-in__nahar-fashion', 'Gents Panjabi', 1, NULL, NULL, NULL, NULL, 0, NULL, NULL, NULL, NULL),
(786, 'Gents Panjabi', 'gents-panjabiyellow-m-2-ind-in-nahar-fashion', 16, '2016-05-30 13:59:22', 1, NULL, NULL, NULL, NULL, 2, NULL, NULL, NULL, NULL, NULL, NULL, NULL, NULL, NULL, NULL, 43, '2016-06-09 23:49:45', 770, 21, 40, '037-09-11-040-000770', 'gents_panjabiyellow_m-2_ind-in_', 'gents_panjabiyellow_m-2_ind-in__nahar-fashion', 'Gents Panjabi', 1, NULL, 1, NULL, NULL, 0, NULL, NULL, NULL, 2),
(787, 'Gents Panjabi', 'gents-panjabiyellow-l-1-ind-in-nahar-fashion', 16, '2016-05-30 13:59:23', 1, NULL, NULL, NULL, NULL, 2, NULL, NULL, NULL, NULL, NULL, NULL, NULL, NULL, NULL, NULL, 43, '2016-05-30 17:17:14', 771, 23, 40, '037-09-13-040-000771', 'gents_panjabiyellow_l-1_ind-in_', 'gents_panjabiyellow_l-1_ind-in__nahar-fashion', 'Gents Panjabi', 1, NULL, NULL, NULL, NULL, 0, NULL, NULL, NULL, NULL),
(788, 'Gents Panjabi', 'gents-panjabiyellow-xl-1-ind-in-nahar-fashion', 16, '2016-05-30 13:59:24', 1, NULL, NULL, NULL, NULL, 2, NULL, NULL, NULL, NULL, NULL, NULL, NULL, NULL, NULL, NULL, 43, '2016-05-30 17:17:14', 772, 22, 40, '037-09-12-040-000772', 'gents_panjabiyellow_xl-1_ind-in_', 'gents_panjabiyellow_xl-1_ind-in__nahar-fashion', 'Gents Panjabi', 1, NULL, NULL, NULL, NULL, 0, NULL, NULL, NULL, NULL),
(789, 'Gents Panjabi', 'gents-panjabicoffy-xl-1-ind-in-nahar-fashion', 18, '2016-05-30 13:59:25', 1, NULL, NULL, NULL, NULL, 2, NULL, NULL, NULL, NULL, NULL, NULL, NULL, NULL, NULL, NULL, 43, '2016-05-30 17:17:14', 773, 22, 40, '037-11-12-040-000773', 'gents_panjabicoffy_xl-1_ind-in_', 'gents_panjabicoffy_xl-1_ind-in__nahar-fashion', 'Gents Panjabi', 1, NULL, NULL, NULL, NULL, 0, NULL, NULL, NULL, NULL),
(790, 'Gents Panjabi', 'gents-panjabiblue-1-m-2-ind-in-nahar-fashion', 15, '2016-05-30 13:59:27', 1, NULL, NULL, NULL, NULL, 2, NULL, NULL, NULL, NULL, NULL, NULL, NULL, NULL, NULL, NULL, 43, '2016-05-30 17:17:14', 774, 21, 40, '037-08-11-040-000774', 'gents_panjabiblue-1_m-2_ind-in_', 'gents_panjabiblue-1_m-2_ind-in__nahar-fashion', 'Gents Panjabi', 1, NULL, NULL, NULL, NULL, 0, NULL, NULL, NULL, NULL),
(791, 'Gents Panjabi', 'gents-panjabiblue-1-xl-1-ind-in-nahar-fashion', 15, '2016-05-30 13:59:27', 1, NULL, NULL, NULL, NULL, 2, NULL, NULL, NULL, NULL, NULL, NULL, NULL, NULL, NULL, NULL, 43, '2016-05-30 17:17:14', 775, 22, 40, '037-08-12-040-000775', 'gents_panjabiblue-1_xl-1_ind-in_', 'gents_panjabiblue-1_xl-1_ind-in__nahar-fashion', 'Gents Panjabi', 1, NULL, NULL, NULL, NULL, 0, NULL, NULL, NULL, NULL),
(792, 'Gents Panjabi', 'gents-panjabicoffy-l-1-ind-in-nahar-fashion', 18, '2016-05-30 13:59:28', 1, NULL, NULL, NULL, NULL, 2, NULL, NULL, NULL, NULL, NULL, NULL, NULL, NULL, NULL, NULL, 43, '2016-05-30 17:17:14', 776, 23, 40, '037-11-13-040-000776', 'gents_panjabicoffy_l-1_ind-in_', 'gents_panjabicoffy_l-1_ind-in__nahar-fashion', 'Gents Panjabi', 1, NULL, NULL, NULL, NULL, 0, NULL, NULL, NULL, NULL),
(793, 'Gents Panjabi', 'gents-panjabicoffy-m-2-ind-in-nahar-fashion', 18, '2016-05-30 13:59:29', 1, NULL, NULL, NULL, NULL, 2, NULL, NULL, NULL, NULL, NULL, NULL, NULL, NULL, NULL, NULL, 43, '2016-05-30 17:17:14', 777, 21, 40, '037-11-11-040-000777', 'gents_panjabicoffy_m-2_ind-in_', 'gents_panjabicoffy_m-2_ind-in__nahar-fashion', 'Gents Panjabi', 1, NULL, NULL, NULL, NULL, 0, NULL, NULL, NULL, NULL),
(794, 'Gents Panjabi', 'gents-panjabired-1-m-2-ind-in-nahar-fashion', 11, '2016-05-30 13:59:30', 1, NULL, NULL, NULL, NULL, 2, NULL, NULL, NULL, NULL, NULL, NULL, NULL, NULL, NULL, NULL, 43, '2016-05-30 17:17:14', 778, 21, 40, '037-04-11-040-000778', 'gents_panjabired-1_m-2_ind-in_', 'gents_panjabired-1_m-2_ind-in__nahar-fashion', 'Gents Panjabi', 1, NULL, NULL, NULL, NULL, 0, NULL, NULL, NULL, NULL),
(795, 'Gents Panjabi', 'gents-panjabired-1-l-1-ind-in-nahar-fashion', 11, '2016-05-30 13:59:32', 1, NULL, NULL, NULL, NULL, 2, NULL, NULL, NULL, NULL, NULL, NULL, NULL, NULL, NULL, NULL, 43, '2016-05-30 17:17:14', 779, 23, 40, '037-04-13-040-000779', 'gents_panjabired-1_l-1_ind-in_', 'gents_panjabired-1_l-1_ind-in__nahar-fashion', 'Gents Panjabi', 1, NULL, NULL, NULL, NULL, 0, NULL, NULL, NULL, NULL),
(796, 'Gents Panjabi', 'gents-panjabired-1-xl-1-ind-in-nahar-fashion', 11, '2016-05-30 13:59:33', 1, NULL, NULL, NULL, NULL, 2, NULL, NULL, NULL, NULL, NULL, NULL, NULL, NULL, NULL, NULL, 43, '2016-05-30 17:17:14', 780, 22, 40, '037-04-12-040-000780', 'gents_panjabired-1_xl-1_ind-in_', 'gents_panjabired-1_xl-1_ind-in__nahar-fashion', 'Gents Panjabi', 1, NULL, NULL, NULL, NULL, 0, NULL, NULL, NULL, NULL),
(797, 'Gents Panjabi', 'gents-panjabiwhite-m-2-ind-in-nahar-fashion', 14, '2016-05-30 13:59:34', 1, NULL, NULL, NULL, NULL, 2, NULL, NULL, NULL, NULL, NULL, NULL, NULL, NULL, NULL, NULL, 43, '2016-05-30 17:17:14', 781, 21, 40, '037-07-11-040-000781', 'gents_panjabiwhite_m-2_ind-in_', 'gents_panjabiwhite_m-2_ind-in__nahar-fashion', 'Gents Panjabi', 1, NULL, NULL, NULL, NULL, 0, NULL, NULL, NULL, NULL),
(798, 'Ladies Coti', 'ladies-cotimixed-f-ind-aw-nahar-fashion', 12, '2016-05-30 13:59:36', 1, NULL, NULL, NULL, NULL, 2, NULL, NULL, NULL, NULL, NULL, NULL, NULL, NULL, NULL, NULL, 44, '2016-05-30 17:17:14', 782, 24, 41, '038-05-14-041-000782', 'ladies_cotimixed_f_ind-aw_', 'ladies_cotimixed_f_ind-aw__nahar-fashion', 'Ladies Coti', 9, NULL, NULL, NULL, NULL, 0, NULL, NULL, NULL, NULL),
(799, 'Ladies Coti', 'ladies-cotiblack-1-f-ind-aw-nahar-fashion', 13, '2016-05-30 13:59:38', 1, NULL, NULL, NULL, NULL, 2, NULL, NULL, NULL, NULL, NULL, NULL, NULL, NULL, NULL, NULL, 44, '2016-05-30 17:17:14', 783, 24, 41, '038-06-14-041-000783', 'ladies_cotiblack-1_f_ind-aw_', 'ladies_cotiblack-1_f_ind-aw__nahar-fashion', 'Ladies Coti', 1, NULL, NULL, NULL, NULL, 0, NULL, NULL, NULL, NULL),
(800, 'Ladies Coti', 'ladies-cotipurple-1-f-ind-aw-nahar-fashion', 8, '2016-05-30 13:59:39', 1, NULL, NULL, NULL, NULL, 2, NULL, NULL, NULL, NULL, NULL, NULL, NULL, NULL, NULL, NULL, 44, '2016-05-30 17:17:14', 784, 24, 41, '038-01-14-041-000784', 'ladies_cotipurple-1_f_ind-aw_', 'ladies_cotipurple-1_f_ind-aw__nahar-fashion', 'Ladies Coti', 3, NULL, NULL, NULL, NULL, 0, NULL, NULL, NULL, NULL),
(801, 'Ladies Coti', 'ladies-cotiyellow-f-ind-aw-nahar-fashion', 16, '2016-05-30 13:59:40', 1, NULL, NULL, NULL, NULL, 2, NULL, NULL, NULL, NULL, NULL, NULL, NULL, NULL, NULL, NULL, 44, '2016-05-30 17:17:14', 785, 24, 41, '038-09-14-041-000785', 'ladies_cotiyellow_f_ind-aw_', 'ladies_cotiyellow_f_ind-aw__nahar-fashion', 'Ladies Coti', 2, NULL, NULL, NULL, NULL, 0, NULL, NULL, NULL, NULL),
(802, 'Ladies Coti', 'ladies-cotiwhite-f-ind-aw-nahar-fashion', 14, '2016-05-30 13:59:41', 1, NULL, NULL, NULL, NULL, 2, NULL, NULL, NULL, NULL, NULL, NULL, NULL, NULL, NULL, NULL, 44, '2016-05-30 17:17:14', 786, 24, 41, '038-07-14-041-000786', 'ladies_cotiwhite_f_ind-aw_', 'ladies_cotiwhite_f_ind-aw__nahar-fashion', 'Ladies Coti', 4, NULL, NULL, NULL, NULL, 0, NULL, NULL, NULL, NULL),
(803, 'Ladies Coti', 'ladies-cotisilver-1-f-ind-aw-nahar-fashion', 10, '2016-05-30 13:59:41', 1, NULL, NULL, NULL, NULL, 2, NULL, NULL, NULL, NULL, NULL, NULL, NULL, NULL, NULL, NULL, 44, '2016-05-30 17:17:14', 787, 24, 41, '038-03-14-041-000787', 'ladies_cotisilver-1_f_ind-aw_', 'ladies_cotisilver-1_f_ind-aw__nahar-fashion', 'Ladies Coti', 1, NULL, NULL, NULL, NULL, 0, NULL, NULL, NULL, NULL),
(804, 'Gents Huddy Half Slip', 'gents-huddy-half-slipblue-1-f-ex-nahar-fashion', 15, '2016-05-30 13:59:43', 1, NULL, NULL, NULL, NULL, 2, NULL, NULL, NULL, NULL, NULL, NULL, NULL, NULL, NULL, NULL, 10, '2016-05-30 17:17:14', 788, 24, 42, '039-08-14-007-000788', 'gents_huddy_half_slipblue-1_f_ex_', 'gents_huddy_half_slipblue-1_f_ex__nahar-fashion', 'Gents Huddy Half Slip', 2, NULL, NULL, NULL, NULL, 0, NULL, NULL, NULL, NULL),
(805, 'Gents Huddy Half Slip', 'gents-huddy-half-slipsilver-1-f-ex-nahar-fashion', 10, '2016-05-30 13:59:45', 1, NULL, NULL, NULL, NULL, 2, NULL, NULL, NULL, NULL, NULL, NULL, NULL, NULL, NULL, NULL, 10, '2016-05-30 17:17:14', 789, 24, 42, '039-03-14-007-000789', 'gents_huddy_half_slipsilver-1_f_ex_', 'gents_huddy_half_slipsilver-1_f_ex__nahar-fashion', 'Gents Huddy Half Slip', 1, NULL, NULL, NULL, NULL, 0, NULL, NULL, NULL, NULL),
(806, 'Gents Huddy Half Slip', 'gents-huddy-half-slipcoffy-f-ex-nahar-fashion', 18, '2016-05-30 13:59:46', 1, NULL, NULL, NULL, NULL, 2, NULL, NULL, NULL, NULL, NULL, NULL, NULL, NULL, NULL, NULL, 10, '2016-05-30 17:17:14', 790, 24, 42, '039-11-14-007-000790', 'gents_huddy_half_slipcoffy_f_ex_', 'gents_huddy_half_slipcoffy_f_ex__nahar-fashion', 'Gents Huddy Half Slip', 1, NULL, NULL, NULL, NULL, 0, NULL, NULL, NULL, NULL),
(807, 'Gents Huddy Half Slip', 'gents-huddy-half-slipmixed-f-ex-nahar-fashion', 12, '2016-05-30 13:59:47', 1, NULL, NULL, NULL, NULL, 2, NULL, NULL, NULL, NULL, NULL, NULL, NULL, NULL, NULL, NULL, 10, '2016-05-30 17:17:14', 791, 24, 42, '039-05-14-007-000791', 'gents_huddy_half_slipmixed_f_ex_', 'gents_huddy_half_slipmixed_f_ex__nahar-fashion', 'Gents Huddy Half Slip', 1, NULL, NULL, NULL, NULL, 0, NULL, NULL, NULL, NULL),
(808, 'Gents Huddy Half Slip', 'gents-huddy-half-slipmerun-f-ex-nahar-fashion', 25, '2016-05-30 13:59:48', 1, NULL, NULL, NULL, NULL, 2, NULL, NULL, NULL, NULL, NULL, NULL, NULL, NULL, NULL, NULL, 10, '2016-05-30 17:17:14', 792, 24, 42, '039-18-14-007-000792', 'gents_huddy_half_slipmerun_f_ex_', 'gents_huddy_half_slipmerun_f_ex__nahar-fashion', 'Gents Huddy Half Slip', 3, NULL, NULL, NULL, NULL, 0, NULL, NULL, NULL, NULL),
(809, 'Gents Huddy Full Slip', 'gents-huddy-full-slipred-1-f-ex-nahar-fashion', 11, '2016-05-30 13:59:50', 1, NULL, NULL, NULL, NULL, 2, NULL, NULL, NULL, NULL, NULL, NULL, NULL, NULL, NULL, NULL, 10, '2016-05-30 17:17:14', 793, 24, 43, '040-04-14-007-000793', 'gents_huddy_full_slipred-1_f_ex_', 'gents_huddy_full_slipred-1_f_ex__nahar-fashion', 'Gents Huddy Full Slip', 1, NULL, NULL, NULL, NULL, 0, NULL, NULL, NULL, NULL),
(810, 'Gents Huddy Full Slip', 'gents-huddy-full-slipblack-1-f-ex-nahar-fashion', 13, '2016-05-30 13:59:52', 1, NULL, NULL, NULL, NULL, 2, NULL, NULL, NULL, NULL, NULL, NULL, NULL, NULL, NULL, NULL, 10, '2016-05-30 17:17:14', 794, 24, 43, '040-06-14-007-000794', 'gents_huddy_full_slipblack-1_f_ex_', 'gents_huddy_full_slipblack-1_f_ex__nahar-fashion', 'Gents Huddy Full Slip', 3, NULL, NULL, NULL, NULL, 0, NULL, NULL, NULL, NULL),
(811, 'Gents Huddy Full Slip', 'gents-huddy-full-slippest-f-ex-nahar-fashion', 30, '2016-05-30 13:59:53', 1, NULL, NULL, NULL, NULL, 2, NULL, NULL, NULL, NULL, NULL, NULL, NULL, NULL, NULL, NULL, 10, '2016-05-30 17:17:14', 795, 24, 43, '040-23-14-007-000795', 'gents_huddy_full_slippest_f_ex_', 'gents_huddy_full_slippest_f_ex__nahar-fashion', 'Gents Huddy Full Slip', 1, NULL, NULL, NULL, NULL, 0, NULL, NULL, NULL, NULL),
(812, 'Gents Huddy Full Slip', 'gents-huddy-full-slipyellow-f-ex-nahar-fashion', 16, '2016-05-30 13:59:54', 1, NULL, NULL, NULL, NULL, 2, NULL, NULL, NULL, NULL, NULL, NULL, NULL, NULL, NULL, NULL, 10, '2016-05-30 17:17:14', 796, 24, 43, '040-09-14-007-000796', 'gents_huddy_full_slipyellow_f_ex_', 'gents_huddy_full_slipyellow_f_ex__nahar-fashion', 'Gents Huddy Full Slip', 1, NULL, NULL, NULL, NULL, 0, NULL, NULL, NULL, NULL),
(813, 'Gents Huddy Full Slip', 'gents-huddy-full-slipblue-1-f-ex-nahar-fashion', 15, '2016-05-30 13:59:55', 1, NULL, NULL, NULL, NULL, 2, NULL, NULL, NULL, NULL, NULL, NULL, NULL, NULL, NULL, NULL, 10, '2016-05-30 17:17:14', 797, 24, 43, '040-08-14-007-000797', 'gents_huddy_full_slipblue-1_f_ex_', 'gents_huddy_full_slipblue-1_f_ex__nahar-fashion', 'Gents Huddy Full Slip', 1, NULL, NULL, NULL, NULL, 0, NULL, NULL, NULL, NULL),
(814, 'Gents Huddy Full Slip', 'gents-huddy-full-slipmixed-f-ak-nahar-fashion', 12, '2016-05-30 13:59:56', 1, NULL, NULL, NULL, NULL, 2, NULL, NULL, NULL, NULL, NULL, NULL, NULL, NULL, NULL, NULL, 45, '2016-05-30 17:17:14', 798, 24, 43, '040-05-14-042-000798', 'gents_huddy_full_slipmixed_f_ak_', 'gents_huddy_full_slipmixed_f_ak__nahar-fashion', 'Gents Huddy Full Slip', 5, NULL, NULL, NULL, NULL, 0, NULL, NULL, NULL, NULL),
(815, 'Soweter', 'sowetermixed-f-ind-div-nahar-fashion', 12, '2016-05-30 13:59:58', 1, NULL, NULL, NULL, NULL, 2, NULL, NULL, NULL, NULL, NULL, NULL, NULL, NULL, NULL, NULL, 18, '2016-05-30 17:17:14', 799, 24, 44, '041-05-14-015-000799', 'sowetermixed_f_ind-div_', 'sowetermixed_f_ind-div__nahar-fashion', 'Soweter', 4, NULL, NULL, NULL, NULL, 0, NULL, NULL, NULL, NULL),
(816, 'Soweter', 'sowetermixed-40-ind-mt-nahar-fashion', 12, '2016-05-30 14:00:00', 1, NULL, NULL, NULL, NULL, 2, NULL, NULL, NULL, NULL, NULL, NULL, NULL, NULL, NULL, NULL, 15, '2016-05-30 17:17:14', 800, 30, 44, '041-05-20-012-000800', 'sowetermixed_40_ind-mt_', 'sowetermixed_40_ind-mt__nahar-fashion', 'Soweter', 1, NULL, NULL, NULL, NULL, 0, NULL, NULL, NULL, NULL),
(817, 'Soweter', 'sowetermixed-31-ind-mt-nahar-fashion', 12, '2016-05-30 14:00:02', 1, NULL, NULL, NULL, NULL, 2, NULL, NULL, NULL, NULL, NULL, NULL, NULL, NULL, NULL, NULL, 15, '2016-05-30 17:17:14', 801, 43, 44, '041-05-33-012-000801', 'sowetermixed_31_ind-mt_', 'sowetermixed_31_ind-mt__nahar-fashion', 'Soweter', 1, NULL, NULL, NULL, NULL, 0, NULL, NULL, NULL, NULL),
(818, 'Soweter', 'sowetermixed-42-ind-mt-nahar-fashion', 12, '2016-05-30 14:00:03', 1, NULL, NULL, NULL, NULL, 2, NULL, NULL, NULL, NULL, NULL, NULL, NULL, NULL, NULL, NULL, 15, '2016-05-30 17:17:14', 802, 29, 44, '041-05-19-012-000802', 'sowetermixed_42_ind-mt_', 'sowetermixed_42_ind-mt__nahar-fashion', 'Soweter', 1, NULL, NULL, NULL, NULL, 0, NULL, NULL, NULL, NULL),
(819, 'Soweter', 'sowetermixed-38-ind-mt-nahar-fashion', 12, '2016-05-30 14:00:04', 1, NULL, NULL, NULL, NULL, 2, NULL, NULL, NULL, NULL, NULL, NULL, NULL, NULL, NULL, NULL, 15, '2016-05-30 17:17:14', 803, 32, 44, '041-05-22-012-000803', 'sowetermixed_38_ind-mt_', 'sowetermixed_38_ind-mt__nahar-fashion', 'Soweter', 2, NULL, NULL, NULL, NULL, 0, NULL, NULL, NULL, NULL),
(820, 'Jacket', 'jacketmixed-f-ind-div-nahar-fashion', 12, '2016-05-30 14:00:06', 1, NULL, NULL, NULL, NULL, 2, NULL, NULL, NULL, NULL, NULL, NULL, NULL, NULL, NULL, NULL, 18, '2016-05-30 17:17:14', 804, 24, 45, '042-05-14-015-000804', 'jacketmixed_f_ind-div_', 'jacketmixed_f_ind-div__nahar-fashion', 'Jacket', 4, NULL, NULL, NULL, NULL, 0, NULL, NULL, NULL, NULL),
(821, 'Short Tops', 'short-topsblack-1-f-ind-by-nahar-fashion', 13, '2016-05-30 14:00:08', 1, NULL, NULL, NULL, NULL, 2, NULL, NULL, NULL, NULL, NULL, NULL, NULL, NULL, NULL, NULL, 38, '2016-05-30 17:17:14', 805, 24, 46, '043-06-14-035-000805', 'short_topsblack-1_f_ind-by_', 'short_topsblack-1_f_ind-by__nahar-fashion', 'Short Tops', 12, NULL, NULL, NULL, NULL, 0, NULL, NULL, NULL, NULL),
(822, 'Short Tops', 'short-topsmerun-f-ind-by-nahar-fashion', 25, '2016-05-30 14:00:10', 1, NULL, NULL, NULL, NULL, 2, NULL, NULL, NULL, NULL, NULL, NULL, NULL, NULL, NULL, NULL, 38, '2016-05-30 17:17:14', 806, 24, 46, '043-18-14-035-000806', 'short_topsmerun_f_ind-by_', 'short_topsmerun_f_ind-by__nahar-fashion', 'Short Tops', 2, NULL, NULL, NULL, NULL, 0, NULL, NULL, NULL, NULL),
(823, 'Short Tops', 'short-topswhite-f-ind-by-nahar-fashion', 14, '2016-05-30 14:00:11', 1, NULL, NULL, NULL, NULL, 2, NULL, NULL, NULL, NULL, NULL, NULL, NULL, NULL, NULL, NULL, 38, '2016-05-30 17:17:14', 807, 24, 46, '043-07-14-035-000807', 'short_topswhite_f_ind-by_', 'short_topswhite_f_ind-by__nahar-fashion', 'Short Tops', 5, NULL, NULL, NULL, NULL, 0, NULL, NULL, NULL, NULL),
(824, 'Short Tops', 'short-topssilver-1-f-ind-by-nahar-fashion', 10, '2016-05-30 14:00:12', 1, NULL, NULL, NULL, NULL, 2, NULL, NULL, NULL, NULL, NULL, NULL, NULL, NULL, NULL, NULL, 38, '2016-05-30 17:17:14', 808, 24, 46, '043-03-14-035-000808', 'short_topssilver-1_f_ind-by_', 'short_topssilver-1_f_ind-by__nahar-fashion', 'Short Tops', 2, NULL, NULL, NULL, NULL, 0, NULL, NULL, NULL, NULL),
(825, 'Short Tops', 'short-topsmixed-f-ind-by-nahar-fashion', 12, '2016-05-30 14:00:13', 1, NULL, NULL, NULL, NULL, 2, NULL, NULL, NULL, NULL, NULL, NULL, NULL, NULL, NULL, NULL, 38, '2016-05-30 17:17:14', 809, 24, 46, '043-05-14-035-000809', 'short_topsmixed_f_ind-by_', 'short_topsmixed_f_ind-by__nahar-fashion', 'Short Tops', 8, NULL, NULL, NULL, NULL, 0, NULL, NULL, NULL, NULL),
(826, 'Short Tops', 'short-topspurple-1-f-ind-by-nahar-fashion', 8, '2016-05-30 14:00:14', 1, NULL, NULL, NULL, NULL, 2, NULL, NULL, NULL, NULL, NULL, NULL, NULL, NULL, NULL, NULL, 38, '2016-05-30 17:17:14', 810, 24, 46, '043-01-14-035-000810', 'short_topspurple-1_f_ind-by_', 'short_topspurple-1_f_ind-by__nahar-fashion', 'Short Tops', 1, NULL, NULL, NULL, NULL, 0, NULL, NULL, NULL, NULL),
(827, 'Short Tops', 'short-topspink-1-f-ind-by-nahar-fashion', 9, '2016-05-30 14:00:15', 1, NULL, NULL, NULL, NULL, 2, NULL, NULL, NULL, NULL, NULL, NULL, NULL, NULL, NULL, NULL, 38, '2016-05-30 17:17:14', 811, 24, 46, '043-02-14-035-000811', 'short_topspink-1_f_ind-by_', 'short_topspink-1_f_ind-by__nahar-fashion', 'Short Tops', 2, NULL, NULL, NULL, NULL, 0, NULL, NULL, NULL, NULL),
(828, 'Short Tops', 'short-topsgreen-f-ind-by-nahar-fashion', 17, '2016-05-30 14:00:16', 1, NULL, NULL, NULL, NULL, 2, NULL, NULL, NULL, NULL, NULL, NULL, NULL, NULL, NULL, NULL, 38, '2016-05-30 17:17:14', 812, 24, 46, '043-10-14-035-000812', 'short_topsgreen_f_ind-by_', 'short_topsgreen_f_ind-by__nahar-fashion', 'Short Tops', 1, NULL, NULL, NULL, NULL, 0, NULL, NULL, NULL, NULL),
(829, 'Short Tops', 'short-topsgolden-f-ind-by-nahar-fashion', 23, '2016-05-30 14:00:17', 1, NULL, NULL, NULL, NULL, 2, NULL, NULL, NULL, NULL, NULL, NULL, NULL, NULL, NULL, NULL, 38, '2016-05-30 17:17:14', 813, 24, 46, '043-16-14-035-000813', 'short_topsgolden_f_ind-by_', 'short_topsgolden_f_ind-by__nahar-fashion', 'Short Tops', 1, NULL, NULL, NULL, NULL, 0, NULL, NULL, NULL, NULL),
(830, 'Short Tops', 'short-topsred-1-f-ind-by-nahar-fashion', 11, '2016-05-30 14:00:18', 1, NULL, NULL, NULL, NULL, 2, NULL, NULL, NULL, NULL, NULL, NULL, NULL, NULL, NULL, NULL, 38, '2016-05-30 17:17:14', 814, 24, 46, '043-04-14-035-000814', 'short_topsred-1_f_ind-by_', 'short_topsred-1_f_ind-by__nahar-fashion', 'Short Tops', 1, NULL, NULL, NULL, NULL, 0, NULL, NULL, NULL, NULL),
(831, 'Short Tops', 'short-topsbiskit-f-ind-by-nahar-fashion', 27, '2016-05-30 14:00:19', 1, NULL, NULL, NULL, NULL, 2, NULL, NULL, NULL, NULL, NULL, NULL, NULL, NULL, NULL, NULL, 38, '2016-05-30 17:17:14', 815, 24, 46, '043-20-14-035-000815', 'short_topsbiskit_f_ind-by_', 'short_topsbiskit_f_ind-by__nahar-fashion', 'Short Tops', 1, NULL, NULL, NULL, NULL, 0, NULL, NULL, NULL, NULL),
(832, 'Long Tops', 'long-topswhite-l-1-ind-mo-nahar-fashion', 14, '2016-05-30 14:00:21', 1, NULL, NULL, NULL, NULL, 2, NULL, NULL, NULL, NULL, NULL, NULL, NULL, NULL, NULL, NULL, 46, '2016-06-10 23:32:40', 816, 23, 47, '044-07-13-043-000816', 'long_topswhite_l-1_ind-mo_', 'long_topswhite_l-1_ind-mo__nahar-fashion', 'Long Tops', 7, NULL, 2, NULL, NULL, 0, NULL, NULL, NULL, NULL),
(833, 'Long Tops', 'long-topsblack-1-l-1-ind-mo-nahar-fashion', 13, '2016-05-30 14:00:23', 1, NULL, NULL, NULL, NULL, 2, NULL, NULL, NULL, NULL, NULL, NULL, NULL, NULL, NULL, NULL, 46, '2016-06-10 23:17:29', 817, 23, 47, '044-06-13-043-000817', 'long_topsblack-1_l-1_ind-mo_', 'long_topsblack-1_l-1_ind-mo__nahar-fashion', 'Long Tops', 1, NULL, 1, NULL, NULL, 0, NULL, NULL, NULL, NULL),
(834, 'Long Tops', 'long-topswhite-xl-1-ind-mo-nahar-fashion', 14, '2016-05-30 14:00:24', 1, NULL, NULL, NULL, NULL, 2, NULL, NULL, NULL, NULL, NULL, NULL, NULL, NULL, NULL, NULL, 46, '2016-05-30 17:17:14', 818, 22, 47, '044-07-12-043-000818', 'long_topswhite_xl-1_ind-mo_', 'long_topswhite_xl-1_ind-mo__nahar-fashion', 'Long Tops', 2, NULL, NULL, NULL, NULL, 0, NULL, NULL, NULL, NULL),
(835, 'Long Tops', 'long-topsred-1-xl-1-ind-mo-nahar-fashion', 11, '2016-05-30 14:00:25', 1, NULL, NULL, NULL, NULL, 2, NULL, NULL, NULL, NULL, NULL, NULL, NULL, NULL, NULL, NULL, 46, '2016-05-30 17:17:14', 819, 22, 47, '044-04-12-043-000819', 'long_topsred-1_xl-1_ind-mo_', 'long_topsred-1_xl-1_ind-mo__nahar-fashion', 'Long Tops', 1, NULL, NULL, NULL, NULL, 0, NULL, NULL, NULL, NULL),
(836, 'Long Tops', 'long-topspink-1-xl-1-ind-mo-nahar-fashion', 9, '2016-05-30 14:00:26', 1, NULL, NULL, NULL, NULL, 2, NULL, NULL, NULL, NULL, NULL, NULL, NULL, NULL, NULL, NULL, 46, '2016-05-30 17:17:14', 820, 22, 47, '044-02-12-043-000820', 'long_topspink-1_xl-1_ind-mo_', 'long_topspink-1_xl-1_ind-mo__nahar-fashion', 'Long Tops', 2, NULL, NULL, NULL, NULL, 0, NULL, NULL, NULL, NULL),
(837, 'Short Tops', 'short-topswhite-f-ind-sk-nahar-fashion', 14, '2016-05-30 14:00:28', 1, NULL, NULL, NULL, NULL, 2, NULL, NULL, NULL, NULL, NULL, NULL, NULL, NULL, NULL, NULL, 47, '2016-05-30 17:17:14', 821, 24, 46, '043-07-14-044-000821', 'short_topswhite_f_ind-sk_', 'short_topswhite_f_ind-sk__nahar-fashion', 'Short Tops', 1, NULL, NULL, NULL, NULL, 0, NULL, NULL, NULL, NULL),
(838, 'Short Tops', 'short-topsblack-1-f-ind-sk-nahar-fashion', 13, '2016-05-30 14:00:30', 1, NULL, NULL, NULL, NULL, 2, NULL, NULL, NULL, NULL, NULL, NULL, NULL, NULL, NULL, NULL, 47, '2016-05-30 17:17:14', 822, 24, 46, '043-06-14-044-000822', 'short_topsblack-1_f_ind-sk_', 'short_topsblack-1_f_ind-sk__nahar-fashion', 'Short Tops', 1, NULL, NULL, NULL, NULL, 0, NULL, NULL, NULL, NULL),
(839, 'Short Tops', 'short-topsmisti-f-ind-sk-nahar-fashion', 33, '2016-05-30 14:00:30', 1, NULL, NULL, NULL, NULL, 2, NULL, NULL, NULL, NULL, NULL, NULL, NULL, NULL, NULL, NULL, 47, '2016-05-30 17:17:14', 823, 24, 46, '043-26-14-044-000823', 'short_topsmisti_f_ind-sk_', 'short_topsmisti_f_ind-sk__nahar-fashion', 'Short Tops', 1, NULL, NULL, NULL, NULL, 0, NULL, NULL, NULL, NULL),
(840, 'Short Tops', 'short-topsmalti-f-ind-sk-nahar-fashion', 35, '2016-05-30 14:00:31', 1, NULL, NULL, NULL, NULL, 2, NULL, NULL, NULL, NULL, NULL, NULL, NULL, NULL, NULL, NULL, 47, '2016-05-30 17:17:14', 824, 24, 46, '043-28-14-044-000824', 'short_topsmalti_f_ind-sk_', 'short_topsmalti_f_ind-sk__nahar-fashion', 'Short Tops', 1, NULL, NULL, NULL, NULL, 0, NULL, NULL, NULL, NULL),
(841, 'Short Tops', 'short-topssilver-1-f-ind-sk-nahar-fashion', 10, '2016-05-30 14:00:33', 1, NULL, NULL, NULL, NULL, 2, NULL, NULL, NULL, NULL, NULL, NULL, NULL, NULL, NULL, NULL, 47, '2016-05-30 17:17:14', 825, 24, 46, '043-03-14-044-000825', 'short_topssilver-1_f_ind-sk_', 'short_topssilver-1_f_ind-sk__nahar-fashion', 'Short Tops', 1, NULL, NULL, NULL, NULL, 0, NULL, NULL, NULL, NULL),
(842, 'Short Tops', 'short-topsbiskit-f-ind-sk-nahar-fashion', 27, '2016-05-30 14:00:34', 1, NULL, NULL, NULL, NULL, 2, NULL, NULL, NULL, NULL, NULL, NULL, NULL, NULL, NULL, NULL, 47, '2016-05-30 17:17:14', 826, 24, 46, '043-20-14-044-000826', 'short_topsbiskit_f_ind-sk_', 'short_topsbiskit_f_ind-sk__nahar-fashion', 'Short Tops', 1, NULL, NULL, NULL, NULL, 0, NULL, NULL, NULL, NULL),
(843, 'Coti', 'coti-1golden-f-ind-by-nahar-fashion', 23, '2016-05-30 14:00:35', 1, NULL, NULL, NULL, NULL, 2, NULL, NULL, NULL, NULL, NULL, NULL, NULL, NULL, NULL, NULL, 38, '2016-06-08 20:25:25', 827, 24, 48, '045-16-14-035-000827', 'coti_1golden_f_ind-by_', 'coti_1golden_f_ind-by__nahar-fashion', 'Coti', 2, NULL, 2, NULL, NULL, 0, NULL, NULL, NULL, NULL),
(844, 'Coti', 'coti-1firoja-f-ind-by-nahar-fashion', 36, '2016-05-30 14:00:37', 1, NULL, NULL, NULL, NULL, 2, NULL, NULL, NULL, NULL, NULL, NULL, NULL, NULL, NULL, NULL, 38, '2016-05-30 17:17:14', 828, 24, 48, '045-29-14-035-000828', 'coti_1firoja_f_ind-by_', 'coti_1firoja_f_ind-by__nahar-fashion', 'Coti', 2, NULL, NULL, NULL, NULL, 0, NULL, NULL, NULL, NULL),
(845, 'Coti', 'coti-1biskit-f-ind-by-nahar-fashion', 27, '2016-05-30 14:00:38', 1, NULL, NULL, NULL, NULL, 2, NULL, NULL, NULL, NULL, NULL, NULL, NULL, NULL, NULL, NULL, 38, '2016-05-30 17:17:14', 829, 24, 48, '045-20-14-035-000829', 'coti_1biskit_f_ind-by_', 'coti_1biskit_f_ind-by__nahar-fashion', 'Coti', 1, NULL, NULL, NULL, NULL, 0, NULL, NULL, NULL, NULL),
(846, 'Tshirt', 'tshirt-1black-1-l-1-rt-nahar-fashion', 13, '2016-05-30 14:00:39', 1, NULL, NULL, NULL, NULL, 2, NULL, NULL, NULL, NULL, NULL, NULL, NULL, NULL, NULL, NULL, 48, '2016-05-30 17:17:14', 830, 23, 18, '015-06-13-045-000830', 'tshirt_1black-1_l-1_rt_', 'tshirt_1black-1_l-1_rt__nahar-fashion', 'Tshirt', 1, NULL, NULL, NULL, NULL, 0, NULL, NULL, NULL, NULL),
(847, 'Tshirt', 'tshirt-1blue-1-l-1-rt-nahar-fashion', 15, '2016-05-30 14:00:41', 1, NULL, NULL, NULL, NULL, 2, NULL, NULL, NULL, NULL, NULL, NULL, NULL, NULL, NULL, NULL, 48, '2016-05-30 17:17:14', 831, 23, 18, '015-08-13-045-000831', 'tshirt_1blue-1_l-1_rt_', 'tshirt_1blue-1_l-1_rt__nahar-fashion', 'Tshirt', 1, NULL, NULL, NULL, NULL, 0, NULL, NULL, NULL, NULL),
(848, 'Tshirt', 'tshirt-1black-1-xl-1-rt-nahar-fashion', 13, '2016-05-30 14:00:42', 1, NULL, NULL, NULL, NULL, 2, NULL, NULL, NULL, NULL, NULL, NULL, NULL, NULL, NULL, NULL, 48, '2016-05-30 17:17:14', 832, 22, 18, '015-06-12-045-000832', 'tshirt_1black-1_xl-1_rt_', 'tshirt_1black-1_xl-1_rt__nahar-fashion', 'Tshirt', 1, NULL, NULL, NULL, NULL, 0, NULL, NULL, NULL, NULL),
(849, 'Tshirt', 'tshirt-1blue-1-m-2-rt-nahar-fashion', 15, '2016-05-30 14:00:43', 1, NULL, NULL, NULL, NULL, 2, NULL, NULL, NULL, NULL, NULL, NULL, NULL, NULL, NULL, NULL, 48, '2016-05-30 17:17:14', 833, 21, 18, '015-08-11-045-000833', 'tshirt_1blue-1_m-2_rt_', 'tshirt_1blue-1_m-2_rt__nahar-fashion', 'Tshirt', 1, NULL, NULL, NULL, NULL, 0, NULL, NULL, NULL, NULL),
(850, 'Tshirt', 'tshirt-1blue-1-xl-1-rt-nahar-fashion', 15, '2016-05-30 14:00:44', 1, NULL, NULL, NULL, NULL, 2, NULL, NULL, NULL, NULL, NULL, NULL, NULL, NULL, NULL, NULL, 48, '2016-05-30 17:17:14', 834, 22, 18, '015-08-12-045-000834', 'tshirt_1blue-1_xl-1_rt_', 'tshirt_1blue-1_xl-1_rt__nahar-fashion', 'Tshirt', 1, NULL, NULL, NULL, NULL, 0, NULL, NULL, NULL, NULL),
(851, 'Tshirt', 'tshirt-1black-1-s-rt-nahar-fashion', 13, '2016-05-30 14:00:46', 1, NULL, NULL, NULL, NULL, 2, NULL, NULL, NULL, NULL, NULL, NULL, NULL, NULL, NULL, NULL, 48, '2016-05-30 17:17:14', 835, 25, 18, '015-06-15-045-000835', 'tshirt_1black-1_s_rt_', 'tshirt_1black-1_s_rt__nahar-fashion', 'Tshirt', 1, NULL, NULL, NULL, NULL, 0, NULL, NULL, NULL, NULL),
(852, 'Tshirt', 'tshirt-1merun-l-1-rt-nahar-fashion', 25, '2016-05-30 14:00:47', 1, NULL, NULL, NULL, NULL, 2, NULL, NULL, NULL, NULL, NULL, NULL, NULL, NULL, NULL, NULL, 48, '2016-05-30 17:17:14', 836, 23, 18, '015-18-13-045-000836', 'tshirt_1merun_l-1_rt_', 'tshirt_1merun_l-1_rt__nahar-fashion', 'Tshirt', 1, NULL, NULL, NULL, NULL, 0, NULL, NULL, NULL, NULL),
(853, 'Tshirt', 'tshirt-1merun-m-2-rt-nahar-fashion', 25, '2016-05-30 14:00:48', 1, NULL, NULL, NULL, NULL, 2, NULL, NULL, NULL, NULL, NULL, NULL, NULL, NULL, NULL, NULL, 48, '2016-05-30 17:17:14', 837, 21, 18, '015-18-11-045-000837', 'tshirt_1merun_m-2_rt_', 'tshirt_1merun_m-2_rt__nahar-fashion', 'Tshirt', 3, NULL, NULL, NULL, NULL, 0, NULL, NULL, NULL, NULL),
(854, 'Tshirt', 'tshirt-1merun-xl-1-rt-nahar-fashion', 25, '2016-05-30 14:00:49', 1, NULL, NULL, NULL, NULL, 2, NULL, NULL, NULL, NULL, NULL, NULL, NULL, NULL, NULL, NULL, 48, '2016-05-30 17:17:14', 838, 22, 18, '015-18-12-045-000838', 'tshirt_1merun_xl-1_rt_', 'tshirt_1merun_xl-1_rt__nahar-fashion', 'Tshirt', 1, NULL, NULL, NULL, NULL, 0, NULL, NULL, NULL, NULL),
(855, 'Tshirt', 'tshirt-1orange-1-l-1-rt-nahar-fashion', 21, '2016-05-30 14:00:50', 1, NULL, NULL, NULL, NULL, 2, NULL, NULL, NULL, NULL, NULL, NULL, NULL, NULL, NULL, NULL, 48, '2016-05-30 17:17:14', 839, 23, 18, '015-14-13-045-000839', 'tshirt_1orange-1_l-1_rt_', 'tshirt_1orange-1_l-1_rt__nahar-fashion', 'Tshirt', 1, NULL, NULL, NULL, NULL, 0, NULL, NULL, NULL, NULL),
(856, 'Tshirt', 'tshirt-1orange-1-xl-1-rt-nahar-fashion', 21, '2016-05-30 14:00:51', 1, NULL, NULL, NULL, NULL, 2, NULL, NULL, NULL, NULL, NULL, NULL, NULL, NULL, NULL, NULL, 48, '2016-05-30 17:17:14', 840, 22, 18, '015-14-12-045-000840', 'tshirt_1orange-1_xl-1_rt_', 'tshirt_1orange-1_xl-1_rt__nahar-fashion', 'Tshirt', 1, NULL, NULL, NULL, NULL, 0, NULL, NULL, NULL, NULL),
(857, 'Tshirt', 'tshirt-1white-s-rt-nahar-fashion', 14, '2016-05-30 14:00:52', 1, NULL, NULL, NULL, NULL, 2, NULL, NULL, NULL, NULL, NULL, NULL, NULL, NULL, NULL, NULL, 48, '2016-05-30 17:17:14', 841, 25, 18, '015-07-15-045-000841', 'tshirt_1white_s_rt_', 'tshirt_1white_s_rt__nahar-fashion', 'Tshirt', 1, NULL, NULL, NULL, NULL, 0, NULL, NULL, NULL, NULL),
(858, 'Tshirt', 'tshirt-1blue-1-s-rt-nahar-fashion', 15, '2016-05-30 14:00:53', 1, NULL, NULL, NULL, NULL, 2, NULL, NULL, NULL, NULL, NULL, NULL, NULL, NULL, NULL, NULL, 48, '2016-05-30 17:17:14', 842, 25, 18, '015-08-15-045-000842', 'tshirt_1blue-1_s_rt_', 'tshirt_1blue-1_s_rt__nahar-fashion', 'Tshirt', 1, NULL, NULL, NULL, NULL, 0, NULL, NULL, NULL, NULL),
(859, 'Tshirt', 'tshirt-1black-1-m-2-rt-nahar-fashion', 13, '2016-05-30 14:00:54', 1, NULL, NULL, NULL, NULL, 2, NULL, NULL, NULL, NULL, NULL, NULL, NULL, NULL, NULL, NULL, 48, '2016-05-30 17:17:14', 843, 21, 18, '015-06-11-045-000843', 'tshirt_1black-1_m-2_rt_', 'tshirt_1black-1_m-2_rt__nahar-fashion', 'Tshirt', 1, NULL, NULL, NULL, NULL, 0, NULL, NULL, NULL, NULL),
(860, 'Tshirt', 'tshirt-1white-m-2-afl-nahar-fashion', 14, '2016-05-30 14:00:55', 1, NULL, NULL, NULL, NULL, 2, NULL, NULL, NULL, NULL, NULL, NULL, NULL, NULL, NULL, NULL, 49, '2016-05-30 17:17:14', 844, 21, 18, '015-07-11-046-000844', 'tshirt_1white_m-2_afl_', 'tshirt_1white_m-2_afl__nahar-fashion', 'Tshirt', 7, NULL, NULL, NULL, NULL, 0, NULL, NULL, NULL, NULL),
(861, 'Tshirt', 'tshirt-1merun-m-2-afl-nahar-fashion', 25, '2016-05-30 14:00:57', 1, NULL, NULL, NULL, NULL, 2, NULL, NULL, NULL, NULL, NULL, NULL, NULL, NULL, NULL, NULL, 49, '2016-05-30 17:17:14', 845, 21, 18, '015-18-11-046-000845', 'tshirt_1merun_m-2_afl_', 'tshirt_1merun_m-2_afl__nahar-fashion', 'Tshirt', 2, NULL, NULL, NULL, NULL, 0, NULL, NULL, NULL, NULL),
(862, 'Tshirt', 'tshirt-1merun-s-afl-nahar-fashion', 25, '2016-05-30 14:00:58', 1, NULL, NULL, NULL, NULL, 2, NULL, NULL, NULL, NULL, NULL, NULL, NULL, NULL, NULL, NULL, 49, '2016-05-30 17:17:14', 846, 25, 18, '015-18-15-046-000846', 'tshirt_1merun_s_afl_', 'tshirt_1merun_s_afl__nahar-fashion', 'Tshirt', 2, NULL, NULL, NULL, NULL, 0, NULL, NULL, NULL, NULL),
(863, 'Tshirt', 'tshirt-1white-xl-1-afl-nahar-fashion', 14, '2016-05-30 14:00:59', 1, NULL, NULL, NULL, NULL, 2, NULL, NULL, NULL, NULL, NULL, NULL, NULL, NULL, NULL, NULL, 49, '2016-05-30 17:17:14', 847, 22, 18, '015-07-12-046-000847', 'tshirt_1white_xl-1_afl_', 'tshirt_1white_xl-1_afl__nahar-fashion', 'Tshirt', 2, NULL, NULL, NULL, NULL, 0, NULL, NULL, NULL, NULL),
(864, 'Tshirt', 'tshirt-1black-1-l-1-afl-nahar-fashion', 13, '2016-05-30 14:01:00', 1, NULL, NULL, NULL, NULL, 2, NULL, NULL, NULL, NULL, NULL, NULL, NULL, NULL, NULL, NULL, 49, '2016-05-30 17:17:14', 848, 23, 18, '015-06-13-046-000848', 'tshirt_1black-1_l-1_afl_', 'tshirt_1black-1_l-1_afl__nahar-fashion', 'Tshirt', 1, NULL, NULL, NULL, NULL, 0, NULL, NULL, NULL, NULL),
(865, 'Tshirt', 'tshirt-1white-l-1-afl-nahar-fashion', 14, '2016-05-30 14:01:01', 1, NULL, NULL, NULL, NULL, 2, NULL, NULL, NULL, NULL, NULL, NULL, NULL, NULL, NULL, NULL, 49, '2016-05-30 17:17:14', 849, 23, 18, '015-07-13-046-000849', 'tshirt_1white_l-1_afl_', 'tshirt_1white_l-1_afl__nahar-fashion', 'Tshirt', 1, NULL, NULL, NULL, NULL, 0, NULL, NULL, NULL, NULL),
(866, 'Tshirt', 'tshirt-1blue-1-m-2-afl-nahar-fashion', 15, '2016-05-30 14:01:02', 1, NULL, NULL, NULL, NULL, 2, NULL, NULL, NULL, NULL, NULL, NULL, NULL, NULL, NULL, NULL, 49, '2016-05-30 17:17:14', 850, 21, 18, '015-08-11-046-000850', 'tshirt_1blue-1_m-2_afl_', 'tshirt_1blue-1_m-2_afl__nahar-fashion', 'Tshirt', 2, NULL, NULL, NULL, NULL, 0, NULL, NULL, NULL, NULL),
(867, 'Tshirt', 'tshirt-1green-m-2-afl-nahar-fashion', 17, '2016-05-30 14:01:03', 1, NULL, NULL, NULL, NULL, 2, NULL, NULL, NULL, NULL, NULL, NULL, NULL, NULL, NULL, NULL, 49, '2016-05-30 17:17:14', 851, 21, 18, '015-10-11-046-000851', 'tshirt_1green_m-2_afl_', 'tshirt_1green_m-2_afl__nahar-fashion', 'Tshirt', 2, NULL, NULL, NULL, NULL, 0, NULL, NULL, NULL, NULL),
(868, 'Tshirt', 'tshirt-1silver-1-m-2-afl-nahar-fashion', 10, '2016-05-30 14:01:04', 1, NULL, NULL, NULL, NULL, 2, NULL, NULL, NULL, NULL, NULL, NULL, NULL, NULL, NULL, NULL, 49, '2016-05-30 17:17:14', 852, 21, 18, '015-03-11-046-000852', 'tshirt_1silver-1_m-2_afl_', 'tshirt_1silver-1_m-2_afl__nahar-fashion', 'Tshirt', 3, NULL, NULL, NULL, NULL, 0, NULL, NULL, NULL, NULL),
(869, 'Tshirt', 'tshirt-1blue-1-l-1-afl-nahar-fashion', 15, '2016-05-30 14:01:06', 1, NULL, NULL, NULL, NULL, 2, NULL, NULL, NULL, NULL, NULL, NULL, NULL, NULL, NULL, NULL, 49, '2016-05-30 17:17:14', 853, 23, 18, '015-08-13-046-000853', 'tshirt_1blue-1_l-1_afl_', 'tshirt_1blue-1_l-1_afl__nahar-fashion', 'Tshirt', 1, NULL, NULL, NULL, NULL, 0, NULL, NULL, NULL, NULL),
(870, 'Tshirt', 'tshirt-1black-1-m-2-afl-nahar-fashion', 13, '2016-05-30 14:01:07', 1, NULL, NULL, NULL, NULL, 2, NULL, NULL, NULL, NULL, NULL, NULL, NULL, NULL, NULL, NULL, 49, '2016-05-30 17:17:14', 854, 21, 18, '015-06-11-046-000854', 'tshirt_1black-1_m-2_afl_', 'tshirt_1black-1_m-2_afl__nahar-fashion', 'Tshirt', 1, NULL, NULL, NULL, NULL, 0, NULL, NULL, NULL, NULL),
(871, 'Tshirt', 'tshirt-1mixed-f-afl-nahar-fashion', 12, '2016-05-30 14:01:08', 1, NULL, NULL, NULL, NULL, 2, NULL, NULL, NULL, NULL, NULL, NULL, NULL, NULL, NULL, NULL, 49, '2016-05-30 17:17:14', 855, 24, 18, '015-05-14-046-000855', 'tshirt_1mixed_f_afl_', 'tshirt_1mixed_f_afl__nahar-fashion', 'Tshirt', 5, NULL, NULL, NULL, NULL, 0, NULL, NULL, NULL, NULL),
(872, 'Tshirt', 'tshirt-1black-1-xl-1-afl-nahar-fashion', 13, '2016-05-30 14:01:09', 1, NULL, NULL, NULL, NULL, 2, NULL, NULL, NULL, NULL, NULL, NULL, NULL, NULL, NULL, NULL, 49, '2016-05-30 17:17:14', 856, 22, 18, '015-06-12-046-000856', 'tshirt_1black-1_xl-1_afl_', 'tshirt_1black-1_xl-1_afl__nahar-fashion', 'Tshirt', 1, NULL, NULL, NULL, NULL, 0, NULL, NULL, NULL, NULL),
(873, 'Tshirt', 'tshirt-1silver-1-xl-1-afl-nahar-fashion', 10, '2016-05-30 14:01:10', 1, NULL, NULL, NULL, NULL, 2, NULL, NULL, NULL, NULL, NULL, NULL, NULL, NULL, NULL, NULL, 49, '2016-05-30 17:17:14', 857, 22, 18, '015-03-12-046-000857', 'tshirt_1silver-1_xl-1_afl_', 'tshirt_1silver-1_xl-1_afl__nahar-fashion', 'Tshirt', 1, NULL, NULL, NULL, NULL, 0, NULL, NULL, NULL, NULL),
(874, 'Polo Tshirt', 'polo-tshirtwhite-m-2-afl-nahar-fashion', 14, '2016-05-30 14:01:12', 1, NULL, NULL, NULL, NULL, 2, NULL, NULL, NULL, NULL, NULL, NULL, NULL, NULL, NULL, NULL, 49, '2016-05-30 17:17:14', 858, 21, 10, '007-07-11-046-000858', 'polo_tshirtwhite_m-2_afl_', 'polo_tshirtwhite_m-2_afl__nahar-fashion', 'Polo Tshirt', 1, NULL, NULL, NULL, NULL, 0, NULL, NULL, NULL, NULL),
(875, 'Polo Tshirt', 'polo-tshirtblue-1-m-2-vf-1-nahar-fashion', 15, '2016-05-30 14:01:15', 1, NULL, NULL, NULL, NULL, 2, NULL, NULL, NULL, NULL, NULL, NULL, NULL, NULL, NULL, NULL, 27, '2016-05-30 17:17:14', 859, 21, 10, '007-08-11-024-000859', 'polo_tshirtblue-1_m-2_vf-1_', 'polo_tshirtblue-1_m-2_vf-1__nahar-fashion', 'Polo Tshirt', 2, NULL, NULL, NULL, NULL, 0, NULL, NULL, NULL, NULL),
(876, 'Polo Tshirt', 'polo-tshirtblue-1-s-vf-1-nahar-fashion', 15, '2016-05-30 14:01:17', 1, NULL, NULL, NULL, NULL, 2, NULL, NULL, NULL, NULL, NULL, NULL, NULL, NULL, NULL, NULL, 27, '2016-05-30 17:17:14', 860, 25, 10, '007-08-15-024-000860', 'polo_tshirtblue-1_s_vf-1_', 'polo_tshirtblue-1_s_vf-1__nahar-fashion', 'Polo Tshirt', 1, NULL, NULL, NULL, NULL, 0, NULL, NULL, NULL, NULL),
(877, 'Polo Tshirt', 'polo-tshirtblue-1-l-1-vf-1-nahar-fashion', 15, '2016-05-30 14:01:19', 1, NULL, NULL, NULL, NULL, 2, NULL, NULL, NULL, NULL, NULL, NULL, NULL, NULL, NULL, NULL, 27, '2016-05-30 17:17:14', 861, 23, 10, '007-08-13-024-000861', 'polo_tshirtblue-1_l-1_vf-1_', 'polo_tshirtblue-1_l-1_vf-1__nahar-fashion', 'Polo Tshirt', 1, NULL, NULL, NULL, NULL, 0, NULL, NULL, NULL, NULL),
(878, 'Polo Tshirt', 'polo-tshirtblack-1-l-1-vf-1-nahar-fashion', 13, '2016-05-30 14:01:20', 1, NULL, NULL, NULL, NULL, 2, NULL, NULL, NULL, NULL, NULL, NULL, NULL, NULL, NULL, NULL, 27, '2016-05-30 17:17:14', 862, 23, 10, '007-06-13-024-000862', 'polo_tshirtblack-1_l-1_vf-1_', 'polo_tshirtblack-1_l-1_vf-1__nahar-fashion', 'Polo Tshirt', 1, NULL, NULL, NULL, NULL, 0, NULL, NULL, NULL, NULL),
(879, 'Polo Tshirt', 'polo-tshirtgreen-s-vf-1-nahar-fashion', 17, '2016-05-30 14:01:21', 1, NULL, NULL, NULL, NULL, 2, NULL, NULL, NULL, NULL, NULL, NULL, NULL, NULL, NULL, NULL, 27, '2016-05-30 17:17:14', 863, 25, 10, '007-10-15-024-000863', 'polo_tshirtgreen_s_vf-1_', 'polo_tshirtgreen_s_vf-1__nahar-fashion', 'Polo Tshirt', 1, NULL, NULL, NULL, NULL, 0, NULL, NULL, NULL, NULL),
(880, 'Polo Tshirt', 'polo-tshirtred-1-m-2-vf-1-nahar-fashion', 11, '2016-05-30 14:01:22', 1, NULL, NULL, NULL, NULL, 2, NULL, NULL, NULL, NULL, NULL, NULL, NULL, NULL, NULL, NULL, 27, '2016-05-30 17:17:14', 864, 21, 10, '007-04-11-024-000864', 'polo_tshirtred-1_m-2_vf-1_', 'polo_tshirtred-1_m-2_vf-1__nahar-fashion', 'Polo Tshirt', 1, NULL, NULL, NULL, NULL, 0, NULL, NULL, NULL, NULL),
(881, 'Polo Tshirt', 'polo-tshirtmixed-f-vf-1-nahar-fashion', 12, '2016-05-30 14:01:23', 1, NULL, NULL, NULL, NULL, 2, NULL, NULL, NULL, NULL, NULL, NULL, NULL, NULL, NULL, NULL, 27, '2016-05-30 17:17:14', 865, 24, 10, '007-05-14-024-000865', 'polo_tshirtmixed_f_vf-1_', 'polo_tshirtmixed_f_vf-1__nahar-fashion', 'Polo Tshirt', 3, NULL, NULL, NULL, NULL, 0, NULL, NULL, NULL, NULL),
(882, 'Polo Tshirt', 'polo-tshirtsilver-1-f-vf-1-nahar-fashion', 10, '2016-05-30 14:01:24', 1, NULL, NULL, NULL, NULL, 2, NULL, NULL, NULL, NULL, NULL, NULL, NULL, NULL, NULL, NULL, 27, '2016-05-30 17:17:14', 866, 24, 10, '007-03-14-024-000866', 'polo_tshirtsilver-1_f_vf-1_', 'polo_tshirtsilver-1_f_vf-1__nahar-fashion', 'Polo Tshirt', 4, NULL, NULL, NULL, NULL, 0, NULL, NULL, NULL, NULL),
(883, 'Tshirt', 'tshirt-1pest-m-2-vf-1-nahar-fashion', 30, '2016-05-30 14:01:25', 1, NULL, NULL, NULL, NULL, 2, NULL, NULL, NULL, NULL, NULL, NULL, NULL, NULL, NULL, NULL, 27, '2016-05-30 17:17:14', 867, 21, 18, '015-23-11-024-000867', 'tshirt_1pest_m-2_vf-1_', 'tshirt_1pest_m-2_vf-1__nahar-fashion', 'Tshirt', 1, NULL, NULL, NULL, NULL, 0, NULL, NULL, NULL, NULL),
(884, 'Tshirt', 'tshirt-1pest-l-1-vf-1-nahar-fashion', 30, '2016-05-30 14:01:27', 1, NULL, NULL, NULL, NULL, 2, NULL, NULL, NULL, NULL, NULL, NULL, NULL, NULL, NULL, NULL, 27, '2016-05-30 17:17:14', 868, 23, 18, '015-23-13-024-000868', 'tshirt_1pest_l-1_vf-1_', 'tshirt_1pest_l-1_vf-1__nahar-fashion', 'Tshirt', 2, NULL, NULL, NULL, NULL, 0, NULL, NULL, NULL, NULL),
(885, 'Tshirt', 'tshirt-1merun-m-2-vf-1-nahar-fashion', 25, '2016-05-30 14:01:28', 1, NULL, NULL, NULL, NULL, 2, NULL, NULL, NULL, NULL, NULL, NULL, NULL, NULL, NULL, NULL, 27, '2016-05-30 17:17:14', 869, 21, 18, '015-18-11-024-000869', 'tshirt_1merun_m-2_vf-1_', 'tshirt_1merun_m-2_vf-1__nahar-fashion', 'Tshirt', 1, NULL, NULL, NULL, NULL, 0, NULL, NULL, NULL, NULL),
(886, 'Tshirt', 'tshirt-1green-m-2-vf-1-nahar-fashion', 17, '2016-05-30 14:01:29', 1, NULL, NULL, NULL, NULL, 2, NULL, NULL, NULL, NULL, NULL, NULL, NULL, NULL, NULL, NULL, 27, '2016-05-30 17:17:14', 870, 21, 18, '015-10-11-024-000870', 'tshirt_1green_m-2_vf-1_', 'tshirt_1green_m-2_vf-1__nahar-fashion', 'Tshirt', 1, NULL, NULL, NULL, NULL, 0, NULL, NULL, NULL, NULL),
(887, 'Tshirt', 'tshirt-1white-m-2-vf-1-nahar-fashion', 14, '2016-05-30 14:01:30', 1, NULL, NULL, NULL, NULL, 2, NULL, NULL, NULL, NULL, NULL, NULL, NULL, NULL, NULL, NULL, 27, '2016-05-30 17:17:14', 871, 21, 18, '015-07-11-024-000871', 'tshirt_1white_m-2_vf-1_', 'tshirt_1white_m-2_vf-1__nahar-fashion', 'Tshirt', 4, NULL, NULL, NULL, NULL, 0, NULL, NULL, NULL, NULL),
(888, 'Tshirt', 'tshirt-1merun-l-1-mkk-nahar-fashion', 25, '2016-05-30 14:01:32', 1, NULL, NULL, NULL, NULL, 2, NULL, NULL, NULL, NULL, NULL, NULL, NULL, NULL, NULL, NULL, 50, '2016-05-30 17:17:14', 872, 23, 18, '015-18-13-047-000872', 'tshirt_1merun_l-1_mkk_', 'tshirt_1merun_l-1_mkk__nahar-fashion', 'Tshirt', 3, NULL, NULL, NULL, NULL, 0, NULL, NULL, NULL, NULL),
(889, 'Tshirt', 'tshirt-1merun-xl-1-mkk-nahar-fashion', 25, '2016-05-30 14:01:34', 1, NULL, NULL, NULL, NULL, 2, NULL, NULL, NULL, NULL, NULL, NULL, NULL, NULL, NULL, NULL, 50, '2016-05-30 17:17:14', 873, 22, 18, '015-18-12-047-000873', 'tshirt_1merun_xl-1_mkk_', 'tshirt_1merun_xl-1_mkk__nahar-fashion', 'Tshirt', 4, NULL, NULL, NULL, NULL, 0, NULL, NULL, NULL, NULL),
(890, 'Tshirt', 'tshirt-1red-1-xl-1-mkk-nahar-fashion', 11, '2016-05-30 14:01:35', 1, NULL, NULL, NULL, NULL, 2, NULL, NULL, NULL, NULL, NULL, NULL, NULL, NULL, NULL, NULL, 50, '2016-05-30 17:17:14', 874, 22, 18, '015-04-12-047-000874', 'tshirt_1red-1_xl-1_mkk_', 'tshirt_1red-1_xl-1_mkk__nahar-fashion', 'Tshirt', 2, NULL, NULL, NULL, NULL, 0, NULL, NULL, NULL, NULL);
INSERT INTO `Item` (`id`, `name`, `slug`, `color_id`, `created`, `status`, `itemUnit`, `minQnt`, `maxQnt`, `remainingQnt`, `inventoryConfig_id`, `barcode`, `purchasePrice`, `purchaseAvgPrice`, `salesPrice`, `webPrice`, `quantity`, `country_id`, `brand_id`, `path`, `content`, `vendor_id`, `updated`, `code`, `size_id`, `masterItem_id`, `sku`, `skuSlug`, `skuWebSlug`, `webName`, `purchaseQuantity`, `purchaseQuantityReturn`, `salesQuantity`, `salesQuantityReturn`, `purchaseQuantityReplace`, `isWeb`, `ageGroup`, `gender`, `material`, `damageQuantity`) VALUES
(891, 'Tshirt', 'tshirt-1red-1-l-1-mkk-nahar-fashion', 11, '2016-05-30 14:01:36', 1, NULL, NULL, NULL, NULL, 2, NULL, NULL, NULL, NULL, NULL, NULL, NULL, NULL, NULL, NULL, 50, '2016-05-30 17:17:14', 875, 23, 18, '015-04-13-047-000875', 'tshirt_1red-1_l-1_mkk_', 'tshirt_1red-1_l-1_mkk__nahar-fashion', 'Tshirt', 2, NULL, NULL, NULL, NULL, 0, NULL, NULL, NULL, NULL),
(892, 'Tshirt', 'tshirt-1blue-1-m-2-mkk-nahar-fashion', 15, '2016-05-30 14:01:38', 1, NULL, NULL, NULL, NULL, 2, NULL, NULL, NULL, NULL, NULL, NULL, NULL, NULL, NULL, NULL, 50, '2016-05-30 17:17:14', 876, 21, 18, '015-08-11-047-000876', 'tshirt_1blue-1_m-2_mkk_', 'tshirt_1blue-1_m-2_mkk__nahar-fashion', 'Tshirt', 1, NULL, NULL, NULL, NULL, 0, NULL, NULL, NULL, NULL),
(893, 'Tshirt', 'tshirt-1merun-m-2-ab-nahar-fashion', 25, '2016-05-30 14:01:39', 1, NULL, NULL, NULL, NULL, 2, NULL, NULL, NULL, NULL, NULL, NULL, NULL, NULL, NULL, NULL, 12, '2016-05-30 17:17:14', 877, 21, 18, '015-18-11-009-000877', 'tshirt_1merun_m-2_ab_', 'tshirt_1merun_m-2_ab__nahar-fashion', 'Tshirt', 2, NULL, NULL, NULL, NULL, 0, NULL, NULL, NULL, NULL),
(894, 'Tshirt', 'tshirt-1blue-1-m-2-ab-nahar-fashion', 15, '2016-05-30 14:01:41', 1, NULL, NULL, NULL, NULL, 2, NULL, NULL, NULL, NULL, NULL, NULL, NULL, NULL, NULL, NULL, 12, '2016-05-30 17:17:14', 878, 21, 18, '015-08-11-009-000878', 'tshirt_1blue-1_m-2_ab_', 'tshirt_1blue-1_m-2_ab__nahar-fashion', 'Tshirt', 2, NULL, NULL, NULL, NULL, 0, NULL, NULL, NULL, NULL),
(895, 'Tshirt', 'tshirt-1black-1-l-1-ct-nahar-fashion', 13, '2016-05-30 14:01:42', 1, NULL, NULL, NULL, NULL, 2, NULL, NULL, NULL, NULL, NULL, NULL, NULL, NULL, NULL, NULL, 28, '2016-05-30 17:17:14', 879, 23, 18, '015-06-13-025-000879', 'tshirt_1black-1_l-1_ct_', 'tshirt_1black-1_l-1_ct__nahar-fashion', 'Tshirt', 1, NULL, NULL, NULL, NULL, 0, NULL, NULL, NULL, NULL),
(896, 'Tshirt', 'tshirt-1white-l-1-ct-nahar-fashion', 14, '2016-05-30 14:01:43', 1, NULL, NULL, NULL, NULL, 2, NULL, NULL, NULL, NULL, NULL, NULL, NULL, NULL, NULL, NULL, 28, '2016-05-30 17:17:14', 880, 23, 18, '015-07-13-025-000880', 'tshirt_1white_l-1_ct_', 'tshirt_1white_l-1_ct__nahar-fashion', 'Tshirt', 1, NULL, NULL, NULL, NULL, 0, NULL, NULL, NULL, NULL),
(897, 'Gents Jeans Pants', 'gents-jeans-pantscoffy-xxl-gb-1-nahar-fashion', 18, '2016-05-30 19:48:48', 1, NULL, NULL, NULL, NULL, 2, NULL, 100, NULL, 150, NULL, NULL, NULL, NULL, NULL, NULL, 4, '2016-06-10 15:43:59', 881, 31, 34, '031-11-21-001-000881', 'gents_jeans_pantscoffy_xxl_gb-1_', 'gents_jeans_pantscoffy_xxl_gb-1__nahar-fashion', NULL, 3, NULL, NULL, NULL, NULL, 0, NULL, NULL, NULL, NULL),
(898, ' Culflen', 'culflendefault-default-gb-1-nahar-fashion', 24, '2016-05-30 19:49:06', 1, NULL, NULL, NULL, NULL, 2, NULL, NULL, NULL, NULL, NULL, NULL, NULL, NULL, NULL, NULL, 4, '2016-05-30 19:49:06', 882, 34, 17, '014-17-24-001-000882', 'culflendefault_default_gb-1_', 'culflendefault_default_gb-1__nahar-fashion', NULL, NULL, NULL, NULL, NULL, NULL, 0, NULL, NULL, NULL, NULL),
(899, ' Culflen', 'culflendefault-default-gb-1-nahar-fashion-1', 24, '2016-05-30 19:49:22', 1, NULL, NULL, NULL, NULL, 2, NULL, NULL, NULL, NULL, NULL, NULL, NULL, NULL, NULL, NULL, 4, '2016-05-30 19:49:22', 883, 34, 17, '014-17-24-001-000883', 'culflendefault_default_gb-1_', 'culflendefault_default_gb-1__nahar-fashion', NULL, NULL, NULL, NULL, NULL, NULL, 0, NULL, NULL, NULL, NULL),
(900, ' Culflen', 'culflencoffy-default-gb-1-nahar-fashion', 18, '2016-05-30 20:01:50', 1, NULL, NULL, NULL, NULL, 2, NULL, 100, NULL, 150, NULL, NULL, NULL, NULL, NULL, NULL, 4, '2016-06-10 15:43:59', 884, 34, 17, '014-11-24-001-000884', 'culflencoffy_default_gb-1_', 'culflencoffy_default_gb-1__nahar-fashion', NULL, 1, NULL, NULL, NULL, NULL, 0, NULL, NULL, NULL, NULL),
(901, ' Culflen', 'culflenmixed-default-gb-1-nahar-fashion', 12, '2016-05-30 20:02:12', 1, NULL, NULL, NULL, NULL, 2, NULL, NULL, NULL, NULL, NULL, NULL, NULL, NULL, NULL, NULL, 4, '2016-05-30 20:02:12', 885, 34, 17, '014-05-24-001-000885', 'culflenmixed_default_gb-1_', 'culflenmixed_default_gb-1__nahar-fashion', NULL, NULL, NULL, NULL, NULL, NULL, 0, NULL, NULL, NULL, NULL),
(902, ' Culflen', 'culflendefault-44-gb-1-nahar-fashion', 24, '2016-05-30 20:02:39', 1, NULL, NULL, NULL, NULL, 2, NULL, NULL, NULL, NULL, NULL, NULL, NULL, NULL, NULL, NULL, 4, '2016-05-30 20:02:39', 886, 27, 17, '014-17-17-001-000886', 'culflendefault_44_gb-1_', 'culflendefault_44_gb-1__nahar-fashion', NULL, NULL, NULL, NULL, NULL, NULL, 0, NULL, NULL, NULL, NULL),
(903, 'Foundation', 'foundationpurple-2-100-ml-mack-kamal-associates-2', 37, '2016-06-02 10:18:22', 1, NULL, NULL, NULL, NULL, 9, NULL, NULL, NULL, NULL, NULL, NULL, NULL, 9, NULL, NULL, NULL, '2016-06-02 10:19:04', 1, 53, 49, '001-01-01-01-000001', 'foundationpurple-2_100-ml_mack_', 'foundationpurple-2_100-ml_mack__kamal-associates-2', 'Foundation', 10, NULL, NULL, NULL, NULL, 0, NULL, NULL, NULL, NULL),
(904, 'Make Up Box', 'make-up-boxblack-2-default-1-uni-lever-kamal-associates-2', 38, '2016-06-02 10:18:23', 1, NULL, NULL, NULL, NULL, 9, NULL, NULL, NULL, NULL, NULL, NULL, NULL, 10, NULL, NULL, NULL, '2016-06-02 10:19:04', 2, 54, 50, '002-02-02-02-000002', 'make_up_boxblack-2_default-1_uni-lever_', 'make_up_boxblack-2_default-1_uni-lever__kamal-associates-2', 'Make Up Box', 5, NULL, NULL, NULL, NULL, 0, NULL, NULL, NULL, NULL),
(905, 'Foundation', 'foundation-1100-ml-1-mack-1-xebec-international-school', NULL, '2016-06-03 23:18:49', 1, NULL, NULL, NULL, NULL, 6, NULL, 100, NULL, 250, NULL, NULL, NULL, 11, NULL, NULL, NULL, '2016-06-04 08:41:42', 1, 55, 51, '001-01-01-000001', 'foundation_1100-ml-1_mack-1_', 'foundation_1100-ml-1_mack-1__xebec-international-school', 'Foundation', 18, NULL, 2, NULL, NULL, 0, NULL, NULL, NULL, NULL),
(906, 'Make Up Box', 'make-up-box-1default-2-uni-lever-1-xebec-international-school', NULL, '2016-06-03 23:18:50', 1, NULL, NULL, NULL, NULL, 6, NULL, 100, NULL, 250, NULL, NULL, NULL, 12, NULL, NULL, NULL, '2016-06-04 08:41:42', 2, 56, 52, '002-02-02-000002', 'make_up_box_1default-2_uni-lever-1_', 'make_up_box_1default-2_uni-lever-1__xebec-international-school', 'Make Up Box', 7, NULL, 2, NULL, NULL, 0, NULL, NULL, NULL, NULL);

-- --------------------------------------------------------

--
-- Table structure for table `ItemAttribute`
--

CREATE TABLE IF NOT EXISTS `ItemAttribute` (
  `id` int(11) NOT NULL,
  `name` varchar(255) COLLATE utf8_unicode_ci NOT NULL,
  `placeholder` varchar(255) COLLATE utf8_unicode_ci DEFAULT NULL,
  `toolTip` varchar(255) COLLATE utf8_unicode_ci DEFAULT NULL,
  `slug` varchar(255) COLLATE utf8_unicode_ci NOT NULL,
  `status` tinyint(1) NOT NULL,
  `category_id` int(11) DEFAULT NULL,
  `dropDown` tinyint(1) NOT NULL
) ENGINE=InnoDB AUTO_INCREMENT=12 DEFAULT CHARSET=utf8 COLLATE=utf8_unicode_ci;

--
-- Dumping data for table `ItemAttribute`
--

INSERT INTO `ItemAttribute` (`id`, `name`, `placeholder`, `toolTip`, `slug`, `status`, `category_id`, `dropDown`) VALUES
(1, 'Cuff Type', 'Button', 'Button', 'cuff-type', 1, 2, 0),
(2, 'Fit', 'Regular|Casual', 'Regular,Casual', 'fit', 1, 2, 0),
(3, 'Pattern', 'Logo|Image|Text', 'Logo,Image,Text', 'pattern', 1, 2, 0),
(4, 'Sleeve Length', 'Long Sleeve|Short Sleeve', 'Long Sleeve,Short Sleeve', 'sleeve-length', 1, 2, 0),
(5, 'Washing Instructions', 'Machine washable|HandWash', 'Machine washable,HandWash', 'washing-instructions', 1, 2, 0),
(6, 'Waist', '28"-30"|31"-34"|35"-38"|40"-42"|43"-45"', '28"-30"|31"-34"|35"-38"|40"-42"|43"-45"', 'waist', 1, 2, 1),
(7, 'Chest', '38"|40"|42"|44"|46"', '38"|40"|42"|44"|46"', 'chest', 1, 2, 1),
(8, 'Material', 'Material', 'Material', 'material', 1, 2, 0),
(9, 'Ingrediant', 'Served with Basmoti Rice', 'Served with Basmoti Rice', 'ingrediant', 1, 26, 1),
(10, 'zc zxc', 'xzczxc', 'zxcxzc', 'zc-zxc', 1, 26, 1),
(11, 'Metarial', 'Metarial', 'Metarial', 'metarial', 1, 19, 1);

-- --------------------------------------------------------

--
-- Table structure for table `ItemBrand`
--

CREATE TABLE IF NOT EXISTS `ItemBrand` (
  `id` int(11) NOT NULL,
  `name` varchar(255) COLLATE utf8_unicode_ci NOT NULL,
  `slug` varchar(255) COLLATE utf8_unicode_ci NOT NULL,
  `code` int(11) DEFAULT NULL,
  `status` tinyint(1) NOT NULL,
  `inventoryConfig_id` int(11) DEFAULT NULL
) ENGINE=InnoDB AUTO_INCREMENT=16 DEFAULT CHARSET=utf8 COLLATE=utf8_unicode_ci;

--
-- Dumping data for table `ItemBrand`
--

INSERT INTO `ItemBrand` (`id`, `name`, `slug`, `code`, `status`, `inventoryConfig_id`) VALUES
(3, 'Polo', 'polo', 1, 1, 7),
(4, 'default', 'default', 2, 1, 7),
(5, 'Cats Eye', 'cats-eye', 3, 1, 7),
(6, 'CK', 'ck', 4, 1, 7),
(7, 'LG', 'lg', 5, 1, 7),
(8, 'default', 'default-1', 1, 1, 2),
(9, 'Mack', 'mack', 1, 1, 9),
(10, 'Uni Lever', 'uni-lever', 2, 1, 9),
(11, 'Mack', 'mack-1', 1, 1, 6),
(12, 'Uni Lever', 'uni-lever-1', 2, 1, 6),
(13, 'Uni Lever', 'uni-lever', 2, 1, 12),
(14, 'Mack', 'mack-1', 1, 1, 12),
(15, 'Cats Eye', 'cats-eye', 3, 1, 12);

-- --------------------------------------------------------

--
-- Table structure for table `ItemColor`
--

CREATE TABLE IF NOT EXISTS `ItemColor` (
  `id` int(11) NOT NULL,
  `name` varchar(255) COLLATE utf8_unicode_ci NOT NULL,
  `slug` varchar(255) COLLATE utf8_unicode_ci NOT NULL,
  `code` int(11) DEFAULT NULL,
  `status` tinyint(1) NOT NULL,
  `inventoryConfig_id` int(11) DEFAULT NULL
) ENGINE=InnoDB AUTO_INCREMENT=45 DEFAULT CHARSET=utf8 COLLATE=utf8_unicode_ci;

--
-- Dumping data for table `ItemColor`
--

INSERT INTO `ItemColor` (`id`, `name`, `slug`, `code`, `status`, `inventoryConfig_id`) VALUES
(1, 'Purple', 'purple', 1, 1, 7),
(2, 'Pink', 'pink', 2, 1, 7),
(3, 'Silver', 'silver', 3, 1, 7),
(4, 'Red', 'red', 4, 1, 7),
(5, 'Orange', 'orange', 5, 1, 7),
(6, 'Black', 'black', 6, 1, 7),
(7, 'Blue', 'blue', 7, 1, 7),
(8, 'Purple', 'purple-1', 1, 1, 2),
(9, 'Pink', 'pink-1', 2, 1, 2),
(10, 'Silver', 'silver-1', 3, 1, 2),
(11, 'Red', 'red-1', 4, 1, 2),
(12, 'Mixed', 'mixed', 5, 1, 2),
(13, 'Black', 'black-1', 6, 1, 2),
(14, 'White', 'white', 7, 1, 2),
(15, 'Blue', 'blue-1', 8, 1, 2),
(16, 'Yellow', 'yellow', 9, 1, 2),
(17, 'Green ', 'green', 10, 1, 2),
(18, 'Coffy', 'coffy', 11, 1, 2),
(19, 'Sky Blue', 'sky-blue', 12, 1, 2),
(20, 'Brown', 'brown', 13, 1, 2),
(21, 'Orange', 'orange-1', 14, 1, 2),
(22, 'Botton Green', 'botton-green', 15, 1, 2),
(23, 'Golden', 'golden', 16, 1, 2),
(24, 'default', 'default', 17, 1, 2),
(25, 'Merun', 'merun', 18, 1, 2),
(26, 'Ligtt Pink', 'ligtt-pink', 19, 1, 2),
(27, 'Biskit', 'biskit', 20, 1, 2),
(28, 'Light purple', 'light-purple', 21, 1, 2),
(29, 'Ofwhite', 'ofwhite', 22, 1, 2),
(30, 'Pest', 'pest', 23, 1, 2),
(31, 'Olive', 'olive', 24, 1, 2),
(32, 'Light Orange', 'light-orange', 25, 1, 2),
(33, 'Misti', 'misti', 26, 1, 2),
(34, 'Tiya', 'tiya', 27, 1, 2),
(35, 'Malti', 'malti', 28, 1, 2),
(36, 'Firoja', 'firoja', 29, 1, 2),
(37, 'Purple', 'purple-2', 1, 1, 9),
(38, 'Black', 'black-2', 2, 1, 9),
(39, 'Purple', 'purple-3', 1, 1, 6),
(40, 'Black', 'black-3', 2, 1, 6),
(41, 'Red', 'red-2', 1, 1, 12),
(42, 'White', 'white-1', 2, 1, 12),
(43, 'Blue', 'blue-2', 3, 1, 12),
(44, 'Green', 'green-1', 4, 1, 12);

-- --------------------------------------------------------

--
-- Table structure for table `ItemGallery`
--

CREATE TABLE IF NOT EXISTS `ItemGallery` (
  `id` int(11) NOT NULL,
  `item_id` int(11) DEFAULT NULL,
  `path` tinytext COLLATE utf8_unicode_ci,
  `purchaseVendorItem_id` int(11) DEFAULT NULL
) ENGINE=InnoDB AUTO_INCREMENT=60 DEFAULT CHARSET=utf8 COLLATE=utf8_unicode_ci;

--
-- Dumping data for table `ItemGallery`
--

INSERT INTO `ItemGallery` (`id`, `item_id`, `path`, `purchaseVendorItem_id`) VALUES
(1, 1, 'p1ac9q972b1lng12g1fkd4i1qek4.jpg', NULL),
(2, 1, 'p1ac9q972l1nurl1h19j5m48od65.jpg', NULL),
(3, 1, 'p1ac9q972m1faovn74396mvc6i6.jpg', NULL),
(4, 1, 'p1ac9q972nhbc19rs1rua1f061d8q7.jpg', NULL),
(11, 98, 'p1afoliuhj1ditofh47gjgmn4a4.jpg', NULL),
(12, 98, 'p1afoliuhjsj710493fn1hv71qp25.jpg', NULL),
(13, 98, 'p1afoliuhjrmh1ptk1vet1ls6mhu6.jpg', NULL),
(14, 98, 'p1afoliuhjus51e9k17ce5so1teq7.jpg', NULL),
(15, 120, 'p1afps5ggo1nv3n924ubhd69g14.jpg', NULL),
(16, 120, 'p1afps5ggp6cs1p8n1m7mtp3fh5.jpg', NULL),
(17, 120, 'p1afps5ggp1tlt1t4l2s31r99p6m6.jpg', NULL),
(18, 120, 'p1afps5ggq1qmei8k13cl1n7iaat7.jpg', NULL),
(19, 877, 'p1afq340co5dh1q8v1ndrt41sje4.jpg', NULL),
(20, 877, 'p1afq340comdqgug1djo1lhsmcm5.jpg', NULL),
(21, 877, 'p1afq340cophitnfucsc1e1kg66.jpg', NULL),
(22, 878, 'p1afq37hv1l41kshlp8lud1b0k4.JPG', NULL),
(23, 878, 'p1afq37hv13vr1dvuk9ei321a3l5.JPG', NULL),
(24, 878, 'p1afq37hv2rb1ufdqmg19nao9a6.JPG', NULL),
(25, 878, 'p1afq37hv2afn8df1ksfm01cv17.JPG', NULL),
(26, 17, 'p1ak0nbbe2h1f1q2s8c6lle1c6e4.jpg', NULL),
(27, NULL, 'p1akkcqh8dn569afc21aei1cc24.jpg', 15),
(28, NULL, 'p1akkcqh8dqb11odq1one152t17fv5.jpg', 15),
(29, NULL, 'p1akkcqh8e6pl15561egb19t3e9t6.jpg', 15),
(30, NULL, 'p1akkcqh8e1rltmb3gefuc91er17.jpg', 15),
(31, NULL, 'p1akkcqh8e1fvf14i316g01cetrh18.jpg', 15),
(33, NULL, 'p1akkd7qed1n6bi1q18daoak197l5.jpg', 25),
(34, NULL, 'p1akkd7qed14gl19ql5osn97o86.jpg', 25),
(36, NULL, 'p1akkdgcgl68mdbqu1q6m13ks4.jpg', 25),
(38, NULL, 'p1akkdgcgl10s2rnnbfbvln1gac6.jpg', 25),
(40, NULL, 'p1akkdkha5ilo68uq24skehqj4.jpg', 25),
(41, NULL, 'p1akkdkha56j5cej14s71n4dm6c5.jpg', 25),
(42, NULL, 'p1ao6uohaq1jmmk5fhrk19msble4.jpg', 330),
(43, NULL, 'p1ao6uohaq9g71u0f1c6mqou13265.jpg', 330),
(44, NULL, 'p1ao6uohaqo2qtc1irr150e1o4s6.jpg', 330),
(45, NULL, 'p1ao6uohar8r51gi5echkul1qcc7.jpg', 330),
(46, NULL, 'p1aostilgimp21ks03ep5581doh4.jpg', 337),
(47, NULL, 'p1aostilgi17og2971vge13521mbj5.jpg', 337),
(48, NULL, 'p1aostilgj174v2eg7lra3dc4g6.jpg', 337),
(49, NULL, 'p1ap14k5331d7rbb41f341i4pap94.jpg', 336),
(50, NULL, 'p1ap3j4m3u3dc10v9107q1op9lvv4.jpg', 335),
(51, NULL, 'p1ap3j4m3v7sj1mm69ns10eg1cjo5.jpg', 335),
(52, NULL, 'p1ap3j4m3vmjr1fnn8n6am6mml6.jpg', 335),
(53, NULL, 'p1aq9leecc147d1071bo1j799mh4.jpg', 259),
(54, NULL, 'p1aq9leecdmar18fnrg2fa5qe5.jpg', 259),
(55, NULL, 'p1aq9leecdcir1td2qcq1q7k18e06.jpg', 259),
(56, NULL, 'p1aq9leecdk866ug1oe0is15sl7.jpg', 259),
(57, NULL, 'p1aram974a1m6ajqq181i1qgrgtk4.jpg', 338),
(58, NULL, 'p1aram974a1gqhcrn10kh1rt0l2k5.jpg', 338),
(59, NULL, 'p1aram974atur1l7cegp1aog1rjj6.jpg', 338);

-- --------------------------------------------------------

--
-- Table structure for table `ItemInventory`
--

CREATE TABLE IF NOT EXISTS `ItemInventory` (
  `id` int(11) NOT NULL,
  `item_id` int(11) DEFAULT NULL,
  `created` datetime NOT NULL,
  `itemProcess` int(11) DEFAULT NULL
) ENGINE=InnoDB DEFAULT CHARSET=utf8 COLLATE=utf8_unicode_ci;

-- --------------------------------------------------------

--
-- Table structure for table `ItemKeyValue`
--

CREATE TABLE IF NOT EXISTS `ItemKeyValue` (
  `id` int(11) NOT NULL,
  `purchaseVendorItem_id` int(11) DEFAULT NULL,
  `metaKey` varchar(255) COLLATE utf8_unicode_ci DEFAULT NULL,
  `metaValue` varchar(255) COLLATE utf8_unicode_ci DEFAULT NULL
) ENGINE=InnoDB AUTO_INCREMENT=4 DEFAULT CHARSET=utf8 COLLATE=utf8_unicode_ci;

--
-- Dumping data for table `ItemKeyValue`
--

INSERT INTO `ItemKeyValue` (`id`, `purchaseVendorItem_id`, `metaKey`, `metaValue`) VALUES
(2, 338, 'Label-3', 'Value-3'),
(3, 338, 'xzzcxz', 'xzczxczxczxcz');

-- --------------------------------------------------------

--
-- Table structure for table `ItemMetaAttribute`
--

CREATE TABLE IF NOT EXISTS `ItemMetaAttribute` (
  `id` int(11) NOT NULL,
  `status` tinyint(1) NOT NULL,
  `purchaseVendorItem_id` int(11) DEFAULT NULL,
  `itemAttribute_id` int(11) DEFAULT NULL,
  `value` varchar(255) COLLATE utf8_unicode_ci NOT NULL
) ENGINE=InnoDB AUTO_INCREMENT=89 DEFAULT CHARSET=utf8 COLLATE=utf8_unicode_ci;

--
-- Dumping data for table `ItemMetaAttribute`
--

INSERT INTO `ItemMetaAttribute` (`id`, `status`, `purchaseVendorItem_id`, `itemAttribute_id`, `value`) VALUES
(49, 1, 25, 7, ''),
(50, 1, 25, 1, 'Button'),
(51, 1, 25, 2, 'Regular,Casual'),
(52, 1, 25, 8, 'Material'),
(53, 1, 25, 3, 'Logo,Image,Text'),
(54, 1, 25, 4, 'Long Sleeve,Short Sleeve'),
(55, 1, 25, 6, ''),
(56, 1, 25, 5, 'Machine washable,HandWash'),
(57, 1, 18, 7, ''),
(58, 1, 18, 1, ''),
(59, 1, 18, 2, 'Regular,Casual'),
(60, 1, 18, 8, 'Material'),
(61, 1, 18, 3, 'Logo,Image,Text'),
(62, 1, 18, 4, 'Long Sleeve,Short Sleeve'),
(63, 1, 18, 6, '28"-30"|31"-34"|35"-38"|40"-42"|43"-45"'),
(64, 1, 18, 5, 'Machine washable,HandWash'),
(65, 1, 259, 7, '38"|40"|42"|44"|46"'),
(66, 1, 259, 1, 'Button'),
(67, 1, 259, 2, 'Regular,Casual'),
(68, 1, 259, 8, 'Material'),
(69, 1, 259, 3, 'Logo,Image,Text'),
(70, 1, 259, 4, 'Long Sleeve,Short Sleeve'),
(71, 1, 259, 6, '28"-30"|31"-34"|35"-38"|40"-42"|43"-45"'),
(72, 1, 259, 5, 'Machine washable,HandWash'),
(73, 1, 330, 7, '38"|40"|42"|44"|46"'),
(74, 1, 330, 1, 'Button'),
(75, 1, 330, 2, 'Regular,Casual'),
(76, 1, 330, 8, 'Material'),
(77, 1, 330, 3, ''),
(78, 1, 330, 4, ''),
(79, 1, 330, 6, '28"-30"|31"-34"|35"-38"|40"-42"|43"-45"'),
(80, 1, 330, 5, ''),
(81, 1, 337, 9, 'Served with Basmoti Rice'),
(82, 1, 337, 10, 'Test'),
(83, 1, 336, 9, ''),
(84, 1, 336, 10, ''),
(85, 1, 335, 9, 'Served with Basmoti Rice'),
(86, 1, 335, 10, 'xzczxc'),
(87, 1, 338, 11, 'Metarial'),
(88, 1, 340, 11, 'Metarial');

-- --------------------------------------------------------

--
-- Table structure for table `ItemSize`
--

CREATE TABLE IF NOT EXISTS `ItemSize` (
  `id` int(11) NOT NULL,
  `name` varchar(255) COLLATE utf8_unicode_ci NOT NULL,
  `slug` varchar(255) COLLATE utf8_unicode_ci NOT NULL,
  `code` int(11) DEFAULT NULL,
  `status` tinyint(1) NOT NULL,
  `inventoryConfig_id` int(11) DEFAULT NULL
) ENGINE=InnoDB AUTO_INCREMENT=69 DEFAULT CHARSET=utf8 COLLATE=utf8_unicode_ci;

--
-- Dumping data for table `ItemSize`
--

INSERT INTO `ItemSize` (`id`, `name`, `slug`, `code`, `status`, `inventoryConfig_id`) VALUES
(1, '16.5', '16-5', 1, 1, 7),
(2, '15.5', '15-5', 2, 1, 7),
(3, '16', '16', 3, 1, 7),
(4, '15', '15', 4, 1, 7),
(5, 'XL', 'xl', 5, 1, 7),
(6, 'L', 'l', 6, 1, 7),
(7, '30', '30', 7, 1, 7),
(8, '34', '34', 8, 1, 7),
(9, '36', '36', 9, 1, 7),
(10, '32', '32', 10, 1, 7),
(11, '16.5', '16-5-1', 1, 1, 2),
(12, '15.5', '15-5-1', 2, 1, 2),
(13, '16', '16-1', 3, 1, 2),
(14, '15', '15-1', 4, 1, 2),
(15, '                          M', 'm', 5, 1, 2),
(16, '                         E', 'e', 6, 1, 2),
(17, 'O', 'o', 7, 1, 2),
(18, '                           M', 'm-1', 8, 1, 2),
(19, '                           E', 'e-1', 9, 1, 2),
(20, 'E', 'e-2', 10, 1, 2),
(21, 'M', 'm-2', 11, 1, 2),
(22, 'XL', 'xl-1', 12, 1, 2),
(23, 'L', 'l-1', 13, 1, 2),
(24, 'F', 'f', 14, 1, 2),
(25, 'S', 's', 15, 1, 2),
(26, 'S|M|L|XL|XXL|XXXL', 's-m-l-xl-xxl-xxxl', 16, 1, 2),
(27, '44', '44', 17, 1, 2),
(28, '45', '45', 18, 1, 2),
(29, '42', '42', 19, 1, 2),
(30, '40', '40', 20, 1, 2),
(31, 'XXL', 'xxl', 21, 1, 2),
(32, '38', '38', 22, 1, 2),
(33, '50', '50', 23, 1, 2),
(34, 'default', 'default', 24, 1, 2),
(35, '46', '46', 25, 1, 2),
(36, '52', '52', 26, 1, 2),
(37, '54', '54', 27, 1, 2),
(38, '30', '30-1', 28, 1, 2),
(39, '32', '32-1', 29, 1, 2),
(40, '36', '36-1', 30, 1, 2),
(41, '34', '34-1', 31, 1, 2),
(42, '28', '28', 32, 1, 2),
(43, '31', '31', 33, 1, 2),
(44, '33', '33', 34, 1, 2),
(45, '29', '29', 35, 1, 2),
(46, '43', '43', 36, 1, 2),
(47, '35', '35', 37, 1, 2),
(48, '37', '37', 38, 1, 2),
(49, 'XXXL', 'xxxl', 39, 1, 2),
(50, '27', '27', 40, 1, 2),
(51, '25', '25', 41, 1, 2),
(52, '26', '26', 42, 1, 2),
(53, '100 ml', '100-ml', 1, 1, 9),
(54, 'default', 'default-1', 2, 1, 9),
(55, '100 ml', '100-ml-1', 1, 1, 6),
(56, 'default', 'default-2', 2, 1, 6),
(57, 'Family', 'family', 1, 1, 11),
(58, 'Midum', 'midum', 2, 1, 11),
(59, 'Small', 'small', 3, 1, 11),
(60, '1 pound', '1-pound', 4, 1, 11),
(61, '1 Kg', '1-kg', 5, 1, 11),
(62, '1 pic', '1-pic', 6, 1, 11),
(63, '2 pics', '2-pics', 7, 1, 11),
(64, 'Round', 'round', 8, 1, 11),
(65, '400 gm', '400-gm', 1, 1, 12),
(66, '200 gm', '200-gm', 2, 1, 12),
(67, '300 gm', '300-gm', 3, 1, 12),
(68, '100 gm', '100-gm-1', 4, 1, 12);

-- --------------------------------------------------------

--
-- Table structure for table `itemsize_category`
--

CREATE TABLE IF NOT EXISTS `itemsize_category` (
  `itemsize_id` int(11) NOT NULL,
  `category_id` int(11) NOT NULL
) ENGINE=InnoDB DEFAULT CHARSET=utf8 COLLATE=utf8_unicode_ci;

--
-- Dumping data for table `itemsize_category`
--

INSERT INTO `itemsize_category` (`itemsize_id`, `category_id`) VALUES
(65, 19),
(65, 20),
(65, 22),
(65, 23),
(65, 60),
(65, 64),
(65, 380),
(65, 385),
(65, 386),
(65, 387),
(65, 388),
(65, 393),
(65, 394),
(65, 395),
(65, 439),
(66, 19),
(66, 22),
(66, 60),
(66, 380),
(66, 385),
(66, 386),
(66, 387),
(66, 388),
(66, 394),
(66, 395),
(67, 19),
(67, 22),
(67, 60),
(67, 168),
(67, 380),
(67, 385),
(67, 386),
(67, 387),
(67, 388),
(67, 391),
(67, 393),
(67, 394),
(67, 395),
(67, 439),
(68, 19),
(68, 22),
(68, 60),
(68, 380),
(68, 385),
(68, 386),
(68, 387),
(68, 388),
(68, 393),
(68, 394);

-- --------------------------------------------------------

--
-- Table structure for table `ItemTypeGrouping`
--

CREATE TABLE IF NOT EXISTS `ItemTypeGrouping` (
  `id` int(11) NOT NULL,
  `inventoryConfig_id` int(11) DEFAULT NULL
) ENGINE=InnoDB AUTO_INCREMENT=6 DEFAULT CHARSET=utf8 COLLATE=utf8_unicode_ci;

--
-- Dumping data for table `ItemTypeGrouping`
--

INSERT INTO `ItemTypeGrouping` (`id`, `inventoryConfig_id`) VALUES
(1, 2),
(2, 4),
(3, 6),
(4, 11),
(5, 12);

-- --------------------------------------------------------

--
-- Table structure for table `itemtypegrouping_category`
--

CREATE TABLE IF NOT EXISTS `itemtypegrouping_category` (
  `itemtypegrouping_id` int(11) NOT NULL,
  `category_id` int(11) NOT NULL
) ENGINE=InnoDB DEFAULT CHARSET=utf8 COLLATE=utf8_unicode_ci;

--
-- Dumping data for table `itemtypegrouping_category`
--

INSERT INTO `itemtypegrouping_category` (`itemtypegrouping_id`, `category_id`) VALUES
(1, 1),
(1, 7),
(1, 10),
(1, 14),
(1, 18),
(1, 31),
(1, 97),
(2, 1),
(2, 637),
(3, 31),
(3, 605),
(3, 637),
(4, 24),
(5, 7),
(5, 10),
(5, 14),
(5, 18),
(5, 31),
(5, 43),
(5, 44),
(5, 45),
(5, 59),
(5, 67),
(5, 97),
(5, 605),
(5, 637);

-- --------------------------------------------------------

--
-- Table structure for table `ItemUnit`
--

CREATE TABLE IF NOT EXISTS `ItemUnit` (
  `id` int(11) NOT NULL,
  `name` varchar(255) COLLATE utf8_unicode_ci NOT NULL,
  `slug` varchar(255) COLLATE utf8_unicode_ci NOT NULL,
  `code` int(11) DEFAULT NULL,
  `status` tinyint(1) NOT NULL,
  `inventoryConfig_id` int(11) DEFAULT NULL
) ENGINE=InnoDB AUTO_INCREMENT=8 DEFAULT CHARSET=utf8 COLLATE=utf8_unicode_ci;

--
-- Dumping data for table `ItemUnit`
--

INSERT INTO `ItemUnit` (`id`, `name`, `slug`, `code`, `status`, `inventoryConfig_id`) VALUES
(1, 'Set', 'set', NULL, 1, 2),
(2, 'Packet', 'packet', NULL, 1, 2),
(3, 'Pic', 'Pic', NULL, 1, 11),
(4, 'Set', 'Set', NULL, 1, 11),
(5, 'Pics', 'pics', NULL, 1, 12),
(6, 'Set', 'set-1', NULL, 1, 12),
(7, 'Bag', 'bag', NULL, 1, 12);

-- --------------------------------------------------------

--
-- Table structure for table `item_category`
--

CREATE TABLE IF NOT EXISTS `item_category` (
  `item_id` int(11) NOT NULL,
  `category_id` int(11) NOT NULL
) ENGINE=InnoDB DEFAULT CHARSET=utf8 COLLATE=utf8_unicode_ci;

-- --------------------------------------------------------

--
-- Table structure for table `item_master`
--

CREATE TABLE IF NOT EXISTS `item_master` (
  `id` int(11) NOT NULL,
  `category_id` int(11) DEFAULT NULL,
  `slug` varchar(255) COLLATE utf8_unicode_ci NOT NULL,
  `created` datetime NOT NULL,
  `updated` datetime NOT NULL,
  `name` varchar(255) COLLATE utf8_unicode_ci NOT NULL,
  `code` int(11) NOT NULL,
  `unit` varchar(50) COLLATE utf8_unicode_ci DEFAULT NULL,
  `status` tinyint(1) NOT NULL,
  `inventoryConfig_id` int(11) DEFAULT NULL,
  `path` varchar(255) COLLATE utf8_unicode_ci DEFAULT NULL
) ENGINE=InnoDB AUTO_INCREMENT=54 DEFAULT CHARSET=utf8 COLLATE=utf8_unicode_ci;

--
-- Dumping data for table `item_master`
--

INSERT INTO `item_master` (`id`, `category_id`, `slug`, `created`, `updated`, `name`, `code`, `unit`, `status`, `inventoryConfig_id`, `path`) VALUES
(1, 628, 'formal_shirt', '2016-05-27 12:33:02', '2016-05-27 12:33:02', 'Formal Shirt', 1, NULL, 1, 7, NULL),
(2, 641, 'tshirt', '2016-05-27 12:33:03', '2016-05-27 12:33:03', 'Tshirt', 2, NULL, 1, 7, NULL),
(3, 646, 'jeans_pant', '2016-05-27 12:33:04', '2016-05-27 12:33:04', 'Jeans Pant', 3, NULL, 1, 7, NULL),
(4, 628, 'formal_shirt_1', '2016-05-30 13:51:51', '2016-05-30 13:51:51', 'Formal Shirt', 1, NULL, 1, 2, NULL),
(5, 628, 'casual_shirt', '2016-05-30 13:52:03', '2016-05-30 13:52:03', 'Casual Shirt', 2, NULL, 1, 2, NULL),
(6, 629, 'full_tshirt', '2016-05-30 13:52:09', '2016-05-30 13:52:09', 'Full Tshirt', 3, NULL, 1, 2, NULL),
(7, 629, 'full_polo_tshirt', '2016-05-30 13:52:13', '2016-05-30 13:52:13', 'Full Polo Tshirt', 4, NULL, 1, 2, NULL),
(8, 631, 'panjabi', '2016-05-30 13:52:17', '2016-05-30 13:52:17', 'Panjabi', 5, NULL, 1, 2, NULL),
(9, 632, 'casual_shirt_1', '2016-05-30 13:52:24', '2016-05-30 13:52:24', 'Casual Shirt', 6, NULL, 1, 2, NULL),
(10, 633, 'polo_tshirt', '2016-05-30 13:52:38', '2016-05-30 13:52:38', 'Polo Tshirt', 7, NULL, 1, 2, NULL),
(11, 634, 'body_spray', '2016-05-30 13:52:54', '2016-05-30 13:52:54', 'Body Spray', 8, NULL, 1, 2, NULL),
(12, 635, 'body_spray_1', '2016-05-30 13:52:55', '2016-05-30 13:52:55', 'Body Spray', 9, NULL, 1, 2, NULL),
(13, 635, 'belt', '2016-05-30 13:52:57', '2016-05-30 13:52:57', 'Belt', 10, NULL, 1, 2, NULL),
(14, 636, 'wallet', '2016-05-30 13:53:00', '2016-05-30 13:53:00', 'Wallet', 11, NULL, 1, 2, NULL),
(15, 638, 'tai', '2016-05-30 13:53:02', '2016-05-30 13:53:02', 'Tai', 12, NULL, 1, 2, NULL),
(16, 639, 'tai_pin', '2016-05-30 13:53:04', '2016-05-30 13:53:04', 'Tai Pin', 13, NULL, 1, 2, NULL),
(17, 640, 'culflen', '2016-05-30 13:53:05', '2016-05-30 13:53:05', ' Culflen', 14, NULL, 1, 2, NULL),
(18, 641, 'tshirt_1', '2016-05-30 13:53:07', '2016-05-30 13:53:07', 'Tshirt', 15, NULL, 1, 2, NULL),
(19, 642, 'short_pant', '2016-05-30 13:53:12', '2016-05-30 13:53:12', 'Short Pant', 16, NULL, 1, 2, NULL),
(20, 643, 'blezar', '2016-05-30 13:53:14', '2016-05-30 13:53:14', 'Blezar', 17, NULL, 1, 2, NULL),
(21, 644, 'coti', '2016-05-30 13:53:18', '2016-05-30 13:53:18', 'Coti', 18, NULL, 1, 2, NULL),
(22, 645, 'half_polo_tshirt', '2016-05-30 13:53:23', '2016-05-30 13:53:23', 'Half Polo Tshirt', 19, NULL, 1, 2, NULL),
(23, 646, 'jeans_pant_1', '2016-05-30 13:53:30', '2016-05-30 13:53:30', 'Jeans Pant', 20, NULL, 1, 2, NULL),
(24, 647, 'gavadin_pant', '2016-05-30 13:53:47', '2016-05-30 13:53:47', 'Gavadin Pant', 21, NULL, 1, 2, NULL),
(25, 648, 'formal_pant', '2016-05-30 13:54:12', '2016-05-30 13:54:12', 'Formal Pant', 22, NULL, 1, 2, NULL),
(26, 649, 'under_wear', '2016-05-30 13:54:17', '2016-05-30 13:54:17', 'Under Wear', 23, NULL, 1, 2, NULL),
(27, 650, 'sando_genji', '2016-05-30 13:54:35', '2016-05-30 13:54:35', 'Sando Genji', 24, NULL, 1, 2, NULL),
(28, NULL, 'three_pics', '2016-05-30 13:54:41', '2016-05-30 13:54:41', 'Three Pics', 25, NULL, 1, 2, NULL),
(29, 652, 'ladies_shirt', '2016-05-30 13:56:16', '2016-05-30 13:56:16', 'Ladies Shirt', 26, NULL, 1, 2, NULL),
(30, NULL, 'slipping_set', '2016-05-30 13:56:23', '2016-05-30 13:56:23', 'Slipping Set', 27, NULL, 1, 2, NULL),
(31, 654, 'ladies_tops', '2016-05-30 13:56:31', '2016-05-30 13:56:31', 'Ladies Tops', 28, NULL, 1, 2, NULL),
(32, NULL, 'ladies_palazzo', '2016-05-30 13:57:29', '2016-05-30 13:57:29', 'Ladies Palazzo', 29, NULL, 1, 2, NULL),
(33, 655, 'gents_gavadin_pants', '2016-05-30 13:57:34', '2016-05-30 13:57:34', 'Gents Gavadin Pants', 30, NULL, 1, 2, NULL),
(34, 656, 'gents_jeans_pants', '2016-05-30 13:57:49', '2016-05-30 13:57:49', 'Gents Jeans Pants', 31, NULL, 1, 2, NULL),
(35, 657, 'ladies_jeans_pants', '2016-05-30 13:58:20', '2016-05-30 13:58:20', 'Ladies Jeans Pants', 32, NULL, 1, 2, NULL),
(36, 658, 'ladies_jagins', '2016-05-30 13:58:35', '2016-05-30 13:58:35', 'Ladies Jagins', 33, NULL, 1, 2, NULL),
(37, 659, 'ladies_three_quater', '2016-05-30 13:58:45', '2016-05-30 13:58:45', 'Ladies Three Quater', 34, NULL, 1, 2, NULL),
(38, 660, 'ladies_ties', '2016-05-30 13:58:48', '2016-05-30 13:58:48', 'Ladies Ties', 35, NULL, 1, 2, NULL),
(39, NULL, 'babies_tshirt', '2016-05-30 13:59:05', '2016-05-30 13:59:05', 'Babies Tshirt ', 36, NULL, 1, 2, NULL),
(40, 662, 'gents_panjabi', '2016-05-30 13:59:13', '2016-05-30 13:59:13', 'Gents Panjabi', 37, NULL, 1, 2, NULL),
(41, 663, 'ladies_coti', '2016-05-30 13:59:35', '2016-05-30 13:59:35', 'Ladies Coti', 38, NULL, 1, 2, NULL),
(42, 664, 'gents_huddy_half_slip', '2016-05-30 13:59:42', '2016-05-30 13:59:42', 'Gents Huddy Half Slip', 39, NULL, 1, 2, NULL),
(43, 665, 'gents_huddy_full_slip', '2016-05-30 13:59:50', '2016-05-30 13:59:50', 'Gents Huddy Full Slip', 40, NULL, 1, 2, NULL),
(44, NULL, 'soweter', '2016-05-30 13:59:58', '2016-05-30 13:59:58', 'Soweter', 41, NULL, 1, 2, NULL),
(45, 668, 'jacket', '2016-05-30 14:00:05', '2016-05-30 14:00:05', 'Jacket', 42, NULL, 1, 2, NULL),
(46, NULL, 'short_tops', '2016-05-30 14:00:07', '2016-05-30 14:00:07', 'Short Tops', 43, NULL, 1, 2, NULL),
(47, NULL, 'long_tops', '2016-05-30 14:00:20', '2016-05-30 14:00:20', 'Long Tops', 44, NULL, 1, 2, NULL),
(48, 663, 'coti_1', '2016-05-30 14:00:34', '2016-05-30 14:00:34', 'Coti', 45, NULL, 1, 2, NULL),
(49, NULL, 'foundation', '2016-06-02 10:18:22', '2016-06-02 10:18:22', 'Foundation', 1, NULL, 1, 9, NULL),
(50, NULL, 'make_up_box', '2016-06-02 10:18:23', '2016-06-02 10:18:23', 'Make Up Box', 2, NULL, 1, 9, NULL),
(51, NULL, 'foundation_1', '2016-06-03 23:18:47', '2016-06-03 23:18:47', 'Foundation', 1, NULL, 1, 6, NULL),
(52, NULL, 'make_up_box_1', '2016-06-03 23:18:50', '2016-06-03 23:18:50', 'Make Up Box', 2, NULL, 1, 6, NULL),
(53, 439, 'pencil', '2016-06-10 19:50:03', '2016-06-10 19:50:03', 'Pencil', 46, 'Bag', 1, 2, '20160610190650_14.jpg');

-- --------------------------------------------------------

--
-- Table structure for table `Journal`
--

CREATE TABLE IF NOT EXISTS `Journal` (
  `id` int(11) NOT NULL,
  `created` datetime NOT NULL,
  `accounts` varchar(255) COLLATE utf8_unicode_ci NOT NULL,
  `debit` decimal(10,0) NOT NULL,
  `credit` decimal(10,0) NOT NULL,
  `remark` varchar(255) COLLATE utf8_unicode_ci NOT NULL
) ENGINE=InnoDB DEFAULT CHARSET=utf8 COLLATE=utf8_unicode_ci;

-- --------------------------------------------------------

--
-- Table structure for table `locations`
--

CREATE TABLE IF NOT EXISTS `locations` (
  `id` int(11) NOT NULL,
  `parent` int(11) DEFAULT NULL,
  `name` varchar(255) COLLATE utf8_unicode_ci NOT NULL,
  `level` int(11) DEFAULT NULL,
  `path` varchar(3000) COLLATE utf8_unicode_ci DEFAULT NULL
) ENGINE=InnoDB AUTO_INCREMENT=1468 DEFAULT CHARSET=utf8 COLLATE=utf8_unicode_ci;

--
-- Dumping data for table `locations`
--

INSERT INTO `locations` (`id`, `parent`, `name`, `level`, `path`) VALUES
(1, NULL, 'Dhaka', 1, '/1'),
(2, NULL, 'Chittagong', 1, '/2'),
(3, NULL, 'Rajshahi', 1, '/3'),
(4, NULL, 'Rangpur', 1, '/4'),
(5, NULL, 'KhulnA', 1, '/5'),
(6, NULL, 'Barisal', 1, '/6'),
(7, NULL, 'Sylhet', 1, '/7'),
(8, 1, 'Dhaka', 2, '/1/8'),
(9, 1, 'Faridpur', 2, '/1/9'),
(10, 1, 'Gazipur', 2, '/1/10'),
(11, 1, 'Gopalganj', 2, '/1/11'),
(12, 1, 'Jamalpur', 2, '/1/12'),
(13, 1, 'Kishorgonj', 2, '/1/13'),
(14, 1, 'Madaripur', 2, '/1/14'),
(15, 1, 'Manikganj', 2, '/1/15'),
(16, 1, 'Munshiganj', 2, '/1/16'),
(17, 1, 'Mymensingh', 2, '/1/17'),
(18, 1, 'Narayanganj', 2, '/1/18'),
(19, 1, 'Narsingdi', 2, '/1/19'),
(20, 1, 'Netrakona', 2, '/1/20'),
(21, 1, 'Rajbari', 2, '/1/21'),
(22, 1, 'Shariatpur', 2, '/1/22'),
(23, 1, 'Sherpur', 2, '/1/23'),
(24, 1, 'Tangail', 2, '/1/24'),
(25, 2, 'Bandarban', 2, '/2/25'),
(26, 2, 'Brahmanbaria', 2, '/2/26'),
(27, 2, 'Chandpur', 2, '/2/27'),
(28, 2, 'Chittagong', 2, '/2/28'),
(29, 2, 'Comilla', 2, '/2/29'),
(30, 2, 'Cox''s Bazar', 2, '/2/30'),
(31, 2, 'Feni', 2, '/2/31'),
(32, 2, 'Khagrachhari', 2, '/2/32'),
(33, 2, 'Lakshmipur', 2, '/2/33'),
(34, 2, 'Noakhali', 2, '/2/34'),
(35, 2, 'Rangamati', 2, '/2/35'),
(36, 3, 'Bogra', 2, '/3/36'),
(37, 3, 'Chapai Nawabganj', 2, '/3/37'),
(38, 3, 'Joypurhat', 2, '/3/38'),
(39, 3, 'Naogaon', 2, '/3/39'),
(40, 3, 'Natore', 2, '/3/40'),
(41, 3, 'Pabna', 2, '/3/41'),
(42, 3, 'Rajshahi', 2, '/3/42'),
(43, 3, 'Sirajganj', 2, '/3/43'),
(44, 4, 'Dinajpur', 2, '/4/44'),
(45, 4, 'Gaibandha', 2, '/4/45'),
(46, 4, 'Kurigram', 2, '/4/46'),
(47, 4, 'Lalmonirhat', 2, '/4/47'),
(48, 4, 'Nilphamari', 2, '/4/48'),
(49, 4, 'Panchagarh', 2, '/4/49'),
(50, 4, 'Rangpur', 2, '/4/50'),
(51, 4, 'Thakurgaon', 2, '/4/51'),
(52, 5, 'Bagerhat', 2, '/5/52'),
(53, 5, 'Chuadanga', 2, '/5/53'),
(54, 5, 'Jessore', 2, '/5/54'),
(55, 5, 'Jhenaidah', 2, '/5/55'),
(56, 5, 'Khulna', 2, '/5/56'),
(57, 5, 'Kushtia', 2, '/5/57'),
(58, 5, 'Magura', 2, '/5/58'),
(59, 5, 'Meherpur', 2, '/5/59'),
(60, 5, 'Narail', 2, '/5/60'),
(61, 5, 'Satkhira', 2, '/5/61'),
(62, 6, 'Barguna', 2, '/6/62'),
(63, 6, 'Barisal', 2, '/6/63'),
(64, 6, 'Bhola', 2, '/6/64'),
(65, 6, 'Jhalokati', 2, '/6/65'),
(66, 6, 'Patuakhali', 2, '/6/66'),
(67, 6, 'Pirojpur', 2, '/6/67'),
(68, 7, 'Habiganj', 2, '/7/68'),
(69, 7, 'Maulvibazar', 2, '/7/69'),
(70, 7, 'Sunamganj', 2, '/7/70'),
(71, 7, 'Sylhet', 2, '/7/71'),
(72, 25, 'ALIKADAM', 3, '/2/25/72'),
(73, 25, 'BANDARBAN SADAR', 3, '/2/25/73'),
(74, 25, 'LAMA', 3, '/2/25/74'),
(75, 25, 'NAIKHONGCHHARI', 3, '/2/25/75'),
(76, 25, 'ROWANGCHHARI', 3, '/2/25/76'),
(77, 25, 'RUMA', 3, '/2/25/77'),
(78, 25, 'THANCHI', 3, '/2/25/78'),
(79, 26, 'AKHAURA', 3, '/2/26/79'),
(80, 26, 'BANCHHARAMPUR', 3, '/2/26/80'),
(81, 26, 'BIJOYNAGAR', 3, '/2/26/81'),
(82, 26, 'BRAHMANBARIA SADAR', 3, '/2/26/82'),
(83, 26, 'ASHUGANJ', 3, '/2/26/83'),
(84, 26, 'KASBA', 3, '/2/26/84'),
(85, 26, 'NABINAGAR', 3, '/2/26/85'),
(86, 26, 'NASIRNAGAR', 3, '/2/26/86'),
(87, 26, 'SARAIL', 3, '/2/26/87'),
(88, 27, 'CHANDPUR SADAR', 3, '/2/27/88'),
(89, 27, 'FARIDGANJ', 3, '/2/27/89'),
(90, 27, 'HAIM CHAR', 3, '/2/27/90'),
(91, 27, 'HAJIGANJ', 3, '/2/27/91'),
(92, 27, 'KACHUA', 3, '/2/27/92'),
(93, 27, 'MATLAB DAKSHIN', 3, '/2/27/93'),
(94, 27, 'MATLAB UTTAR', 3, '/2/27/94'),
(95, 27, 'SHAHRASTI', 3, '/2/27/95'),
(96, 28, 'ANOWARA', 3, '/2/28/96'),
(97, 28, 'BAYEJID BOSTAMI', 3, '/2/28/97'),
(98, 28, 'BANSHKHALI', 3, '/2/28/98'),
(99, 28, 'BAKALIA', 3, '/2/28/99'),
(100, 28, 'BOALKHALI', 3, '/2/28/100'),
(101, 28, 'CHANDANAISH', 3, '/2/28/101'),
(102, 28, 'CHANDGAON', 3, '/2/28/102'),
(103, 28, 'CHITTAGONG PORT', 3, '/2/28/103'),
(104, 28, 'DOUBLE MOORING', 3, '/2/28/104'),
(105, 28, 'FATIKCHHARI', 3, '/2/28/105'),
(106, 28, 'HALISHAHAR', 3, '/2/28/106'),
(107, 28, 'HATHAZARI', 3, '/2/28/107'),
(108, 28, 'KOTWALI', 3, '/2/28/108'),
(109, 28, 'KHULSHI', 3, '/2/28/109'),
(110, 28, 'LOHAGARA', 3, '/2/28/110'),
(111, 28, 'MIRSHARAI', 3, '/2/28/111'),
(112, 28, 'PAHARTALI', 3, '/2/28/112'),
(113, 28, 'PANCHLAISH', 3, '/2/28/113'),
(114, 28, 'PATIYA', 3, '/2/28/114'),
(115, 28, 'PATENGA', 3, '/2/28/115'),
(116, 28, 'RANGUNIA', 3, '/2/28/116'),
(117, 28, 'RAOZAN', 3, '/2/28/117'),
(118, 28, 'SANDWIP', 3, '/2/28/118'),
(119, 28, 'SATKANIA', 3, '/2/28/119'),
(120, 28, 'SITAKUNDA', 3, '/2/28/120'),
(121, 29, 'BARURA', 3, '/2/29/121'),
(122, 29, 'BRAHMAN PARA', 3, '/2/29/122'),
(123, 29, 'BURICHANG', 3, '/2/29/123'),
(124, 29, 'CHANDINA', 3, '/2/29/124'),
(125, 29, 'CHAUDDAGRAM', 3, '/2/29/125'),
(126, 29, 'COMILLA SADAR DAKSHIN', 3, '/2/29/126'),
(127, 29, 'DAUDKANDI', 3, '/2/29/127'),
(128, 29, 'DEBIDWAR', 3, '/2/29/128'),
(129, 29, 'HOMNA', 3, '/2/29/129'),
(130, 29, 'COMILLA ADARSHA SADAR', 3, '/2/29/130'),
(131, 29, 'LAKSAM', 3, '/2/29/131'),
(132, 29, 'MANOHARGANJ', 3, '/2/29/132'),
(133, 29, 'MEGHNA', 3, '/2/29/133'),
(134, 29, 'MURADNAGAR', 3, '/2/29/134'),
(135, 29, 'NANGALKOT', 3, '/2/29/135'),
(136, 29, 'TITAS', 3, '/2/29/136'),
(137, 30, 'CHAKARIA', 3, '/2/30/137'),
(138, 30, 'COX''S BAZAR SADAR', 3, '/2/30/138'),
(139, 30, 'KUTUBDIA', 3, '/2/30/139'),
(140, 30, 'MAHESHKHALI', 3, '/2/30/140'),
(141, 30, 'PEKUA', 3, '/2/30/141'),
(142, 30, 'RAMU', 3, '/2/30/142'),
(143, 30, 'TEKNAF', 3, '/2/30/143'),
(144, 30, 'UKHIA', 3, '/2/30/144'),
(145, 31, 'CHHAGALNAIYA', 3, '/2/31/145'),
(146, 31, 'DAGANBHUIYAN', 3, '/2/31/146'),
(147, 31, 'FENI SADAR', 3, '/2/31/147'),
(148, 31, 'FULGAZI', 3, '/2/31/148'),
(149, 31, 'PARSHURAM', 3, '/2/31/149'),
(150, 31, 'SONAGAZI', 3, '/2/31/150'),
(151, 32, 'DIGHINALA', 3, '/2/32/151'),
(152, 32, 'KHAGRACHHARI SADAR', 3, '/2/32/152'),
(153, 32, 'LAKSHMICHHARI', 3, '/2/32/153'),
(154, 32, 'MAHALCHHARI', 3, '/2/32/154'),
(155, 32, 'MANIKCHHARI', 3, '/2/32/155'),
(156, 32, 'MATIRANGA', 3, '/2/32/156'),
(157, 32, 'PANCHHARI', 3, '/2/32/157'),
(158, 32, 'RAMGARH', 3, '/2/32/158'),
(159, 33, 'KAMALNAGAR', 3, '/2/33/159'),
(160, 62, 'AMTALI', 3, '/6/62/160'),
(161, 62, 'BAMNA', 3, '/6/62/161'),
(162, 62, 'BARGUNA SADAR', 3, '/6/62/162'),
(163, 62, 'BETAGI', 3, '/6/62/163'),
(164, 62, 'PATHARGHATA', 3, '/6/62/164'),
(165, 62, 'TALTALI', 3, '/6/62/165'),
(166, 63, 'AGAILJHARA', 3, '/6/63/166'),
(167, 63, 'BABUGANJ', 3, '/6/63/167'),
(168, 63, 'BAKERGANJ', 3, '/6/63/168'),
(169, 63, 'BANARI PARA', 3, '/6/63/169'),
(170, 63, 'GAURNADI', 3, '/6/63/170'),
(171, 63, 'HIZLA', 3, '/6/63/171'),
(172, 63, 'BARISAL SADAR (KOTWALI)', 3, '/6/63/172'),
(173, 63, 'MHENDIGANJ', 3, '/6/63/173'),
(174, 63, 'MULADI', 3, '/6/63/174'),
(175, 63, 'WAZIRPUR', 3, '/6/63/175'),
(176, 64, 'BHOLA SADAR', 3, '/6/64/176'),
(177, 64, 'BURHANUDDIN', 3, '/6/64/177'),
(178, 64, 'CHAR FASSON', 3, '/6/64/178'),
(179, 64, 'DAULAT KHAN', 3, '/6/64/179'),
(180, 64, 'LALMOHAN', 3, '/6/64/180'),
(181, 64, 'MANPURA', 3, '/6/64/181'),
(182, 64, 'TAZUMUDDIN', 3, '/6/64/182'),
(183, 65, 'JHALOKATI SADAR', 3, '/6/65/183'),
(184, 65, 'KANTHALIA', 3, '/6/65/184'),
(185, 65, 'NALCHITY', 3, '/6/65/185'),
(186, 65, 'RAJAPUR', 3, '/6/65/186'),
(187, 66, 'BAUPHAL', 3, '/6/66/187'),
(188, 66, 'DASHMINA', 3, '/6/66/188'),
(189, 66, 'DUMKI', 3, '/6/66/189'),
(190, 66, 'GALACHIPA', 3, '/6/66/190'),
(191, 66, 'KALAPARA', 3, '/6/66/191'),
(192, 66, 'MIRZAGANJ', 3, '/6/66/192'),
(193, 66, 'PATUAKHALI SADAR', 3, '/6/66/193'),
(194, 66, 'RANGABALI', 3, '/6/66/194'),
(195, 67, 'BHANDARIA', 3, '/6/67/195'),
(196, 67, 'KAWKHALI', 3, '/6/67/196'),
(197, 67, 'MATHBARIA', 3, '/6/67/197'),
(198, 67, 'NAZIRPUR', 3, '/6/67/198'),
(199, 67, 'PIROJPUR SADAR', 3, '/6/67/199'),
(200, 67, 'NESARABAD (SWARUPKATI)', 3, '/6/67/200'),
(201, 67, 'ZIANAGAR', 3, '/6/67/201'),
(202, 8, 'ADABOR', 3, '/1/8/202'),
(203, 8, 'BADDA', 3, '/1/8/203'),
(204, 8, 'BANGSHAL', 3, '/1/8/204'),
(205, 8, 'BIMAN BANDAR', 3, '/1/8/205'),
(206, 8, 'BANANI', 3, '/1/8/206'),
(207, 8, 'CANTONMENT', 3, '/1/8/207'),
(208, 8, 'CHAK BAZAR', 3, '/1/8/208'),
(209, 8, 'DAKSHINKHAN', 3, '/1/8/209'),
(210, 8, 'DARUS SALAM', 3, '/1/8/210'),
(211, 8, 'DEMRA', 3, '/1/8/211'),
(212, 8, 'DHAMRAI', 3, '/1/8/212'),
(213, 8, 'DOHAR', 3, '/1/8/213'),
(214, 8, 'BHASAN TEK', 3, '/1/8/214'),
(215, 8, 'BHATARA', 3, '/1/8/215'),
(216, 8, 'GENDARIA', 3, '/1/8/216'),
(217, 8, 'GULSHAN', 3, '/1/8/217'),
(218, 8, 'JATRABARI', 3, '/1/8/218'),
(219, 8, 'KAFRUL', 3, '/1/8/219'),
(220, 8, 'KADAMTALI', 3, '/1/8/220'),
(221, 8, 'KALABAGAN', 3, '/1/8/221'),
(222, 8, 'KAMRANGIR CHAR', 3, '/1/8/222'),
(223, 8, 'KHILGAON', 3, '/1/8/223'),
(224, 8, 'KHILKHET', 3, '/1/8/224'),
(225, 8, 'KERANIGANJ', 3, '/1/8/225'),
(226, 8, 'KOTWALI', 3, '/1/8/226'),
(227, 8, 'LALBAGH', 3, '/1/8/227'),
(228, 8, 'MIRPUR', 3, '/1/8/228'),
(229, 8, 'MOTIJHEEL', 3, '/1/8/229'),
(230, 8, 'MUGDA PARA', 3, '/1/8/230'),
(231, 8, 'NAWABGANJ', 3, '/1/8/231'),
(232, 8, 'NEW MARKET', 3, '/1/8/232'),
(233, 8, 'PALLABI', 3, '/1/8/233'),
(234, 8, 'PALTAN', 3, '/1/8/234'),
(235, 8, 'RAMPURA', 3, '/1/8/235'),
(236, 8, 'SABUJBAGH', 3, '/1/8/236'),
(237, 8, 'RUPNAGAR', 3, '/1/8/237'),
(238, 8, 'SAVAR', 3, '/1/8/238'),
(239, 8, 'SHAHJAHANPUR', 3, '/1/8/239'),
(240, 8, 'SHAH ALI', 3, '/1/8/240'),
(241, 8, 'SHAHBAGH', 3, '/1/8/241'),
(242, 8, 'SHYAMPUR', 3, '/1/8/242'),
(243, 8, 'SHER-E-BANGLA NAGAR', 3, '/1/8/243'),
(244, 8, 'SUTRAPUR', 3, '/1/8/244'),
(245, 8, 'TEJGAON', 3, '/1/8/245'),
(246, 8, 'TEJGAON IND. AREA', 3, '/1/8/246'),
(247, 8, 'TURAG', 3, '/1/8/247'),
(248, 8, 'UTTARA  PASCHIM', 3, '/1/8/248'),
(249, 8, 'UTTARA  PURBA', 3, '/1/8/249'),
(250, 8, 'UTTAR KHAN', 3, '/1/8/250'),
(251, 8, 'WARI', 3, '/1/8/251'),
(252, 9, 'ALFADANGA', 3, '/1/9/252'),
(253, 9, 'BHANGA', 3, '/1/9/253'),
(254, 9, 'BOALMARI', 3, '/1/9/254'),
(255, 9, 'CHAR BHADRASAN', 3, '/1/9/255'),
(256, 9, 'FARIDPUR SADAR', 3, '/1/9/256'),
(257, 9, 'MADHUKHALI', 3, '/1/9/257'),
(258, 9, 'NAGARKANDA', 3, '/1/9/258'),
(259, 9, 'SADARPUR', 3, '/1/9/259'),
(260, 9, 'SALTHA', 3, '/1/9/260'),
(261, 10, 'GAZIPUR SADAR', 3, '/1/10/261'),
(262, 10, 'KALIAKAIR', 3, '/1/10/262'),
(263, 10, 'KALIGANJ', 3, '/1/10/263'),
(264, 10, 'KAPASIA', 3, '/1/10/264'),
(265, 10, 'SREEPUR', 3, '/1/10/265'),
(266, 11, 'GOPALGANJ SADAR', 3, '/1/11/266'),
(267, 11, 'KASHIANI', 3, '/1/11/267'),
(268, 11, 'KOTALIPARA', 3, '/1/11/268'),
(269, 11, 'MUKSUDPUR', 3, '/1/11/269'),
(270, 11, 'TUNGIPARA', 3, '/1/11/270'),
(271, 12, 'BAKSHIGANJ', 3, '/1/12/271'),
(272, 12, 'DEWANGANJ', 3, '/1/12/272'),
(273, 12, 'ISLAMPUR', 3, '/1/12/273'),
(274, 12, 'JAMALPUR SADAR', 3, '/1/12/274'),
(275, 12, 'MADARGANJ', 3, '/1/12/275'),
(276, 12, 'MELANDAHA', 3, '/1/12/276'),
(277, 12, 'SARISHABARI UPAZILA', 3, '/1/12/277'),
(278, 13, 'AUSTAGRAM', 3, '/1/13/278'),
(279, 13, 'BAJITPUR', 3, '/1/13/279'),
(280, 13, 'BHAIRAB', 3, '/1/13/280'),
(281, 13, 'HOSSAINPUR', 3, '/1/13/281'),
(282, 13, 'ITNA', 3, '/1/13/282'),
(283, 13, 'KARIMGANJ', 3, '/1/13/283'),
(284, 13, 'KATIADI', 3, '/1/13/284'),
(285, 13, 'KISHOREGANJ SADAR', 3, '/1/13/285'),
(286, 13, 'KULIAR CHAR', 3, '/1/13/286'),
(287, 13, 'MITHAMAIN', 3, '/1/13/287'),
(288, 13, 'NIKLI', 3, '/1/13/288'),
(289, 13, 'PAKUNDIA', 3, '/1/13/289'),
(290, 13, 'TARAIL', 3, '/1/13/290'),
(291, 14, 'KALKINI', 3, '/1/14/291'),
(292, 14, 'MADARIPUR SADAR', 3, '/1/14/292'),
(293, 14, 'RAJOIR', 3, '/1/14/293'),
(294, 14, 'SHIBCHAR', 3, '/1/14/294'),
(295, 15, 'DAULATPUR', 3, '/1/15/295'),
(296, 15, 'GHIOR', 3, '/1/15/296'),
(297, 15, 'HARIRAMPUR', 3, '/1/15/297'),
(298, 15, 'MANIKGANJ SADAR', 3, '/1/15/298'),
(299, 15, 'SATURIA', 3, '/1/15/299'),
(300, 15, 'SHIBALAYA', 3, '/1/15/300'),
(301, 15, 'SINGAIR', 3, '/1/15/301'),
(302, 16, 'GAZARIA', 3, '/1/16/302'),
(303, 16, 'LOHAJANG', 3, '/1/16/303'),
(304, 16, 'MUNSHIGANJ SADAR', 3, '/1/16/304'),
(305, 16, 'SERAJDIKHAN', 3, '/1/16/305'),
(306, 16, 'SREENAGAR', 3, '/1/16/306'),
(307, 16, 'TONGIBARI', 3, '/1/16/307'),
(308, 17, 'BHALUKA', 3, '/1/17/308'),
(309, 33, 'LAKSHMIPUR SADAR', 3, '/2/33/309'),
(310, 33, 'ROYPUR', 3, '/2/33/310'),
(311, 33, 'RAMGANJ', 3, '/2/33/311'),
(312, 33, 'RAMGATI', 3, '/2/33/312'),
(313, 34, 'BEGUMGANJ', 3, '/2/34/313'),
(314, 34, 'CHATKHIL', 3, '/2/34/314'),
(315, 34, 'COMPANIGANJ', 3, '/2/34/315'),
(316, 34, 'HATIYA', 3, '/2/34/316'),
(317, 34, 'KABIRHAT', 3, '/2/34/317'),
(318, 34, 'SENBAGH', 3, '/2/34/318'),
(319, 34, 'SONAIMURI', 3, '/2/34/319'),
(320, 34, 'SUBARNACHAR', 3, '/2/34/320'),
(321, 34, 'NOAKHALI SADAR', 3, '/2/34/321'),
(322, 35, 'BAGHAICHHARI', 3, '/2/35/322'),
(323, 35, 'BARKAL UPAZILA', 3, '/2/35/323'),
(324, 35, 'KAWKHALI (BETBUNIA)', 3, '/2/35/324'),
(325, 35, 'BELAI CHHARI  UPAZI', 3, '/2/35/325'),
(326, 35, 'KAPTAI  UPAZILA', 3, '/2/35/326'),
(327, 35, 'JURAI CHHARI UPAZIL', 3, '/2/35/327'),
(328, 35, 'LANGADU  UPAZILA', 3, '/2/35/328'),
(329, 35, 'NANIARCHAR  UPAZILA', 3, '/2/35/329'),
(330, 35, 'RAJASTHALI  UPAZILA', 3, '/2/35/330'),
(331, 35, 'RANGAMATI SADAR  UP', 3, '/2/35/331'),
(332, 17, 'DHOBAURA', 3, '/1/17/332'),
(333, 17, 'FULBARIA', 3, '/1/17/333'),
(334, 17, 'GAFFARGAON', 3, '/1/17/334'),
(335, 17, 'GAURIPUR', 3, '/1/17/335'),
(336, 17, 'HALUAGHAT', 3, '/1/17/336'),
(337, 17, 'ISHWARGANJ', 3, '/1/17/337'),
(338, 17, 'MYMENSINGH SADAR', 3, '/1/17/338'),
(339, 17, 'MUKTAGACHHA', 3, '/1/17/339'),
(340, 17, 'NANDAIL', 3, '/1/17/340'),
(341, 17, 'PHULPUR', 3, '/1/17/341'),
(342, 17, 'TARAKANDA', 3, '/1/17/342'),
(343, 17, 'TRISHAL', 3, '/1/17/343'),
(344, 18, 'ARAIHAZAR', 3, '/1/18/344'),
(345, 18, 'SONARGAON', 3, '/1/18/345'),
(346, 18, 'BANDAR', 3, '/1/18/346'),
(347, 18, 'NARAYANGANJ SADAR', 3, '/1/18/347'),
(348, 18, 'RUPGANJ', 3, '/1/18/348'),
(349, 19, 'BELABO', 3, '/1/19/349'),
(350, 19, 'MANOHARDI', 3, '/1/19/350'),
(351, 19, 'NARSINGDI SADAR', 3, '/1/19/351'),
(352, 19, 'PALASH', 3, '/1/19/352'),
(353, 19, 'ROYPURA', 3, '/1/19/353'),
(354, 19, 'SHIBPUR', 3, '/1/19/354'),
(355, 20, 'ATPARA', 3, '/1/20/355'),
(356, 20, 'BARHATTA', 3, '/1/20/356'),
(357, 20, 'DURGAPUR', 3, '/1/20/357'),
(358, 20, 'KHALIAJURI', 3, '/1/20/358'),
(359, 20, 'KALMAKANDA', 3, '/1/20/359'),
(360, 20, 'KENDUA', 3, '/1/20/360'),
(361, 20, 'MADAN', 3, '/1/20/361'),
(362, 20, 'MOHANGANJ', 3, '/1/20/362'),
(363, 20, 'NETROKONA SADAR', 3, '/1/20/363'),
(364, 20, 'PURBADHALA', 3, '/1/20/364'),
(365, 21, 'BALIAKANDI', 3, '/1/21/365'),
(366, 21, 'GOALANDA', 3, '/1/21/366'),
(367, 21, 'KALUKHALI', 3, '/1/21/367'),
(368, 21, 'PANGSHA', 3, '/1/21/368'),
(369, 21, 'RAJBARI SADAR', 3, '/1/21/369'),
(370, 22, 'BHEDARGANJ', 3, '/1/22/370'),
(371, 22, 'DAMUDYA', 3, '/1/22/371'),
(372, 22, 'GOSAIRHAT', 3, '/1/22/372'),
(373, 22, 'NARIA', 3, '/1/22/373'),
(374, 22, 'SHARIATPUR SADAR', 3, '/1/22/374'),
(375, 22, 'ZANJIRA', 3, '/1/22/375'),
(376, 23, 'JHENAIGATI', 3, '/1/23/376'),
(377, 23, 'NAKLA', 3, '/1/23/377'),
(378, 23, 'NALITABARI', 3, '/1/23/378'),
(379, 23, 'SHERPUR SADAR', 3, '/1/23/379'),
(380, 23, 'SREEBARDI', 3, '/1/23/380'),
(381, 24, 'BASAIL', 3, '/1/24/381'),
(382, 24, 'BHUAPUR', 3, '/1/24/382'),
(383, 24, 'DELDUAR', 3, '/1/24/383'),
(384, 24, 'DHANBARI', 3, '/1/24/384'),
(385, 24, 'GHATAIL', 3, '/1/24/385'),
(386, 24, 'GOPALPUR', 3, '/1/24/386'),
(387, 24, 'KALIHATI', 3, '/1/24/387'),
(388, 24, 'MADHUPUR', 3, '/1/24/388'),
(389, 24, 'MIRZAPUR', 3, '/1/24/389'),
(390, 24, 'NAGARPUR', 3, '/1/24/390'),
(391, 24, 'SAKHIPUR', 3, '/1/24/391'),
(392, 24, 'TANGAIL SADAR', 3, '/1/24/392'),
(393, 36, 'ADAMDIGHI', 3, '/3/36/393'),
(394, 36, 'BOGRA SADAR', 3, '/3/36/394'),
(395, 36, 'DHUNAT', 3, '/3/36/395'),
(396, 36, 'DHUPCHANCHIA', 3, '/3/36/396'),
(397, 36, 'GABTALI', 3, '/3/36/397'),
(398, 52, 'BAGERHAT SADAR', 3, '/5/52/398'),
(399, 52, 'CHITALMARI', 3, '/5/52/399'),
(400, 52, 'FAKIRHAT', 3, '/5/52/400'),
(401, 52, 'KACHUA', 3, '/5/52/401'),
(402, 52, 'MOLLAHAT', 3, '/5/52/402'),
(403, 52, 'MONGLA', 3, '/5/52/403'),
(404, 52, 'MORRELGANJ', 3, '/5/52/404'),
(405, 52, 'RAMPAL', 3, '/5/52/405'),
(406, 52, 'SARANKHOLA', 3, '/5/52/406'),
(407, 53, 'ALAMDANGA', 3, '/5/53/407'),
(408, 53, 'CHUADANGA SADAR', 3, '/5/53/408'),
(409, 53, 'DAMURHUDA', 3, '/5/53/409'),
(410, 53, 'JIBAN NAGAR', 3, '/5/53/410'),
(411, 54, 'ABHAYNAGAR', 3, '/5/54/411'),
(412, 54, 'BAGHER PARA', 3, '/5/54/412'),
(413, 54, 'CHAUGACHHA', 3, '/5/54/413'),
(414, 54, 'JHIKARGACHHA', 3, '/5/54/414'),
(415, 54, 'KESHABPUR', 3, '/5/54/415'),
(416, 54, 'JESSORE SADAR', 3, '/5/54/416'),
(417, 54, 'MANIRAMPUR', 3, '/5/54/417'),
(418, 54, 'SHARSHA', 3, '/5/54/418'),
(419, 55, 'HARINAKUNDA', 3, '/5/55/419'),
(420, 55, 'JHENAIDAH SADAR', 3, '/5/55/420'),
(421, 55, 'KALIGANJ', 3, '/5/55/421'),
(422, 55, 'KOTCHANDPUR', 3, '/5/55/422'),
(423, 55, 'MAHESHPUR', 3, '/5/55/423'),
(424, 55, 'SHAILKUPA', 3, '/5/55/424'),
(425, 56, 'BATIAGHATA', 3, '/5/56/425'),
(426, 56, 'DACOPE', 3, '/5/56/426'),
(427, 56, 'DAULATPUR', 3, '/5/56/427'),
(428, 56, 'DUMURIA', 3, '/5/56/428'),
(429, 56, 'DIGHALIA', 3, '/5/56/429'),
(430, 56, 'KHALISHPUR', 3, '/5/56/430'),
(431, 56, 'KHAN JAHAN ALI', 3, '/5/56/431'),
(432, 56, 'KHULNA SADAR', 3, '/5/56/432'),
(433, 56, 'KOYRA', 3, '/5/56/433'),
(434, 56, 'PAIKGACHHA', 3, '/5/56/434'),
(435, 56, 'PHULTALA', 3, '/5/56/435'),
(436, 56, 'RUPSA', 3, '/5/56/436'),
(437, 56, 'SONADANGA', 3, '/5/56/437'),
(438, 56, 'TEROKHADA', 3, '/5/56/438'),
(439, 57, 'BHERAMARA', 3, '/5/57/439'),
(440, 57, 'DAULATPUR', 3, '/5/57/440'),
(441, 57, 'KHOKSA', 3, '/5/57/441'),
(442, 57, 'KUMARKHALI', 3, '/5/57/442'),
(443, 57, 'KUSHTIA SADAR', 3, '/5/57/443'),
(444, 57, 'MIRPUR', 3, '/5/57/444'),
(445, 58, 'MAGURA SADAR', 3, '/5/58/445'),
(446, 58, 'MOHAMMADPUR', 3, '/5/58/446'),
(447, 58, 'SHALIKHA', 3, '/5/58/447'),
(448, 58, 'SREEPUR', 3, '/5/58/448'),
(449, 59, 'GANGNI', 3, '/5/59/449'),
(450, 59, 'MUJIB NAGAR', 3, '/5/59/450'),
(451, 59, 'MEHERPUR SADAR', 3, '/5/59/451'),
(452, 60, 'KALIA', 3, '/5/60/452'),
(453, 60, 'LOHAGARA', 3, '/5/60/453'),
(454, 60, 'NARAIL SADAR', 3, '/5/60/454'),
(455, 61, 'ASSASUNI', 3, '/5/61/455'),
(456, 61, 'DEBHATA', 3, '/5/61/456'),
(457, 61, 'KALAROA', 3, '/5/61/457'),
(458, 61, 'KALIGANJ', 3, '/5/61/458'),
(459, 61, 'SATKHIRA SADAR', 3, '/5/61/459'),
(460, 61, 'SHYAMNAGAR', 3, '/5/61/460'),
(461, 61, 'TALA', 3, '/5/61/461'),
(462, 36, 'KAHALOO', 3, '/3/36/462'),
(463, 36, 'NANDIGRAM', 3, '/3/36/463'),
(464, 36, 'SARIAKANDI', 3, '/3/36/464'),
(465, 36, 'SHAJAHANPUR', 3, '/3/36/465'),
(466, 36, 'SHERPUR', 3, '/3/36/466'),
(467, 36, 'SHIBGANJ', 3, '/3/36/467'),
(468, 36, 'SONATOLA', 3, '/3/36/468'),
(469, 37, 'BHOLAHAT', 3, '/3/37/469'),
(470, 37, 'GOMASTAPUR', 3, '/3/37/470'),
(471, 37, 'NACHOLE', 3, '/3/37/471'),
(472, 37, 'CHAPAI NABABGANJ SADAR', 3, '/3/37/472'),
(473, 37, 'SHIBGANJ', 3, '/3/37/473'),
(474, 44, 'BIRAMPUR', 3, '/4/44/474'),
(475, 44, 'BIRGANJ', 3, '/4/44/475'),
(476, 44, 'BIRAL', 3, '/4/44/476'),
(477, 44, 'BOCHAGANJ', 3, '/4/44/477'),
(478, 44, 'CHIRIRBANDAR', 3, '/4/44/478'),
(479, 44, 'FULBARI', 3, '/4/44/479'),
(480, 44, 'GHORAGHAT', 3, '/4/44/480'),
(481, 44, 'HAKIMPUR', 3, '/4/44/481'),
(482, 44, 'KAHAROLE', 3, '/4/44/482'),
(483, 44, 'KHANSAMA', 3, '/4/44/483'),
(484, 44, 'DINAJPUR SADAR', 3, '/4/44/484'),
(485, 44, 'NAWABGANJ', 3, '/4/44/485'),
(486, 44, 'PARBATIPUR', 3, '/4/44/486'),
(487, 45, 'FULCHHARI', 3, '/4/45/487'),
(488, 45, 'GAIBANDHA SADAR', 3, '/4/45/488'),
(489, 45, 'GOBINDAGANJ', 3, '/4/45/489'),
(490, 45, 'PALASHBARI', 3, '/4/45/490'),
(491, 45, 'SADULLAPUR', 3, '/4/45/491'),
(492, 45, 'SAGHATA', 3, '/4/45/492'),
(493, 45, 'SUNDARGANJ', 3, '/4/45/493'),
(494, 38, 'AKKELPUR', 3, '/3/38/494'),
(495, 38, 'JOYPURHAT SADAR', 3, '/3/38/495'),
(496, 38, 'KALAI', 3, '/3/38/496'),
(497, 38, 'KHETLAL', 3, '/3/38/497'),
(498, 38, 'PANCHBIBI', 3, '/3/38/498'),
(499, 46, 'BHURUNGAMARI', 3, '/4/46/499'),
(500, 46, 'CHAR RAJIBPUR', 3, '/4/46/500'),
(501, 46, 'CHILMARI', 3, '/4/46/501'),
(502, 46, 'PHULBARI', 3, '/4/46/502'),
(503, 46, 'KURIGRAM SADAR', 3, '/4/46/503'),
(504, 46, 'NAGESHWARI', 3, '/4/46/504'),
(505, 46, 'RAJARHAT', 3, '/4/46/505'),
(506, 46, 'RAUMARI', 3, '/4/46/506'),
(507, 46, 'ULIPUR', 3, '/4/46/507'),
(508, 47, 'ADITMARI', 3, '/4/47/508'),
(509, 47, 'HATIBANDHA', 3, '/4/47/509'),
(510, 47, 'KALIGANJ', 3, '/4/47/510'),
(511, 47, 'LALMONIRHAT SADAR', 3, '/4/47/511'),
(512, 47, 'PATGRAM', 3, '/4/47/512'),
(513, 39, 'ATRAI', 3, '/3/39/513'),
(514, 39, 'BADALGACHHI', 3, '/3/39/514'),
(515, 39, 'DHAMOIRHAT', 3, '/3/39/515'),
(516, 39, 'MANDA', 3, '/3/39/516'),
(517, 39, 'MAHADEBPUR', 3, '/3/39/517'),
(518, 39, 'NAOGAON SADAR', 3, '/3/39/518'),
(519, 39, 'NIAMATPUR', 3, '/3/39/519'),
(520, 39, 'PATNITALA', 3, '/3/39/520'),
(521, 39, 'PORSHA', 3, '/3/39/521'),
(522, 39, 'RANINAGAR', 3, '/3/39/522'),
(523, 39, 'SAPAHAR', 3, '/3/39/523'),
(524, 40, 'BAGATIPARA', 3, '/3/40/524'),
(525, 40, 'BARAIGRAM', 3, '/3/40/525'),
(526, 40, 'GURUDASPUR', 3, '/3/40/526'),
(527, 40, 'LALPUR', 3, '/3/40/527'),
(528, 40, 'NALDANGA', 3, '/3/40/528'),
(529, 40, 'NATORE SADAR', 3, '/3/40/529'),
(530, 40, 'SINGRA', 3, '/3/40/530'),
(531, 48, 'DIMLA', 3, '/4/48/531'),
(532, 48, 'DOMAR UPAZILA', 3, '/4/48/532'),
(533, 48, 'JALDHAKA', 3, '/4/48/533'),
(534, 48, 'KISHOREGANJ', 3, '/4/48/534'),
(535, 48, 'NILPHAMARI SADAR', 3, '/4/48/535'),
(536, 48, 'SAIDPUR UPAZILA', 3, '/4/48/536'),
(537, 41, 'ATGHARIA', 3, '/3/41/537'),
(538, 41, 'BERA', 3, '/3/41/538'),
(539, 41, 'BHANGURA', 3, '/3/41/539'),
(540, 41, 'CHATMOHAR', 3, '/3/41/540'),
(541, 41, 'FARIDPUR', 3, '/3/41/541'),
(542, 41, 'ISHWARDI', 3, '/3/41/542'),
(543, 41, 'PABNA SADAR', 3, '/3/41/543'),
(544, 41, 'SANTHIA', 3, '/3/41/544'),
(545, 41, 'SUJANAGAR', 3, '/3/41/545'),
(546, 49, 'ATWARI', 3, '/4/49/546'),
(547, 49, 'BODA', 3, '/4/49/547'),
(548, 49, 'DEBIGANJ', 3, '/4/49/548'),
(549, 49, 'PANCHAGARH SADAR', 3, '/4/49/549'),
(550, 49, 'TENTULIA', 3, '/4/49/550'),
(551, 42, 'BAGHA', 3, '/3/42/551'),
(552, 42, 'BAGHMARA', 3, '/3/42/552'),
(553, 42, 'BOALIA', 3, '/3/42/553'),
(554, 42, 'CHARGHAT', 3, '/3/42/554'),
(555, 42, 'DURGAPUR', 3, '/3/42/555'),
(556, 42, 'GODAGARI', 3, '/3/42/556'),
(557, 42, 'MATIHAR', 3, '/3/42/557'),
(558, 42, 'MOHANPUR', 3, '/3/42/558'),
(559, 42, 'PABA', 3, '/3/42/559'),
(560, 42, 'PUTHIA', 3, '/3/42/560'),
(561, 42, 'RAJPARA', 3, '/3/42/561'),
(562, 42, 'SHAH MAKHDUM', 3, '/3/42/562'),
(563, 42, 'TANORE', 3, '/3/42/563'),
(564, 50, 'BADARGANJ', 3, '/4/50/564'),
(565, 50, 'GANGACHARA', 3, '/4/50/565'),
(566, 50, 'KAUNIA', 3, '/4/50/566'),
(567, 50, 'RANGPUR SADAR', 3, '/4/50/567'),
(568, 50, 'MITHA PUKUR', 3, '/4/50/568'),
(569, 50, 'PIRGACHHA', 3, '/4/50/569'),
(570, 50, 'PIRGANJ', 3, '/4/50/570'),
(571, 50, 'TARAGANJ', 3, '/4/50/571'),
(572, 43, 'BELKUCHI', 3, '/3/43/572'),
(573, 43, 'CHAUHALI', 3, '/3/43/573'),
(574, 43, 'KAMARKHANDA', 3, '/3/43/574'),
(575, 43, 'KAZIPUR', 3, '/3/43/575'),
(576, 43, 'ROYGANJ', 3, '/3/43/576'),
(577, 43, 'SHAHJADPUR', 3, '/3/43/577'),
(578, 43, 'SIRAJGANJ SADAR', 3, '/3/43/578'),
(579, 43, 'TARASH', 3, '/3/43/579'),
(580, 43, 'ULLAH PARA', 3, '/3/43/580'),
(581, 51, 'BALIADANGI', 3, '/4/51/581'),
(582, 51, 'HARIPUR', 3, '/4/51/582'),
(583, 51, 'PIRGANJ', 3, '/4/51/583'),
(584, 51, 'RANISANKAIL', 3, '/4/51/584'),
(585, 51, 'THAKURGAON SADAR', 3, '/4/51/585'),
(586, 68, 'AJMIRIGANJ', 3, '/7/68/586'),
(587, 68, 'BAHUBAL', 3, '/7/68/587'),
(588, 68, 'BANIACHONG', 3, '/7/68/588'),
(589, 68, 'CHUNARUGHAT', 3, '/7/68/589'),
(590, 68, 'HABIGANJ SADAR', 3, '/7/68/590'),
(591, 68, 'LAKHAI', 3, '/7/68/591'),
(592, 68, 'MADHABPUR', 3, '/7/68/592'),
(593, 68, 'NABIGANJ', 3, '/7/68/593'),
(594, 69, 'BARLEKHA', 3, '/7/69/594'),
(595, 69, 'JURI', 3, '/7/69/595'),
(596, 69, 'KAMALGANJ', 3, '/7/69/596'),
(597, 69, 'KULAURA', 3, '/7/69/597'),
(598, 69, 'MAULVIBAZAR SADAR', 3, '/7/69/598'),
(599, 69, 'RAJNAGAR', 3, '/7/69/599'),
(600, 69, 'SREEMANGAL', 3, '/7/69/600'),
(601, 70, 'BISHWAMBARPUR', 3, '/7/70/601'),
(602, 70, 'CHHATAK', 3, '/7/70/602'),
(603, 70, 'DAKSHIN SUNAMGANJ', 3, '/7/70/603'),
(604, 70, 'DERAI', 3, '/7/70/604'),
(605, 70, 'DHARAMPASHA', 3, '/7/70/605'),
(606, 70, 'DOWARABAZAR', 3, '/7/70/606'),
(607, 70, 'JAGANNATHPUR', 3, '/7/70/607'),
(608, 70, 'JAMALGANJ', 3, '/7/70/608'),
(609, 70, 'SULLA', 3, '/7/70/609'),
(610, 70, 'SUNAMGANJ SADAR', 3, '/7/70/610'),
(611, 70, 'TAHIRPUR', 3, '/7/70/611'),
(612, 71, 'BALAGANJ', 3, '/7/71/612'),
(613, 71, 'BEANI BAZAR', 3, '/7/71/613'),
(614, 71, 'BISHWANATH', 3, '/7/71/614'),
(615, 71, 'COMPANIGANJ', 3, '/7/71/615'),
(616, 71, 'DAKSHIN SURMA', 3, '/7/71/616'),
(617, 71, 'FENCHUGANJ', 3, '/7/71/617'),
(618, 71, 'GOLAPGANJ', 3, '/7/71/618'),
(619, 71, 'GOWAINGHAT', 3, '/7/71/619'),
(620, 71, 'JAINTIAPUR', 3, '/7/71/620'),
(621, 71, 'KANAIGHAT', 3, '/7/71/621'),
(622, 71, 'SYLHET SADAR', 3, '/7/71/622'),
(623, 71, 'ZAKIGANJ', 3, '/7/71/623'),
(624, 160, 'AMTALI PAURASAVA', 4, '/6/62/160/624'),
(625, 162, 'BARGUNA PAURASAVA', 4, '/6/62/162/625'),
(626, 163, 'BETAGI PAURASAVA', 4, '/6/62/163/626'),
(627, 164, 'PATHARGHATA PAURASAVA', 4, '/6/62/164/627'),
(628, 168, 'BAKERGANJ PAURASAVA', 4, '/6/63/168/628'),
(629, 169, 'BANARI PARA PAURASAVA', 4, '/6/63/169/629'),
(630, 170, 'GAURNADI PAURASAVA', 4, '/6/63/170/630'),
(631, 172, 'BARISAL CITY CORP.', 4, '/6/63/172/631'),
(632, 173, 'MHENDIGANJ PAURASAVA', 4, '/6/63/173/632'),
(633, 174, 'MULADI PAURASHAVA', 4, '/6/63/174/633'),
(634, 176, 'BHOLA PAURASAVA', 4, '/6/64/176/634'),
(635, 177, 'BURHANUDDIN PAURASAVA', 4, '/6/64/177/635'),
(636, 178, 'CHAR FASSON PAURASAVA', 4, '/6/64/178/636'),
(637, 179, 'DAULATKHAN PAURASAVA', 4, '/6/64/179/637'),
(638, 180, 'LALMOHAN PAURASAVA', 4, '/6/64/180/638'),
(639, 183, 'JHALOKATI PAURASAVA', 4, '/6/65/183/639'),
(640, 185, 'NALCHITY PAURASAVA', 4, '/6/65/185/640'),
(641, 187, 'BAUPHAL PAURASHAVA', 4, '/6/66/187/641'),
(642, 190, 'GALACHIPA PAURASAVA', 4, '/6/66/190/642'),
(643, 191, 'KALAPARA PAURASAVA', 4, '/6/66/191/643'),
(644, 191, 'KUAKATA PAURASAVA', 4, '/6/66/191/644'),
(645, 193, 'PATUAKHALI PAURASHAVA', 4, '/6/66/193/645'),
(646, 197, 'MATHBARIA PAURASAVA', 4, '/6/67/197/646'),
(647, 199, 'PIROJPUR PAURASAVA', 4, '/6/67/199/647'),
(648, 200, 'SWARUPKATI PAURASAVA', 4, '/6/67/200/648'),
(649, 73, 'BANDARBAN PAURASHAVA', 4, '/2/25/73/649'),
(650, 74, 'LAMA PAURASHAVA', 4, '/2/25/74/650'),
(651, 79, 'AKHAURA PAURASAVA', 4, '/2/26/79/651'),
(652, 82, 'BRAHMANBARIA PAURASAVA', 4, '/2/26/82/652'),
(653, 84, 'KASBA PAURASAVA', 4, '/2/26/84/653'),
(654, 85, 'NABINAGAR PAURASAVA', 4, '/2/26/85/654'),
(655, 88, 'CHANDPUR PAURASAVA', 4, '/2/27/88/655'),
(656, 89, 'FARIDGANJ PAURASHAVA', 4, '/2/27/89/656'),
(657, 91, 'HAJIGANJ PAURASAVA', 4, '/2/27/91/657'),
(658, 92, 'KACHUA PAURASAVA', 4, '/2/27/92/658'),
(659, 93, 'MATLAB PAURASAVA', 4, '/2/27/93/659'),
(660, 94, 'SENGARCHAR PAURASAVA', 4, '/2/27/94/660'),
(661, 95, 'SHAHRASTI PAURASAVA', 4, '/2/27/95/661'),
(662, 97, 'CHITTAGONG CITY CORP.', 4, '/2/28/97/662'),
(663, 98, 'BANSHKHALI PAURASHAVA', 4, '/2/28/98/663'),
(664, 99, 'CHITTAGONG CITY CORP.', 4, '/2/28/99/664'),
(665, 100, 'BOALKHALI PAURASHAVA', 4, '/2/28/100/665'),
(666, 101, 'CHANDANAISH PAURASHAVA', 4, '/2/28/101/666'),
(667, 102, 'CHITTAGONG CITY CORP.', 4, '/2/28/102/667'),
(668, 103, 'CHITTAGONG CITY CORP.', 4, '/2/28/103/668'),
(669, 104, 'CHITTAGONG CITY CORP.', 4, '/2/28/104/669'),
(670, 105, 'FATIKCHHARI PAURASAVA', 4, '/2/28/105/670'),
(671, 106, 'CHITTAGONG CITY CORP.', 4, '/2/28/106/671'),
(672, 108, 'CHITTAGONG CITY CORP.', 4, '/2/28/108/672'),
(673, 109, 'CHITTAGONG CITY CORP.', 4, '/2/28/109/673'),
(674, 111, 'BAROIAR HAT PAURASHAVA', 4, '/2/28/111/674'),
(675, 111, 'MIRSHARAI PAURASHAVA', 4, '/2/28/111/675'),
(676, 112, 'CHITTAGONG CITY CORP.', 4, '/2/28/112/676'),
(677, 113, 'CHITTAGONG CITY CORP.', 4, '/2/28/113/677'),
(678, 114, 'PATIYA PAURASHAVA', 4, '/2/28/114/678'),
(679, 115, 'CHITTAGONG CITY CORP.', 4, '/2/28/115/679'),
(680, 116, 'RANGUNIA PAURASHAVA', 4, '/2/28/116/680'),
(681, 117, 'RAOZAN PAURASHAVA', 4, '/2/28/117/681'),
(682, 118, 'SANDWIP PAURASHAVA', 4, '/2/28/118/682'),
(683, 119, 'SATKANIA PAURASHAVA', 4, '/2/28/119/683'),
(684, 120, 'SITAKUNDA PAURASHAVA', 4, '/2/28/120/684'),
(685, 121, 'BARURA PAURASAVA', 4, '/2/29/121/685'),
(686, 121, 'COMILLA CITY CORP.', 4, '/2/29/121/686'),
(687, 124, 'CHANDINA PAURASAVA', 4, '/2/29/124/687'),
(688, 125, 'CHAUDDAGRAM PAURASHAVA', 4, '/2/29/125/688'),
(689, 127, 'DAUDKANDI PAURASAVA', 4, '/2/29/127/689'),
(690, 128, 'DEBIDWAR PAURASHAVA', 4, '/2/29/128/690'),
(691, 129, 'HOMNA PAURASHAVA', 4, '/2/29/129/691'),
(692, 131, 'LAKSAM PAURASAVA', 4, '/2/29/131/692'),
(693, 135, 'NANGALKOT PAURASHAVA', 4, '/2/29/135/693'),
(694, 137, 'CHAKARIA PAURASHAVA', 4, '/2/30/137/694'),
(695, 138, 'COX''S BAZAR PAURASHAVA', 4, '/2/30/138/695'),
(696, 140, 'MAHESHKHALI PAURASHAVA', 4, '/2/30/140/696'),
(697, 143, 'TEKNAF PAURASHAVA', 4, '/2/30/143/697'),
(698, 145, 'CHHAGALNAIYA PAURASHAVA', 4, '/2/31/145/698'),
(699, 146, 'DAGANBHUIYAN PAURASAVA', 4, '/2/31/146/699'),
(700, 147, 'FENI PAURASAVA', 4, '/2/31/147/700'),
(701, 149, 'PARSHURAM PAURASHAVA', 4, '/2/31/149/701'),
(702, 150, 'SONAGAZI PAURASHAVA', 4, '/2/31/150/702'),
(703, 152, 'KHAGRACHHARI PAURASAVA', 4, '/2/32/152/703'),
(704, 156, 'MATIRANGA PAURASHAVA', 4, '/2/32/156/704'),
(705, 158, 'RAMGARH PAURASHAVA', 4, '/2/32/158/705'),
(706, 309, 'LAKSHMIPUR PAURASAVA', 4, '/2/33/309/706'),
(707, 310, 'ROYPUR PAURASAVA', 4, '/2/33/310/707'),
(708, 311, 'RAMGANJ PAURASAVA', 4, '/2/33/311/708'),
(709, 312, 'RAMGATI PAURASHAVA', 4, '/2/33/312/709'),
(710, 313, 'CHAUMOHANI PAURASAVA', 4, '/2/34/313/710'),
(711, 314, 'CHATKHIL PAURASAVA', 4, '/2/34/314/711'),
(712, 315, 'BASURHAT PAURASAVA', 4, '/2/34/315/712'),
(713, 316, 'HATIYA PAURASHAVA', 4, '/2/34/316/713'),
(714, 317, 'KABIRHAT PAURASAVA', 4, '/2/34/317/714'),
(715, 318, 'SENBAGH PAURASHAVA', 4, '/2/34/318/715'),
(716, 319, 'SONAIMURI PAURASAVA', 4, '/2/34/319/716'),
(717, 321, 'NOAKHALI PAURASAVA', 4, '/2/34/321/717'),
(718, 322, 'BAGHAICHHARI PAURASHAVA', 4, '/2/35/322/718'),
(719, 331, 'RANGAMATI PAURASHAVA', 4, '/2/35/331/719'),
(720, 202, 'DHAKA DAKSHIN CITY CORP.', 4, '/1/8/202/720'),
(721, 202, 'DHAKA UTTAR CITY CORP.', 4, '/1/8/202/721'),
(722, 212, 'DHAMRAI PAURASHAVA', 4, '/1/8/212/722'),
(723, 213, 'DOHAR PAURASHAVA', 4, '/1/8/213/723'),
(724, 238, 'SAVAR PAURASHAVA', 4, '/1/8/238/724'),
(725, 253, 'BHANGA PAURASHAVA', 4, '/1/9/253/725'),
(726, 254, 'BOALMARI PAURASHAVA', 4, '/1/9/254/726'),
(727, 256, 'FARIDPUR PAURASHAVA', 4, '/1/9/256/727'),
(728, 257, 'MADHUKHALI PAURASAVA', 4, '/1/9/257/728'),
(729, 258, 'NAGARKANDA PAURASHAVA', 4, '/1/9/258/729'),
(730, 261, 'GAZIPUR CITY CORPORATION', 4, '/1/10/261/730'),
(731, 262, 'KALIAKAIR PAURASHAVA', 4, '/1/10/262/731'),
(732, 263, 'KALIGANJ PAURASHAVA', 4, '/1/10/263/732'),
(733, 265, 'SREEPUR PAURASHAVA', 4, '/1/10/265/733'),
(734, 266, 'GOPALGANJ PAURASHAVA', 4, '/1/11/266/734'),
(735, 268, 'KOTALIPARA PAURASHAVA', 4, '/1/11/268/735'),
(736, 269, 'MUKSUDPUR PAURASHAVA', 4, '/1/11/269/736'),
(737, 270, 'TUNGIPARA PAURASHAVA', 4, '/1/11/270/737'),
(738, 271, 'BAKSHIGANJ PAURASHAVA', 4, '/1/12/271/738'),
(739, 272, 'DEWANGANJ PAURASHAVA', 4, '/1/12/272/739'),
(740, 273, 'ISLAMPUR PAURASHAVA', 4, '/1/12/273/740'),
(741, 274, 'JAMALPUR PAURASHAVA', 4, '/1/12/274/741'),
(742, 275, 'MADARGANJ PAURASHAVA', 4, '/1/12/275/742'),
(743, 276, 'MELANDAHA PAURASHAVA', 4, '/1/12/276/743'),
(744, 277, 'SARISHABARI PAURASHAVA', 4, '/1/12/277/744'),
(745, 279, 'BAJITPUR PAURASHAVA', 4, '/1/13/279/745'),
(746, 280, 'BHAIRAB PAURASHAVA', 4, '/1/13/280/746'),
(747, 281, 'HOSSAINPUR PAURASHAVA', 4, '/1/13/281/747'),
(748, 283, 'KARIMGANJ PAURASHAVA', 4, '/1/13/283/748'),
(749, 284, 'KATIADI PAURASHAVA', 4, '/1/13/284/749'),
(750, 285, 'KISHOREGANJ PAURASHAVA', 4, '/1/13/285/750'),
(751, 286, 'KULIAR CHAR PAURASHAVA', 4, '/1/13/286/751'),
(752, 289, 'PAKUNDIA PAURASHAVA', 4, '/1/13/289/752'),
(753, 291, 'KALKINI PAURASHAVA', 4, '/1/14/291/753'),
(754, 292, 'MADARIPUR PAURASHAVA', 4, '/1/14/292/754'),
(755, 293, 'RAJOIR PAURASHAVA', 4, '/1/14/293/755'),
(756, 294, 'SHIBCHAR PAURASHAVA', 4, '/1/14/294/756'),
(757, 298, 'MANIKGANJ PAURASHAVA', 4, '/1/15/298/757'),
(758, 301, 'SINGAIR PAURASHAVA', 4, '/1/15/301/758'),
(759, 304, 'MIRKADIM PAURASHAVA', 4, '/1/16/304/759'),
(760, 304, 'MUNSHIGANJ PAURASHAVA', 4, '/1/16/304/760'),
(761, 308, 'BHALUKA PAURASHAVA', 4, '/1/17/308/761'),
(762, 333, 'FULBARIA PAURASHAVA', 4, '/1/17/333/762'),
(763, 334, 'GAFFARGAON PAURASHAVA', 4, '/1/17/334/763'),
(764, 335, 'GAURIPUR PAURASHAVA', 4, '/1/17/335/764'),
(765, 337, 'ISHWARGANJ PAURASHAVA', 4, '/1/17/337/765'),
(766, 338, 'MYMENSINGH PAURASHAVA', 4, '/1/17/338/766'),
(767, 339, 'MUKTAGACHHA PAURASHAVA', 4, '/1/17/339/767'),
(768, 340, 'NANDAIL PAURASHAVA', 4, '/1/17/340/768'),
(769, 341, 'PHULPUR PAURASHAVA', 4, '/1/17/341/769'),
(770, 343, 'TRISHAL PAURASHAVA', 4, '/1/17/343/770'),
(771, 344, 'ARAIHAZAR PAURASHAVA', 4, '/1/18/344/771'),
(772, 344, 'GOPALDI PAURASHAVA', 4, '/1/18/344/772'),
(773, 345, 'SONARGAON PAURASHAVA', 4, '/1/18/345/773'),
(774, 347, 'NARAYANGANJ CITY CORP.', 4, '/1/18/347/774'),
(775, 348, 'KANCHAN PAURASHAVA', 4, '/1/18/348/775'),
(776, 348, 'TARABO PAURASHAVA', 4, '/1/18/348/776'),
(777, 350, 'MANOHARDI PAURASHAVA', 4, '/1/19/350/777'),
(778, 351, 'MADHABDI PAURASHAVA', 4, '/1/19/351/778'),
(779, 351, 'NARSINGDI PAURASHAVA', 4, '/1/19/351/779'),
(780, 352, 'GHORASHAL PAURASHAVA', 4, '/1/19/352/780'),
(781, 353, 'ROYPURA PAURASHAVA', 4, '/1/19/353/781'),
(782, 354, 'SHIBPUR PAURASHAVA', 4, '/1/19/354/782'),
(783, 357, 'DURGAPUR PAURASAVA', 4, '/1/20/357/783'),
(784, 360, 'KENDUA PAURASAVA', 4, '/1/20/360/784'),
(785, 361, 'MADAN PAURASAVA', 4, '/1/20/361/785'),
(786, 362, 'MOHANGANJ PAURASAVA', 4, '/1/20/362/786'),
(787, 363, 'NETROKONA PAURASAVA', 4, '/1/20/363/787'),
(788, 366, 'GOALANDAGHAT PAURASHAVA', 4, '/1/21/366/788'),
(789, 368, 'PANGSHA PAURASHAVA', 4, '/1/21/368/789'),
(790, 369, 'RAJBARI PAURASHAVA', 4, '/1/21/369/790'),
(791, 370, 'BHEDARGANJ PAURASHAVA', 4, '/1/22/370/791'),
(792, 371, 'DAMUDYA PAURASHAVA', 4, '/1/22/371/792'),
(793, 373, 'NARIA PAURASHAVA', 4, '/1/22/373/793'),
(794, 374, 'SHARIATPUR PAURASHAVA', 4, '/1/22/374/794'),
(795, 375, 'ZANJIRA PAURASHAVA', 4, '/1/22/375/795'),
(796, 377, 'NAKLA PAURASHAVA', 4, '/1/23/377/796'),
(797, 378, 'NALITABARI PAURASHAVA', 4, '/1/23/378/797'),
(798, 379, 'SHERPUR PAURASHAVA', 4, '/1/23/379/798'),
(799, 380, 'SREEBARDI PAURASHAVA', 4, '/1/23/380/799'),
(800, 381, 'BASAIL PAURASHAVA', 4, '/1/24/381/800'),
(801, 382, 'BHUAPUR PAURASHAVA', 4, '/1/24/382/801'),
(802, 384, 'DHANBARI PAURASAVA', 4, '/1/24/384/802'),
(803, 385, 'GHATAIL PAURASHAVA', 4, '/1/24/385/803'),
(804, 386, 'GOPALPUR PAURASHAVA', 4, '/1/24/386/804'),
(805, 387, 'ELENGA PAURASHAVA', 4, '/1/24/387/805'),
(806, 387, 'KALIHATI PAURASHAVA', 4, '/1/24/387/806'),
(807, 388, 'MADHUPUR PAURASHAVA', 4, '/1/24/388/807'),
(808, 389, 'MIRZAPUR PAURASHAVA', 4, '/1/24/389/808'),
(809, 391, 'SAKHIPUR PAURASHAVA', 4, '/1/24/391/809'),
(810, 392, 'TANGAIL PAURASHAVA', 4, '/1/24/392/810'),
(811, 398, 'BAGERHAT PAURASAVA', 4, '/5/52/398/811'),
(812, 403, 'MONGLA PORT PAURASAVA', 4, '/5/52/403/812'),
(813, 404, 'MORRELGANJ PAURASAVA', 4, '/5/52/404/813'),
(814, 407, 'ALAMDANGA PAURASAVA', 4, '/5/53/407/814'),
(815, 408, 'CHUADANGA PAURASAVA', 4, '/5/53/408/815'),
(816, 409, 'DARSHANA PAURASAVA', 4, '/5/53/409/816'),
(817, 410, 'JIBAN NAGAR PAURASAVA', 4, '/5/53/410/817'),
(818, 411, 'NOAPARA PAURASAVA', 4, '/5/54/411/818'),
(819, 412, 'BAGHER PARA PAURASAVA', 4, '/5/54/412/819'),
(820, 413, 'CHAUGACHHA PAURASAVA', 4, '/5/54/413/820'),
(821, 414, 'JHIKARGACHHA PAURASAVA', 4, '/5/54/414/821'),
(822, 415, 'KESHABPUR PAURASHAVA', 4, '/5/54/415/822'),
(823, 416, 'JESSORE PAURASAVA', 4, '/5/54/416/823'),
(824, 417, 'MANIRAMPUR PAURASAVA', 4, '/5/54/417/824'),
(825, 418, 'BENAPOLE PAURASHAVA', 4, '/5/54/418/825'),
(826, 419, 'HARINAKUNDA PAURASHAVA', 4, '/5/55/419/826'),
(827, 420, 'JHENAIDAH PAURASAVA', 4, '/5/55/420/827'),
(828, 263, 'KALIGANJ PAURASAVA', 4, '/1/10/263/828'),
(829, 422, 'KOTCHANDPUR PAURASAVA', 4, '/5/55/422/829'),
(830, 423, 'MAHESHPUR PAURASAVA', 4, '/5/55/423/830'),
(831, 424, 'SHAILKUPA PAURASAVA', 4, '/5/55/424/831'),
(832, 426, 'CHALNA PAURASAVA', 4, '/5/56/426/832'),
(833, 295, 'KHULNA CITY CORP.', 4, '/1/15/295/833'),
(834, 430, 'KHULNA CITY CORP.', 4, '/5/56/430/834'),
(835, 431, 'KHULNA CITY CORP.', 4, '/5/56/431/835'),
(836, 432, 'KHULNA CITY CORP.', 4, '/5/56/432/836'),
(837, 434, 'PAIKGACHHA PAURASHAVA', 4, '/5/56/434/837'),
(838, 437, 'KHULNA CITY CORP.', 4, '/5/56/437/838'),
(839, 439, 'BHERAMARA PAURASHAVA', 4, '/5/57/439/839'),
(840, 441, 'KHOKSA PAURASHAVA', 4, '/5/57/441/840'),
(841, 442, 'KUMARKHALI PAURASHAVA', 4, '/5/57/442/841'),
(842, 443, 'KUSHTIA PAURASHAVA', 4, '/5/57/443/842'),
(843, 228, 'MIRPUR PAURASHAVA', 4, '/1/8/228/843'),
(844, 445, 'MAGURA PAURASAVA', 4, '/5/58/445/844'),
(845, 449, 'GANGNI PAURASHAVA', 4, '/5/59/449/845'),
(846, 451, 'MEHERPUR PAURASHAVA', 4, '/5/59/451/846'),
(847, 452, 'KALIA PAURASAVA', 4, '/5/60/452/847'),
(848, 110, 'LOHAGARA PAURASAVA', 4, '/2/28/110/848'),
(849, 454, 'NARAIL PAURASAVA', 4, '/5/60/454/849'),
(850, 457, 'KALAROA PAURASAVA', 4, '/5/61/457/850'),
(851, 459, 'SATKHIRA PAURASAVA', 4, '/5/61/459/851'),
(852, 393, 'SANTAHAR PAURASAVA', 4, '/3/36/393/852'),
(853, 394, 'BOGRA PAURASAVA', 4, '/3/36/394/853'),
(854, 395, 'DHUNAT PAURASHAVA', 4, '/3/36/395/854'),
(855, 396, 'DHUPCHANCHIA PAURASAVA', 4, '/3/36/396/855'),
(856, 396, 'TALORA  PAURASHAVA', 4, '/3/36/396/856'),
(857, 397, 'GABTALI PAURASHAVA', 4, '/3/36/397/857'),
(858, 462, 'KAHALOO PAURASHAVA', 4, '/3/36/462/858'),
(859, 463, 'NANDIGRAM PAURASHAVA', 4, '/3/36/463/859'),
(860, 464, 'SARIAKANDI PAURASAVA', 4, '/3/36/464/860'),
(861, 466, 'SHERPUR PAURASAVA', 4, '/3/36/466/861'),
(862, 467, 'SHIBGANJ PAURASHAVA', 4, '/3/36/467/862'),
(863, 468, 'SONATOLA PAURASHAVA', 4, '/3/36/468/863'),
(864, 494, 'AKKELPUR PAURASAVA', 4, '/3/38/494/864'),
(865, 495, 'JOYPURHAT PAURASAVA', 4, '/3/38/495/865'),
(866, 496, 'KALAI PAURASAVA', 4, '/3/38/496/866'),
(867, 497, 'KHETLAL PAURASAVA', 4, '/3/38/497/867'),
(868, 498, 'PANCHBIBI PAURASAVA', 4, '/3/38/498/868'),
(869, 515, 'DHAMOIRHAT PAURASAVA', 4, '/3/39/515/869'),
(870, 518, 'NAOGAON PAURASAVA', 4, '/3/39/518/870'),
(871, 520, 'NOZIPUR PAURASAVA', 4, '/3/39/520/871'),
(872, 524, 'BAGATIPARA PAURASAVA', 4, '/3/40/524/872'),
(873, 525, 'BANPARA PAURASAVA', 4, '/3/40/525/873'),
(874, 525, 'BARAIGRAM PAURASAVA', 4, '/3/40/525/874'),
(875, 526, 'GURUDASPUR PAURASAVA', 4, '/3/40/526/875'),
(876, 527, 'GOPALPUR (LALPUR) PAURASAVA', 4, '/3/40/527/876'),
(877, 528, 'NALDANGA PAURASAVA', 4, '/3/40/528/877'),
(878, 529, 'NATORE PAURASAVA', 4, '/3/40/529/878'),
(879, 530, 'SINGRA PAURASAVA', 4, '/3/40/530/879'),
(880, 470, 'RAHANPUR PAURASHAVA', 4, '/3/37/470/880'),
(881, 471, 'NACHOLE PAURASHAVA', 4, '/3/37/471/881'),
(882, 472, 'CHAPAI NABABGANJ PAURASHAVA', 4, '/3/37/472/882'),
(883, 467, 'SHIBGANJ PAURASHAVA', 4, '/3/36/467/883'),
(884, 160, 'Unions of AMTALI Upazila', 4, '/6/62/160/884'),
(885, 161, 'Unions of BAMNA Upazila', 4, '/6/62/161/885'),
(886, 162, 'Unions of BARGUNA SADAR Upazila', 4, '/6/62/162/886'),
(887, 163, 'Unions of BETAGI Upazila', 4, '/6/62/163/887'),
(888, 164, 'Unions of PATHARGHATA Upazila', 4, '/6/62/164/888'),
(889, 165, 'Unions of TALTALI Upazila', 4, '/6/62/165/889'),
(890, 166, 'Unions of AGAILJHARA Upazila', 4, '/6/63/166/890'),
(891, 167, 'Unions of BABUGANJ Upazila', 4, '/6/63/167/891'),
(892, 168, 'Unions of BAKERGANJ Upazila', 4, '/6/63/168/892'),
(893, 169, 'Unions of BANARI PARA Upazila', 4, '/6/63/169/893'),
(894, 170, 'Unions of GAURNADI Upazila', 4, '/6/63/170/894'),
(895, 171, 'Unions of HIZLA Upazila', 4, '/6/63/171/895'),
(896, 172, 'Unions of BARISAL SADAR (KOTWALI) Upazila', 4, '/6/63/172/896'),
(897, 173, 'Unions of MHENDIGANJ Upazila', 4, '/6/63/173/897'),
(898, 174, 'Unions of MULADI Upazila', 4, '/6/63/174/898'),
(899, 175, 'Unions of WAZIRPUR Upazila', 4, '/6/63/175/899'),
(900, 176, 'Unions of BHOLA SADAR Upazila', 4, '/6/64/176/900'),
(901, 177, 'Unions of BURHANUDDIN Upazila', 4, '/6/64/177/901'),
(902, 178, 'Unions of CHAR FASSON Upazila', 4, '/6/64/178/902'),
(903, 179, 'Unions of DAULAT KHAN Upazila', 4, '/6/64/179/903'),
(904, 180, 'Unions of LALMOHAN Upazila', 4, '/6/64/180/904'),
(905, 181, 'Unions of MANPURA Upazila', 4, '/6/64/181/905'),
(906, 182, 'Unions of TAZUMUDDIN Upazila', 4, '/6/64/182/906'),
(907, 183, 'Unions of JHALOKATI SADAR Upazila', 4, '/6/65/183/907'),
(908, 184, 'Unions of KANTHALIA Upazila', 4, '/6/65/184/908'),
(909, 185, 'Unions of NALCHITY Upazila', 4, '/6/65/185/909'),
(910, 186, 'Unions of RAJAPUR Upazila', 4, '/6/65/186/910'),
(911, 187, 'Unions of BAUPHAL Upazila', 4, '/6/66/187/911'),
(912, 188, 'Unions of DASHMINA Upazila', 4, '/6/66/188/912'),
(913, 189, 'Unions of DUMKI Upazila', 4, '/6/66/189/913'),
(914, 190, 'Unions of GALACHIPA Upazila', 4, '/6/66/190/914'),
(915, 191, 'Unions of KALAPARA Upazila', 4, '/6/66/191/915'),
(916, 192, 'Unions of MIRZAGANJ Upazila', 4, '/6/66/192/916'),
(917, 193, 'Unions of PATUAKHALI SADAR Upazila', 4, '/6/66/193/917'),
(918, 194, 'Unions of RANGABALI Upazila', 4, '/6/66/194/918'),
(919, 195, 'Unions of BHANDARIA Upazila', 4, '/6/67/195/919'),
(920, 196, 'Unions of KAWKHALI Upazila', 4, '/6/67/196/920'),
(921, 197, 'Unions of MATHBARIA Upazila', 4, '/6/67/197/921'),
(922, 198, 'Unions of NAZIRPUR Upazila', 4, '/6/67/198/922'),
(923, 199, 'Unions of PIROJPUR SADAR Upazila', 4, '/6/67/199/923'),
(924, 200, 'Unions of NESARABAD (SWARUPKATI) Upazila', 4, '/6/67/200/924'),
(925, 201, 'Unions of ZIANAGAR Upazila', 4, '/6/67/201/925'),
(926, 72, 'Unions of ALIKADAM Upazila', 4, '/2/25/72/926'),
(927, 73, 'Unions of BANDARBAN SADAR Upazila', 4, '/2/25/73/927'),
(928, 74, 'Unions of LAMA Upazila', 4, '/2/25/74/928'),
(929, 75, 'Unions of NAIKHONGCHHARI Upazila', 4, '/2/25/75/929'),
(930, 76, 'Unions of ROWANGCHHARI Upazila', 4, '/2/25/76/930'),
(931, 77, 'Unions of RUMA Upazila', 4, '/2/25/77/931'),
(932, 537, 'ATGHARIA PAURASAVA', 4, '/3/41/537/932'),
(933, 538, 'BERA PAURASAVA', 4, '/3/41/538/933'),
(934, 539, 'BHANGURA PAURASAVA', 4, '/3/41/539/934'),
(935, 540, 'CHATMOHAR PAURASAVA', 4, '/3/41/540/935'),
(936, 541, 'FARIDPUR PAURASAVA', 4, '/3/41/541/936'),
(937, 542, 'ISHWARDI PAURASAVA', 4, '/3/41/542/937'),
(938, 543, 'PABNA PAURASAVA', 4, '/3/41/543/938'),
(939, 544, 'SANTHIA PAURASAVA', 4, '/3/41/544/939'),
(940, 545, 'SUJANAGAR PAURASAVA', 4, '/3/41/545/940'),
(941, 551, 'ARANI PAURASAVA', 4, '/3/42/551/941'),
(942, 551, 'BAGHA PAURASAVA', 4, '/3/42/551/942'),
(943, 552, 'BHABANIGONJ PAURASAVA', 4, '/3/42/552/943'),
(944, 552, 'TAHIRPUR PAURASAVA', 4, '/3/42/552/944'),
(945, 553, 'RAJSHAHI CITY CORP.', 4, '/3/42/553/945'),
(946, 554, 'CHARGHAT PAURASAVA', 4, '/3/42/554/946'),
(947, 357, 'DURGAPUR PAURASAVA', 4, '/1/20/357/947'),
(948, 556, 'GODAGARI PAURASAVA', 4, '/3/42/556/948'),
(949, 556, 'KAKANHAT PAURASAVA', 4, '/3/42/556/949'),
(950, 557, 'RAJSHAHI CITY CORP.', 4, '/3/42/557/950'),
(951, 558, 'KESHARHAT PAURASAVA', 4, '/3/42/558/951'),
(952, 559, 'KATAKHALI PAURASAVA', 4, '/3/42/559/952'),
(953, 559, 'NOAHATA PAURASAVA', 4, '/3/42/559/953'),
(954, 560, 'PUTHIA PAURASAVA', 4, '/3/42/560/954'),
(955, 561, 'RAJSHAHI CITY CORP.', 4, '/3/42/561/955'),
(956, 562, 'RAJSHAHI CITY CORP.', 4, '/3/42/562/956'),
(957, 563, 'MUNDUMALA PAURASAVA', 4, '/3/42/563/957'),
(958, 563, 'TANORE PAURASAVA', 4, '/3/42/563/958'),
(959, 572, 'BELKUCHI PAURASHAVA', 4, '/3/43/572/959'),
(960, 575, 'KAZIPUR PAURASAVA', 4, '/3/43/575/960'),
(961, 576, 'ROYGANJ PAURASHAVA', 4, '/3/43/576/961'),
(962, 577, 'SHAHJADPUR PAURASAVA', 4, '/3/43/577/962'),
(963, 578, 'SIRAJGANJ PAURASAVA', 4, '/3/43/578/963'),
(964, 580, 'ULLAH PARA PAURASAVA', 4, '/3/43/580/964'),
(965, 474, 'BIRAMPUR PAURASAVA', 4, '/4/44/474/965'),
(966, 475, 'BIRGANJ PAURASHAVA', 4, '/4/44/475/966'),
(967, 477, 'SETABGANJ PAURASAVA', 4, '/4/44/477/967'),
(968, 479, 'FULBARI PAURASAVA', 4, '/4/44/479/968'),
(969, 480, 'GHORAGHAT PAURASHAVA', 4, '/4/44/480/969'),
(970, 481, 'HAKIMPUR PAURASAVA', 4, '/4/44/481/970'),
(971, 484, 'DINAJPUR PAURASAVA', 4, '/4/44/484/971'),
(972, 486, 'PARBATIPUR PAURASAVA', 4, '/4/44/486/972'),
(973, 488, 'GAIBANDHA PAURASAVA', 4, '/4/45/488/973'),
(974, 489, 'GOBINDAGANJ PAURASAVA', 4, '/4/45/489/974'),
(975, 490, 'PALASHBARI PAURASHAV', 4, '/4/45/490/975'),
(976, 493, 'SUNDARGANJ PAURASHAVA', 4, '/4/45/493/976'),
(977, 503, 'KURIGRAM PAURASAVA', 4, '/4/46/503/977'),
(978, 504, 'NAGESHWARI PAURASHAVA', 4, '/4/46/504/978'),
(979, 507, 'ULIPUR PAURASAVA', 4, '/4/46/507/979'),
(980, 511, 'LALMONIRHAT PAURASAVA', 4, '/4/47/511/980'),
(981, 512, 'PATGRAM PAURASAVA', 4, '/4/47/512/981'),
(982, 532, 'DOMAR PAURASAVA', 4, '/4/48/532/982'),
(983, 533, 'JALDHAKA PAURASHAVA', 4, '/4/48/533/983'),
(984, 535, 'NILPHAMARI PAURASAVA', 4, '/4/48/535/984'),
(985, 536, 'SAIDPUR PAURASAVA', 4, '/4/48/536/985'),
(986, 547, 'BODA PAURASHAVA', 4, '/4/49/547/986'),
(987, 549, 'PANCHAGARH PAURASAVA', 4, '/4/49/549/987'),
(988, 564, 'BADARGANJ PAURASAVA', 4, '/4/50/564/988'),
(989, 566, 'HARAGACHH (KAUNIA) PAURASAVA', 4, '/4/50/566/989'),
(990, 567, 'RANGPUR CITY CORPORATION', 4, '/4/50/567/990'),
(991, 570, 'PIRGANJ PAURASAVA', 4, '/4/50/570/991'),
(992, 584, 'RANISANKAIL PAURASHAVA', 4, '/4/51/584/992'),
(993, 585, 'THAKURGAON PAURASAVA', 4, '/4/51/585/993'),
(994, 586, 'AJMIRIGANJ PAURASHAVA', 4, '/7/68/586/994'),
(995, 589, 'CHUNARUGHAT PAURASHAVA', 4, '/7/68/589/995'),
(996, 590, 'HABIGANJ PAURASHAVA', 4, '/7/68/590/996'),
(997, 590, 'SHAYESTAGANG PAURASHAVA', 4, '/7/68/590/997'),
(998, 592, 'MADHABPUR PAURASHAVA', 4, '/7/68/592/998'),
(999, 593, 'NABIGANJ PAURASHAVA', 4, '/7/68/593/999'),
(1000, 594, 'BARLEKHA PAURASHAVA', 4, '/7/69/594/1000'),
(1001, 596, 'KAMALGANJ PAURASHAVA', 4, '/7/69/596/1001'),
(1002, 597, 'KULAURA PAURASHAVA', 4, '/7/69/597/1002'),
(1003, 598, 'MAULVIBAZAR PAURASHAVA', 4, '/7/69/598/1003'),
(1004, 600, 'SREEMANGAL PAURASHAVA', 4, '/7/69/600/1004'),
(1005, 602, 'CHHATAK PAURASHAVA', 4, '/7/70/602/1005'),
(1006, 604, 'DERAI PAURASHAVA', 4, '/7/70/604/1006'),
(1007, 607, 'JAGANNATHPUR PAURASHAVA', 4, '/7/70/607/1007'),
(1008, 610, 'SUNAMGANJ PAURASHAVA', 4, '/7/70/610/1008'),
(1009, 613, 'BEANI BAZAR PAURASHAVA', 4, '/7/71/613/1009'),
(1010, 618, 'GOLAPGANJ PAURASHAVA', 4, '/7/71/618/1010'),
(1011, 621, 'KANAIGHAT PAURASHAVA', 4, '/7/71/621/1011'),
(1012, 622, 'SYLHET CITY CORP.', 4, '/7/71/622/1012'),
(1013, 623, 'ZAKIGANJ PAURASHAVA', 4, '/7/71/623/1013'),
(1014, 78, 'Unions of THANCHI Upazila', 4, '/2/25/78/1014'),
(1015, 79, 'Unions of AKHAURA Upazila', 4, '/2/26/79/1015'),
(1016, 80, 'Unions of BANCHHARAMPUR Upazila', 4, '/2/26/80/1016'),
(1017, 81, 'Unions of BIJOYNAGAR Upazila', 4, '/2/26/81/1017'),
(1018, 82, 'Unions of BRAHMANBARIA SADAR Upazila', 4, '/2/26/82/1018'),
(1019, 83, 'Unions of ASHUGANJ Upazila', 4, '/2/26/83/1019'),
(1020, 84, 'Unions of KASBA Upazila', 4, '/2/26/84/1020'),
(1021, 85, 'Unions of NABINAGAR Upazila', 4, '/2/26/85/1021'),
(1022, 86, 'Unions of NASIRNAGAR Upazila', 4, '/2/26/86/1022'),
(1023, 87, 'Unions of SARAIL Upazila', 4, '/2/26/87/1023'),
(1024, 88, 'Unions of CHANDPUR SADAR Upazila', 4, '/2/27/88/1024'),
(1025, 89, 'Unions of FARIDGANJ Upazila', 4, '/2/27/89/1025'),
(1026, 90, 'Unions of HAIM CHAR Upazila', 4, '/2/27/90/1026'),
(1027, 91, 'Unions of HAJIGANJ Upazila', 4, '/2/27/91/1027'),
(1028, 92, 'Unions of KACHUA Upazila', 4, '/2/27/92/1028'),
(1029, 93, 'Unions of MATLAB DAKSHIN Upazila', 4, '/2/27/93/1029'),
(1030, 94, 'Unions of MATLAB UTTAR Upazila', 4, '/2/27/94/1030'),
(1031, 95, 'Unions of SHAHRASTI Upazila', 4, '/2/27/95/1031'),
(1032, 96, 'Unions of ANOWARA Upazila', 4, '/2/28/96/1032'),
(1033, 98, 'Unions of BANSHKHALI Upazila', 4, '/2/28/98/1033'),
(1034, 100, 'Unions of BOALKHALI Upazila', 4, '/2/28/100/1034'),
(1035, 101, 'Unions of CHANDANAISH Upazila', 4, '/2/28/101/1035'),
(1036, 105, 'Unions of FATIKCHHARI Upazila', 4, '/2/28/105/1036'),
(1037, 107, 'Unions of HATHAZARI Upazila', 4, '/2/28/107/1037'),
(1038, 110, 'Unions of LOHAGARA Upazila', 4, '/2/28/110/1038'),
(1039, 111, 'Unions of MIRSHARAI Upazila', 4, '/2/28/111/1039'),
(1040, 114, 'Unions of PATIYA Upazila', 4, '/2/28/114/1040'),
(1041, 116, 'Unions of RANGUNIA Upazila', 4, '/2/28/116/1041'),
(1042, 117, 'Unions of RAOZAN Upazila', 4, '/2/28/117/1042'),
(1043, 118, 'Unions of SANDWIP Upazila', 4, '/2/28/118/1043'),
(1044, 119, 'Unions of SATKANIA Upazila', 4, '/2/28/119/1044'),
(1045, 120, 'Unions of SITAKUNDA Upazila', 4, '/2/28/120/1045'),
(1046, 121, 'Unions of BARURA Upazila', 4, '/2/29/121/1046'),
(1047, 122, 'Unions of BRAHMAN PARA Upazila', 4, '/2/29/122/1047'),
(1048, 123, 'Unions of BURICHANG Upazila', 4, '/2/29/123/1048'),
(1049, 124, 'Unions of CHANDINA Upazila', 4, '/2/29/124/1049'),
(1050, 125, 'Unions of CHAUDDAGRAM Upazila', 4, '/2/29/125/1050'),
(1051, 126, 'Unions of COMILLA SADAR DAKSHIN Upazila', 4, '/2/29/126/1051'),
(1052, 127, 'Unions of DAUDKANDI Upazila', 4, '/2/29/127/1052'),
(1053, 128, 'Unions of DEBIDWAR Upazila', 4, '/2/29/128/1053'),
(1054, 129, 'Unions of HOMNA Upazila', 4, '/2/29/129/1054'),
(1055, 130, 'Unions of COMILLA ADARSHA SADAR Upazila', 4, '/2/29/130/1055'),
(1056, 131, 'Unions of LAKSAM Upazila', 4, '/2/29/131/1056'),
(1057, 132, 'Unions of MANOHARGANJ Upazila', 4, '/2/29/132/1057'),
(1058, 133, 'Unions of MEGHNA Upazila', 4, '/2/29/133/1058'),
(1059, 134, 'Unions of MURADNAGAR Upazila', 4, '/2/29/134/1059'),
(1060, 135, 'Unions of NANGALKOT Upazila', 4, '/2/29/135/1060'),
(1061, 136, 'Unions of TITAS Upazila', 4, '/2/29/136/1061'),
(1062, 137, 'Unions of CHAKARIA Upazila', 4, '/2/30/137/1062'),
(1063, 138, 'Unions of COX''S BAZAR SADAR Upazila', 4, '/2/30/138/1063'),
(1064, 139, 'Unions of KUTUBDIA Upazila', 4, '/2/30/139/1064'),
(1065, 140, 'Unions of MAHESHKHALI Upazila', 4, '/2/30/140/1065'),
(1066, 141, 'Unions of PEKUA Upazila', 4, '/2/30/141/1066'),
(1067, 142, 'Unions of RAMU Upazila', 4, '/2/30/142/1067'),
(1068, 143, 'Unions of TEKNAF Upazila', 4, '/2/30/143/1068'),
(1069, 144, 'Unions of UKHIA Upazila', 4, '/2/30/144/1069'),
(1070, 145, 'Unions of CHHAGALNAIYA Upazila', 4, '/2/31/145/1070'),
(1071, 146, 'Unions of DAGANBHUIYAN Upazila', 4, '/2/31/146/1071'),
(1072, 147, 'Unions of FENI SADAR Upazila', 4, '/2/31/147/1072'),
(1073, 148, 'Unions of FULGAZI Upazila', 4, '/2/31/148/1073'),
(1074, 149, 'Unions of PARSHURAM Upazila', 4, '/2/31/149/1074'),
(1075, 150, 'Unions of SONAGAZI Upazila', 4, '/2/31/150/1075'),
(1076, 151, 'Unions of DIGHINALA Upazila', 4, '/2/32/151/1076'),
(1077, 152, 'Unions of KHAGRACHHARI SADAR Upazila', 4, '/2/32/152/1077'),
(1078, 153, 'Unions of LAKSHMICHHARI Upazila', 4, '/2/32/153/1078'),
(1079, 154, 'Unions of MAHALCHHARI Upazila', 4, '/2/32/154/1079'),
(1080, 155, 'Unions of MANIKCHHARI Upazila', 4, '/2/32/155/1080'),
(1081, 156, 'Unions of MATIRANGA Upazila', 4, '/2/32/156/1081'),
(1082, 157, 'Unions of PANCHHARI Upazila', 4, '/2/32/157/1082'),
(1083, 158, 'Unions of RAMGARH Upazila', 4, '/2/32/158/1083'),
(1084, 159, 'Unions of KAMALNAGAR Upazila', 4, '/2/33/159/1084'),
(1085, 309, 'Unions of LAKSHMIPUR SADAR Upazila', 4, '/2/33/309/1085'),
(1086, 310, 'Unions of ROYPUR Upazila', 4, '/2/33/310/1086'),
(1087, 311, 'Unions of RAMGANJ Upazila', 4, '/2/33/311/1087'),
(1088, 312, 'Unions of RAMGATI Upazila', 4, '/2/33/312/1088'),
(1089, 313, 'Unions of BEGUMGANJ Upazila', 4, '/2/34/313/1089'),
(1090, 314, 'Unions of CHATKHIL Upazila', 4, '/2/34/314/1090'),
(1091, 315, 'Unions of COMPANIGANJ Upazila', 4, '/2/34/315/1091'),
(1092, 316, 'Unions of HATIYA Upazila', 4, '/2/34/316/1092'),
(1093, 317, 'Unions of KABIRHAT Upazila', 4, '/2/34/317/1093'),
(1094, 318, 'Unions of SENBAGH Upazila', 4, '/2/34/318/1094'),
(1095, 319, 'Unions of SONAIMURI Upazila', 4, '/2/34/319/1095'),
(1096, 320, 'Unions of SUBARNACHAR Upazila', 4, '/2/34/320/1096'),
(1097, 321, 'Unions of NOAKHALI SADAR Upazila', 4, '/2/34/321/1097'),
(1098, 322, 'Unions of BAGHAICHHARI Upazila', 4, '/2/35/322/1098'),
(1099, 323, 'Unions of BARKAL UPAZILA Upazila', 4, '/2/35/323/1099'),
(1100, 324, 'Unions of KAWKHALI (BETBUNIA) Upazila', 4, '/2/35/324/1100'),
(1101, 325, 'Unions of BELAI CHHARI  UPAZI Upazila', 4, '/2/35/325/1101'),
(1102, 326, 'Unions of KAPTAI  UPAZILA Upazila', 4, '/2/35/326/1102');
INSERT INTO `locations` (`id`, `parent`, `name`, `level`, `path`) VALUES
(1103, 327, 'Unions of JURAI CHHARI UPAZIL Upazila', 4, '/2/35/327/1103'),
(1104, 328, 'Unions of LANGADU  UPAZILA Upazila', 4, '/2/35/328/1104'),
(1105, 329, 'Unions of NANIARCHAR  UPAZILA Upazila', 4, '/2/35/329/1105'),
(1106, 330, 'Unions of RAJASTHALI  UPAZILA Upazila', 4, '/2/35/330/1106'),
(1107, 331, 'Unions of RANGAMATI SADAR  UP Upazila', 4, '/2/35/331/1107'),
(1108, 203, 'Unions of BADDA Upazila', 4, '/1/8/203/1108'),
(1109, 209, 'Unions of DAKSHINKHAN Upazila', 4, '/1/8/209/1109'),
(1110, 211, 'Unions of DEMRA Upazila', 4, '/1/8/211/1110'),
(1111, 212, 'Unions of DHAMRAI Upazila', 4, '/1/8/212/1111'),
(1112, 213, 'Unions of DOHAR Upazila', 4, '/1/8/213/1112'),
(1113, 215, 'Unions of BHATARA Upazila', 4, '/1/8/215/1113'),
(1114, 218, 'Unions of JATRABARI Upazila', 4, '/1/8/218/1114'),
(1115, 220, 'Unions of KADAMTALI Upazila', 4, '/1/8/220/1115'),
(1116, 222, 'Unions of KAMRANGIR CHAR Upazila', 4, '/1/8/222/1116'),
(1117, 223, 'Unions of KHILGAON Upazila', 4, '/1/8/223/1117'),
(1118, 224, 'Unions of KHILKHET Upazila', 4, '/1/8/224/1118'),
(1119, 225, 'Unions of KERANIGANJ Upazila', 4, '/1/8/225/1119'),
(1120, 230, 'Unions of MUGDA PARA Upazila', 4, '/1/8/230/1120'),
(1121, 231, 'Unions of NAWABGANJ Upazila', 4, '/1/8/231/1121'),
(1122, 236, 'Unions of SABUJBAGH Upazila', 4, '/1/8/236/1122'),
(1123, 238, 'Unions of SAVAR Upazila', 4, '/1/8/238/1123'),
(1124, 247, 'Unions of TURAG Upazila', 4, '/1/8/247/1124'),
(1125, 250, 'Unions of UTTAR KHAN Upazila', 4, '/1/8/250/1125'),
(1126, 252, 'Unions of ALFADANGA Upazila', 4, '/1/9/252/1126'),
(1127, 253, 'Unions of BHANGA Upazila', 4, '/1/9/253/1127'),
(1128, 254, 'Unions of BOALMARI Upazila', 4, '/1/9/254/1128'),
(1129, 255, 'Unions of CHAR BHADRASAN Upazila', 4, '/1/9/255/1129'),
(1130, 256, 'Unions of FARIDPUR SADAR Upazila', 4, '/1/9/256/1130'),
(1131, 257, 'Unions of MADHUKHALI Upazila', 4, '/1/9/257/1131'),
(1132, 258, 'Unions of NAGARKANDA Upazila', 4, '/1/9/258/1132'),
(1133, 259, 'Unions of SADARPUR Upazila', 4, '/1/9/259/1133'),
(1134, 260, 'Unions of SALTHA Upazila', 4, '/1/9/260/1134'),
(1135, 261, 'Unions of GAZIPUR SADAR Upazila', 4, '/1/10/261/1135'),
(1136, 262, 'Unions of KALIAKAIR Upazila', 4, '/1/10/262/1136'),
(1137, 263, 'Unions of KALIGANJ Upazila', 4, '/1/10/263/1137'),
(1138, 264, 'Unions of KAPASIA Upazila', 4, '/1/10/264/1138'),
(1139, 265, 'Unions of SREEPUR Upazila', 4, '/1/10/265/1139'),
(1140, 266, 'Unions of GOPALGANJ SADAR Upazila', 4, '/1/11/266/1140'),
(1141, 267, 'Unions of KASHIANI Upazila', 4, '/1/11/267/1141'),
(1142, 268, 'Unions of KOTALIPARA Upazila', 4, '/1/11/268/1142'),
(1143, 269, 'Unions of MUKSUDPUR Upazila', 4, '/1/11/269/1143'),
(1144, 270, 'Unions of TUNGIPARA Upazila', 4, '/1/11/270/1144'),
(1145, 271, 'Unions of BAKSHIGANJ Upazila', 4, '/1/12/271/1145'),
(1146, 272, 'Unions of DEWANGANJ Upazila', 4, '/1/12/272/1146'),
(1147, 273, 'Unions of ISLAMPUR Upazila', 4, '/1/12/273/1147'),
(1148, 274, 'Unions of JAMALPUR SADAR Upazila', 4, '/1/12/274/1148'),
(1149, 275, 'Unions of MADARGANJ Upazila', 4, '/1/12/275/1149'),
(1150, 276, 'Unions of MELANDAHA Upazila', 4, '/1/12/276/1150'),
(1151, 277, 'Unions of SARISHABARI UPAZILA Upazila', 4, '/1/12/277/1151'),
(1152, 278, 'Unions of AUSTAGRAM Upazila', 4, '/1/13/278/1152'),
(1153, 279, 'Unions of BAJITPUR Upazila', 4, '/1/13/279/1153'),
(1154, 280, 'Unions of BHAIRAB Upazila', 4, '/1/13/280/1154'),
(1155, 281, 'Unions of HOSSAINPUR Upazila', 4, '/1/13/281/1155'),
(1156, 282, 'Unions of ITNA Upazila', 4, '/1/13/282/1156'),
(1157, 283, 'Unions of KARIMGANJ Upazila', 4, '/1/13/283/1157'),
(1158, 284, 'Unions of KATIADI Upazila', 4, '/1/13/284/1158'),
(1159, 285, 'Unions of KISHOREGANJ SADAR Upazila', 4, '/1/13/285/1159'),
(1160, 286, 'Unions of KULIAR CHAR Upazila', 4, '/1/13/286/1160'),
(1161, 287, 'Unions of MITHAMAIN Upazila', 4, '/1/13/287/1161'),
(1162, 288, 'Unions of NIKLI Upazila', 4, '/1/13/288/1162'),
(1163, 289, 'Unions of PAKUNDIA Upazila', 4, '/1/13/289/1163'),
(1164, 290, 'Unions of TARAIL Upazila', 4, '/1/13/290/1164'),
(1165, 291, 'Unions of KALKINI Upazila', 4, '/1/14/291/1165'),
(1166, 292, 'Unions of MADARIPUR SADAR Upazila', 4, '/1/14/292/1166'),
(1167, 293, 'Unions of RAJOIR Upazila', 4, '/1/14/293/1167'),
(1168, 294, 'Unions of SHIBCHAR Upazila', 4, '/1/14/294/1168'),
(1169, 295, 'Unions of DAULATPUR Upazila', 4, '/1/15/295/1169'),
(1170, 296, 'Unions of GHIOR Upazila', 4, '/1/15/296/1170'),
(1171, 297, 'Unions of HARIRAMPUR Upazila', 4, '/1/15/297/1171'),
(1172, 298, 'Unions of MANIKGANJ SADAR Upazila', 4, '/1/15/298/1172'),
(1173, 299, 'Unions of SATURIA Upazila', 4, '/1/15/299/1173'),
(1174, 300, 'Unions of SHIBALAYA Upazila', 4, '/1/15/300/1174'),
(1175, 301, 'Unions of SINGAIR Upazila', 4, '/1/15/301/1175'),
(1176, 302, 'Unions of GAZARIA Upazila', 4, '/1/16/302/1176'),
(1177, 303, 'Unions of LOHAJANG Upazila', 4, '/1/16/303/1177'),
(1178, 304, 'Unions of MUNSHIGANJ SADAR Upazila', 4, '/1/16/304/1178'),
(1179, 305, 'Unions of SERAJDIKHAN Upazila', 4, '/1/16/305/1179'),
(1180, 306, 'Unions of SREENAGAR Upazila', 4, '/1/16/306/1180'),
(1181, 307, 'Unions of TONGIBARI Upazila', 4, '/1/16/307/1181'),
(1182, 308, 'Unions of BHALUKA Upazila', 4, '/1/17/308/1182'),
(1183, 332, 'Unions of DHOBAURA Upazila', 4, '/1/17/332/1183'),
(1184, 333, 'Unions of FULBARIA Upazila', 4, '/1/17/333/1184'),
(1185, 334, 'Unions of GAFFARGAON Upazila', 4, '/1/17/334/1185'),
(1186, 335, 'Unions of GAURIPUR Upazila', 4, '/1/17/335/1186'),
(1187, 336, 'Unions of HALUAGHAT Upazila', 4, '/1/17/336/1187'),
(1188, 337, 'Unions of ISHWARGANJ Upazila', 4, '/1/17/337/1188'),
(1189, 338, 'Unions of MYMENSINGH SADAR Upazila', 4, '/1/17/338/1189'),
(1190, 339, 'Unions of MUKTAGACHHA Upazila', 4, '/1/17/339/1190'),
(1191, 340, 'Unions of NANDAIL Upazila', 4, '/1/17/340/1191'),
(1192, 341, 'Unions of PHULPUR Upazila', 4, '/1/17/341/1192'),
(1193, 342, 'Unions of TARAKANDA Upazila', 4, '/1/17/342/1193'),
(1194, 343, 'Unions of TRISHAL Upazila', 4, '/1/17/343/1194'),
(1195, 344, 'Unions of ARAIHAZAR Upazila', 4, '/1/18/344/1195'),
(1196, 345, 'Unions of SONARGAON Upazila', 4, '/1/18/345/1196'),
(1197, 346, 'Unions of BANDAR Upazila', 4, '/1/18/346/1197'),
(1198, 347, 'Unions of NARAYANGANJ SADAR Upazila', 4, '/1/18/347/1198'),
(1199, 348, 'Unions of RUPGANJ Upazila', 4, '/1/18/348/1199'),
(1200, 349, 'Unions of BELABO Upazila', 4, '/1/19/349/1200'),
(1201, 350, 'Unions of MANOHARDI Upazila', 4, '/1/19/350/1201'),
(1202, 351, 'Unions of NARSINGDI SADAR Upazila', 4, '/1/19/351/1202'),
(1203, 352, 'Unions of PALASH Upazila', 4, '/1/19/352/1203'),
(1204, 353, 'Unions of ROYPURA Upazila', 4, '/1/19/353/1204'),
(1205, 354, 'Unions of SHIBPUR Upazila', 4, '/1/19/354/1205'),
(1206, 355, 'Unions of ATPARA Upazila', 4, '/1/20/355/1206'),
(1207, 356, 'Unions of BARHATTA Upazila', 4, '/1/20/356/1207'),
(1208, 357, 'Unions of DURGAPUR Upazila', 4, '/1/20/357/1208'),
(1209, 358, 'Unions of KHALIAJURI Upazila', 4, '/1/20/358/1209'),
(1210, 359, 'Unions of KALMAKANDA Upazila', 4, '/1/20/359/1210'),
(1211, 360, 'Unions of KENDUA Upazila', 4, '/1/20/360/1211'),
(1212, 361, 'Unions of MADAN Upazila', 4, '/1/20/361/1212'),
(1213, 362, 'Unions of MOHANGANJ Upazila', 4, '/1/20/362/1213'),
(1214, 363, 'Unions of NETROKONA SADAR Upazila', 4, '/1/20/363/1214'),
(1215, 364, 'Unions of PURBADHALA Upazila', 4, '/1/20/364/1215'),
(1216, 365, 'Unions of BALIAKANDI Upazila', 4, '/1/21/365/1216'),
(1217, 366, 'Unions of GOALANDA Upazila', 4, '/1/21/366/1217'),
(1218, 367, 'Unions of KALUKHALI Upazila', 4, '/1/21/367/1218'),
(1219, 368, 'Unions of PANGSHA Upazila', 4, '/1/21/368/1219'),
(1220, 369, 'Unions of RAJBARI SADAR Upazila', 4, '/1/21/369/1220'),
(1221, 370, 'Unions of BHEDARGANJ Upazila', 4, '/1/22/370/1221'),
(1222, 371, 'Unions of DAMUDYA Upazila', 4, '/1/22/371/1222'),
(1223, 372, 'Unions of GOSAIRHAT Upazila', 4, '/1/22/372/1223'),
(1224, 373, 'Unions of NARIA Upazila', 4, '/1/22/373/1224'),
(1225, 374, 'Unions of SHARIATPUR SADAR Upazila', 4, '/1/22/374/1225'),
(1226, 375, 'Unions of ZANJIRA Upazila', 4, '/1/22/375/1226'),
(1227, 376, 'Unions of JHENAIGATI Upazila', 4, '/1/23/376/1227'),
(1228, 377, 'Unions of NAKLA Upazila', 4, '/1/23/377/1228'),
(1229, 378, 'Unions of NALITABARI Upazila', 4, '/1/23/378/1229'),
(1230, 379, 'Unions of SHERPUR SADAR Upazila', 4, '/1/23/379/1230'),
(1231, 380, 'Unions of SREEBARDI Upazila', 4, '/1/23/380/1231'),
(1232, 381, 'Unions of BASAIL Upazila', 4, '/1/24/381/1232'),
(1233, 382, 'Unions of BHUAPUR Upazila', 4, '/1/24/382/1233'),
(1234, 383, 'Unions of DELDUAR Upazila', 4, '/1/24/383/1234'),
(1235, 384, 'Unions of DHANBARI Upazila', 4, '/1/24/384/1235'),
(1236, 385, 'Unions of GHATAIL Upazila', 4, '/1/24/385/1236'),
(1237, 386, 'Unions of GOPALPUR Upazila', 4, '/1/24/386/1237'),
(1238, 387, 'Unions of KALIHATI Upazila', 4, '/1/24/387/1238'),
(1239, 388, 'Unions of MADHUPUR Upazila', 4, '/1/24/388/1239'),
(1240, 389, 'Unions of MIRZAPUR Upazila', 4, '/1/24/389/1240'),
(1241, 390, 'Unions of NAGARPUR Upazila', 4, '/1/24/390/1241'),
(1242, 391, 'Unions of SAKHIPUR Upazila', 4, '/1/24/391/1242'),
(1243, 392, 'Unions of TANGAIL SADAR Upazila', 4, '/1/24/392/1243'),
(1244, 398, 'Unions of BAGERHAT SADAR Upazila', 4, '/5/52/398/1244'),
(1245, 399, 'Unions of CHITALMARI Upazila', 4, '/5/52/399/1245'),
(1246, 400, 'Unions of FAKIRHAT Upazila', 4, '/5/52/400/1246'),
(1247, 92, 'Unions of KACHUA Upazila', 4, '/2/27/92/1247'),
(1248, 402, 'Unions of MOLLAHAT Upazila', 4, '/5/52/402/1248'),
(1249, 403, 'Unions of MONGLA Upazila', 4, '/5/52/403/1249'),
(1250, 404, 'Unions of MORRELGANJ Upazila', 4, '/5/52/404/1250'),
(1251, 405, 'Unions of RAMPAL Upazila', 4, '/5/52/405/1251'),
(1252, 406, 'Unions of SARANKHOLA Upazila', 4, '/5/52/406/1252'),
(1253, 407, 'Unions of ALAMDANGA Upazila', 4, '/5/53/407/1253'),
(1254, 408, 'Unions of CHUADANGA SADAR Upazila', 4, '/5/53/408/1254'),
(1255, 409, 'Unions of DAMURHUDA Upazila', 4, '/5/53/409/1255'),
(1256, 410, 'Unions of JIBAN NAGAR Upazila', 4, '/5/53/410/1256'),
(1257, 411, 'Unions of ABHAYNAGAR Upazila', 4, '/5/54/411/1257'),
(1258, 412, 'Unions of BAGHER PARA Upazila', 4, '/5/54/412/1258'),
(1259, 413, 'Unions of CHAUGACHHA Upazila', 4, '/5/54/413/1259'),
(1260, 414, 'Unions of JHIKARGACHHA Upazila', 4, '/5/54/414/1260'),
(1261, 415, 'Unions of KESHABPUR Upazila', 4, '/5/54/415/1261'),
(1262, 416, 'Unions of JESSORE SADAR Upazila', 4, '/5/54/416/1262'),
(1263, 417, 'Unions of MANIRAMPUR Upazila', 4, '/5/54/417/1263'),
(1264, 418, 'Unions of SHARSHA Upazila', 4, '/5/54/418/1264'),
(1265, 419, 'Unions of HARINAKUNDA Upazila', 4, '/5/55/419/1265'),
(1266, 420, 'Unions of JHENAIDAH SADAR Upazila', 4, '/5/55/420/1266'),
(1267, 263, 'Unions of KALIGANJ Upazila', 4, '/1/10/263/1267'),
(1268, 422, 'Unions of KOTCHANDPUR Upazila', 4, '/5/55/422/1268'),
(1269, 423, 'Unions of MAHESHPUR Upazila', 4, '/5/55/423/1269'),
(1270, 424, 'Unions of SHAILKUPA Upazila', 4, '/5/55/424/1270'),
(1271, 425, 'Unions of BATIAGHATA Upazila', 4, '/5/56/425/1271'),
(1272, 426, 'Unions of DACOPE Upazila', 4, '/5/56/426/1272'),
(1273, 295, 'Unions of DAULATPUR Upazila', 4, '/1/15/295/1273'),
(1274, 428, 'Unions of DUMURIA Upazila', 4, '/5/56/428/1274'),
(1275, 429, 'Unions of DIGHALIA Upazila', 4, '/5/56/429/1275'),
(1276, 431, 'Unions of KHAN JAHAN ALI Upazila', 4, '/5/56/431/1276'),
(1277, 433, 'Unions of KOYRA Upazila', 4, '/5/56/433/1277'),
(1278, 434, 'Unions of PAIKGACHHA Upazila', 4, '/5/56/434/1278'),
(1279, 435, 'Unions of PHULTALA Upazila', 4, '/5/56/435/1279'),
(1280, 436, 'Unions of RUPSA Upazila', 4, '/5/56/436/1280'),
(1281, 438, 'Unions of TEROKHADA Upazila', 4, '/5/56/438/1281'),
(1282, 439, 'Unions of BHERAMARA Upazila', 4, '/5/57/439/1282'),
(1283, 295, 'Unions of DAULATPUR Upazila', 4, '/1/15/295/1283'),
(1284, 441, 'Unions of KHOKSA Upazila', 4, '/5/57/441/1284'),
(1285, 442, 'Unions of KUMARKHALI Upazila', 4, '/5/57/442/1285'),
(1286, 443, 'Unions of KUSHTIA SADAR Upazila', 4, '/5/57/443/1286'),
(1287, 228, 'Unions of MIRPUR Upazila', 4, '/1/8/228/1287'),
(1288, 445, 'Unions of MAGURA SADAR Upazila', 4, '/5/58/445/1288'),
(1289, 446, 'Unions of MOHAMMADPUR Upazila', 4, '/5/58/446/1289'),
(1290, 447, 'Unions of SHALIKHA Upazila', 4, '/5/58/447/1290'),
(1291, 265, 'Unions of SREEPUR Upazila', 4, '/1/10/265/1291'),
(1292, 449, 'Unions of GANGNI Upazila', 4, '/5/59/449/1292'),
(1293, 450, 'Unions of MUJIB NAGAR Upazila', 4, '/5/59/450/1293'),
(1294, 451, 'Unions of MEHERPUR SADAR Upazila', 4, '/5/59/451/1294'),
(1295, 452, 'Unions of KALIA Upazila', 4, '/5/60/452/1295'),
(1296, 110, 'Unions of LOHAGARA Upazila', 4, '/2/28/110/1296'),
(1297, 454, 'Unions of NARAIL SADAR Upazila', 4, '/5/60/454/1297'),
(1298, 455, 'Unions of ASSASUNI Upazila', 4, '/5/61/455/1298'),
(1299, 456, 'Unions of DEBHATA Upazila', 4, '/5/61/456/1299'),
(1300, 457, 'Unions of KALAROA Upazila', 4, '/5/61/457/1300'),
(1301, 263, 'Unions of KALIGANJ Upazila', 4, '/1/10/263/1301'),
(1302, 459, 'Unions of SATKHIRA SADAR Upazila', 4, '/5/61/459/1302'),
(1303, 460, 'Unions of SHYAMNAGAR Upazila', 4, '/5/61/460/1303'),
(1304, 461, 'Unions of TALA Upazila', 4, '/5/61/461/1304'),
(1305, 393, 'Unions of ADAMDIGHI Upazila', 4, '/3/36/393/1305'),
(1306, 394, 'Unions of BOGRA SADAR Upazila', 4, '/3/36/394/1306'),
(1307, 395, 'Unions of DHUNAT Upazila', 4, '/3/36/395/1307'),
(1308, 396, 'Unions of DHUPCHANCHIA Upazila', 4, '/3/36/396/1308'),
(1309, 397, 'Unions of GABTALI Upazila', 4, '/3/36/397/1309'),
(1310, 462, 'Unions of KAHALOO Upazila', 4, '/3/36/462/1310'),
(1311, 463, 'Unions of NANDIGRAM Upazila', 4, '/3/36/463/1311'),
(1312, 464, 'Unions of SARIAKANDI Upazila', 4, '/3/36/464/1312'),
(1313, 465, 'Unions of SHAJAHANPUR Upazila', 4, '/3/36/465/1313'),
(1314, 466, 'Unions of SHERPUR Upazila', 4, '/3/36/466/1314'),
(1315, 467, 'Unions of SHIBGANJ Upazila', 4, '/3/36/467/1315'),
(1316, 468, 'Unions of SONATOLA Upazila', 4, '/3/36/468/1316'),
(1317, 494, 'Unions of AKKELPUR Upazila', 4, '/3/38/494/1317'),
(1318, 495, 'Unions of JOYPURHAT SADAR Upazila', 4, '/3/38/495/1318'),
(1319, 496, 'Unions of KALAI Upazila', 4, '/3/38/496/1319'),
(1320, 497, 'Unions of KHETLAL Upazila', 4, '/3/38/497/1320'),
(1321, 498, 'Unions of PANCHBIBI Upazila', 4, '/3/38/498/1321'),
(1322, 513, 'Unions of ATRAI Upazila', 4, '/3/39/513/1322'),
(1323, 514, 'Unions of BADALGACHHI Upazila', 4, '/3/39/514/1323'),
(1324, 515, 'Unions of DHAMOIRHAT Upazila', 4, '/3/39/515/1324'),
(1325, 516, 'Unions of MANDA Upazila', 4, '/3/39/516/1325'),
(1326, 517, 'Unions of MAHADEBPUR Upazila', 4, '/3/39/517/1326'),
(1327, 518, 'Unions of NAOGAON SADAR Upazila', 4, '/3/39/518/1327'),
(1328, 519, 'Unions of NIAMATPUR Upazila', 4, '/3/39/519/1328'),
(1329, 520, 'Unions of PATNITALA Upazila', 4, '/3/39/520/1329'),
(1330, 521, 'Unions of PORSHA Upazila', 4, '/3/39/521/1330'),
(1331, 522, 'Unions of RANINAGAR Upazila', 4, '/3/39/522/1331'),
(1332, 523, 'Unions of SAPAHAR Upazila', 4, '/3/39/523/1332'),
(1333, 524, 'Unions of BAGATIPARA Upazila', 4, '/3/40/524/1333'),
(1334, 525, 'Unions of BARAIGRAM Upazila', 4, '/3/40/525/1334'),
(1335, 526, 'Unions of GURUDASPUR Upazila', 4, '/3/40/526/1335'),
(1336, 527, 'Unions of LALPUR Upazila', 4, '/3/40/527/1336'),
(1337, 528, 'Unions of NALDANGA Upazila', 4, '/3/40/528/1337'),
(1338, 529, 'Unions of NATORE SADAR Upazila', 4, '/3/40/529/1338'),
(1339, 530, 'Unions of SINGRA Upazila', 4, '/3/40/530/1339'),
(1340, 469, 'Unions of BHOLAHAT Upazila', 4, '/3/37/469/1340'),
(1341, 470, 'Unions of GOMASTAPUR Upazila', 4, '/3/37/470/1341'),
(1342, 471, 'Unions of NACHOLE Upazila', 4, '/3/37/471/1342'),
(1343, 472, 'Unions of CHAPAI NABABGANJ SADAR Upazila', 4, '/3/37/472/1343'),
(1344, 467, 'Unions of SHIBGANJ Upazila', 4, '/3/36/467/1344'),
(1345, 537, 'Unions of ATGHARIA Upazila', 4, '/3/41/537/1345'),
(1346, 538, 'Unions of BERA Upazila', 4, '/3/41/538/1346'),
(1347, 539, 'Unions of BHANGURA Upazila', 4, '/3/41/539/1347'),
(1348, 540, 'Unions of CHATMOHAR Upazila', 4, '/3/41/540/1348'),
(1349, 541, 'Unions of FARIDPUR Upazila', 4, '/3/41/541/1349'),
(1350, 542, 'Unions of ISHWARDI Upazila', 4, '/3/41/542/1350'),
(1351, 543, 'Unions of PABNA SADAR Upazila', 4, '/3/41/543/1351'),
(1352, 544, 'Unions of SANTHIA Upazila', 4, '/3/41/544/1352'),
(1353, 545, 'Unions of SUJANAGAR Upazila', 4, '/3/41/545/1353'),
(1354, 551, 'Unions of BAGHA Upazila', 4, '/3/42/551/1354'),
(1355, 552, 'Unions of BAGHMARA Upazila', 4, '/3/42/552/1355'),
(1356, 554, 'Unions of CHARGHAT Upazila', 4, '/3/42/554/1356'),
(1357, 357, 'Unions of DURGAPUR Upazila', 4, '/1/20/357/1357'),
(1358, 556, 'Unions of GODAGARI Upazila', 4, '/3/42/556/1358'),
(1359, 558, 'Unions of MOHANPUR Upazila', 4, '/3/42/558/1359'),
(1360, 559, 'Unions of PABA Upazila', 4, '/3/42/559/1360'),
(1361, 560, 'Unions of PUTHIA Upazila', 4, '/3/42/560/1361'),
(1362, 563, 'Unions of TANORE Upazila', 4, '/3/42/563/1362'),
(1363, 572, 'Unions of BELKUCHI Upazila', 4, '/3/43/572/1363'),
(1364, 573, 'Unions of CHAUHALI Upazila', 4, '/3/43/573/1364'),
(1365, 574, 'Unions of KAMARKHANDA Upazila', 4, '/3/43/574/1365'),
(1366, 575, 'Unions of KAZIPUR Upazila', 4, '/3/43/575/1366'),
(1367, 576, 'Unions of ROYGANJ Upazila', 4, '/3/43/576/1367'),
(1368, 577, 'Unions of SHAHJADPUR Upazila', 4, '/3/43/577/1368'),
(1369, 578, 'Unions of SIRAJGANJ SADAR Upazila', 4, '/3/43/578/1369'),
(1370, 579, 'Unions of TARASH Upazila', 4, '/3/43/579/1370'),
(1371, 580, 'Unions of ULLAH PARA Upazila', 4, '/3/43/580/1371'),
(1372, 474, 'Unions of BIRAMPUR Upazila', 4, '/4/44/474/1372'),
(1373, 475, 'Unions of BIRGANJ Upazila', 4, '/4/44/475/1373'),
(1374, 476, 'Unions of BIRAL Upazila', 4, '/4/44/476/1374'),
(1375, 477, 'Unions of BOCHAGANJ Upazila', 4, '/4/44/477/1375'),
(1376, 478, 'Unions of CHIRIRBANDAR Upazila', 4, '/4/44/478/1376'),
(1377, 479, 'Unions of FULBARI Upazila', 4, '/4/44/479/1377'),
(1378, 480, 'Unions of GHORAGHAT Upazila', 4, '/4/44/480/1378'),
(1379, 481, 'Unions of HAKIMPUR Upazila', 4, '/4/44/481/1379'),
(1380, 482, 'Unions of KAHAROLE Upazila', 4, '/4/44/482/1380'),
(1381, 483, 'Unions of KHANSAMA Upazila', 4, '/4/44/483/1381'),
(1382, 484, 'Unions of DINAJPUR SADAR Upazila', 4, '/4/44/484/1382'),
(1383, 231, 'Unions of NAWABGANJ Upazila', 4, '/1/8/231/1383'),
(1384, 486, 'Unions of PARBATIPUR Upazila', 4, '/4/44/486/1384'),
(1385, 487, 'Unions of FULCHHARI Upazila', 4, '/4/45/487/1385'),
(1386, 488, 'Unions of GAIBANDHA SADAR Upazila', 4, '/4/45/488/1386'),
(1387, 489, 'Unions of GOBINDAGANJ Upazila', 4, '/4/45/489/1387'),
(1388, 490, 'Unions of PALASHBARI Upazila', 4, '/4/45/490/1388'),
(1389, 491, 'Unions of SADULLAPUR Upazila', 4, '/4/45/491/1389'),
(1390, 492, 'Unions of SAGHATA Upazila', 4, '/4/45/492/1390'),
(1391, 493, 'Unions of SUNDARGANJ Upazila', 4, '/4/45/493/1391'),
(1392, 499, 'Unions of BHURUNGAMARI Upazila', 4, '/4/46/499/1392'),
(1393, 500, 'Unions of CHAR RAJIBPUR Upazila', 4, '/4/46/500/1393'),
(1394, 501, 'Unions of CHILMARI Upazila', 4, '/4/46/501/1394'),
(1395, 502, 'Unions of PHULBARI Upazila', 4, '/4/46/502/1395'),
(1396, 503, 'Unions of KURIGRAM SADAR Upazila', 4, '/4/46/503/1396'),
(1397, 504, 'Unions of NAGESHWARI Upazila', 4, '/4/46/504/1397'),
(1398, 505, 'Unions of RAJARHAT Upazila', 4, '/4/46/505/1398'),
(1399, 506, 'Unions of RAUMARI Upazila', 4, '/4/46/506/1399'),
(1400, 507, 'Unions of ULIPUR Upazila', 4, '/4/46/507/1400'),
(1401, 508, 'Unions of ADITMARI Upazila', 4, '/4/47/508/1401'),
(1402, 509, 'Unions of HATIBANDHA Upazila', 4, '/4/47/509/1402'),
(1403, 263, 'Unions of KALIGANJ Upazila', 4, '/1/10/263/1403'),
(1404, 511, 'Unions of LALMONIRHAT SADAR Upazila', 4, '/4/47/511/1404'),
(1405, 512, 'Unions of PATGRAM Upazila', 4, '/4/47/512/1405'),
(1406, 531, 'Unions of DIMLA Upazila', 4, '/4/48/531/1406'),
(1407, 532, 'Unions of DOMAR UPAZILA Upazila', 4, '/4/48/532/1407'),
(1408, 533, 'Unions of JALDHAKA Upazila', 4, '/4/48/533/1408'),
(1409, 534, 'Unions of KISHOREGANJ Upazila', 4, '/4/48/534/1409'),
(1410, 535, 'Unions of NILPHAMARI SADAR Upazila', 4, '/4/48/535/1410'),
(1411, 536, 'Unions of SAIDPUR UPAZILA Upazila', 4, '/4/48/536/1411'),
(1412, 546, 'Unions of ATWARI Upazila', 4, '/4/49/546/1412'),
(1413, 547, 'Unions of BODA Upazila', 4, '/4/49/547/1413'),
(1414, 548, 'Unions of DEBIGANJ Upazila', 4, '/4/49/548/1414'),
(1415, 549, 'Unions of PANCHAGARH SADAR Upazila', 4, '/4/49/549/1415'),
(1416, 550, 'Unions of TENTULIA Upazila', 4, '/4/49/550/1416'),
(1417, 564, 'Unions of BADARGANJ Upazila', 4, '/4/50/564/1417'),
(1418, 565, 'Unions of GANGACHARA Upazila', 4, '/4/50/565/1418'),
(1419, 566, 'Unions of KAUNIA Upazila', 4, '/4/50/566/1419'),
(1420, 567, 'Unions of RANGPUR SADAR Upazila', 4, '/4/50/567/1420'),
(1421, 568, 'Unions of MITHA PUKUR Upazila', 4, '/4/50/568/1421'),
(1422, 569, 'Unions of PIRGACHHA Upazila', 4, '/4/50/569/1422'),
(1423, 570, 'Unions of PIRGANJ Upazila', 4, '/4/50/570/1423'),
(1424, 571, 'Unions of TARAGANJ Upazila', 4, '/4/50/571/1424'),
(1425, 581, 'Unions of BALIADANGI Upazila', 4, '/4/51/581/1425'),
(1426, 582, 'Unions of HARIPUR Upazila', 4, '/4/51/582/1426'),
(1427, 570, 'Unions of PIRGANJ Upazila', 4, '/4/50/570/1427'),
(1428, 584, 'Unions of RANISANKAIL Upazila', 4, '/4/51/584/1428'),
(1429, 585, 'Unions of THAKURGAON SADAR Upazila', 4, '/4/51/585/1429'),
(1430, 586, 'Unions of AJMIRIGANJ Upazila', 4, '/7/68/586/1430'),
(1431, 587, 'Unions of BAHUBAL Upazila', 4, '/7/68/587/1431'),
(1432, 588, 'Unions of BANIACHONG Upazila', 4, '/7/68/588/1432'),
(1433, 589, 'Unions of CHUNARUGHAT Upazila', 4, '/7/68/589/1433'),
(1434, 590, 'Unions of HABIGANJ SADAR Upazila', 4, '/7/68/590/1434'),
(1435, 591, 'Unions of LAKHAI Upazila', 4, '/7/68/591/1435'),
(1436, 592, 'Unions of MADHABPUR Upazila', 4, '/7/68/592/1436'),
(1437, 593, 'Unions of NABIGANJ Upazila', 4, '/7/68/593/1437'),
(1438, 594, 'Unions of BARLEKHA Upazila', 4, '/7/69/594/1438'),
(1439, 595, 'Unions of JURI Upazila', 4, '/7/69/595/1439'),
(1440, 596, 'Unions of KAMALGANJ Upazila', 4, '/7/69/596/1440'),
(1441, 597, 'Unions of KULAURA Upazila', 4, '/7/69/597/1441'),
(1442, 598, 'Unions of MAULVIBAZAR SADAR Upazila', 4, '/7/69/598/1442'),
(1443, 599, 'Unions of RAJNAGAR Upazila', 4, '/7/69/599/1443'),
(1444, 600, 'Unions of SREEMANGAL Upazila', 4, '/7/69/600/1444'),
(1445, 601, 'Unions of BISHWAMBARPUR Upazila', 4, '/7/70/601/1445'),
(1446, 602, 'Unions of CHHATAK Upazila', 4, '/7/70/602/1446'),
(1447, 603, 'Unions of DAKSHIN SUNAMGANJ Upazila', 4, '/7/70/603/1447'),
(1448, 604, 'Unions of DERAI Upazila', 4, '/7/70/604/1448'),
(1449, 605, 'Unions of DHARAMPASHA Upazila', 4, '/7/70/605/1449'),
(1450, 606, 'Unions of DOWARABAZAR Upazila', 4, '/7/70/606/1450'),
(1451, 607, 'Unions of JAGANNATHPUR Upazila', 4, '/7/70/607/1451'),
(1452, 608, 'Unions of JAMALGANJ Upazila', 4, '/7/70/608/1452'),
(1453, 609, 'Unions of SULLA Upazila', 4, '/7/70/609/1453'),
(1454, 610, 'Unions of SUNAMGANJ SADAR Upazila', 4, '/7/70/610/1454'),
(1455, 611, 'Unions of TAHIRPUR Upazila', 4, '/7/70/611/1455'),
(1456, 612, 'Unions of BALAGANJ Upazila', 4, '/7/71/612/1456'),
(1457, 613, 'Unions of BEANI BAZAR Upazila', 4, '/7/71/613/1457'),
(1458, 614, 'Unions of BISHWANATH Upazila', 4, '/7/71/614/1458'),
(1459, 315, 'Unions of COMPANIGANJ Upazila', 4, '/2/34/315/1459'),
(1460, 616, 'Unions of DAKSHIN SURMA Upazila', 4, '/7/71/616/1460'),
(1461, 617, 'Unions of FENCHUGANJ Upazila', 4, '/7/71/617/1461'),
(1462, 618, 'Unions of GOLAPGANJ Upazila', 4, '/7/71/618/1462'),
(1463, 619, 'Unions of GOWAINGHAT Upazila', 4, '/7/71/619/1463'),
(1464, 620, 'Unions of JAINTIAPUR Upazila', 4, '/7/71/620/1464'),
(1465, 621, 'Unions of KANAIGHAT Upazila', 4, '/7/71/621/1465'),
(1466, 622, 'Unions of SYLHET SADAR Upazila', 4, '/7/71/622/1466'),
(1467, 623, 'Unions of ZAKIGANJ Upazila', 4, '/7/71/623/1467');

-- --------------------------------------------------------

--
-- Table structure for table `MallConnect`
--

CREATE TABLE IF NOT EXISTS `MallConnect` (
  `id` int(11) NOT NULL,
  `mall_id` int(11) DEFAULT NULL,
  `shopNo` varchar(255) COLLATE utf8_unicode_ci NOT NULL,
  `level` varchar(255) COLLATE utf8_unicode_ci DEFAULT NULL,
  `block` varchar(255) COLLATE utf8_unicode_ci DEFAULT NULL,
  `contact` varchar(255) COLLATE utf8_unicode_ci DEFAULT NULL,
  `mobile` varchar(255) COLLATE utf8_unicode_ci DEFAULT NULL,
  `status` tinyint(1) NOT NULL,
  `globalOption_id` int(11) DEFAULT NULL,
  `name` varchar(255) COLLATE utf8_unicode_ci DEFAULT NULL,
  `mallStatus` tinyint(1) NOT NULL,
  `path` varchar(255) COLLATE utf8_unicode_ci DEFAULT NULL,
  `isBrand` tinyint(1) NOT NULL
) ENGINE=InnoDB AUTO_INCREMENT=6 DEFAULT CHARSET=utf8 COLLATE=utf8_unicode_ci;

--
-- Dumping data for table `MallConnect`
--

INSERT INTO `MallConnect` (`id`, `mall_id`, `shopNo`, `level`, `block`, `contact`, `mobile`, `status`, `globalOption_id`, `name`, `mallStatus`, `path`, `isBrand`) VALUES
(1, 13, '220', 'Level-02', 'Block-B', 'Ami', '43534-598-340', 1, 10, 'Nahar Fashion', 0, NULL, 0),
(3, 13, '230/A', 'Level-03', 'Block-C', 'Noor Khan', '65756-756-756', 1, 13, 'Axemis', 1, NULL, 0),
(4, 13, '240/A', 'Level-04', 'Block-F', 'Noor Khan', '65756-756-756', 1, NULL, 'Axemis Abacus', 1, NULL, 0),
(5, 13, '101', 'Level-02', 'Block-D', 'wqrqweq', '32412-342-356', 1, 10, 'Nahar Fashion', 1, NULL, 0);

-- --------------------------------------------------------

--
-- Table structure for table `mallconnect_category`
--

CREATE TABLE IF NOT EXISTS `mallconnect_category` (
  `mallconnect_id` int(11) NOT NULL,
  `category_id` int(11) NOT NULL
) ENGINE=InnoDB DEFAULT CHARSET=utf8 COLLATE=utf8_unicode_ci;

--
-- Dumping data for table `mallconnect_category`
--

INSERT INTO `mallconnect_category` (`mallconnect_id`, `category_id`) VALUES
(1, 23),
(1, 25),
(1, 32),
(1, 33),
(1, 72),
(1, 79),
(1, 86),
(1, 268),
(1, 337),
(1, 396),
(3, 4),
(3, 11),
(3, 49),
(3, 51),
(3, 80),
(3, 439),
(3, 625),
(4, 4),
(4, 11),
(4, 42),
(4, 49),
(4, 51),
(4, 80),
(4, 265),
(4, 383),
(4, 439),
(4, 625),
(5, 4),
(5, 33),
(5, 55),
(5, 72),
(5, 80);

-- --------------------------------------------------------

--
-- Table structure for table `MegaMenu`
--

CREATE TABLE IF NOT EXISTS `MegaMenu` (
  `id` int(11) NOT NULL,
  `name` varchar(255) COLLATE utf8_unicode_ci NOT NULL,
  `slug` varchar(255) COLLATE utf8_unicode_ci NOT NULL,
  `status` tinyint(1) NOT NULL,
  `sorting` smallint(6) DEFAULT NULL
) ENGINE=InnoDB DEFAULT CHARSET=utf8 COLLATE=utf8_unicode_ci;

-- --------------------------------------------------------

--
-- Table structure for table `megamenu_advertisment`
--

CREATE TABLE IF NOT EXISTS `megamenu_advertisment` (
  `megamenu_id` int(11) NOT NULL,
  `advertisment_id` int(11) NOT NULL
) ENGINE=InnoDB DEFAULT CHARSET=utf8 COLLATE=utf8_unicode_ci;

-- --------------------------------------------------------

--
-- Table structure for table `megamenu_branding`
--

CREATE TABLE IF NOT EXISTS `megamenu_branding` (
  `megamenu_id` int(11) NOT NULL,
  `branding_id` int(11) NOT NULL
) ENGINE=InnoDB DEFAULT CHARSET=utf8 COLLATE=utf8_unicode_ci;

-- --------------------------------------------------------

--
-- Table structure for table `megamenu_category`
--

CREATE TABLE IF NOT EXISTS `megamenu_category` (
  `megamenu_id` int(11) NOT NULL,
  `category_id` int(11) NOT NULL
) ENGINE=InnoDB DEFAULT CHARSET=utf8 COLLATE=utf8_unicode_ci;

-- --------------------------------------------------------

--
-- Table structure for table `megamenu_collection`
--

CREATE TABLE IF NOT EXISTS `megamenu_collection` (
  `megamenu_id` int(11) NOT NULL,
  `collection_id` int(11) NOT NULL
) ENGINE=InnoDB DEFAULT CHARSET=utf8 COLLATE=utf8_unicode_ci;

-- --------------------------------------------------------

--
-- Table structure for table `megamenu_globaloption`
--

CREATE TABLE IF NOT EXISTS `megamenu_globaloption` (
  `megamenu_id` int(11) NOT NULL,
  `globaloption_id` int(11) NOT NULL
) ENGINE=InnoDB DEFAULT CHARSET=utf8 COLLATE=utf8_unicode_ci;

-- --------------------------------------------------------

--
-- Table structure for table `megamenu_syndicate`
--

CREATE TABLE IF NOT EXISTS `megamenu_syndicate` (
  `megamenu_id` int(11) NOT NULL,
  `syndicate_id` int(11) NOT NULL
) ENGINE=InnoDB DEFAULT CHARSET=utf8 COLLATE=utf8_unicode_ci;

-- --------------------------------------------------------

--
-- Table structure for table `Menu`
--

CREATE TABLE IF NOT EXISTS `Menu` (
  `id` int(11) NOT NULL,
  `module_id` int(11) DEFAULT NULL,
  `page_id` int(11) DEFAULT NULL,
  `syndicate_id` int(11) DEFAULT NULL,
  `menu` varchar(255) COLLATE utf8_unicode_ci NOT NULL,
  `menuSlug` varchar(255) COLLATE utf8_unicode_ci NOT NULL,
  `defaultMenu` tinyint(1) NOT NULL,
  `status` tinyint(1) NOT NULL,
  `syndicateModule_id` int(11) DEFAULT NULL,
  `siteSetting_id` int(11) DEFAULT NULL,
  `globalOption_id` int(11) DEFAULT NULL,
  `slug` varchar(255) COLLATE utf8_unicode_ci DEFAULT NULL,
  `menuCustom_id` int(11) DEFAULT NULL
) ENGINE=InnoDB AUTO_INCREMENT=259 DEFAULT CHARSET=utf8 COLLATE=utf8_unicode_ci;

--
-- Dumping data for table `Menu`
--

INSERT INTO `Menu` (`id`, `module_id`, `page_id`, `syndicate_id`, `menu`, `menuSlug`, `defaultMenu`, `status`, `syndicateModule_id`, `siteSetting_id`, `globalOption_id`, `slug`, `menuCustom_id`) VALUES
(1, NULL, 14, NULL, 'About us', 'online-shop-about-us', 0, 1, NULL, NULL, 29, 'online-shop-about-us', NULL),
(2, NULL, 7, NULL, 'saadasd', 'saadasd', 0, 1, NULL, NULL, NULL, '', NULL),
(3, NULL, 15, NULL, 'About us', 'oracle-about-us', 0, 1, NULL, NULL, 30, 'oracle-about-us', NULL),
(4, 2, NULL, NULL, 'Blog', 'blog', 0, 1, NULL, 13, 30, 'blog', NULL),
(5, 3, NULL, NULL, 'Testimonial', 'testimonial', 0, 1, NULL, 13, 30, 'testimonial', NULL),
(6, 4, NULL, NULL, 'Timeline', 'timeline', 0, 1, NULL, 13, 30, 'timeline', NULL),
(7, 5, NULL, NULL, 'Calender Blackout', 'calender-blackout', 0, 1, NULL, 13, 30, 'calender-blackout', NULL),
(8, 6, NULL, NULL, 'Branches', 'branches', 0, 1, NULL, 13, 30, 'branches', NULL),
(9, 7, NULL, NULL, 'Event', 'event', 0, 1, NULL, 13, 30, 'event', NULL),
(10, 8, NULL, NULL, 'NoticeBoard', 'noticeboard', 0, 1, NULL, 13, 30, 'noticeboard', NULL),
(11, 10, NULL, NULL, 'HomeSlider', 'homeslider', 0, 1, NULL, 13, 30, 'homeslider', NULL),
(12, NULL, 16, NULL, 'About us', 'tlsbd-about-us', 0, 1, NULL, NULL, 31, 'tlsbd-about-us', NULL),
(13, NULL, 17, NULL, 'About us', 'prince-bazar-about-us', 0, 1, NULL, NULL, 32, 'prince-bazar-about-us', NULL),
(18, 2, NULL, NULL, 'Blog', 'blog-1', 0, 1, NULL, 4, 10, 'blog', NULL),
(19, 6, NULL, NULL, 'Branches', 'branches-1', 0, 1, NULL, 4, 10, 'branch', NULL),
(20, 7, NULL, NULL, 'Event', 'event-1', 0, 1, NULL, 4, 10, 'event', NULL),
(21, 8, NULL, NULL, 'NoticeBoard', 'noticeboard-1', 0, 1, NULL, 4, 10, 'noticeboard', NULL),
(23, NULL, 18, NULL, 'About us', 'about-us-1', 0, 1, NULL, NULL, 38, 'xebec-international-school-about-us', NULL),
(29, NULL, 19, NULL, 'Our Mission', 'xebec-international-school-about-us-our-mission', 0, 1, NULL, NULL, 38, 'xebec-international-school-about-us-our-mission', NULL),
(30, NULL, 20, NULL, 'Vision', 'xebec-international-school-about-us-vision', 0, 1, NULL, NULL, 38, 'xebec-international-school-about-us-vision', NULL),
(56, 9, NULL, NULL, 'Contact us', 'xebec-international-school-contact-us', 0, 1, NULL, NULL, 38, 'contact', NULL),
(57, NULL, 21, NULL, 'About us', 'kamal-associates-2-about-us', 0, 1, NULL, NULL, 43, 'kamal-associates-2-about-us', NULL),
(58, NULL, NULL, NULL, 'Contact us', 'kamal-associates-2-contact-us', 0, 1, NULL, NULL, 43, 'kamal-associates-2-contact-us', NULL),
(59, 1, NULL, NULL, 'News', 'news-kamal', 0, 1, NULL, 18, 43, 'news-kamal', NULL),
(60, 2, NULL, NULL, 'Blog', 'blog-kamal', 0, 1, NULL, 18, 43, 'blog-kamal', NULL),
(61, 3, NULL, NULL, 'Testimonial', 'testimonial-kamal', 0, 1, NULL, 18, 43, 'testimonial-kamal', NULL),
(62, 6, NULL, NULL, 'Branch', 'branch-kamal', 0, 1, NULL, 18, 43, 'branch-kamal', NULL),
(63, 12, NULL, NULL, 'Infromation', 'page-kamal', 0, 1, NULL, 18, 43, 'page-kamal', NULL),
(64, NULL, 22, NULL, 'About us', 'uk-dental-clinic-about-us', 0, 1, NULL, NULL, 44, 'uk-dental-clinic-about-us', NULL),
(65, 9, NULL, NULL, 'Contact us', 'uk-dental-clinic-contact-us', 0, 1, NULL, NULL, 44, 'contact', NULL),
(66, 1, NULL, NULL, 'News', 'news-1', 0, 1, NULL, 19, 44, 'news', NULL),
(67, 2, NULL, NULL, 'Blog', 'blog-3', 0, 1, NULL, 19, 44, 'blog', NULL),
(68, 3, NULL, NULL, 'Case Study', 'testimonial-2', 0, 1, NULL, 19, 44, 'testimonial', NULL),
(69, 6, NULL, NULL, 'Branch', 'branch', 0, 1, NULL, 19, 44, 'branch', NULL),
(70, NULL, 23, NULL, 'Finding', 'uk-dental-clinic-about-us-findings', 0, 1, NULL, NULL, 44, 'uk-dental-clinic-about-us-findings', NULL),
(71, NULL, 24, NULL, 'About us', 'ahasan-group-about-us', 0, 1, NULL, NULL, 45, 'ahasan-group-about-us', NULL),
(72, NULL, NULL, NULL, 'Contact us', 'ahasan-group-contact-us', 0, 1, NULL, NULL, 45, 'contact', NULL),
(73, NULL, 25, NULL, 'About us', 'persona-hair-institute-about-us', 0, 1, NULL, NULL, 46, 'persona-hair-institute-about-us', NULL),
(74, NULL, NULL, NULL, 'Contact us', 'persona-hair-institute-contact-us', 0, 1, NULL, NULL, 46, 'contact', NULL),
(75, NULL, 26, NULL, 'About us', 'new-business-about-us', 0, 1, NULL, NULL, 47, 'new-business-about-us', NULL),
(76, NULL, NULL, NULL, 'Contact us', 'new-business-contact-us', 0, 1, NULL, NULL, 47, 'contact', NULL),
(77, 1, NULL, NULL, 'News', 'news-2', 0, 1, NULL, 22, 47, 'news', NULL),
(78, 6, NULL, NULL, 'Branch', 'branch-1', 0, 1, NULL, 22, 47, 'branch', NULL),
(79, NULL, 27, NULL, 'About us', 'champioan-about-us', 0, 1, NULL, NULL, 48, 'champioan-about-us', NULL),
(80, NULL, NULL, NULL, 'Contact us', 'champioan-contact-us', 0, 1, NULL, NULL, 48, 'contact', NULL),
(81, NULL, 28, NULL, 'About us', 'xccxvxcvxcv-about-us', 0, 1, NULL, NULL, 49, 'xccxvxcvxcv-about-us', NULL),
(82, NULL, NULL, NULL, 'Contact us', 'xccxvxcvxcv-contact-us', 0, 1, NULL, NULL, 49, 'contact', NULL),
(83, 1, NULL, NULL, 'News', 'news', 0, 1, NULL, 28, 6, 'news', NULL),
(84, 12, NULL, NULL, 'Infromation', 'page', 0, 1, NULL, 28, 6, 'page', NULL),
(85, NULL, 29, NULL, 'About us', 'about-us-2', 0, 1, NULL, NULL, 10, 'about-us', NULL),
(86, 9, NULL, NULL, 'Contact', 'contact', 0, 1, NULL, NULL, 10, 'contact', NULL),
(87, 10, NULL, NULL, 'HomeSlider', 'homeslider-1', 0, 1, NULL, 4, 10, 'homeslider', NULL),
(88, 5, NULL, NULL, 'Calender Blackout', 'calender-blackout-1', 0, 1, NULL, 4, 10, 'calender-blackout', NULL),
(90, 11, NULL, NULL, 'Faq', 'faq', 0, 1, NULL, 4, 10, 'faq', NULL),
(91, 1, NULL, NULL, 'News', 'news-3', 0, 1, NULL, 4, 10, 'news', NULL),
(92, 3, NULL, NULL, 'Testimonial', 'testimonial-1', 0, 1, NULL, 4, 10, 'testimonial', NULL),
(93, 4, NULL, NULL, 'Timeline', 'timeline-1', 0, 1, NULL, 4, 10, 'timeline', NULL),
(94, NULL, NULL, NULL, 'Signup', 'shoshi-collection-1-signup', 0, 0, NULL, NULL, 4, 'signup', 1),
(95, NULL, NULL, NULL, 'Login', 'shoshi-collection-1-login', 0, 0, NULL, NULL, 4, 'login', 2),
(96, NULL, NULL, NULL, 'Pre-order', 'shoshi-collection-1-preorder', 0, 0, NULL, NULL, 4, 'preorder', 3),
(97, NULL, NULL, NULL, 'My Account', 'shoshi-collection-1-myaccount', 0, 0, NULL, NULL, 4, 'myaccount', 4),
(98, NULL, NULL, NULL, 'Checkout', 'shoshi-collection-1-basket', 0, 0, NULL, NULL, 4, 'basket', 5),
(99, NULL, NULL, NULL, 'Wish list', 'shoshi-collection-1-wishlist', 0, 0, NULL, NULL, 4, 'wishlist', 6),
(100, NULL, NULL, NULL, 'Product', 'shoshi-collection-1-product', 0, 0, NULL, NULL, 4, 'product', 7),
(101, NULL, NULL, NULL, 'Register', 'shoshi-collection-1-register', 0, 0, NULL, NULL, 4, 'register', 8),
(102, NULL, NULL, NULL, 'My Order', 'shoshi-collection-1-order', 0, 0, NULL, NULL, 4, 'order', 9),
(103, NULL, NULL, NULL, 'Signup', 'shoshi-collection-2-signup', 0, 0, NULL, NULL, 5, 'signup', 1),
(104, NULL, NULL, NULL, 'Login', 'shoshi-collection-2-login', 0, 0, NULL, NULL, 5, 'login', 2),
(105, NULL, NULL, NULL, 'Pre-order', 'shoshi-collection-2-preorder', 0, 0, NULL, NULL, 5, 'preorder', 3),
(106, NULL, NULL, NULL, 'My Account', 'shoshi-collection-2-myaccount', 0, 0, NULL, NULL, 5, 'myaccount', 4),
(107, NULL, NULL, NULL, 'Checkout', 'shoshi-collection-2-basket', 0, 0, NULL, NULL, 5, 'basket', 5),
(108, NULL, NULL, NULL, 'Wish list', 'shoshi-collection-2-wishlist', 0, 0, NULL, NULL, 5, 'wishlist', 6),
(109, NULL, NULL, NULL, 'Product', 'shoshi-collection-2-product', 0, 0, NULL, NULL, 5, 'product', 7),
(110, NULL, NULL, NULL, 'Register', 'shoshi-collection-2-register', 0, 0, NULL, NULL, 5, 'register', 8),
(111, NULL, NULL, NULL, 'My Order', 'shoshi-collection-2-order', 0, 0, NULL, NULL, 5, 'order', 9),
(112, NULL, NULL, NULL, 'Signup', 'shoshi-collection-3-signup', 0, 0, NULL, NULL, 6, 'signup', 1),
(113, NULL, NULL, NULL, 'Login', 'shoshi-collection-3-login', 0, 0, NULL, NULL, 6, 'login', 2),
(114, NULL, NULL, NULL, 'Pre-order', 'shoshi-collection-3-preorder', 0, 0, NULL, NULL, 6, 'preorder', 3),
(115, NULL, NULL, NULL, 'My Account', 'shoshi-collection-3-myaccount', 0, 0, NULL, NULL, 6, 'myaccount', 4),
(116, NULL, NULL, NULL, 'Checkout', 'shoshi-collection-3-basket', 0, 0, NULL, NULL, 6, 'basket', 5),
(117, NULL, NULL, NULL, 'Wish list', 'shoshi-collection-3-wishlist', 0, 0, NULL, NULL, 6, 'wishlist', 6),
(118, NULL, NULL, NULL, 'Product', 'shoshi-collection-3-product', 0, 0, NULL, NULL, 6, 'product', 7),
(119, NULL, NULL, NULL, 'Register', 'shoshi-collection-3-register', 0, 0, NULL, NULL, 6, 'register', 8),
(120, NULL, NULL, NULL, 'My Order', 'shoshi-collection-3-order', 0, 0, NULL, NULL, 6, 'order', 9),
(121, NULL, NULL, NULL, 'Signup', 'shoshi-collection-4-signup', 0, 0, NULL, NULL, 7, 'signup', 1),
(122, NULL, NULL, NULL, 'Login', 'shoshi-collection-4-login', 0, 0, NULL, NULL, 7, 'login', 2),
(123, NULL, NULL, NULL, 'Pre-order', 'shoshi-collection-4-preorder', 0, 0, NULL, NULL, 7, 'preorder', 3),
(124, NULL, NULL, NULL, 'My Account', 'shoshi-collection-4-myaccount', 0, 0, NULL, NULL, 7, 'myaccount', 4),
(125, NULL, NULL, NULL, 'Checkout', 'shoshi-collection-4-basket', 0, 0, NULL, NULL, 7, 'basket', 5),
(126, NULL, NULL, NULL, 'Wish list', 'shoshi-collection-4-wishlist', 0, 0, NULL, NULL, 7, 'wishlist', 6),
(127, NULL, NULL, NULL, 'Product', 'shoshi-collection-4-product', 0, 0, NULL, NULL, 7, 'product', 7),
(128, NULL, NULL, NULL, 'Register', 'shoshi-collection-4-register', 0, 0, NULL, NULL, 7, 'register', 8),
(129, NULL, NULL, NULL, 'My Order', 'shoshi-collection-4-order', 0, 0, NULL, NULL, 7, 'order', 9),
(130, NULL, NULL, NULL, 'Signup', 'shoshi-collection-6-signup', 0, 0, NULL, NULL, 9, 'signup', 1),
(131, NULL, NULL, NULL, 'Login', 'shoshi-collection-6-login', 0, 0, NULL, NULL, 9, 'login', 2),
(132, NULL, NULL, NULL, 'Pre-order', 'shoshi-collection-6-preorder', 0, 0, NULL, NULL, 9, 'preorder', 3),
(133, NULL, NULL, NULL, 'My Account', 'shoshi-collection-6-myaccount', 0, 0, NULL, NULL, 9, 'myaccount', 4),
(134, NULL, NULL, NULL, 'Checkout', 'shoshi-collection-6-basket', 0, 0, NULL, NULL, 9, 'basket', 5),
(135, NULL, NULL, NULL, 'Wish list', 'shoshi-collection-6-wishlist', 0, 0, NULL, NULL, 9, 'wishlist', 6),
(136, NULL, NULL, NULL, 'Product', 'shoshi-collection-6-product', 0, 0, NULL, NULL, 9, 'product', 7),
(137, NULL, NULL, NULL, 'Register', 'shoshi-collection-6-register', 0, 0, NULL, NULL, 9, 'register', 8),
(138, NULL, NULL, NULL, 'My Order', 'shoshi-collection-6-order', 0, 0, NULL, NULL, 9, 'order', 9),
(139, NULL, NULL, NULL, 'Signup', 'nahar-fashion-signup', 0, 1, NULL, NULL, 10, 'register', 1),
(140, NULL, NULL, NULL, 'Login', 'nahar-fashion-login', 0, 1, NULL, NULL, 10, 'login', 2),
(141, NULL, NULL, NULL, 'Pre-order', 'nahar-fashion-preorder', 0, 1, NULL, NULL, 10, 'preorder', 3),
(142, NULL, NULL, NULL, 'My Account', 'nahar-fashion-myaccount', 0, 1, NULL, NULL, 10, 'myaccount', 4),
(143, NULL, NULL, NULL, 'Checkout', 'nahar-fashion-basket', 0, 1, NULL, NULL, 10, 'basket', 5),
(144, NULL, NULL, NULL, 'Wish list', 'nahar-fashion-wishlist', 0, 1, NULL, NULL, 10, 'wishlist', 6),
(145, NULL, NULL, NULL, 'Product', 'nahar-fashion-product', 0, 1, NULL, NULL, 10, 'product', 7),
(146, NULL, NULL, NULL, 'Register', 'nahar-fashion-register', 0, 0, NULL, NULL, 10, 'register', 8),
(147, NULL, NULL, NULL, 'My Order', 'nahar-fashion-order', 0, 1, NULL, NULL, 10, 'order', 9),
(148, NULL, NULL, NULL, 'Signup', 'opu-collection-signup', 0, 0, NULL, NULL, 11, 'signup', 1),
(149, NULL, NULL, NULL, 'Login', 'opu-collection-login', 0, 0, NULL, NULL, 11, 'login', 2),
(150, NULL, NULL, NULL, 'Pre-order', 'opu-collection-preorder', 0, 0, NULL, NULL, 11, 'preorder', 3),
(151, NULL, NULL, NULL, 'My Account', 'opu-collection-myaccount', 0, 0, NULL, NULL, 11, 'myaccount', 4),
(152, NULL, NULL, NULL, 'Checkout', 'opu-collection-basket', 0, 0, NULL, NULL, 11, 'basket', 5),
(153, NULL, NULL, NULL, 'Wish list', 'opu-collection-wishlist', 0, 0, NULL, NULL, 11, 'wishlist', 6),
(154, NULL, NULL, NULL, 'Product', 'opu-collection-product', 0, 0, NULL, NULL, 11, 'product', 7),
(155, NULL, NULL, NULL, 'Register', 'opu-collection-register', 0, 0, NULL, NULL, 11, 'register', 8),
(156, NULL, NULL, NULL, 'My Order', 'opu-collection-order', 0, 0, NULL, NULL, 11, 'order', 9),
(157, NULL, NULL, NULL, 'Signup', 'xebec-signup', 0, 0, NULL, NULL, 30, 'signup', 1),
(158, NULL, NULL, NULL, 'Login', 'xebec-login', 0, 0, NULL, NULL, 30, 'login', 2),
(159, NULL, NULL, NULL, 'Pre-order', 'xebec-preorder', 0, 0, NULL, NULL, 30, 'preorder', 3),
(160, NULL, NULL, NULL, 'My Account', 'xebec-myaccount', 0, 0, NULL, NULL, 30, 'myaccount', 4),
(161, NULL, NULL, NULL, 'Checkout', 'xebec-basket', 0, 0, NULL, NULL, 30, 'basket', 5),
(162, NULL, NULL, NULL, 'Wish list', 'xebec-wishlist', 0, 0, NULL, NULL, 30, 'wishlist', 6),
(163, NULL, NULL, NULL, 'Product', 'xebec-product', 0, 0, NULL, NULL, 30, 'product', 7),
(164, NULL, NULL, NULL, 'Register', 'xebec-register', 0, 0, NULL, NULL, 30, 'register', 8),
(165, NULL, NULL, NULL, 'My Order', 'xebec-order', 0, 0, NULL, NULL, 30, 'order', 9),
(166, NULL, NULL, NULL, 'Signup', 'prince-bazar-signup', 0, 0, NULL, NULL, 32, 'signup', 1),
(167, NULL, NULL, NULL, 'Login', 'prince-bazar-login', 0, 0, NULL, NULL, 32, 'login', 2),
(168, NULL, NULL, NULL, 'Pre-order', 'prince-bazar-preorder', 0, 0, NULL, NULL, 32, 'preorder', 3),
(169, NULL, NULL, NULL, 'My Account', 'prince-bazar-myaccount', 0, 0, NULL, NULL, 32, 'myaccount', 4),
(170, NULL, NULL, NULL, 'Checkout', 'prince-bazar-basket', 0, 0, NULL, NULL, 32, 'basket', 5),
(171, NULL, NULL, NULL, 'Wish list', 'prince-bazar-wishlist', 0, 0, NULL, NULL, 32, 'wishlist', 6),
(172, NULL, NULL, NULL, 'Product', 'prince-bazar-product', 0, 0, NULL, NULL, 32, 'product', 7),
(173, NULL, NULL, NULL, 'Register', 'prince-bazar-register', 0, 0, NULL, NULL, 32, 'register', 8),
(174, NULL, NULL, NULL, 'My Order', 'prince-bazar-order', 0, 0, NULL, NULL, 32, 'order', 9),
(175, NULL, NULL, NULL, 'Signup', 'xebec-international-school-signup', 0, 0, NULL, NULL, 38, 'signup', 1),
(176, NULL, NULL, NULL, 'Login', 'xebec-international-school-login', 0, 0, NULL, NULL, 38, 'login', 2),
(177, NULL, NULL, NULL, 'Pre-order', 'xebec-international-school-preorder', 0, 0, NULL, NULL, 38, 'preorder', 3),
(178, NULL, NULL, NULL, 'My Account', 'xebec-international-school-myaccount', 0, 0, NULL, NULL, 38, 'myaccount', 4),
(179, NULL, NULL, NULL, 'Checkout', 'xebec-international-school-basket', 0, 0, NULL, NULL, 38, 'basket', 5),
(180, NULL, NULL, NULL, 'Wish list', 'xebec-international-school-wishlist', 0, 0, NULL, NULL, 38, 'wishlist', 6),
(181, NULL, NULL, NULL, 'Product', 'xebec-international-school-product', 0, 0, NULL, NULL, 38, 'product', 7),
(182, NULL, NULL, NULL, 'Register', 'xebec-international-school-register', 0, 0, NULL, NULL, 38, 'register', 8),
(183, NULL, NULL, NULL, 'My Order', 'xebec-international-school-order', 0, 0, NULL, NULL, 38, 'order', 9),
(184, NULL, NULL, NULL, 'Signup', 'kamal-associates-2-signup', 0, 0, NULL, NULL, 43, 'signup', 1),
(185, NULL, NULL, NULL, 'Login', 'kamal-associates-2-login', 0, 0, NULL, NULL, 43, 'login', 2),
(186, NULL, NULL, NULL, 'Pre-order', 'kamal-associates-2-preorder', 0, 0, NULL, NULL, 43, 'preorder', 3),
(187, NULL, NULL, NULL, 'My Account', 'kamal-associates-2-myaccount', 0, 0, NULL, NULL, 43, 'myaccount', 4),
(188, NULL, NULL, NULL, 'Checkout', 'kamal-associates-2-basket', 0, 0, NULL, NULL, 43, 'basket', 5),
(189, NULL, NULL, NULL, 'Wish list', 'kamal-associates-2-wishlist', 0, 0, NULL, NULL, 43, 'wishlist', 6),
(190, NULL, NULL, NULL, 'Product', 'kamal-associates-2-product', 0, 0, NULL, NULL, 43, 'product', 7),
(191, NULL, NULL, NULL, 'Register', 'kamal-associates-2-register', 0, 0, NULL, NULL, 43, 'register', 8),
(192, NULL, NULL, NULL, 'My Order', 'kamal-associates-2-order', 0, 0, NULL, NULL, 43, 'order', 9),
(193, NULL, NULL, NULL, 'Signup', 'uk-dental-clinic-signup', 0, 0, NULL, NULL, 44, 'signup', 1),
(194, NULL, NULL, NULL, 'Login', 'uk-dental-clinic-login', 0, 0, NULL, NULL, 44, 'login', 2),
(195, NULL, NULL, NULL, 'Pre-order', 'uk-dental-clinic-preorder', 0, 0, NULL, NULL, 44, 'preorder', 3),
(196, NULL, NULL, NULL, 'My Account', 'uk-dental-clinic-myaccount', 0, 0, NULL, NULL, 44, 'myaccount', 4),
(197, NULL, NULL, NULL, 'Checkout', 'uk-dental-clinic-basket', 0, 0, NULL, NULL, 44, 'basket', 5),
(198, NULL, NULL, NULL, 'Wish list', 'uk-dental-clinic-wishlist', 0, 0, NULL, NULL, 44, 'wishlist', 6),
(199, NULL, NULL, NULL, 'Product', 'uk-dental-clinic-product', 0, 0, NULL, NULL, 44, 'product', 7),
(200, NULL, NULL, NULL, 'Register', 'uk-dental-clinic-register', 0, 0, NULL, NULL, 44, 'register', 8),
(201, NULL, NULL, NULL, 'My Order', 'uk-dental-clinic-order', 0, 0, NULL, NULL, 44, 'order', 9),
(202, NULL, NULL, NULL, 'Signup', 'persona-hair-institute-signup', 0, 0, NULL, NULL, 46, 'register', 1),
(203, NULL, NULL, NULL, 'Login', 'persona-hair-institute-login', 0, 0, NULL, NULL, 46, 'login', 2),
(204, NULL, NULL, NULL, 'Pre-order', 'persona-hair-institute-preorder', 0, 0, NULL, NULL, 46, 'preorder', 3),
(205, NULL, NULL, NULL, 'My Account', 'persona-hair-institute-myaccount', 0, 0, NULL, NULL, 46, 'myaccount', 4),
(206, NULL, NULL, NULL, 'Checkout', 'persona-hair-institute-basket', 0, 0, NULL, NULL, 46, 'basket', 5),
(207, NULL, NULL, NULL, 'Wish list', 'persona-hair-institute-wishlist', 0, 0, NULL, NULL, 46, 'wishlist', 6),
(208, NULL, NULL, NULL, 'Product', 'persona-hair-institute-product', 0, 0, NULL, NULL, 46, 'product', 7),
(209, NULL, NULL, NULL, 'Register', 'persona-hair-institute-register', 0, 0, NULL, NULL, 46, 'register', 8),
(210, NULL, NULL, NULL, 'My Order', 'persona-hair-institute-order', 0, 0, NULL, NULL, 46, 'order', 9),
(211, 2, NULL, NULL, 'Blog', 'blog-2', 0, 1, NULL, 29, 13, 'blog', NULL),
(212, 6, NULL, NULL, 'Branch', 'branch-2', 0, 1, NULL, 29, 13, 'branch', NULL),
(213, 7, NULL, NULL, 'Event', 'event-2', 0, 1, NULL, 29, 13, 'event', NULL),
(214, 10, NULL, NULL, 'HomeSlider', 'homeslider-2', 0, 1, NULL, 29, 13, 'homeslider', NULL),
(215, 13, NULL, NULL, 'Mall Connect', 'mall-connect', 0, 1, NULL, 4, 10, 'mall-connect', NULL),
(216, NULL, NULL, NULL, 'Mall Directory', 'malldirectory', 0, 1, 8, 29, 13, 'malldirectory', NULL),
(217, 2, NULL, NULL, 'Blog', 'blog-4', 0, 1, NULL, 11, 28, 'blog', NULL),
(218, 10, NULL, NULL, 'HomeSlider', 'homeslider-3', 0, 1, NULL, 11, 28, 'homeslider', NULL),
(219, 1, NULL, NULL, 'News', 'news-4', 0, 1, NULL, 11, 28, 'news', NULL),
(220, NULL, 30, NULL, 'Our Mission', 'our-mission', 0, 1, NULL, NULL, 10, 'our-mission', NULL),
(221, NULL, 13, NULL, 'About us', '10-about-us', 0, 1, NULL, NULL, 28, '10-about-us', NULL),
(222, NULL, 31, NULL, 'About us', 'orchecd-palaza-about-us', 0, 1, NULL, NULL, 50, 'orchecd-palaza-about-us', NULL),
(223, NULL, NULL, NULL, 'Contact us', 'orchecd-palaza-contact-us', 0, 1, NULL, NULL, 50, 'contact', NULL),
(224, NULL, NULL, NULL, 'Signup', 'orchecd-palaza-register', 0, 0, NULL, NULL, 50, 'register', 1),
(225, NULL, NULL, NULL, 'Login', 'orchecd-palaza-login', 0, 0, NULL, NULL, 50, 'login', 2),
(226, NULL, NULL, NULL, 'Pre-order', 'orchecd-palaza-preorder', 0, 0, NULL, NULL, 50, 'preorder', 3),
(227, NULL, NULL, NULL, 'My Account', 'orchecd-palaza-myaccount', 0, 0, NULL, NULL, 50, 'myaccount', 4),
(228, NULL, NULL, NULL, 'Checkout', 'orchecd-palaza-basket', 0, 0, NULL, NULL, 50, 'basket', 5),
(229, NULL, NULL, NULL, 'Wish list', 'orchecd-palaza-wishlist', 0, 0, NULL, NULL, 50, 'wishlist', 6),
(230, NULL, NULL, NULL, 'Product', 'orchecd-palaza-product', 0, 1, NULL, NULL, 50, 'product', 7),
(231, NULL, NULL, NULL, 'Register', 'orchecd-palaza-register-1', 0, 0, NULL, NULL, 50, 'register', 8),
(232, NULL, NULL, NULL, 'My Order', 'orchecd-palaza-order', 0, 0, NULL, NULL, 50, 'order', 9),
(233, 10, NULL, NULL, 'HomeSlider', 'homeslider-4', 0, 1, NULL, 30, 50, 'homeslider', NULL),
(234, NULL, 32, NULL, 'Service', 'service', 0, 1, NULL, NULL, 50, 'service', NULL),
(235, NULL, 33, NULL, 'Strategy', 'service-strategy', 0, 1, NULL, NULL, 50, 'service-strategy', NULL),
(236, NULL, 34, NULL, 'User Friendly', 'service-user-friendly', 0, 1, NULL, NULL, 50, 'service-user-friendly', NULL),
(237, NULL, 35, NULL, 'Clean Code', 'service-clean-code', 0, 1, NULL, NULL, 50, 'service-clean-code', NULL),
(238, NULL, 36, NULL, 'Flexibility', 'service-flexibility', 0, 1, NULL, NULL, 50, 'service-flexibility', NULL),
(239, 2, NULL, NULL, 'Blog', 'blog-5', 0, 1, NULL, 30, 50, 'blog', NULL),
(240, 14, NULL, NULL, 'team', 'team', 0, 1, NULL, 30, 50, 'team', NULL),
(242, NULL, 39, NULL, 'Web Development', 'orchecd-palaza-about-us-web-development', 0, 1, NULL, NULL, 50, 'orchecd-palaza-about-us-web-development', NULL),
(243, NULL, 43, NULL, 'zvz', 'zvz-3', 0, 1, NULL, NULL, 50, 'zvz-3', NULL),
(244, NULL, 44, NULL, 'xZXX', 'xzxx', 0, 1, NULL, NULL, 50, 'xzxx', NULL),
(245, 15, NULL, NULL, 'Module Category', 'modulecategory', 0, 1, NULL, 30, 50, 'modulecategory', NULL),
(246, 17, NULL, NULL, 'Portfolio', 'portfolio', 0, 1, NULL, 30, 50, 'portfolio', NULL),
(247, 16, NULL, NULL, 'Service', 'service-1', 0, 1, NULL, 30, 50, 'service', NULL),
(248, 18, NULL, NULL, 'Product', 'tradeitem', 0, 1, NULL, 2, 1, 'tradeitem', NULL),
(249, 6, NULL, NULL, 'Branch', 'branch-3', 0, 1, NULL, 30, 50, 'branch', NULL),
(250, 7, NULL, NULL, 'Event', 'event-3', 0, 1, NULL, 30, 50, 'event', NULL),
(251, 11, NULL, NULL, 'Faq', 'faq-1', 0, 1, NULL, 30, 50, 'faq', NULL),
(252, 13, NULL, NULL, 'Mall Connect', 'mall-connect-1', 0, 1, NULL, 30, 50, 'mall-connect', NULL),
(253, 1, NULL, NULL, 'News', 'news-5', 0, 1, NULL, 30, 50, 'news', NULL),
(254, 8, NULL, NULL, 'NoticeBoard', 'noticeboard-2', 0, 1, NULL, 30, 50, 'noticeboard', NULL),
(255, 3, NULL, NULL, 'Testimonial', 'testimonial-3', 0, 1, NULL, 30, 50, 'testimonial', NULL),
(256, NULL, 40, NULL, 'Responsive', 'orchecd-palaza-about-us-responsive', 0, 1, NULL, NULL, 50, 'orchecd-palaza-about-us-responsive', NULL),
(257, 19, NULL, NULL, 'Client', 'client', 0, 1, NULL, 30, 50, 'client', NULL),
(258, 12, NULL, NULL, 'Page', 'page', 0, 1, NULL, 30, 50, 'page', NULL);

-- --------------------------------------------------------

--
-- Table structure for table `MenuCustom`
--

CREATE TABLE IF NOT EXISTS `MenuCustom` (
  `id` int(11) NOT NULL,
  `menu` varchar(255) COLLATE utf8_unicode_ci NOT NULL,
  `slug` varchar(255) COLLATE utf8_unicode_ci NOT NULL,
  `status` tinyint(1) NOT NULL
) ENGINE=InnoDB AUTO_INCREMENT=10 DEFAULT CHARSET=utf8 COLLATE=utf8_unicode_ci;

--
-- Dumping data for table `MenuCustom`
--

INSERT INTO `MenuCustom` (`id`, `menu`, `slug`, `status`) VALUES
(1, 'Signup', 'register', 1),
(2, 'Login', 'login', 1),
(3, 'Pre-order', 'preorder', 1),
(4, 'My Account', 'myaccount', 1),
(5, 'Checkout', 'basket', 1),
(6, 'Wish list', 'wishlist', 1),
(7, 'Product', 'product', 1),
(8, 'Register', 'register', 1),
(9, 'My Order', 'order', 1);

-- --------------------------------------------------------

--
-- Table structure for table `MenuGroup`
--

CREATE TABLE IF NOT EXISTS `MenuGroup` (
  `id` int(11) NOT NULL,
  `name` varchar(255) COLLATE utf8_unicode_ci NOT NULL,
  `groupType` longtext COLLATE utf8_unicode_ci COMMENT '(DC2Type:array)',
  `status` tinyint(1) NOT NULL
) ENGINE=InnoDB AUTO_INCREMENT=10 DEFAULT CHARSET=utf8 COLLATE=utf8_unicode_ci;

--
-- Dumping data for table `MenuGroup`
--

INSERT INTO `MenuGroup` (`id`, `name`, `groupType`, `status`) VALUES
(1, 'Header Menu', NULL, 1),
(2, 'Left Menu', NULL, 1),
(3, 'Footer Menu', NULL, 1),
(4, 'Right', 'a:2:{i:0;s:7:"Website";i:1;s:6:"Mobile";}', 1),
(5, 'Dashboard', 'a:2:{i:0;s:7:"Website";i:1;s:6:"Mobile";}', 1),
(6, 'Mobile Menu', 'a:1:{i:0;i:2;}', 1),
(7, 'Single Parallax Business', 'a:2:{i:0;i:1;i:1;i:2;}', 1),
(8, 'sdasdasd', 'a:2:{i:0;i:1;i:1;i:2;}', 1),
(9, 'Mall Mega Menu', 'a:2:{i:0;i:1;i:1;i:2;}', 1);

-- --------------------------------------------------------

--
-- Table structure for table `MenuGrouping`
--

CREATE TABLE IF NOT EXISTS `MenuGrouping` (
  `id` int(11) NOT NULL,
  `parent` int(11) DEFAULT NULL,
  `menu_id` int(11) DEFAULT NULL,
  `sorting` smallint(6) DEFAULT NULL,
  `menuGroup_id` int(11) DEFAULT NULL,
  `globalOption_id` int(11) DEFAULT NULL
) ENGINE=InnoDB AUTO_INCREMENT=125 DEFAULT CHARSET=utf8 COLLATE=utf8_unicode_ci;

--
-- Dumping data for table `MenuGrouping`
--

INSERT INTO `MenuGrouping` (`id`, `parent`, `menu_id`, `sorting`, `menuGroup_id`, `globalOption_id`) VALUES
(1, NULL, 1, 1, 6, 29),
(2, NULL, 3, 0, 6, 30),
(3, NULL, 12, 0, 6, 31),
(4, NULL, 13, 0, 6, 32),
(5, NULL, 2, 1, 6, 10),
(6, NULL, 18, 2, 6, 10),
(7, NULL, 19, 3, 6, 10),
(8, NULL, 20, 4, 6, 10),
(9, NULL, 21, 5, 6, 10),
(10, NULL, 23, 1, 6, 38),
(11, NULL, 23, 1, 1, 38),
(12, 11, 29, 2, 1, 38),
(13, 11, 30, 3, 1, 38),
(25, 10, 29, 2, 6, 38),
(26, 25, 30, 3, 6, 38),
(37, NULL, 56, 14, 1, 38),
(38, NULL, 56, 14, 6, 38),
(39, NULL, 18, 3, 1, 10),
(40, 39, 19, 5, 1, 10),
(41, 39, 20, 6, 1, 10),
(42, 39, 21, 4, 1, 10),
(44, NULL, 58, 7, 1, 43),
(45, NULL, 59, 2, 1, 43),
(46, NULL, 60, 3, 1, 43),
(47, NULL, 61, 4, 1, 43),
(48, NULL, 62, 5, 1, 43),
(49, NULL, 63, 6, 1, 43),
(50, NULL, 57, 1, 1, 43),
(51, NULL, 64, 1, 1, 44),
(52, NULL, 65, 3, 1, 44),
(53, NULL, 64, 0, 6, 44),
(54, NULL, 65, 0, 6, 44),
(55, NULL, 66, 4, 1, 44),
(56, NULL, 67, 5, 1, 44),
(57, NULL, 68, 6, 1, 44),
(58, NULL, 69, 7, 1, 44),
(59, 51, 70, 2, 1, 44),
(60, NULL, 71, 0, 1, 45),
(61, NULL, 72, 0, 1, 45),
(62, NULL, 71, 0, 6, 45),
(63, NULL, 72, 0, 6, 45),
(64, NULL, 73, 0, 1, 46),
(65, NULL, 74, 0, 1, 46),
(66, NULL, 73, 0, 6, 46),
(67, NULL, 74, 0, 6, 46),
(68, NULL, 75, 0, 1, 47),
(69, NULL, 76, 0, 1, 47),
(70, NULL, 75, 0, 6, 47),
(71, NULL, 76, 0, 6, 47),
(72, NULL, 79, 0, 1, 48),
(73, NULL, 80, 0, 1, 48),
(74, NULL, 79, 0, 6, 48),
(75, NULL, 80, 0, 6, 48),
(76, NULL, 81, 0, 1, 49),
(77, NULL, 82, 0, 1, 49),
(78, NULL, 81, 0, 6, 49),
(79, NULL, 82, 0, 6, 49),
(80, NULL, 85, 1, 1, 10),
(81, NULL, 86, 19, 1, 10),
(83, 39, 90, 7, 1, 10),
(84, 39, 91, 8, 1, 10),
(85, 84, 92, 9, 1, 10),
(86, 85, 93, 10, 1, 10),
(87, NULL, 145, 11, 1, 10),
(88, 87, 139, 12, 1, 10),
(89, 88, 140, 13, 1, 10),
(90, 87, 141, 17, 1, 10),
(91, 88, 143, 15, 1, 10),
(92, 88, 144, 16, 1, 10),
(93, NULL, 147, 18, 1, 10),
(94, 88, 142, 14, 1, 10),
(95, 80, 220, 2, 1, 10),
(96, NULL, 219, 1, 1, 28),
(97, NULL, 221, 2, 1, 28),
(98, NULL, 222, 1, 1, 50),
(99, NULL, 223, 19, 1, 50),
(100, NULL, 222, 0, 6, 50),
(101, NULL, 223, 0, 6, 50),
(102, NULL, 222, 1, 7, 50),
(103, NULL, 223, 5, 7, 50),
(104, NULL, 234, 2, 7, 50),
(105, NULL, 239, 4, 7, 50),
(106, NULL, 240, 3, 7, 50),
(107, NULL, 234, 7, 1, 50),
(108, 107, 235, 8, 1, 50),
(109, 107, 236, 9, 1, 50),
(110, 107, 237, 10, 1, 50),
(111, 107, 238, 11, 1, 50),
(112, NULL, 239, 14, 1, 50),
(113, NULL, 240, 15, 1, 50),
(114, 107, 242, 12, 1, 50),
(115, 113, 243, 16, 1, 50),
(116, 113, 244, 17, 1, 50),
(117, NULL, 246, 18, 1, 50),
(118, 107, 247, 13, 1, 50),
(120, NULL, 249, 3, 1, 50),
(121, 120, 251, 4, 1, 50),
(122, 120, 253, 5, 1, 50),
(123, 120, 257, 6, 1, 50),
(124, NULL, 230, 3, 1, 50);

-- --------------------------------------------------------

--
-- Table structure for table `menugroup_syndicate`
--

CREATE TABLE IF NOT EXISTS `menugroup_syndicate` (
  `menugroup_id` int(11) NOT NULL,
  `syndicate_id` int(11) NOT NULL
) ENGINE=InnoDB DEFAULT CHARSET=utf8 COLLATE=utf8_unicode_ci;

--
-- Dumping data for table `menugroup_syndicate`
--

INSERT INTO `menugroup_syndicate` (`menugroup_id`, `syndicate_id`) VALUES
(4, 1),
(4, 2),
(4, 3),
(4, 28),
(4, 31),
(4, 32),
(5, 1),
(5, 3),
(5, 28),
(7, 2),
(7, 28),
(7, 32),
(8, 3),
(8, 28),
(9, 29),
(9, 223);

-- --------------------------------------------------------

--
-- Table structure for table `MobileIcon`
--

CREATE TABLE IF NOT EXISTS `MobileIcon` (
  `id` int(11) NOT NULL,
  `name` varchar(255) COLLATE utf8_unicode_ci DEFAULT NULL,
  `globalOption_id` int(11) DEFAULT NULL
) ENGINE=InnoDB AUTO_INCREMENT=26 DEFAULT CHARSET=utf8 COLLATE=utf8_unicode_ci;

--
-- Dumping data for table `MobileIcon`
--

INSERT INTO `MobileIcon` (`id`, `name`, `globalOption_id`) VALUES
(2, NULL, 8),
(3, NULL, 9),
(4, NULL, 10),
(5, NULL, 11),
(6, NULL, 22),
(7, NULL, 24),
(8, NULL, 25),
(9, NULL, 26),
(10, NULL, 27),
(11, NULL, 28),
(12, NULL, 29),
(13, NULL, 30),
(14, NULL, 31),
(15, NULL, 32),
(16, NULL, 38),
(18, NULL, 43),
(19, NULL, 44),
(20, NULL, 45),
(21, NULL, 46),
(22, NULL, 47),
(23, NULL, 48),
(24, NULL, 49),
(25, NULL, 50);

-- --------------------------------------------------------

--
-- Table structure for table `MobileTheme`
--

CREATE TABLE IF NOT EXISTS `MobileTheme` (
  `id` int(11) NOT NULL,
  `name` varchar(255) COLLATE utf8_unicode_ci NOT NULL,
  `folderName` varchar(255) COLLATE utf8_unicode_ci NOT NULL,
  `status` tinyint(1) NOT NULL,
  `path` varchar(255) COLLATE utf8_unicode_ci DEFAULT NULL
) ENGINE=InnoDB AUTO_INCREMENT=7 DEFAULT CHARSET=utf8 COLLATE=utf8_unicode_ci;

--
-- Dumping data for table `MobileTheme`
--

INSERT INTO `MobileTheme` (`id`, `name`, `folderName`, `status`, `path`) VALUES
(1, 'Default', 'Default', 1, 'theme5.png'),
(2, 'Education', 'Education', 1, 'theme1.png'),
(3, 'Mobile Theme Three', 'Theme3', 1, 'theme4.png'),
(4, 'Dynamic Sensor Theme', 'Dynamic', 1, 'theme6.png'),
(5, 'Simple for Education', 'Education', 1, 'theme7.png'),
(6, 'Slasher Theme Forest', 'Slasher', 1, 'theme10.png');

-- --------------------------------------------------------

--
-- Table structure for table `mobiletheme_syndicate`
--

CREATE TABLE IF NOT EXISTS `mobiletheme_syndicate` (
  `mobiletheme_id` int(11) NOT NULL,
  `syndicate_id` int(11) NOT NULL
) ENGINE=InnoDB DEFAULT CHARSET=utf8 COLLATE=utf8_unicode_ci;

-- --------------------------------------------------------

--
-- Table structure for table `Module`
--

CREATE TABLE IF NOT EXISTS `Module` (
  `id` int(11) NOT NULL,
  `name` varchar(255) COLLATE utf8_unicode_ci NOT NULL,
  `menu` varchar(255) COLLATE utf8_unicode_ci NOT NULL,
  `menuSlug` varchar(255) COLLATE utf8_unicode_ci NOT NULL,
  `status` tinyint(1) NOT NULL,
  `description` longtext COLLATE utf8_unicode_ci,
  `moduleClass` varchar(255) COLLATE utf8_unicode_ci NOT NULL,
  `isHome` tinyint(1) DEFAULT NULL,
  `isSingle` tinyint(1) DEFAULT NULL,
  `slug` varchar(128) COLLATE utf8_unicode_ci NOT NULL,
  `price` double DEFAULT NULL
) ENGINE=InnoDB AUTO_INCREMENT=20 DEFAULT CHARSET=utf8 COLLATE=utf8_unicode_ci;

--
-- Dumping data for table `Module`
--

INSERT INTO `Module` (`id`, `name`, `menu`, `menuSlug`, `status`, `description`, `moduleClass`, `isHome`, `isSingle`, `slug`, `price`) VALUES
(1, 'News', 'News', 'news', 1, 'News Feature add This module1', 'News', 1, 0, 'news', 0),
(2, 'Blog', 'Blog', 'blog', 1, 'When expressing an interest in obtaining additional information about the Services or registering to use the Services, Salesforce.org requires you to provide Salesforce.org with personal contact information, such as name, company name, address, phone number, and email address (Required Contact Information). When purchasing the Services, Salesforce.org may require you to provide Salesforce.org with financial qualification and billing information, such as billing name and address, credit card number, and the number of employees within the organization that will be using the Services (Billing Information). Salesforce.org may also ask you to provide additional information, such as company annual revenues, number of employees, or industry (Optional Information). Required Contact Information, Billing Information, and Optional Information about Visitors or Customers are referred to collectively as Data About Salesforce.org Customers, or in the case of Attendees, Data About Salesforce.org Attendees.\n', 'Blog', 1, 0, 'blog', 200),
(3, 'Testimonials', 'Testimonial', 'testimonial', 1, NULL, 'Testimonial', 1, 0, 'testimonial', 0),
(4, 'Timeline', 'Timeline', 'timeline', 0, NULL, 'Timeline', 0, 1, 'timeline', 0),
(5, 'Calender Blackout', 'Calender Blackout', 'calender-blackout', 0, 'Calender Blackout', 'Blackout', 0, 1, 'calender-blackout', 0),
(6, 'Branch', 'Branch', 'branch', 1, 'Branch', 'Branch', 0, 0, 'branch', 50),
(7, 'Event', 'Event', 'event', 1, 'Event', 'Event', 1, 0, 'event', 500),
(8, 'NoticeBoard', 'NoticeBoard', 'noticeboard', 1, 'NoticeBoard', 'NoticeBoard', 1, 0, 'noticeboard', 0),
(9, 'Contact-us', 'Contact-us', 'contact', 1, NULL, 'ContactPage', 0, 0, 'contact', 0),
(10, 'HomeSlider', 'HomeSlider', 'homeslider', 1, 'HomeSlider', 'HomeSlider', 0, 0, 'homeslider', 0),
(11, 'Faq', 'Faq', 'faq', 1, 'dfsdfsdfsf', 'Faq', 0, 0, 'faq', 0),
(12, 'Page', 'Infromation', 'page', 1, NULL, 'Page', 0, 0, 'page', 100),
(13, 'Mall Connect', 'Mall Connect', 'mall-directory', 1, 'Mall Directory', 'MallConnect', 0, 1, 'mall-connect', NULL),
(14, 'Team', 'team', 'Team', 1, NULL, 'Team', 1, 0, 'team', NULL),
(15, 'Module Category', 'Module Category', 'module-category', 1, NULL, 'ModuleCategory', 0, 1, 'modulecategory', NULL),
(16, 'Service', 'Service', 'service', 1, NULL, 'Service', 0, 0, 'service', NULL),
(17, 'Portfolio', 'Portfolio', 'portfolio', 1, NULL, 'Portfolio', 0, 0, 'portfolio', NULL),
(18, 'Trade Item', 'Product', 'tradeitem', 1, NULL, 'TradeItem', 0, 0, 'tradeitem', NULL),
(19, 'Client', 'Client', 'client', 1, NULL, 'Client', NULL, 0, 'client', NULL);

-- --------------------------------------------------------

--
-- Table structure for table `ModuleCategory`
--

CREATE TABLE IF NOT EXISTS `ModuleCategory` (
  `id` int(11) NOT NULL,
  `name` varchar(255) COLLATE utf8_unicode_ci NOT NULL,
  `slug` varchar(255) COLLATE utf8_unicode_ci NOT NULL,
  `status` tinyint(1) NOT NULL,
  `globalOption_id` int(11) DEFAULT NULL
) ENGINE=InnoDB AUTO_INCREMENT=8 DEFAULT CHARSET=utf8 COLLATE=utf8_unicode_ci;

--
-- Dumping data for table `ModuleCategory`
--

INSERT INTO `ModuleCategory` (`id`, `name`, `slug`, `status`, `globalOption_id`) VALUES
(1, 'Cat2', 'orchecd-palaza-cat2', 1, 50),
(2, 'New Product Gallery', 'orchecd-palaza-new-product-gallery', 1, 50),
(3, 'Production', 'orchecd-palaza-production', 1, 50),
(4, '', 'orchecd-palaza-prcchd', 1, 50),
(5, '', 'orchecd-palaza-smpaadkiiy', 1, 50),
(6, '', 'orchecd-palaza-raajniiti', 1, 50),
(7, '', 'orchecd-palaza-arthniiti', 1, 50);

-- --------------------------------------------------------

--
-- Table structure for table `modulecategory_module`
--

CREATE TABLE IF NOT EXISTS `modulecategory_module` (
  `modulecategory_id` int(11) NOT NULL,
  `module_id` int(11) NOT NULL
) ENGINE=InnoDB DEFAULT CHARSET=utf8 COLLATE=utf8_unicode_ci;

--
-- Dumping data for table `modulecategory_module`
--

INSERT INTO `modulecategory_module` (`modulecategory_id`, `module_id`) VALUES
(1, 14),
(1, 16),
(1, 17),
(1, 18),
(2, 18),
(3, 16),
(3, 17),
(4, 1),
(5, 1),
(6, 1),
(7, 1);

-- --------------------------------------------------------

--
-- Table structure for table `modulecategory_news`
--

CREATE TABLE IF NOT EXISTS `modulecategory_news` (
  `modulecategory_id` int(11) NOT NULL,
  `news_id` int(11) NOT NULL
) ENGINE=InnoDB DEFAULT CHARSET=utf8 COLLATE=utf8_unicode_ci;

-- --------------------------------------------------------

--
-- Table structure for table `modulecategory_page`
--

CREATE TABLE IF NOT EXISTS `modulecategory_page` (
  `modulecategory_id` int(11) NOT NULL,
  `page_id` int(11) NOT NULL
) ENGINE=InnoDB DEFAULT CHARSET=utf8 COLLATE=utf8_unicode_ci;

-- --------------------------------------------------------

--
-- Table structure for table `News`
--

CREATE TABLE IF NOT EXISTS `News` (
  `id` int(11) NOT NULL,
  `user_id` int(11) DEFAULT NULL,
  `name` varchar(255) COLLATE utf8_unicode_ci NOT NULL,
  `slug` varchar(255) COLLATE utf8_unicode_ci NOT NULL,
  `content` longtext COLLATE utf8_unicode_ci NOT NULL,
  `feature` tinyint(1) DEFAULT NULL,
  `status` tinyint(1) NOT NULL,
  `path` varchar(255) COLLATE utf8_unicode_ci DEFAULT NULL,
  `globalOption_id` int(11) DEFAULT NULL,
  `authorName` varchar(255) COLLATE utf8_unicode_ci DEFAULT NULL,
  `designation` varchar(255) COLLATE utf8_unicode_ci DEFAULT NULL,
  `created` datetime NOT NULL,
  `updated_at` datetime NOT NULL,
  `photoGallery_id` int(11) DEFAULT NULL
) ENGINE=InnoDB AUTO_INCREMENT=10 DEFAULT CHARSET=utf8 COLLATE=utf8_unicode_ci;

--
-- Dumping data for table `News`
--

INSERT INTO `News` (`id`, `user_id`, `name`, `slug`, `content`, `feature`, `status`, `path`, `globalOption_id`, `authorName`, `designation`, `created`, `updated_at`, `photoGallery_id`) VALUES
(1, 34, 'The admissions process in Scholastica is very transparent. Anyone is welcome to apply without any reference', 'xebec-international-school-', 'The admissions process in Scholastica is very transparent. Anyone is welcome to apply without any reference. Absolutely no donations are accepted; only published fees are required.During the admissions process, interviews are held by a panel of senior management, not a single individual. The interview panel is a team of qualified individuals from Scholastica''s senior management. All decisions for admission are made through a committee, not by any one individual.<span>No external agents/agencies are appointed or involved in the admissions process; the Admissions Office is the only point of contact for all admissions-related applications and inquiries. No Ascent Group personnel have a role in the admissions process except those in the Admissions Office and on the interview and selection panel.<br></span>The admissions process in Scholastica is very transparent. Anyone is welcome to apply without any reference. Absolutely no donations are accepted; only published fees are required.During the admissions process, interviews are held by a panel of senior management, not a single individual. The interview panel is a team of qualified individuals from Scholastica''s senior management. All decisions for admission are made through a committee, not by any one individual.No external agents/agencies are appointed or involved in the admissions process; the Admissions Office is the only point of contact for all admissions-related applications and inquiries. No Ascent Group personnel have a role in the admissions process except those in the Admissions Office and on the interview and selection panel.', 1, 1, '3134.full.jpg', 38, NULL, NULL, '0000-00-00 00:00:00', '0000-00-00 00:00:00', NULL),
(3, 34, 'Application Forms are available in our campuses in Dhanmondi', 'xebec-international-school-', 'Application Forms are available in our campuses in Dhanmondi, Gulshan, Mirpur and Uttara at the respective Fee Collection Booth.Playgroup Admissions:&nbsp;&nbsp;Application Forms are available from&nbsp;September&nbsp;for the next academic session which starts in July. Interview sessions are done immediately; therefore parents are advised to apply when the child is 2.5 years old and as early as possible since admission is offered on a first-come-first-served basis.Nursery to IX Admissions:&nbsp;&nbsp;Application Forms are given out from January for the next July. The Admission Testing starts in spring.A-Level Admissions:&nbsp;&nbsp; Application Forms are given out in June for the coming academic session. Admission is only offered if students meet minimum academic requirements.Successful candidates who cannot be admitted due to unavailability of seats are kept in the waiting list and are notified as and when vacancies arise.', 0, 1, 'banner1.jpg', 38, NULL, NULL, '0000-00-00 00:00:00', '0000-00-00 00:00:00', NULL),
(4, 16, '    ', 'nahar-fashion-', '                                       <br>- - ,                                                                      ,     ', 0, 1, '85082e57d33dd62d5821f9f6ea12c9b8-Gulen.jpg', 10, NULL, NULL, '0000-00-00 00:00:00', '0000-00-00 00:00:00', NULL),
(5, 16, '    : ', 'nahar-fashion-', '                            <br> ,    ( )       ,       ,     ,       ,               ,    <br> ,       ,                             ,      ,    ,          ,              ', 0, 1, 'prin.jpg', 10, NULL, NULL, '0000-00-00 00:00:00', '0000-00-00 00:00:00', NULL),
(6, 50, ', , , , , , ', 'orchecd-palaza-ayaash-kyaatt-lolo-bebo-priiti-raani-priyyaangkaa', ', , , , , ,     ?                          !<br>      ,   ,       &nbsp;<br>                (),   (),  ,  ,   (),  ,   ()   <br>     ,                     ,                       ', 0, 1, '20160812170841_port5.jpg', 50, '', NULL, '2016-08-12 17:41:34', '2016-08-12 17:41:34', NULL),
(7, 50, '     ', 'orchecd-palaza-hindi-chbite-maatri-aasaa-puujaa-blen', ', , , , , ,     ?                          !<br>      ,   ,       &nbsp;<br>                (),   (),  ,  ,   (),  ,   ()   <br>     ,                     ,                       ', 0, 1, '20160812170842_port1.jpg', 50, '', NULL, '2016-08-12 17:42:31', '2016-08-12 17:54:41', NULL),
(8, 50, '   ', 'orchecd-palaza-shishuder-ksstt-deben-naa', '                                          ,    ,           ,                         &nbsp;<br>      ,    ,                     ,               ,     ,       ?                               ,                  --  &nbsp;<br>         ,    ,                ,                   ,        ,    -         &nbsp;', 0, 1, '20160812170852_blog3.jpg', 50, ' ', 'STAFF REPORTER', '2016-08-12 17:52:21', '2016-08-12 17:52:21', 11),
(9, 50, '    ', 'orchecd-palaza-raajnaitik-pksspaater-uurdhbe-thaakte-hbe', '          ()                           ,       <br>              ,   ,    , ,    ,                                                               ,           <br>       ,     ,     ,       ,                        <br>       ,           ,             ,               ', 0, 1, '20160812180816_unsplash5.jpg', 50, NULL, NULL, '2016-08-12 18:16:23', '2016-08-12 18:16:23', NULL);

-- --------------------------------------------------------

--
-- Table structure for table `news_modulecategory`
--

CREATE TABLE IF NOT EXISTS `news_modulecategory` (
  `news_id` int(11) NOT NULL,
  `modulecategory_id` int(11) NOT NULL
) ENGINE=InnoDB DEFAULT CHARSET=utf8 COLLATE=utf8_unicode_ci;

--
-- Dumping data for table `news_modulecategory`
--

INSERT INTO `news_modulecategory` (`news_id`, `modulecategory_id`) VALUES
(7, 4),
(7, 5),
(7, 6),
(8, 4),
(8, 5),
(8, 6),
(9, 4),
(9, 7);

-- --------------------------------------------------------

--
-- Table structure for table `NoticeBoard`
--

CREATE TABLE IF NOT EXISTS `NoticeBoard` (
  `id` int(11) NOT NULL,
  `user_id` int(11) DEFAULT NULL,
  `name` varchar(255) COLLATE utf8_unicode_ci NOT NULL,
  `slug` varchar(255) COLLATE utf8_unicode_ci NOT NULL,
  `content` longtext COLLATE utf8_unicode_ci NOT NULL,
  `created` datetime NOT NULL,
  `updated_at` datetime NOT NULL,
  `startDate` datetime NOT NULL,
  `endDate` datetime NOT NULL,
  `status` tinyint(1) NOT NULL,
  `path` varchar(255) COLLATE utf8_unicode_ci DEFAULT NULL,
  `globalOption_id` int(11) DEFAULT NULL
) ENGINE=InnoDB AUTO_INCREMENT=3 DEFAULT CHARSET=utf8 COLLATE=utf8_unicode_ci;

--
-- Dumping data for table `NoticeBoard`
--

INSERT INTO `NoticeBoard` (`id`, `user_id`, `name`, `slug`, `content`, `created`, `updated_at`, `startDate`, `endDate`, `status`, `path`, `globalOption_id`) VALUES
(1, 16, '     ', '----------------', '                        ()                &nbsp;<br>  ,             ,           <br>      ()       &nbsp;<br> ,           --  /     &nbsp;                                            &nbsp;', '2016-07-16 23:57:24', '2016-07-16 23:57:24', '2025-01-01 00:00:00', '2011-01-01 00:00:00', 1, 'MOTIJHEEL2 CUSTOMERS - Mismatch security deposit.xls', 10),
(2, 16, '   ,  ', '---------------', '<div><div><div><div><div>                         ,      ;          <div></div>                                            ()                    ,                               ,                                           ,      ,   ,        ,               -                                              ,                   ,                                  , ,                                                                                ,               -                  ,                                   ,        ,       ,                     ,    ,         <span>                    <br> :&nbsp;<a href="http://www.prothom-alo.com/international/article/915976/%E0%A6%B8%E0%A6%AC%E0%A6%BE%E0%A6%87%E0%A6%95%E0%A7%87-%E0%A6%B0%E0%A6%BE%E0%A6%B8%E0%A7%8D%E0%A6%A4%E0%A6%BE%E0%A7%9F-%E0%A6%A5%E0%A6%BE%E0%A6%95%E0%A6%BE%E0%A6%B0-%E0%A6%86%E0%A6%B9%E0%A7%8D%E0%A6%AC%E0%A6%BE%E0%A6%A8-%E0%A6%8F%E0%A6%B0%E0%A6%A6%E0%A7%8B%E0%A7%9F%E0%A6%BE%E0%A6%A8%E0%A7%87%E0%A6%B0" target="_blank" rel="">    </a></span><a href="http://www.prothom-alo.com/international/article/916150/%E0%A6%8F%E0%A6%B0%E0%A6%A6%E0%A7%87%E0%A6%BE%E0%A7%9F%E0%A6%BE%E0%A6%A8%E0%A7%87%E0%A6%B0-%E2%80%98%E0%A6%B6%E0%A6%A4%E0%A7%8D%E0%A6%B0%E0%A7%81%E2%80%99-%E0%A6%AB%E0%A7%87%E0%A6%A4%E0%A7%81%E0%A6%B2%E0%A7%8D%E0%A6%B2%E0%A6%BE-%E0%A6%97%E0%A7%81%E0%A6%B2%E0%A7%87%E0%A6%A8-%E0%A6%95%E0%A7%87" target="" rel=""><img alt="    " src="http://paimages.prothom-alo.com/contents/cache/images/200x150x1/uploads/media/2016/07/16/85082e57d33dd62d5821f9f6ea12c9b8-Gulen.jpg?jadewits_media_id=630076"></a></div></div><div><div><div><div><h2><a href="http://www.prothom-alo.com/international/article/916150/%E0%A6%8F%E0%A6%B0%E0%A6%A6%E0%A7%87%E0%A6%BE%E0%A7%9F%E0%A6%BE%E0%A6%A8%E0%A7%87%E0%A6%B0-%E2%80%98%E0%A6%B6%E0%A6%A4%E0%A7%8D%E0%A6%B0%E0%A7%81%E2%80%99-%E0%A6%AB%E0%A7%87%E0%A6%A4%E0%A7%81%E0%A6%B2%E0%A7%8D%E0%A6%B2%E0%A6%BE-%E0%A6%97%E0%A7%81%E0%A6%B2%E0%A7%87%E0%A6%A8-%E0%A6%95%E0%A7%87" target="" rel="">    ?</a></h2><div>&nbsp;|&nbsp;:,  , </div><div><a href="http://www.prothom-alo.com/international/article/916150/%E0%A6%8F%E0%A6%B0%E0%A6%A6%E0%A7%87%E0%A6%BE%E0%A7%9F%E0%A6%BE%E0%A6%A8%E0%A7%87%E0%A6%B0-%E2%80%98%E0%A6%B6%E0%A6%A4%E0%A7%8D%E0%A6%B0%E0%A7%81%E2%80%99-%E0%A6%AB%E0%A7%87%E0%A6%A4%E0%A7%81%E0%A6%B2%E0%A7%8D%E0%A6%B2%E0%A6%BE-%E0%A6%97%E0%A7%81%E0%A6%B2%E0%A7%87%E0%A6%A8-%E0%A6%95%E0%A7%87" target="" rel="">        ...</a></div></div></div><div><a href="http://www.prothom-alo.com/international/article/916150/%E0%A6%8F%E0%A6%B0%E0%A6%A6%E0%A7%87%E0%A6%BE%E0%A7%9F%E0%A6%BE%E0%A6%A8%E0%A7%87%E0%A6%B0-%E2%80%98%E0%A6%B6%E0%A6%A4%E0%A7%8D%E0%A6%B0%E0%A7%81%E2%80%99-%E0%A6%AB%E0%A7%87%E0%A6%A4%E0%A7%81%E0%A6%B2%E0%A7%8D%E0%A6%B2%E0%A6%BE-%E0%A6%97%E0%A7%81%E0%A6%B2%E0%A7%87%E0%A6%A8-%E0%A6%95%E0%A7%87#comments" target="" rel=""></a><div><a href="http://www.prothom-alo.com/international/article/916150/%E0%A6%8F%E0%A6%B0%E0%A6%A6%E0%A7%87%E0%A6%BE%E0%A7%9F%E0%A6%BE%E0%A6%A8%E0%A7%87%E0%A6%B0-%E2%80%98%E0%A6%B6%E0%A6%A4%E0%A7%8D%E0%A6%B0%E0%A7%81%E2%80%99-%E0%A6%AB%E0%A7%87%E0%A6%A4%E0%A7%81%E0%A6%B2%E0%A7%8D%E0%A6%B2%E0%A6%BE-%E0%A6%97%E0%A7%81%E0%A6%B2%E0%A7%87%E0%A6%A8-%E0%A6%95%E0%A7%87" target="" rel=""></a></div></div></div><div><div><a href="http://www.prothom-alo.com/international/article/915985/%E0%A6%A4%E0%A7%81%E0%A6%B0%E0%A6%B8%E0%A7%8D%E0%A6%95%E0%A7%87-%E0%A7%A7%E0%A7%A6%E0%A7%AA-%E0%A6%85%E0%A6%AD%E0%A7%8D%E0%A6%AF%E0%A7%81%E0%A6%A4%E0%A7%8D%E0%A6%A5%E0%A6%BE%E0%A6%A8%E0%A6%95%E0%A6%BE%E0%A6%B0%E0%A7%80-%E0%A6%A8%E0%A6%BF%E0%A6%B9%E0%A6%A4" target="" rel=""><img alt="   " src="http://paimages.prothom-alo.com/contents/cache/images/200x150x1/uploads/media/2016/07/16/0a215da0611606c9c7cbec95b66702cd-03.jpg?jadewits_media_id=629788"></a><div><h2><a href="http://www.prothom-alo.com/international/article/915985/%E0%A6%A4%E0%A7%81%E0%A6%B0%E0%A6%B8%E0%A7%8D%E0%A6%95%E0%A7%87-%E0%A7%A7%E0%A7%A6%E0%A7%AA-%E0%A6%85%E0%A6%AD%E0%A7%8D%E0%A6%AF%E0%A7%81%E0%A6%A4%E0%A7%8D%E0%A6%A5%E0%A6%BE%E0%A6%A8%E0%A6%95%E0%A6%BE%E0%A6%B0%E0%A7%80-%E0%A6%A8%E0%A6%BF%E0%A6%B9%E0%A6%A4" target="" rel="">   </a></h2><div> &nbsp;|&nbsp;:,  , </div><div><a href="http://www.prothom-alo.com/international/article/915985/%E0%A6%A4%E0%A7%81%E0%A6%B0%E0%A6%B8%E0%A7%8D%E0%A6%95%E0%A7%87-%E0%A7%A7%E0%A7%A6%E0%A7%AA-%E0%A6%85%E0%A6%AD%E0%A7%8D%E0%A6%AF%E0%A7%81%E0%A6%A4%E0%A7%8D%E0%A6%A5%E0%A6%BE%E0%A6%A8%E0%A6%95%E0%A6%BE%E0%A6%B0%E0%A7%80-%E0%A6%A8%E0%A6%BF%E0%A6%B9%E0%A6%A4" target="" rel="">         ...</a></div></div></div><div><a href="http://www.prothom-alo.com/international/article/915985/%E0%A6%A4%E0%A7%81%E0%A6%B0%E0%A6%B8%E0%A7%8D%E0%A6%95%E0%A7%87-%E0%A7%A7%E0%A7%A6%E0%A7%AA-%E0%A6%85%E0%A6%AD%E0%A7%8D%E0%A6%AF%E0%A7%81%E0%A6%A4%E0%A7%8D%E0%A6%A5%E0%A6%BE%E0%A6%A8%E0%A6%95%E0%A6%BE%E0%A6%B0%E0%A7%80-%E0%A6%A8%E0%A6%BF%E0%A6%B9%E0%A6%A4#comments" target="" rel=""></a><div><a href="http://www.prothom-alo.com/international/article/915985/%E0%A6%A4%E0%A7%81%E0%A6%B0%E0%A6%B8%E0%A7%8D%E0%A6%95%E0%A7%87-%E0%A7%A7%E0%A7%A6%E0%A7%AA-%E0%A6%85%E0%A6%AD%E0%A7%8D%E0%A6%AF%E0%A7%81%E0%A6%A4%E0%A7%8D%E0%A6%A5%E0%A6%BE%E0%A6%A8%E0%A6%95%E0%A6%BE%E0%A6%B0%E0%A7%80-%E0%A6%A8%E0%A6%BF%E0%A6%B9%E0%A6%A4" target="" rel=""></a></div></div></div><div><div><a href="http://www.prothom-alo.com/international/article/915982/%E0%A6%A8%E0%A6%BF%E0%A6%B8%E0%A7%87-%E0%A6%B9%E0%A6%BE%E0%A6%AE%E0%A6%B2%E0%A6%BE%E0%A6%B0-%E0%A6%A6%E0%A6%BE%E0%A7%9F-%E0%A6%B8%E0%A7%8D%E0%A6%AC%E0%A7%80%E0%A6%95%E0%A6%BE%E0%A6%B0-%E0%A6%95%E0%A6%B0%E0%A6%B2-%E0%A6%86%E0%A6%87%E0%A6%8F%E0%A6%B8" target="" rel=""><img alt="     " src="http://paimages.prothom-alo.com/contents/cache/images/200x150x1/uploads/media/2016/07/16/1ceb8526f71853efeea8e459b34b4385-Untitled-3.jpg?jadewits_media_id=629872"></a><div><h2><a href="http://www.prothom-alo.com/international/article/915982/%E0%A6%A8%E0%A6%BF%E0%A6%B8%E0%A7%87-%E0%A6%B9%E0%A6%BE%E0%A6%AE%E0%A6%B2%E0%A6%BE%E0%A6%B0-%E0%A6%A6%E0%A6%BE%E0%A7%9F-%E0%A6%B8%E0%A7%8D%E0%A6%AC%E0%A7%80%E0%A6%95%E0%A6%BE%E0%A6%B0-%E0%A6%95%E0%A6%B0%E0%A6%B2-%E0%A6%86%E0%A6%87%E0%A6%8F%E0%A6%B8" target="" rel="">     </a></h2><div>&nbsp;|&nbsp;:,  , </div><div><a href="http://www.prothom-alo.com/international/article/915982/%E0%A6%A8%E0%A6%BF%E0%A6%B8%E0%A7%87-%E0%A6%B9%E0%A6%BE%E0%A6%AE%E0%A6%B2%E0%A6%BE%E0%A6%B0-%E0%A6%A6%E0%A6%BE%E0%A7%9F-%E0%A6%B8%E0%A7%8D%E0%A6%AC%E0%A7%80%E0%A6%95%E0%A6%BE%E0%A6%B0-%E0%A6%95%E0%A6%B0%E0%A6%B2-%E0%A6%86%E0%A6%87%E0%A6%8F%E0%A6%B8" target="" rel="">         ( ) ...</a></div></div></div><div><a href="http://www.prothom-alo.com/international/article/915982/%E0%A6%A8%E0%A6%BF%E0%A6%B8%E0%A7%87-%E0%A6%B9%E0%A6%BE%E0%A6%AE%E0%A6%B2%E0%A6%BE%E0%A6%B0-%E0%A6%A6%E0%A6%BE%E0%A7%9F-%E0%A6%B8%E0%A7%8D%E0%A6%AC%E0%A7%80%E0%A6%95%E0%A6%BE%E0%A6%B0-%E0%A6%95%E0%A6%B0%E0%A6%B2-%E0%A6%86%E0%A6%87%E0%A6%8F%E0%A6%B8#comments" target="" rel=""></a><div><a href="http://www.prothom-alo.com/international/article/915982/%E0%A6%A8%E0%A6%BF%E0%A6%B8%E0%A7%87-%E0%A6%B9%E0%A6%BE%E0%A6%AE%E0%A6%B2%E0%A6%BE%E0%A6%B0-%E0%A6%A6%E0%A6%BE%E0%A7%9F-%E0%A6%B8%E0%A7%8D%E0%A6%AC%E0%A7%80%E0%A6%95%E0%A6%BE%E0%A6%B0-%E0%A6%95%E0%A6%B0%E0%A6%B2-%E0%A6%86%E0%A6%87%E0%A6%8F%E0%A6%B8" target="" rel=""></a></div></div></div></div></div><div><div><div><div><div><div><div></div></div></div></div></div><div><div><h4>   </h4><div><div><ul><li><h3><a href="http://www.prothom-alo.com/international/article/916150/%E0%A6%8F%E0%A6%B0%E0%A6%A6%E0%A7%87%E0%A6%BE%E0%A7%9F%E0%A6%BE%E0%A6%A8%E0%A7%87%E0%A6%B0-%E2%80%98%E0%A6%B6%E0%A6%A4%E0%A7%8D%E0%A6%B0%E0%A7%81%E2%80%99-%E0%A6%AB%E0%A7%87%E0%A6%A4%E0%A7%81%E0%A6%B2%E0%A7%8D%E0%A6%B2%E0%A6%BE-%E0%A6%97%E0%A7%81%E0%A6%B2%E0%A7%87%E0%A6%A8-%E0%A6%95%E0%A7%87" target="" rel="">    ? -  </a></h3></li><li><h3><a href="http://www.prothom-alo.com/international/article/915985/%E0%A6%A4%E0%A7%81%E0%A6%B0%E0%A6%B8%E0%A7%8D%E0%A6%95%E0%A7%87-%E0%A7%A7%E0%A7%A6%E0%A7%AA-%E0%A6%85%E0%A6%AD%E0%A7%8D%E0%A6%AF%E0%A7%81%E0%A6%A4%E0%A7%8D%E0%A6%A5%E0%A6%BE%E0%A6%A8%E0%A6%95%E0%A6%BE%E0%A6%B0%E0%A7%80-%E0%A6%A8%E0%A6%BF%E0%A6%B9%E0%A6%A4" target="" rel="">    -  </a></h3></li><li><h3><a href="http://www.prothom-alo.com/international/article/915982/%E0%A6%A8%E0%A6%BF%E0%A6%B8%E0%A7%87-%E0%A6%B9%E0%A6%BE%E0%A6%AE%E0%A6%B2%E0%A6%BE%E0%A6%B0-%E0%A6%A6%E0%A6%BE%E0%A7%9F-%E0%A6%B8%E0%A7%8D%E0%A6%AC%E0%A7%80%E0%A6%95%E0%A6%BE%E0%A6%B0-%E0%A6%95%E0%A6%B0%E0%A6%B2-%E0%A6%86%E0%A6%87%E0%A6%8F%E0%A6%B8" target="" rel="">      -  </a></h3></li><li><h3><a href="http://www.prothom-alo.com/international/article/915976/%E0%A6%B8%E0%A6%AC%E0%A6%BE%E0%A6%87%E0%A6%95%E0%A7%87-%E0%A6%B0%E0%A6%BE%E0%A6%B8%E0%A7%8D%E0%A6%A4%E0%A6%BE%E0%A7%9F-%E0%A6%A5%E0%A6%BE%E0%A6%95%E0%A6%BE%E0%A6%B0-%E0%A6%86%E0%A6%B9%E0%A7%8D%E0%A6%AC%E0%A6%BE%E0%A6%A8-%E0%A6%8F%E0%A6%B0%E0%A6%A6%E0%A7%8B%E0%A7%9F%E0%A6%BE%E0%A6%A8%E0%A7%87%E0%A6%B0" target="" rel="">     -  </a></h3></li><li><h3><a href="http://www.prothom-alo.com/international/article/915925/%E0%A6%96%E0%A7%8B%E0%A6%81%E0%A6%9C-%E0%A6%AE%E0%A6%BF%E0%A6%B2%E0%A7%87%E0%A6%9B%E0%A7%87-%E0%A6%A4%E0%A7%81%E0%A6%B0%E0%A7%8D%E0%A6%95%E0%A6%BF-%E0%A6%9C%E0%A7%87%E0%A6%A8%E0%A6%BE%E0%A6%B0%E0%A7%87%E0%A6%B2-%E0%A6%B9%E0%A7%81%E0%A6%B2%E0%A7%81%E0%A6%B8%E0%A6%BF-%E0%A6%86%E0%A6%95%E0%A6%BE%E0%A6%B0%E0%A7%87%E0%A6%B0" target="" rel="">      -  </a></h3></li></ul></div></div></div></div><div><div><div><div><div></div></div></div></div></div><div><div><div><div></div></div></div></div></div></div></div><div><div><div><div><div><div><div><div><div></div></div></div></div></div></div></div></div></div></div><div></div>', '2016-07-16 23:58:56', '2016-07-16 23:58:56', '2025-01-01 00:00:00', '2011-01-01 00:00:00', 1, 'mismatch status date.xls', 10);

-- --------------------------------------------------------

--
-- Table structure for table `OnlineOrder`
--

CREATE TABLE IF NOT EXISTS `OnlineOrder` (
  `id` int(11) NOT NULL,
  `customer_id` int(11) DEFAULT NULL,
  `invoice` varchar(255) COLLATE utf8_unicode_ci NOT NULL,
  `totalAmount` double NOT NULL,
  `paymentAmount` double NOT NULL,
  `paymentMethod` varchar(255) COLLATE utf8_unicode_ci NOT NULL,
  `process` varchar(255) COLLATE utf8_unicode_ci NOT NULL,
  `item` smallint(6) NOT NULL,
  `quantity` smallint(6) NOT NULL,
  `created` datetime NOT NULL,
  `updated` datetime NOT NULL,
  `inventoryConfig_id` int(11) DEFAULT NULL
) ENGINE=InnoDB DEFAULT CHARSET=utf8 COLLATE=utf8_unicode_ci;

-- --------------------------------------------------------

--
-- Table structure for table `OnlineOrderItem`
--

CREATE TABLE IF NOT EXISTS `OnlineOrderItem` (
  `id` int(11) NOT NULL,
  `quantity` smallint(6) NOT NULL,
  `price` double NOT NULL,
  `subTotal` double NOT NULL,
  `onlineOrder_id` int(11) DEFAULT NULL
) ENGINE=InnoDB DEFAULT CHARSET=utf8 COLLATE=utf8_unicode_ci;

-- --------------------------------------------------------

--
-- Table structure for table `Order`
--

CREATE TABLE IF NOT EXISTS `Order` (
  `id` int(11) NOT NULL,
  `code` int(11) DEFAULT NULL,
  `invoice` varchar(255) COLLATE utf8_unicode_ci DEFAULT NULL,
  `amount` double DEFAULT NULL,
  `paidAmount` double DEFAULT NULL,
  `dueAmount` double DEFAULT NULL,
  `commissionAmount` double DEFAULT NULL,
  `process` varchar(255) COLLATE utf8_unicode_ci DEFAULT NULL,
  `quantity` int(11) DEFAULT NULL,
  `created` datetime NOT NULL,
  `updated` datetime NOT NULL,
  `ecommerceConfig_id` int(11) DEFAULT NULL,
  `paymentMethod_id` int(11) DEFAULT NULL,
  `createdBy_id` int(11) DEFAULT NULL,
  `noOfItem` int(11) DEFAULT NULL
) ENGINE=InnoDB DEFAULT CHARSET=utf8 COLLATE=utf8_unicode_ci;

-- --------------------------------------------------------

--
-- Table structure for table `orders`
--

CREATE TABLE IF NOT EXISTS `orders` (
  `id` int(11) NOT NULL,
  `invoice` varchar(255) COLLATE utf8_unicode_ci DEFAULT NULL,
  `totalAmount` double DEFAULT NULL,
  `paidAmount` double DEFAULT NULL,
  `dueAmount` double DEFAULT NULL,
  `commissionAmount` double DEFAULT NULL,
  `process` varchar(255) COLLATE utf8_unicode_ci DEFAULT NULL,
  `item` int(11) DEFAULT NULL,
  `code` int(11) DEFAULT NULL,
  `created` datetime NOT NULL,
  `updated` datetime NOT NULL,
  `ecommerceConfig_id` int(11) DEFAULT NULL,
  `createdBy_id` int(11) DEFAULT NULL,
  `paymentType_id` int(11) DEFAULT NULL,
  `shippingCharge` double DEFAULT NULL,
  `grandTotalAmount` double DEFAULT NULL,
  `delivery` varchar(255) COLLATE utf8_unicode_ci DEFAULT NULL,
  `deliveryDate` datetime DEFAULT NULL,
  `address` longtext COLLATE utf8_unicode_ci,
  `bankAccount_id` int(11) DEFAULT NULL,
  `bkashAccount_id` int(11) DEFAULT NULL,
  `processBy_id` int(11) DEFAULT NULL,
  `approvedBy_id` int(11) DEFAULT NULL,
  `comment` longtext COLLATE utf8_unicode_ci
) ENGINE=InnoDB AUTO_INCREMENT=3 DEFAULT CHARSET=utf8 COLLATE=utf8_unicode_ci;

--
-- Dumping data for table `orders`
--

INSERT INTO `orders` (`id`, `invoice`, `totalAmount`, `paidAmount`, `dueAmount`, `commissionAmount`, `process`, `item`, `code`, `created`, `updated`, `ecommerceConfig_id`, `createdBy_id`, `paymentType_id`, `shippingCharge`, `grandTotalAmount`, `delivery`, `deliveryDate`, `address`, `bankAccount_id`, `bkashAccount_id`, `processBy_id`, `approvedBy_id`, `comment`) VALUES
(1, NULL, NULL, NULL, NULL, NULL, NULL, NULL, NULL, '2016-09-11 11:30:11', '2016-09-11 11:30:11', 3, 30, NULL, NULL, NULL, NULL, NULL, NULL, NULL, NULL, NULL, NULL, NULL),
(2, '02-3456', 4000, 3000, 1000, NULL, 'wfc', 2, NULL, '2016-09-11 11:33:58', '2016-09-16 15:43:53', 3, 51, 3, NULL, 30000, 'delivery', '1970-01-01 06:00:00', ' 12/12 block -b , MIrpur -1', 2, NULL, NULL, NULL, NULL);

-- --------------------------------------------------------

--
-- Table structure for table `order_items`
--

CREATE TABLE IF NOT EXISTS `order_items` (
  `id` int(11) NOT NULL,
  `order_id` int(11) DEFAULT NULL,
  `quantity` smallint(6) NOT NULL,
  `price` double NOT NULL,
  `subTotal` double NOT NULL,
  `purchaseVendorItem_id` int(11) DEFAULT NULL,
  `goodsItem_id` int(11) DEFAULT NULL
) ENGINE=InnoDB AUTO_INCREMENT=3 DEFAULT CHARSET=utf8 COLLATE=utf8_unicode_ci;

--
-- Dumping data for table `order_items`
--

INSERT INTO `order_items` (`id`, `order_id`, `quantity`, `price`, `subTotal`, `purchaseVendorItem_id`, `goodsItem_id`) VALUES
(1, 2, 100, 6000, 600000, 338, 8),
(2, 2, 50, 100, 5000, 338, 9);

-- --------------------------------------------------------

--
-- Table structure for table `page`
--

CREATE TABLE IF NOT EXISTS `page` (
  `id` int(11) NOT NULL,
  `parent` int(11) DEFAULT NULL,
  `user_id` int(11) DEFAULT NULL,
  `name` varchar(255) COLLATE utf8_unicode_ci DEFAULT NULL,
  `menu` varchar(255) COLLATE utf8_unicode_ci DEFAULT NULL,
  `slug` varchar(255) COLLATE utf8_unicode_ci NOT NULL,
  `content` longtext COLLATE utf8_unicode_ci,
  `status` tinyint(1) NOT NULL,
  `created` datetime NOT NULL,
  `updated_at` datetime NOT NULL,
  `path` varchar(255) COLLATE utf8_unicode_ci DEFAULT NULL,
  `photoGallery_id` int(11) DEFAULT NULL,
  `globalOption_id` int(11) DEFAULT NULL,
  `isSubPage` tinyint(1) DEFAULT NULL,
  `module_id` int(11) DEFAULT NULL,
  `icon_id` int(11) DEFAULT NULL,
  `authorName` varchar(255) COLLATE utf8_unicode_ci DEFAULT NULL,
  `designation` varchar(255) COLLATE utf8_unicode_ci DEFAULT NULL,
  `organization` varchar(255) COLLATE utf8_unicode_ci DEFAULT NULL,
  `facebook` varchar(255) COLLATE utf8_unicode_ci DEFAULT NULL,
  `twitter` varchar(255) COLLATE utf8_unicode_ci DEFAULT NULL,
  `linkedIn` varchar(255) COLLATE utf8_unicode_ci DEFAULT NULL,
  `gmail` varchar(255) COLLATE utf8_unicode_ci DEFAULT NULL,
  `youtube` varchar(255) COLLATE utf8_unicode_ci DEFAULT NULL,
  `contactPerson` varchar(255) COLLATE utf8_unicode_ci DEFAULT NULL,
  `mobile` varchar(255) COLLATE utf8_unicode_ci DEFAULT NULL,
  `phone` varchar(255) COLLATE utf8_unicode_ci DEFAULT NULL,
  `fax` varchar(255) COLLATE utf8_unicode_ci DEFAULT NULL,
  `additionalPhone` varchar(255) COLLATE utf8_unicode_ci DEFAULT NULL,
  `startDate` datetime DEFAULT NULL,
  `endDate` datetime DEFAULT NULL,
  `startHour` varchar(255) COLLATE utf8_unicode_ci DEFAULT NULL,
  `endHour` varchar(255) COLLATE utf8_unicode_ci DEFAULT NULL,
  `email` varchar(255) COLLATE utf8_unicode_ci DEFAULT NULL,
  `address` longtext COLLATE utf8_unicode_ci,
  `googleMap` longtext COLLATE utf8_unicode_ci,
  `website` varchar(255) COLLATE utf8_unicode_ci DEFAULT NULL,
  `feature` tinyint(1) DEFAULT NULL
) ENGINE=InnoDB AUTO_INCREMENT=65 DEFAULT CHARSET=utf8 COLLATE=utf8_unicode_ci;

--
-- Dumping data for table `page`
--

INSERT INTO `page` (`id`, `parent`, `user_id`, `name`, `menu`, `slug`, `content`, `status`, `created`, `updated_at`, `path`, `photoGallery_id`, `globalOption_id`, `isSubPage`, `module_id`, `icon_id`, `authorName`, `designation`, `organization`, `facebook`, `twitter`, `linkedIn`, `gmail`, `youtube`, `contactPerson`, `mobile`, `phone`, `fax`, `additionalPhone`, `startDate`, `endDate`, `startHour`, `endHour`, `email`, `address`, `googleMap`, `website`, `feature`) VALUES
(2, NULL, 4, 'About us', 'About-us', 'About-us', 'About us', 0, '0000-00-00 00:00:00', '0000-00-00 00:00:00', NULL, NULL, NULL, 0, NULL, NULL, NULL, NULL, NULL, NULL, NULL, NULL, NULL, NULL, NULL, NULL, NULL, NULL, NULL, NULL, NULL, NULL, NULL, NULL, NULL, NULL, NULL, NULL),
(3, NULL, 11, 'About us', 'About us', 'shoshi-collection-5-about-us', NULL, 1, '2016-01-01 20:23:02', '2016-01-01 20:23:02', NULL, NULL, NULL, 0, NULL, NULL, NULL, NULL, NULL, NULL, NULL, NULL, NULL, NULL, NULL, NULL, NULL, NULL, NULL, NULL, NULL, NULL, NULL, NULL, NULL, NULL, NULL, NULL),
(4, NULL, 13, 'About us', 'About us', 'shoshi-collection-6-about-us', NULL, 1, '2016-01-01 20:28:48', '2016-01-01 20:28:48', NULL, NULL, NULL, 0, NULL, NULL, NULL, NULL, NULL, NULL, NULL, NULL, NULL, NULL, NULL, NULL, NULL, NULL, NULL, NULL, NULL, NULL, NULL, NULL, NULL, NULL, NULL, NULL),
(5, NULL, 16, 'About us', 'About us', 'tipu-collection-about-us', NULL, 1, '2016-01-01 20:33:22', '2016-01-01 20:33:22', NULL, NULL, NULL, 0, NULL, NULL, NULL, NULL, NULL, NULL, NULL, NULL, NULL, NULL, NULL, NULL, NULL, NULL, NULL, NULL, NULL, NULL, NULL, NULL, NULL, NULL, NULL, NULL),
(6, NULL, 17, 'About us', 'About us', 'opu-collection-about-us', 'Bringing quality to life through the communities we touch, whether it''s \r\nthe one just outside our shops, or one of our suppliers on another \r\ncontinent.', 1, '2016-01-02 17:03:44', '2016-01-02 17:34:20', 'DSC_2197.JPG', NULL, NULL, 0, NULL, NULL, NULL, NULL, NULL, NULL, NULL, NULL, NULL, NULL, NULL, NULL, NULL, NULL, NULL, NULL, NULL, NULL, NULL, NULL, NULL, NULL, NULL, NULL),
(7, NULL, 16, 'asdasd', 'saadasd', 'saadasd', 'asdasd', 1, '2016-03-07 08:07:16', '2016-03-07 08:07:16', NULL, NULL, NULL, 0, NULL, NULL, NULL, NULL, NULL, NULL, NULL, NULL, NULL, NULL, NULL, NULL, NULL, NULL, NULL, NULL, NULL, NULL, NULL, NULL, NULL, NULL, NULL, NULL),
(8, NULL, 23, 'About us', 'About us', '5-about-us', NULL, 1, '2016-03-08 17:34:00', '2016-03-08 17:34:00', NULL, NULL, NULL, 0, NULL, NULL, NULL, NULL, NULL, NULL, NULL, NULL, NULL, NULL, NULL, NULL, NULL, NULL, NULL, NULL, NULL, NULL, NULL, NULL, NULL, NULL, NULL, NULL),
(9, NULL, 24, 'About us', 'About us', '6-about-us', NULL, 1, '2016-03-08 17:35:10', '2016-03-08 17:35:10', NULL, NULL, NULL, 0, NULL, NULL, NULL, NULL, NULL, NULL, NULL, NULL, NULL, NULL, NULL, NULL, NULL, NULL, NULL, NULL, NULL, NULL, NULL, NULL, NULL, NULL, NULL, NULL),
(10, NULL, 25, 'About us', 'About us', '7-about-us', NULL, 1, '2016-03-08 17:36:06', '2016-03-08 17:36:06', NULL, NULL, NULL, 0, NULL, NULL, NULL, NULL, NULL, NULL, NULL, NULL, NULL, NULL, NULL, NULL, NULL, NULL, NULL, NULL, NULL, NULL, NULL, NULL, NULL, NULL, NULL, NULL),
(11, NULL, 26, 'About us', 'About us', '8-about-us', NULL, 1, '2016-03-08 18:36:14', '2016-03-08 18:36:14', NULL, NULL, 26, 0, NULL, NULL, NULL, NULL, NULL, NULL, NULL, NULL, NULL, NULL, NULL, NULL, NULL, NULL, NULL, NULL, NULL, NULL, NULL, NULL, NULL, NULL, NULL, NULL),
(12, NULL, 27, 'About us', 'About us', '9-about-us', NULL, 1, '2016-03-08 18:36:58', '2016-03-08 18:36:58', NULL, NULL, 27, 0, NULL, NULL, NULL, NULL, NULL, NULL, NULL, NULL, NULL, NULL, NULL, NULL, NULL, NULL, NULL, NULL, NULL, NULL, NULL, NULL, NULL, NULL, NULL, NULL),
(13, NULL, 28, 'About us', 'About us', '10-about-us', 'Neque porro quisquam est, qui dolorem ipsum quia dolor sit amet, consectetur, adipisci velit, sed quia non numquam eius modi tempora incidunt ut labore et dolore magnam aliquam quaerat voluptatem. Ut enim ad minima veniam, quis nostrum exercitationem ullam corporis suscipit laboriosam, nisi ut aliquid ex ea commodi consequatu.Temporibus autem quibusdam et aut officiis debitis aut rerum necessitatibus saepe eveniet ut et voluptates repudiandae sint et molestiae non recusandae. Itaque earum rerum veniam, quis nostrum exercitationem ullam corporis suscipit laboriosam, nisi ut aliquid ex ea commodi consequatu.', 1, '2016-03-08 18:54:44', '2016-08-02 00:54:40', '20160801210819_Half-200x300 (1).jpg', 10, 28, 0, NULL, NULL, NULL, NULL, NULL, NULL, NULL, NULL, NULL, NULL, NULL, NULL, NULL, NULL, NULL, NULL, NULL, NULL, NULL, NULL, NULL, NULL, NULL, NULL),
(14, NULL, 29, 'About us', 'About us', 'online-shop-about-us', 'Anim pariatur cliche reprehenderit, enim eiusmod high life accusamus terry richardson ad squid. 3 wolf moon officia aute, non cupidatat skateboard dolor brunch. Food truck quinoa nesciunt laborum eiusmod. Brunch 3 wolf moon tempor, sunt aliqua put a bird on it squid single-origin coffee nulla assumenda shoreditch et. Nihil anim keffiyeh helvetica, craft beer labore wes anderson cred nesciunt sapiente ea proident. Ad vegan excepteur butcher vice lomo. Leggings occaecat craft beer farm-to-table, raw denim aesthetic synth nesciunt you probably haven''t heard of them accusamus labore sustainable VHS.', 1, '2016-03-08 19:36:53', '2016-03-08 19:36:53', NULL, NULL, 29, 0, NULL, NULL, NULL, NULL, NULL, NULL, NULL, NULL, NULL, NULL, NULL, NULL, NULL, NULL, NULL, NULL, NULL, NULL, NULL, NULL, NULL, NULL, NULL, NULL),
(15, NULL, 30, 'About us', 'About us', 'oracle-about-us', '<span style="color: rgb(24, 23, 27); font-family: ''Lucida Grande'', ''Lucida Sans Unicode'', ''Lucida Sans'', Geneva, Verdana, sans-serif; font-size: 14px; line-height: 21px;">The host option uses the same syntax as the path matching system. This means you can use placeholders in your hostname:</span><span style="color: rgb(24, 23, 27); font-family: ''Lucida Grande'', ''Lucida Sans Unicode'', ''Lucida Sans'', Geneva, Verdana, sans-serif; font-size: 14px; line-height: 21px;">The host option uses the same syntax as the path matching system. This means you can use placeholders in your hostname:</span>', 1, '2016-03-10 22:02:14', '2016-03-11 08:10:43', NULL, NULL, 30, 0, NULL, NULL, NULL, NULL, NULL, NULL, NULL, NULL, NULL, NULL, NULL, NULL, NULL, NULL, NULL, NULL, NULL, NULL, NULL, NULL, NULL, NULL, NULL, NULL),
(16, NULL, 31, 'About us', 'About us', 'tlsbd-about-us', NULL, 1, '2016-03-13 11:15:58', '2016-03-13 11:15:58', NULL, NULL, 31, 0, NULL, NULL, NULL, NULL, NULL, NULL, NULL, NULL, NULL, NULL, NULL, NULL, NULL, NULL, NULL, NULL, NULL, NULL, NULL, NULL, NULL, NULL, NULL, NULL),
(17, NULL, 32, 'About us', 'About us', 'prince-bazar-about-us', NULL, 1, '2016-03-28 11:31:29', '2016-03-28 11:31:29', NULL, NULL, 32, 0, NULL, NULL, NULL, NULL, NULL, NULL, NULL, NULL, NULL, NULL, NULL, NULL, NULL, NULL, NULL, NULL, NULL, NULL, NULL, NULL, NULL, NULL, NULL, NULL),
(18, NULL, 34, 'About us', 'About us', 'xebec-international-school-about-us', '<div><div>Our students come to us with a diverse range of cultures and backgrounds, experiences, individual strengths, passions and goals</div><div><br></div><div>We are committed to build an enlightening and responsible generation with patriotism and moral values by blooming the latent talent through life-long practical and participatory education aiming at minimum input but maximum output.</div><div><br></div><div>Our students come to us with a diverse range of cultures and backgrounds, experiences, individual strengths, passions and goals</div><div><br></div><div>We are committed to build an enlightening and responsible generation with patriotism and moral values by blooming the latent talent through life-long practical and participatory education aiming at minimum input but maximum output.</div></div>', 1, '2016-04-29 11:03:01', '2016-05-03 23:23:04', '3084.full.jpg', NULL, 38, 1, NULL, NULL, NULL, NULL, NULL, NULL, NULL, NULL, NULL, NULL, NULL, NULL, NULL, NULL, NULL, NULL, NULL, NULL, NULL, NULL, NULL, NULL, NULL, NULL),
(19, 18, 34, 'MIssion', 'Our Mission', 'xebec-international-school-about-us-our-mission', '<div>We are committed to build an enlightening and responsible generation with patriotism and moral values by blooming the latent talent through life-long practical and participatory education aiming at minimum input but maximum output.</div><div><br></div><div>Objectives<br></div><div><br></div><div>Xebec International School is committed to </div><div><br></div><div>Enlightening generation.</div><div>Quality teaching with effective teaching aids </div><div><br></div><div>Is our vision.</div><div>Participatory Education rather than rote learning </div><div><br></div><div>Is our mission.</div><div>Our Aim is to build and efficient, positive </div><div><br></div><div>And patriotic nation.</div><div>Our objective is to create </div><div><br></div><div>A skillful, responsible and self-reliant generation.</div>', 1, '2016-05-02 11:18:47', '2016-05-02 11:18:47', 'US_boy_thinking_bookssm.jpg', NULL, 38, 0, NULL, NULL, NULL, NULL, NULL, NULL, NULL, NULL, NULL, NULL, NULL, NULL, NULL, NULL, NULL, NULL, NULL, NULL, NULL, NULL, NULL, NULL, NULL, NULL),
(20, 18, 34, 'Vision', 'Vision', 'xebec-international-school-about-us-vision', 'Vision', 1, '2016-05-02 15:51:25', '2016-05-02 15:51:25', '3134.full.jpg', NULL, 38, 0, NULL, NULL, NULL, NULL, NULL, NULL, NULL, NULL, NULL, NULL, NULL, NULL, NULL, NULL, NULL, NULL, NULL, NULL, NULL, NULL, NULL, NULL, NULL, NULL),
(21, NULL, 37, 'About us', 'About us', 'kamal-associates-2-about-us', '<span style="color: rgb(153, 153, 153); font-family: Roboto, Helvetica, Arial, sans-serif; font-size: 14px; line-height: 24.4222px;">Founded in 1979, our firm has been providing effective, affordable and often untraditional legal solution to our hundreds and thousands of clients over the years. Our law firm consists of remarkable team of expert trial attorneys in just about every field of law you can name, and it is because of this comprehensive nature of the legal services we provide, our firm has been able to stay ahead of its league for decades.</span>', 1, '2016-05-17 23:33:16', '2016-05-17 23:38:58', NULL, NULL, 43, 0, NULL, NULL, NULL, NULL, NULL, NULL, NULL, NULL, NULL, NULL, NULL, NULL, NULL, NULL, NULL, NULL, NULL, NULL, NULL, NULL, NULL, NULL, NULL, NULL),
(22, NULL, 38, 'About us', 'About us', 'uk-dental-clinic-about-us', '<span>At UK Dental we''ve your comfort and dental health in mind. Our team is committed to serving to you bring home the bacon a healthy, stunning smile and gain the most effective dental expertise doable. We have a tendency to try this by making a heat and friendly setting therefore you''ll be able to have the benefit of a relaxed and tranquil atmosphere. We utilize advanced dental technology therefore you''ll be able to fancy quick and effective dental treatment victimization progressive techniques to reinforce the aesthetics and performance of your smile.&nbsp;<a href="http://www.ukdental.com.bd/about.html#" target="" rel="">Read More</a></span><div><h5>Tips to choice the correct Dental Clinic</h5><h6>Findings</h6>Finding the simplest dental clinic isn''t as simple as you''re thinking that, if you dont grasp wherever to seek out the simplest one, you''re on the correct spot. Like others, you furthermore might wish to rely on a perfect and reliable one. But, since there are numerous choices to decide on from, you cant simply decide and dont grasp what to try and do.<h6>Tips:</h6>Instead of worrying concerning this issue, you''ve got to understand the way to examine one clinic to a different. To allow you some guides, dont forget to follow the succeeding tips:<span><u>Check the name of the Clinic</u>&nbsp; the simplest thanks to grasp the name of a clinic is thru viva-voce. It implies that you''ve got to raise your relatives and friends concerning your most well-liked dental clinic. Merely grasp their experiences with the employees and dentists. To ascertain however they extremely work, you''ll in person visit the clinic before creating an alternative.</span><span><u>Qualities of the Dentists</u>&nbsp; Dont inquire concerning the qualification and also the continued education of the dentists at the clinic. it''s conjointly best to ensure that the dentists have finished the prescribed course of study from authorised dental faculties. Above all, dont forget to ascertain whether or not the dental practitioner has nonheritable license from the dental medial board of the beginning or not.</span><span><u>Measure their employees&nbsp;</u>The behavior and performance of the employees play an important role in deciding their dependability. Ensure that you just are acquainted of their works. See if they''re doing the correct factor or simply carry on giving false data to the patients.</span><span><u>Check their Amenities&nbsp;</u>The simplest dental clinic encompasses a complete facility. So, ensure that your most well-liked clinic provides services in tandem bicycle with the up to date technological developments. Your clinic ought to conjointly update the best levels of cleanliness, be it surroundings or machines used. To ascertain their amenities, it''s best to in person visit the clinic. You''ll conjointly raise a number of their employees to induce some hints.</span><div><br></div></div>', 1, '2016-05-18 11:56:06', '2016-05-18 14:09:10', '1.jpg', NULL, 44, 0, NULL, NULL, NULL, NULL, NULL, NULL, NULL, NULL, NULL, NULL, NULL, NULL, NULL, NULL, NULL, NULL, NULL, NULL, NULL, NULL, NULL, NULL, NULL, NULL),
(23, 22, 38, 'Findings', 'Findings', 'uk-dental-clinic-about-us-findings', 'Finding the simplest dental clinic isn''t as simple as you''re thinking that, if you dont grasp wherever to seek out the simplest one, you''re on the correct spot. Like others, you furthermore might wish to rely on a perfect and reliable one. But, since there are numerous choices to decide on from, you cant simply decide and dont grasp what to try and do.', 1, '2016-05-18 14:10:51', '2016-05-18 14:13:21', '2.jpg', NULL, 44, 1, NULL, NULL, NULL, NULL, NULL, NULL, NULL, NULL, NULL, NULL, NULL, NULL, NULL, NULL, NULL, NULL, NULL, NULL, NULL, NULL, NULL, NULL, NULL, NULL),
(24, NULL, 40, 'About us', 'About us', 'ahasan-group-about-us', '<p style="margin-bottom: 1em; direction: ltr; font-family: ''Open Sans'', Arial, Helvetica, sans-serif; line-height: 19.5px; text-align: justify; color: rgb(85, 85, 85);"><span style="font-weight: bold; font-size: 20px;">Our Mission:</span><br>To deliver superior value to our customers,shareholders, employees and society at large.</p><p style="margin-bottom: 0px; direction: ltr; font-family: ''Open Sans'', Arial, Helvetica, sans-serif; line-height: 19.5px; text-align: justify; color: rgb(85, 85, 85);"><span style="font-weight: bold; font-size: 20px;">Our Vision:</span><br>To be a premium Global conglomerate with a clear focus on each Strategic Business Unit.</p>', 1, '2016-05-27 21:54:48', '2016-05-27 23:13:23', NULL, NULL, 45, 0, NULL, NULL, NULL, NULL, NULL, NULL, NULL, NULL, NULL, NULL, NULL, NULL, NULL, NULL, NULL, NULL, NULL, NULL, NULL, NULL, NULL, NULL, NULL, NULL),
(25, NULL, 41, 'About us', 'About us', 'persona-hair-institute-about-us', NULL, 1, '2016-05-28 18:14:13', '2016-05-28 18:14:13', NULL, NULL, 46, 0, NULL, NULL, NULL, NULL, NULL, NULL, NULL, NULL, NULL, NULL, NULL, NULL, NULL, NULL, NULL, NULL, NULL, NULL, NULL, NULL, NULL, NULL, NULL, NULL),
(26, NULL, 42, 'About us', 'About us', 'new-business-about-us', '<span style="color: rgb(29, 33, 41); font-family: helvetica, arial, sans-serif; font-size: 14px; line-height: 18px;">Cats Eye is the Pioneer Lifestyle Brand for unique style &amp; shopping content, starting from trend-setting fashion lovers and their followers in Bangladesh.</span>', 1, '2016-05-30 18:15:15', '2016-05-30 23:45:11', NULL, NULL, 47, 0, NULL, NULL, NULL, NULL, NULL, NULL, NULL, NULL, NULL, NULL, NULL, NULL, NULL, NULL, NULL, NULL, NULL, NULL, NULL, NULL, NULL, NULL, NULL, NULL),
(27, NULL, 43, 'About us', 'About us', 'champioan-about-us', '<span style="font-size: 13px; line-height: 20px; background-color: rgb(242, 242, 242);">Enter a description for your business. This text will appear above/below the logo on the home page of your mobile site only.</span>', 1, '2016-06-15 23:03:46', '2016-06-16 09:26:51', NULL, NULL, 48, 0, NULL, NULL, NULL, NULL, NULL, NULL, NULL, NULL, NULL, NULL, NULL, NULL, NULL, NULL, NULL, NULL, NULL, NULL, NULL, NULL, NULL, NULL, NULL, NULL),
(28, NULL, 44, 'About us', 'About us', 'xccxvxcvxcv-about-us', NULL, 1, '2016-06-19 19:56:15', '2016-06-19 19:56:15', NULL, NULL, 49, 0, NULL, NULL, NULL, NULL, NULL, NULL, NULL, NULL, NULL, NULL, NULL, NULL, NULL, NULL, NULL, NULL, NULL, NULL, NULL, NULL, NULL, NULL, NULL, NULL),
(29, NULL, 16, 'About us', 'About us', 'about-us', 'There are many variations passages of available but theses in majority have suffered alteration in some form injecte humou or randomised words which don''t looks even slightly believable embarrassing hidden in the middle.', 1, '2016-07-12 23:29:25', '2016-07-31 14:09:17', '3134.full.jpg', NULL, 10, 0, NULL, NULL, NULL, NULL, NULL, NULL, NULL, NULL, NULL, NULL, NULL, NULL, NULL, NULL, NULL, NULL, NULL, NULL, NULL, NULL, NULL, NULL, NULL, NULL),
(30, NULL, 16, 'Our Mission', 'Our Mission', 'our-mission', 'All the Lorem Ipsum generators on Internet tend to repeat chunks as necessary making the true enerato on the many desktop publishing packages and web page editors now use Lorem Ipsum as their default model text, and a search for will many web sites.', 1, '2016-07-31 14:10:36', '2016-07-31 14:10:36', '4.jpg', NULL, 10, 0, NULL, NULL, NULL, NULL, NULL, NULL, NULL, NULL, NULL, NULL, NULL, NULL, NULL, NULL, NULL, NULL, NULL, NULL, NULL, NULL, NULL, NULL, NULL, NULL),
(31, NULL, 50, 'About us', 'About us', 'orchecd-palaza-about-us', 'Lorem Ipsum is simply dummy text of the printing and typesetting industry. Lorem Ipsum has been the industry''s standard dummy text ever since the 1500s, when an unknown printer took a galley of type and scrambled it to make a type specimen book. Lorem Ipsum has been the industry''s standard dummy text ever since the 1500s, when an unknown printer took a galley. It has survived not only five centuries, but also the leap into electronic typesetting, remaining&nbsp;essentially unchanged.', 1, '2016-08-03 08:23:19', '2016-08-09 20:30:26', '20160809200830_blog-photo1.jpg', NULL, 50, 0, NULL, NULL, NULL, NULL, NULL, NULL, NULL, NULL, NULL, NULL, NULL, NULL, NULL, NULL, NULL, NULL, NULL, NULL, NULL, NULL, NULL, NULL, NULL, NULL),
(32, NULL, 50, 'Service', 'Service', 'service', NULL, 1, '2016-08-05 00:38:17', '2016-08-05 00:38:17', NULL, NULL, 50, 0, NULL, NULL, NULL, NULL, NULL, NULL, NULL, NULL, NULL, NULL, NULL, NULL, NULL, NULL, NULL, NULL, NULL, NULL, NULL, NULL, NULL, NULL, NULL, NULL),
(33, 32, 50, 'Strategy', 'Strategy', 'service-strategy', 'Lorem ipsum dolor sit amet, consectetur adipiscing elit. Nam viverra euismod odio, gravida pellentesque urna varius vitae. Lorem ipsum dolor sit amet, consectetur adipiscing elit.', 1, '2016-08-05 00:40:32', '2016-08-05 00:40:32', NULL, NULL, 50, 0, NULL, NULL, NULL, NULL, NULL, NULL, NULL, NULL, NULL, NULL, NULL, NULL, NULL, NULL, NULL, NULL, NULL, NULL, NULL, NULL, NULL, NULL, NULL, NULL),
(34, 32, 50, 'User Friendly', 'User Friendly', 'service-user-friendly', '<h3><a href="http://localhost/terminalbd/Template/General/patros/index.html#" target="" rel="">User Friendly</a></h3>', 1, '2016-08-05 00:41:04', '2016-08-05 00:42:17', NULL, NULL, 50, 0, NULL, NULL, NULL, NULL, NULL, NULL, NULL, NULL, NULL, NULL, NULL, NULL, NULL, NULL, NULL, NULL, NULL, NULL, NULL, NULL, NULL, NULL, NULL, NULL),
(35, 32, 50, 'Clean Code', 'Clean Code', 'service-clean-code', 'Clean Code', 1, '2016-08-05 00:41:34', '2016-08-05 00:41:34', NULL, NULL, 50, 0, NULL, NULL, NULL, NULL, NULL, NULL, NULL, NULL, NULL, NULL, NULL, NULL, NULL, NULL, NULL, NULL, NULL, NULL, NULL, NULL, NULL, NULL, NULL, NULL),
(36, 32, 50, 'Flexibility', 'Flexibility', 'service-flexibility', 'Flexibility', 1, '2016-08-05 00:42:01', '2016-08-05 00:42:01', NULL, NULL, 50, 0, NULL, NULL, NULL, NULL, NULL, NULL, NULL, NULL, NULL, NULL, NULL, NULL, NULL, NULL, NULL, NULL, NULL, NULL, NULL, NULL, NULL, NULL, NULL, NULL),
(39, 31, 50, 'Web Development', 'Web Development', 'orchecd-palaza-about-us-web-development', 'Lorem ipsum dolor sit amet, consectetur adipiscing elit. Vestibulum eget nibh dictum, euismod tellus ut, iaculis.Lorem ipsum dolor sit amet, consectetur adipiscing elit. Vestibulum eget nibh dictum, euismod tellus ut, iaculis.', 1, '2016-08-07 08:35:18', '2016-08-13 01:27:16', NULL, NULL, 50, 0, NULL, NULL, NULL, NULL, NULL, NULL, NULL, NULL, NULL, NULL, NULL, NULL, NULL, NULL, NULL, NULL, NULL, NULL, NULL, NULL, NULL, NULL, NULL, NULL),
(40, 31, 50, 'Responsive Design', 'Responsive', 'orchecd-palaza-about-us-responsive', '                   <div></div>                        , ,         &nbsp;  ,                               ,                  ,            ()                                   ,      ', 1, '2016-08-07 08:37:03', '2016-08-13 01:28:50', NULL, NULL, 50, 0, NULL, NULL, NULL, NULL, NULL, NULL, NULL, NULL, NULL, NULL, NULL, NULL, NULL, NULL, NULL, NULL, NULL, NULL, NULL, NULL, NULL, NULL, NULL, NULL),
(41, NULL, 50, 'zvcczc', 'zvz', 'orchecd-palaza-about-us-responsive-1', 'cvxcv', 1, '2016-08-07 08:38:12', '2016-08-07 08:38:12', NULL, NULL, 50, 0, NULL, NULL, NULL, NULL, NULL, NULL, NULL, NULL, NULL, NULL, NULL, NULL, NULL, NULL, NULL, NULL, NULL, NULL, NULL, NULL, NULL, NULL, NULL, NULL),
(42, NULL, 50, 'zvcczc', 'zvz', 'orchecd-palaza-about-us-responsive-2', 'cvxcv', 1, '2016-08-07 08:38:30', '2016-08-07 08:38:30', NULL, NULL, 50, 0, NULL, NULL, NULL, NULL, NULL, NULL, NULL, NULL, NULL, NULL, NULL, NULL, NULL, NULL, NULL, NULL, NULL, NULL, NULL, NULL, NULL, NULL, NULL, NULL),
(43, NULL, 50, 'zvcczc', 'zvz', 'orchecd-palaza-about-us-responsive-3', 'cvxcv', 1, '2016-08-07 08:38:44', '2016-08-07 08:38:44', NULL, NULL, 50, 0, NULL, NULL, NULL, NULL, NULL, NULL, NULL, NULL, NULL, NULL, NULL, NULL, NULL, NULL, NULL, NULL, NULL, NULL, NULL, NULL, NULL, NULL, NULL, NULL),
(44, NULL, 50, 'sxcZx', 'xZXX', 'xzxx', 'ZXZX', 1, '2016-08-07 08:40:47', '2016-08-07 08:40:47', NULL, NULL, 50, 0, NULL, NULL, NULL, NULL, NULL, NULL, NULL, NULL, NULL, NULL, NULL, NULL, NULL, NULL, NULL, NULL, NULL, NULL, NULL, NULL, NULL, NULL, NULL, NULL),
(45, NULL, 50, 'cxzxczxc', NULL, 'cxzxczxc', 'xcxczxczxc', 1, '2016-08-25 22:56:29', '2016-08-26 00:32:34', '20160825220856_3196.full.jpg', NULL, 50, 0, 1, NULL, 'sadasd', 'sadasd', NULL, NULL, NULL, NULL, NULL, NULL, NULL, NULL, NULL, NULL, NULL, NULL, NULL, NULL, NULL, NULL, NULL, NULL, NULL, 0),
(46, NULL, 50, 'Asunt in anim uis aute irure dolor', NULL, 'Asunt in anim uis aute irure dolor', 'Asunt in anim uis aute irure dolor in reprehenderit in voluptate velit esse cillum dolore eu fugiat nulla pariatur.Asunt in anim uis aute irure dolor in reprehenderit in voluptate velit esse cillum dolore eu fugiat nulla pariatur.Asunt in anim uis aute irure dolor in reprehenderit in voluptate velit esse cillum dolore eu fugiat nulla pariatur.Asunt in anim uis aute irure dolor in reprehenderit in voluptate velit esse cillum dolore eu fugiat nulla pariatur.Asunt in anim uis aute irure dolor in reprehenderit in voluptate velit esse cillum dolore eu fugiat nulla pariatur.Asunt in anim uis aute irure dolor in reprehenderit in voluptate velit esse cillum dolore eu fugiat nulla pariatur.Asunt in anim uis aute irure dolor in reprehenderit in voluptate velit esse cillum dolore eu fugiat nulla pariatur.Asunt in anim uis aute irure dolor in reprehenderit in voluptate velit esse cillum dolore eu fugiat nulla pariatur.Asunt in anim uis aute irure dolor in reprehenderit in voluptate velit esse cillum dolore eu fugiat nulla pariatur.Asunt in anim uis aute irure dolor in reprehenderit in voluptate velit esse cillum dolore eu fugiat nulla pariatur.Asunt in anim uis aute irure dolor in reprehenderit in voluptate velit esse cillum dolore eu fugiat nulla pariatur.', 1, '2016-08-25 23:57:57', '2016-08-25 23:57:57', '20160825230857_1.jpg', 11, 50, 0, 1, NULL, 'Mizanur Rahman', 'Clamist', NULL, NULL, NULL, NULL, NULL, NULL, NULL, NULL, NULL, NULL, NULL, NULL, NULL, NULL, NULL, NULL, NULL, NULL, NULL, 0),
(47, NULL, 50, '    - ', NULL, 'bimaar-arth-pete-nijer-haat-paa-kaattaalen', '               !        !<div></div><span>               ,             -          ,  -      &nbsp;<br>       ,                 &nbsp;<br>                         ,                      </span>                  ,                                  ,                      ,         ', 1, '2016-08-26 00:34:42', '2016-08-26 00:34:42', '20160826000834_10154018_1606235999645967_7031745884642726221_n.jpg', NULL, 50, 0, 1, NULL, '', NULL, NULL, NULL, NULL, NULL, NULL, NULL, NULL, NULL, NULL, NULL, NULL, NULL, NULL, NULL, NULL, NULL, NULL, NULL, NULL, 0),
(48, NULL, 50, '    ', NULL, 'orchecd-palaza-u-khaat-ckraanter-mukhe-maaldbiiper-presiddentt', '                                   <br>    ,           <br>                                     ', 1, '2016-08-26 00:40:31', '2016-08-26 00:40:31', NULL, NULL, 50, 0, 1, NULL, '', NULL, NULL, NULL, NULL, NULL, NULL, NULL, NULL, NULL, NULL, NULL, NULL, NULL, NULL, NULL, NULL, NULL, NULL, NULL, NULL, 0),
(49, NULL, 50, 'cvzxcvzvz-Blog', NULL, 'orchecd-palaza-cvzxcvzvz-blog', 'zxczxc', 1, '2016-08-26 02:18:00', '2016-08-26 14:34:53', '20160826020818_10154018_1606235999645967_7031745884642726221_n.jpg', NULL, 50, 0, 2, NULL, 'zxczxc', 'zxczxc', NULL, NULL, NULL, NULL, NULL, NULL, NULL, NULL, NULL, NULL, NULL, NULL, NULL, NULL, NULL, NULL, NULL, NULL, NULL, 0),
(50, NULL, 50, 'Mirpur-1', NULL, 'orchecd-palaza-mirpur-1', NULL, 1, '2016-08-26 02:51:38', '2016-08-26 14:43:01', NULL, NULL, 50, 0, 6, NULL, NULL, 'xcxzcz', NULL, NULL, NULL, NULL, NULL, NULL, 'xzczxcz', '34634-534-534', '234234,43453443534,4345345', '45-345345', NULL, NULL, NULL, NULL, NULL, 'zxczxc', 'xcvxc fgsfgdfg', 'dfgdfg', NULL, 0),
(51, NULL, 50, 'Titas Gas', NULL, 'orchecd-palaza-titas-gas', NULL, 1, '2016-08-26 14:45:53', '2016-08-26 14:45:53', NULL, NULL, 50, 0, NULL, NULL, NULL, NULL, NULL, NULL, NULL, NULL, NULL, NULL, NULL, NULL, NULL, NULL, NULL, NULL, NULL, NULL, NULL, NULL, NULL, NULL, NULL, 0),
(52, NULL, 50, 'Titas Gas', NULL, 'orchecd-palaza-titas-gas', NULL, 1, '2016-08-26 14:45:54', '2016-08-26 14:45:54', NULL, NULL, 50, 0, NULL, NULL, NULL, NULL, NULL, NULL, NULL, NULL, NULL, NULL, NULL, NULL, NULL, NULL, NULL, NULL, NULL, NULL, NULL, NULL, NULL, NULL, NULL, 0),
(53, NULL, 50, 'Titas Gas', NULL, 'orchecd-palaza-titas-gas', NULL, 1, '2016-08-26 14:45:55', '2016-08-26 14:45:55', NULL, NULL, 50, 0, NULL, NULL, NULL, NULL, NULL, NULL, NULL, NULL, NULL, NULL, NULL, NULL, NULL, NULL, NULL, NULL, NULL, NULL, NULL, NULL, NULL, NULL, NULL, 0),
(54, NULL, 50, 'Titas Gas', NULL, 'orchecd-palaza-titas-gas', NULL, 1, '2016-08-26 14:45:55', '2016-08-26 14:45:55', NULL, NULL, 50, 0, NULL, NULL, NULL, NULL, NULL, NULL, NULL, NULL, NULL, NULL, NULL, NULL, NULL, NULL, NULL, NULL, NULL, NULL, NULL, NULL, NULL, NULL, NULL, 0),
(55, NULL, 50, 'Titas Gas  Limited', NULL, 'orchecd-palaza-titas-gas-limited', '                      -    -          ()     ,      ()                      \r\n          ()                 ', 1, '2016-08-26 14:48:55', '2016-08-26 14:48:55', '20160826140848_85082e57d33dd62d5821f9f6ea12c9b8-Gulen.jpg', NULL, 50, 0, 19, NULL, NULL, NULL, NULL, NULL, NULL, NULL, NULL, NULL, NULL, '342342234', NULL, NULL, NULL, NULL, NULL, NULL, NULL, 'rtertert', NULL, NULL, 'rtertert', 0),
(56, NULL, 50, '    ', NULL, 'orchecd-palaza-baanlaadesh-ayaap-tairite-biplb-ghttaabe', NULL, 1, '2016-08-26 15:08:40', '2016-08-26 15:08:40', NULL, NULL, 50, 0, NULL, NULL, NULL, NULL, NULL, NULL, NULL, NULL, NULL, NULL, 'Noor Khan', '45345-345-345', NULL, NULL, '43534534,564564564', '2016-08-26 00:00:00', '2016-08-31 00:00:00', '10:30', '7:30', 'khan@gmail.com', 'Dhaka', NULL, NULL, 0),
(57, NULL, 50, '     ', NULL, 'orchecd-palaza-aamraa-ayaap-tairite-shiirsssthaane-yete-caai', '                      -    -          ()     ,      ()                      \r\n          ()                 \r\n                           ,      ,           ', 1, '2016-08-26 15:11:01', '2016-08-26 15:11:01', '20160826150811_3134.full.jpg', NULL, 50, 0, 7, NULL, NULL, NULL, NULL, NULL, NULL, NULL, NULL, NULL, 'Noor Khan', '43434-534-534', NULL, NULL, '435345345', '2016-08-30 00:00:00', '2016-08-31 00:00:00', '10:30', '7:30', 'khan@gmail.com', 'Dhaka', NULL, NULL, 0),
(58, NULL, 50, '   ', NULL, 'orchecd-palaza-pryukti-aaskti-kmaate-krmshaalaa', ' ,            -     -     ,                       ', 1, '2016-08-26 15:15:04', '2016-08-26 15:15:04', NULL, NULL, 50, 0, 11, NULL, NULL, NULL, NULL, NULL, NULL, NULL, NULL, NULL, NULL, NULL, NULL, NULL, NULL, NULL, NULL, NULL, NULL, NULL, NULL, NULL, NULL, 0),
(59, NULL, 50, '      ', NULL, 'orchecd-palaza-kaabaa-shriphe-jumaar-naamaaj-aadaayy-krben-haajiraa', '                                                    \r\n                     \r\n                                                              \r\n    :           ', 1, '2016-08-26 15:17:35', '2016-08-26 15:17:35', NULL, NULL, 50, 0, 11, NULL, NULL, NULL, NULL, NULL, NULL, NULL, NULL, NULL, NULL, NULL, NULL, NULL, NULL, NULL, NULL, NULL, NULL, NULL, NULL, NULL, NULL, 0),
(60, NULL, 50, '     ', NULL, 'orchecd-palaza-elpi-gyaas-silinddaarer-maan-shudhu-kaagjei', '   ()                                 <br>   (),                                                      .     ,   -  &nbsp;  ', 1, '2016-08-26 15:24:14', '2016-08-26 15:24:14', '20160826150824_Smoothproducts-master.zip', NULL, 50, 0, 8, NULL, NULL, NULL, NULL, NULL, NULL, NULL, NULL, NULL, NULL, NULL, NULL, NULL, NULL, '2016-08-30 00:00:00', '2016-09-08 00:00:00', NULL, NULL, NULL, NULL, NULL, NULL, 0),
(61, NULL, 50, '    ', NULL, 'orchecd-palaza-u-khaat-ckraanter-mukhe-maaldbiiper-presiddentt', '             ,       .', 1, '2016-08-26 18:57:04', '2016-08-26 18:57:04', '20160826180857_85082e57d33dd62d5821f9f6ea12c9b8-Gulen.jpg', NULL, 50, 0, NULL, NULL, NULL, NULL, NULL, NULL, NULL, NULL, NULL, NULL, NULL, NULL, NULL, NULL, NULL, NULL, NULL, NULL, NULL, NULL, NULL, NULL, NULL, 0),
(62, NULL, 50, '    ', NULL, 'orchecd-palaza-u-khaat-ckraanter-mukhe-maaldbiiper-presiddentt', '             ,       .', 1, '2016-08-26 18:59:34', '2016-08-26 20:24:54', '20160826180859_85082e57d33dd62d5821f9f6ea12c9b8-Gulen.jpg', NULL, 50, 0, 16, 11, NULL, NULL, NULL, NULL, NULL, NULL, NULL, NULL, NULL, NULL, NULL, NULL, NULL, NULL, NULL, NULL, NULL, NULL, NULL, NULL, NULL, 0),
(63, NULL, 50, 'Md Shafiqul Islam', NULL, 'orchecd-palaza-md-shafiqul-islam', '   \r\n      \r\n       \r\n   \r\n       ', 1, '2016-08-26 20:47:49', '2016-08-26 20:47:49', '20160826200847_1.jpg', NULL, 50, 0, 14, NULL, NULL, 'CEO', NULL, 'ewrwer', 'werwr', NULL, 'ewrewr', 'ewrewr', NULL, '67567567', NULL, NULL, NULL, NULL, NULL, NULL, NULL, NULL, NULL, NULL, NULL, 0),
(64, NULL, 50, 'Md Nazrul Islam', NULL, 'orchecd-palaza-md-nazrul-islam', '   \r\n      \r\n       \r\n   \r\n       ', 1, '2016-08-26 21:48:13', '2016-08-26 21:48:13', '20160826210848_banner1.jpg', NULL, 50, 0, 3, NULL, NULL, 'Teacher', 'DK Ideal Cllage', NULL, NULL, NULL, NULL, NULL, NULL, NULL, NULL, NULL, NULL, NULL, NULL, NULL, NULL, NULL, NULL, NULL, NULL, 0);

-- --------------------------------------------------------

--
-- Table structure for table `PageFile`
--

CREATE TABLE IF NOT EXISTS `PageFile` (
  `id` int(11) NOT NULL,
  `page_id` int(11) DEFAULT NULL,
  `caption` varchar(255) COLLATE utf8_unicode_ci DEFAULT NULL,
  `description` tinytext COLLATE utf8_unicode_ci,
  `path` tinytext COLLATE utf8_unicode_ci,
  `status` tinyint(1) DEFAULT NULL,
  `sorting` smallint(6) NOT NULL,
  `globalOption_id` int(11) DEFAULT NULL
) ENGINE=InnoDB DEFAULT CHARSET=utf8 COLLATE=utf8_unicode_ci;

-- --------------------------------------------------------

--
-- Table structure for table `PageMeta`
--

CREATE TABLE IF NOT EXISTS `PageMeta` (
  `id` int(11) NOT NULL,
  `page_id` int(11) DEFAULT NULL,
  `metaKey` varchar(255) COLLATE utf8_unicode_ci DEFAULT NULL,
  `metaValue` varchar(255) COLLATE utf8_unicode_ci DEFAULT NULL
) ENGINE=InnoDB DEFAULT CHARSET=utf8 COLLATE=utf8_unicode_ci;

-- --------------------------------------------------------

--
-- Table structure for table `PageModule`
--

CREATE TABLE IF NOT EXISTS `PageModule` (
  `id` int(11) NOT NULL,
  `module_id` int(11) DEFAULT NULL,
  `page_id` int(11) DEFAULT NULL,
  `showLimit` smallint(6) DEFAULT NULL,
  `name` varchar(255) COLLATE utf8_unicode_ci DEFAULT NULL,
  `homePage_id` int(11) DEFAULT NULL,
  `showColumn` smallint(6) DEFAULT NULL,
  `ordering` smallint(6) DEFAULT NULL
) ENGINE=InnoDB AUTO_INCREMENT=133 DEFAULT CHARSET=utf8 COLLATE=utf8_unicode_ci;

--
-- Dumping data for table `PageModule`
--

INSERT INTO `PageModule` (`id`, `module_id`, `page_id`, `showLimit`, `name`, `homePage_id`, `showColumn`, `ordering`) VALUES
(77, 2, 31, 2, 'etrwtwtr rt ert ', NULL, NULL, NULL),
(78, 10, 31, 0, 'gsdfgdfg', NULL, NULL, NULL),
(122, 2, NULL, 3, '', 25, 3, 0),
(123, 6, NULL, 15, '', 25, 2, 0),
(124, 19, NULL, 0, '', 25, 0, 0),
(125, 7, NULL, 0, '', 25, 0, 0),
(126, 11, NULL, 0, '', 25, 0, 0),
(127, 1, NULL, 0, '', 25, 0, 0),
(128, 8, NULL, 3, '', 25, 4, 0),
(129, 17, NULL, 0, '', 25, 0, 0),
(130, 16, NULL, 0, '', 25, 0, 0),
(131, 14, NULL, 0, '', 25, 0, 0),
(132, 3, NULL, 0, '', 25, 0, 0);

-- --------------------------------------------------------

--
-- Table structure for table `page_module`
--

CREATE TABLE IF NOT EXISTS `page_module` (
  `page_id` int(11) NOT NULL,
  `module_id` int(11) NOT NULL
) ENGINE=InnoDB DEFAULT CHARSET=utf8 COLLATE=utf8_unicode_ci;

-- --------------------------------------------------------

--
-- Table structure for table `page_modulecategory`
--

CREATE TABLE IF NOT EXISTS `page_modulecategory` (
  `page_id` int(11) NOT NULL,
  `modulecategory_id` int(11) NOT NULL
) ENGINE=InnoDB DEFAULT CHARSET=utf8 COLLATE=utf8_unicode_ci;

--
-- Dumping data for table `page_modulecategory`
--

INSERT INTO `page_modulecategory` (`page_id`, `modulecategory_id`) VALUES
(45, 4),
(45, 5),
(45, 6),
(45, 7),
(46, 4),
(46, 5),
(46, 6),
(46, 7),
(47, 4),
(47, 5),
(47, 6),
(47, 7),
(48, 4),
(48, 5),
(48, 6),
(48, 7),
(61, 1),
(61, 3),
(62, 1),
(62, 3);

-- --------------------------------------------------------

--
-- Table structure for table `PattyCash`
--

CREATE TABLE IF NOT EXISTS `PattyCash` (
  `id` int(11) NOT NULL,
  `paymentMethod` varchar(50) COLLATE utf8_unicode_ci DEFAULT NULL,
  `accountNo` varchar(255) COLLATE utf8_unicode_ci DEFAULT NULL,
  `amount` double NOT NULL,
  `receiveDate` datetime DEFAULT NULL,
  `created` datetime NOT NULL,
  `updated` datetime NOT NULL,
  `inventoryConfig_id` int(11) DEFAULT NULL,
  `createdBy_id` int(11) DEFAULT NULL,
  `toUser_id` int(11) DEFAULT NULL
) ENGINE=InnoDB DEFAULT CHARSET=utf8 COLLATE=utf8_unicode_ci;

-- --------------------------------------------------------

--
-- Table structure for table `PaymentCard`
--

CREATE TABLE IF NOT EXISTS `PaymentCard` (
  `id` int(11) NOT NULL,
  `name` varchar(255) COLLATE utf8_unicode_ci NOT NULL,
  `status` tinyint(1) NOT NULL
) ENGINE=InnoDB AUTO_INCREMENT=3 DEFAULT CHARSET=utf8 COLLATE=utf8_unicode_ci;

--
-- Dumping data for table `PaymentCard`
--

INSERT INTO `PaymentCard` (`id`, `name`, `status`) VALUES
(1, 'Visa Card', 0),
(2, 'Credit Card', 0);

-- --------------------------------------------------------

--
-- Table structure for table `PaymentMethod`
--

CREATE TABLE IF NOT EXISTS `PaymentMethod` (
  `id` int(11) NOT NULL,
  `mobile` varchar(255) COLLATE utf8_unicode_ci NOT NULL,
  `bkashAccount` varchar(255) COLLATE utf8_unicode_ci NOT NULL,
  `bkashAccountType` varchar(255) COLLATE utf8_unicode_ci NOT NULL,
  `addresss` varchar(255) COLLATE utf8_unicode_ci NOT NULL,
  `status` tinyint(1) NOT NULL,
  `mobileBankAccount` varchar(255) COLLATE utf8_unicode_ci NOT NULL,
  `globalOption_id` int(11) DEFAULT NULL,
  `paymentType_id` int(11) DEFAULT NULL
) ENGINE=InnoDB DEFAULT CHARSET=utf8 COLLATE=utf8_unicode_ci;

-- --------------------------------------------------------

--
-- Table structure for table `PaymentSalary`
--

CREATE TABLE IF NOT EXISTS `PaymentSalary` (
  `id` int(11) NOT NULL,
  `user_id` int(11) DEFAULT NULL,
  `created` datetime NOT NULL,
  `updated` datetime NOT NULL,
  `salaryMonth` varchar(255) COLLATE utf8_unicode_ci DEFAULT NULL,
  `payableAmount` double DEFAULT NULL,
  `paidAmount` double DEFAULT NULL,
  `dueAmount` double DEFAULT NULL,
  `advanceAmount` double DEFAULT NULL,
  `globalOption_id` int(11) DEFAULT NULL,
  `accountHead_id` int(11) DEFAULT NULL,
  `createdBy_id` int(11) DEFAULT NULL,
  `approvedBy_id` int(11) DEFAULT NULL,
  `salarySetting_id` int(11) DEFAULT NULL,
  `totalAmount` double DEFAULT NULL,
  `process` varchar(50) COLLATE utf8_unicode_ci DEFAULT NULL,
  `otherAmount` double DEFAULT NULL,
  `remark` varchar(255) COLLATE utf8_unicode_ci DEFAULT NULL,
  `bank_id` int(11) DEFAULT NULL,
  `accountNo` varchar(255) COLLATE utf8_unicode_ci DEFAULT NULL,
  `sendBank` tinyint(1) NOT NULL,
  `paymentMethod` varchar(50) COLLATE utf8_unicode_ci DEFAULT NULL
) ENGINE=InnoDB AUTO_INCREMENT=8 DEFAULT CHARSET=utf8 COLLATE=utf8_unicode_ci;

--
-- Dumping data for table `PaymentSalary`
--

INSERT INTO `PaymentSalary` (`id`, `user_id`, `created`, `updated`, `salaryMonth`, `payableAmount`, `paidAmount`, `dueAmount`, `advanceAmount`, `globalOption_id`, `accountHead_id`, `createdBy_id`, `approvedBy_id`, `salarySetting_id`, `totalAmount`, `process`, `otherAmount`, `remark`, `bank_id`, `accountNo`, `sendBank`, `paymentMethod`) VALUES
(1, 33, '2016-04-23 15:28:19', '2016-04-25 07:34:45', 'January', NULL, 26000, NULL, NULL, 32, NULL, 32, 32, 3, 30000, 'approved', 4000, NULL, NULL, NULL, 0, NULL),
(2, 33, '2016-04-23 22:14:18', '2016-04-25 08:03:49', 'February', NULL, 26000, NULL, NULL, 32, NULL, 32, 32, 3, 31000, 'approved', 5000, 'dfsdfsdf', 4, '56546456dsfdsf', 1, 'Cheque'),
(3, 33, '2016-04-24 00:38:28', '2016-04-25 07:35:01', 'July', NULL, 26000, NULL, NULL, 32, NULL, 32, 32, 3, 30000, 'approved', 4000, 'Special sales bonus', 3, '56789', 0, 'Cheque'),
(4, 33, '2016-04-25 14:52:20', '2016-04-25 19:33:57', 'January', NULL, 30000, NULL, NULL, 32, NULL, 32, 32, 3, 40000, 'approved', 10000, NULL, NULL, NULL, 0, 'Cash'),
(5, 33, '2016-04-25 14:58:43', '2016-04-25 14:58:43', 'January', NULL, 50000, NULL, 14000, 32, NULL, 32, NULL, 3, 36000, NULL, 10000, NULL, NULL, NULL, 0, 'Cash'),
(6, 33, '2016-04-25 15:01:49', '2016-04-25 19:34:24', 'January', NULL, 50000, NULL, 4000, 32, NULL, 32, 32, 3, 46000, 'approved', 20000, NULL, NULL, NULL, 0, 'Cash'),
(7, 16, '2016-08-16 18:20:13', '2016-08-16 18:22:18', 'November', NULL, 300000, NULL, 270000, 10, NULL, 16, 16, 4, 30000, 'approved', 5000, 'Advance', NULL, NULL, 0, 'Cash');

-- --------------------------------------------------------

--
-- Table structure for table `PaymentType`
--

CREATE TABLE IF NOT EXISTS `PaymentType` (
  `id` int(11) NOT NULL,
  `name` varchar(255) COLLATE utf8_unicode_ci NOT NULL,
  `status` tinyint(1) NOT NULL,
  `slug` varchar(255) COLLATE utf8_unicode_ci NOT NULL
) ENGINE=InnoDB AUTO_INCREMENT=6 DEFAULT CHARSET=utf8 COLLATE=utf8_unicode_ci;

--
-- Dumping data for table `PaymentType`
--

INSERT INTO `PaymentType` (`id`, `name`, `status`, `slug`) VALUES
(1, 'Cash on Hand', 1, 'cash-on-hand'),
(2, 'Cash on Delivery', 1, 'cash-on-delivery'),
(3, 'Cash on Bank', 1, 'cash-on-bank'),
(4, 'Cash on bKash', 1, 'cash-on-bkash'),
(5, 'Cash on MobileBank', 1, 'cash-on-mobile-bank');

-- --------------------------------------------------------

--
-- Table structure for table `PettyCash`
--

CREATE TABLE IF NOT EXISTS `PettyCash` (
  `id` int(11) NOT NULL,
  `paymentMethod` varchar(50) COLLATE utf8_unicode_ci DEFAULT NULL,
  `amount` double DEFAULT NULL,
  `receiveDate` datetime DEFAULT NULL,
  `created` datetime NOT NULL,
  `updated` datetime NOT NULL,
  `inventoryConfig_id` int(11) DEFAULT NULL,
  `createdBy_id` int(11) DEFAULT NULL,
  `toUser_id` int(11) DEFAULT NULL,
  `accountHead_id` int(11) DEFAULT NULL,
  `remark` varchar(255) COLLATE utf8_unicode_ci DEFAULT NULL,
  `parent` int(11) DEFAULT NULL,
  `toIncrease` varchar(255) COLLATE utf8_unicode_ci DEFAULT NULL,
  `process` varchar(255) COLLATE utf8_unicode_ci DEFAULT NULL,
  `approvedBy_id` int(11) DEFAULT NULL,
  `globalOption_id` int(11) DEFAULT NULL
) ENGINE=InnoDB AUTO_INCREMENT=2 DEFAULT CHARSET=utf8 COLLATE=utf8_unicode_ci;

--
-- Dumping data for table `PettyCash`
--

INSERT INTO `PettyCash` (`id`, `paymentMethod`, `amount`, `receiveDate`, `created`, `updated`, `inventoryConfig_id`, `createdBy_id`, `toUser_id`, `accountHead_id`, `remark`, `parent`, `toIncrease`, `process`, `approvedBy_id`, `globalOption_id`) VALUES
(1, 'Cash', 10000, NULL, '2016-05-30 18:02:17', '2016-05-30 18:02:26', 2, 16, 13, 40, NULL, NULL, 'Debit', 'approved', 16, NULL);

-- --------------------------------------------------------

--
-- Table structure for table `photogallery_module`
--

CREATE TABLE IF NOT EXISTS `photogallery_module` (
  `photogallery_id` int(11) NOT NULL,
  `module_id` int(11) NOT NULL
) ENGINE=InnoDB DEFAULT CHARSET=utf8 COLLATE=utf8_unicode_ci;

--
-- Dumping data for table `photogallery_module`
--

INSERT INTO `photogallery_module` (`photogallery_id`, `module_id`) VALUES
(11, 14),
(11, 16),
(11, 17),
(11, 18);

-- --------------------------------------------------------

--
-- Table structure for table `photo_gallery`
--

CREATE TABLE IF NOT EXISTS `photo_gallery` (
  `id` int(11) NOT NULL,
  `globalOption_id` int(11) DEFAULT NULL,
  `name` varchar(255) COLLATE utf8_unicode_ci DEFAULT NULL,
  `status` tinyint(1) NOT NULL,
  `description` longtext COLLATE utf8_unicode_ci,
  `created` datetime NOT NULL,
  `path` varchar(255) COLLATE utf8_unicode_ci DEFAULT NULL
) ENGINE=InnoDB AUTO_INCREMENT=12 DEFAULT CHARSET=utf8 COLLATE=utf8_unicode_ci;

--
-- Dumping data for table `photo_gallery`
--

INSERT INTO `photo_gallery` (`id`, `globalOption_id`, `name`, `status`, `description`, `created`, `path`) VALUES
(1, 17, 'About us', 1, NULL, '2016-01-02 17:38:06', 'DSC_1995.JPG'),
(10, 28, 'About us', 1, 'About us', '2016-08-02 00:45:31', '20160802000845_1.jpg'),
(11, 50, 'New Product Gallery', 1, 'New Product Gallery', '2016-08-10 09:21:34', '20160810090821_blog-photo2.jpg');

-- --------------------------------------------------------

--
-- Table structure for table `PortalBankAccount`
--

CREATE TABLE IF NOT EXISTS `PortalBankAccount` (
  `id` int(11) NOT NULL,
  `bank_id` int(11) DEFAULT NULL,
  `branch` varchar(255) COLLATE utf8_unicode_ci NOT NULL,
  `accountNo` varchar(255) COLLATE utf8_unicode_ci NOT NULL,
  `status` tinyint(1) NOT NULL,
  `name` varchar(255) COLLATE utf8_unicode_ci DEFAULT NULL
) ENGINE=InnoDB AUTO_INCREMENT=2 DEFAULT CHARSET=utf8 COLLATE=utf8_unicode_ci;

--
-- Dumping data for table `PortalBankAccount`
--

INSERT INTO `PortalBankAccount` (`id`, `bank_id`, `branch`, `accountNo`, `status`, `name`) VALUES
(1, 1, 'Dilkhusha,Motijheel', '1234567890', 1, NULL);

-- --------------------------------------------------------

--
-- Table structure for table `PortalBkashAccount`
--

CREATE TABLE IF NOT EXISTS `PortalBkashAccount` (
  `id` int(11) NOT NULL,
  `name` varchar(255) COLLATE utf8_unicode_ci NOT NULL,
  `accountType` varchar(255) COLLATE utf8_unicode_ci NOT NULL,
  `mobile` varchar(255) COLLATE utf8_unicode_ci NOT NULL,
  `status` tinyint(1) NOT NULL
) ENGINE=InnoDB AUTO_INCREMENT=3 DEFAULT CHARSET=utf8 COLLATE=utf8_unicode_ci;

--
-- Dumping data for table `PortalBkashAccount`
--

INSERT INTO `PortalBkashAccount` (`id`, `name`, `accountType`, `mobile`, `status`) VALUES
(1, 'Personal,1828148148', 'Personal', '1828148148', 1),
(2, 'Merchant,01826384986', 'Merchant', '01826384986', 1);

-- --------------------------------------------------------

--
-- Table structure for table `Portfolio`
--

CREATE TABLE IF NOT EXISTS `Portfolio` (
  `id` int(11) NOT NULL,
  `name` varchar(255) COLLATE utf8_unicode_ci NOT NULL,
  `slug` varchar(255) COLLATE utf8_unicode_ci NOT NULL,
  `content` longtext COLLATE utf8_unicode_ci NOT NULL,
  `status` tinyint(1) NOT NULL,
  `path` varchar(255) COLLATE utf8_unicode_ci DEFAULT NULL,
  `globalOption_id` int(11) DEFAULT NULL,
  `moduleCategory_id` int(11) DEFAULT NULL
) ENGINE=InnoDB AUTO_INCREMENT=4 DEFAULT CHARSET=utf8 COLLATE=utf8_unicode_ci;

--
-- Dumping data for table `Portfolio`
--

INSERT INTO `Portfolio` (`id`, `name`, `slug`, `content`, `status`, `path`, `globalOption_id`, `moduleCategory_id`) VALUES
(1, 'Portfolio-1', 'orchecd-palaza-portfolio-1', 'Portfolio-1', 1, '20160810200850_blog1.jpg', 50, 3),
(2, 'Portfolio-1', 'orchecd-palaza-portfolio-1', 'Portfolio-1', 1, '20160809180836_blog3.jpg', 50, 1),
(3, 'Nam eu ligula ut mass', 'orchecd-palaza-nam-eu-ligula-ut-mass', 'Nam eu ligula ut massa lobortis scelerisque. Suspendisse dictum quam tortor Curabitur at rhoncus quam. In in tortor quis sem tempor ultricies in eu risus.Fusce posuere justo et metus semper molestie. Fusce posuere justo et metus semper molestie.', 1, '20160810200851_unsplash2.jpg', 50, 3);

-- --------------------------------------------------------

--
-- Table structure for table `PreOrder`
--

CREATE TABLE IF NOT EXISTS `PreOrder` (
  `id` int(11) NOT NULL,
  `createdBy_id` int(11) DEFAULT NULL,
  `quantity` int(11) DEFAULT NULL,
  `item` int(11) DEFAULT NULL,
  `paidAmount` double DEFAULT NULL,
  `advanceAmount` double DEFAULT NULL,
  `dueAmount` double DEFAULT NULL,
  `process` varchar(255) COLLATE utf8_unicode_ci DEFAULT NULL,
  `status` tinyint(1) NOT NULL,
  `ecommerceConfig_id` int(11) DEFAULT NULL,
  `paymentMethod_id` int(11) DEFAULT NULL,
  `code` int(11) DEFAULT NULL,
  `created` datetime NOT NULL,
  `updated` datetime NOT NULL,
  `invoice` varchar(50) COLLATE utf8_unicode_ci DEFAULT NULL,
  `processBy_id` int(11) DEFAULT NULL,
  `approvedBy_id` int(11) DEFAULT NULL,
  `dollar` double DEFAULT NULL,
  `total` double DEFAULT NULL,
  `grandTotal` double DEFAULT NULL,
  `shippingCharge` double DEFAULT NULL,
  `delivery` varchar(255) COLLATE utf8_unicode_ci DEFAULT NULL,
  `address` longtext COLLATE utf8_unicode_ci,
  `bankAccount_id` int(11) DEFAULT NULL,
  `bkashAccount_id` int(11) DEFAULT NULL,
  `paymentType_id` int(11) DEFAULT NULL,
  `deliveryDate` datetime DEFAULT NULL
) ENGINE=InnoDB AUTO_INCREMENT=9 DEFAULT CHARSET=utf8 COLLATE=utf8_unicode_ci;

--
-- Dumping data for table `PreOrder`
--

INSERT INTO `PreOrder` (`id`, `createdBy_id`, `quantity`, `item`, `paidAmount`, `advanceAmount`, `dueAmount`, `process`, `status`, `ecommerceConfig_id`, `paymentMethod_id`, `code`, `created`, `updated`, `invoice`, `processBy_id`, `approvedBy_id`, `dollar`, `total`, `grandTotal`, `shippingCharge`, `delivery`, `address`, `bankAccount_id`, `bkashAccount_id`, `paymentType_id`, `deliveryDate`) VALUES
(6, 22, 2, 1, NULL, NULL, NULL, 'confirm', 0, 1, NULL, NULL, '2016-06-30 22:08:06', '2016-07-12 00:45:35', NULL, NULL, NULL, 100, 4000, 4100, 100, 'pickup', '   xzczxcz  ', 2, NULL, 3, '0000-00-00 00:00:00'),
(7, 22, 1, 1, NULL, 1000, NULL, 'in-progress', 0, 1, NULL, NULL, '2016-07-10 12:47:10', '2016-07-12 00:34:58', NULL, NULL, NULL, 200, 2000, 2100, 100, 'pickup', '7/9 Lalmatia', NULL, NULL, NULL, '2016-07-31 00:00:00'),
(8, 22, 1, 1, NULL, NULL, NULL, 'in-progress', 0, 1, NULL, NULL, '2016-07-12 17:20:15', '2016-07-12 17:25:15', NULL, NULL, NULL, 100, 9000, 9200, 200, 'delivery', 'Dhaka', NULL, NULL, NULL, NULL);

-- --------------------------------------------------------

--
-- Table structure for table `PreOrderItem`
--

CREATE TABLE IF NOT EXISTS `PreOrderItem` (
  `id` int(11) NOT NULL,
  `name` varchar(255) COLLATE utf8_unicode_ci NOT NULL,
  `url` tinytext COLLATE utf8_unicode_ci NOT NULL,
  `quantity` int(11) NOT NULL,
  `price` double NOT NULL,
  `color` varchar(255) COLLATE utf8_unicode_ci DEFAULT NULL,
  `details` longtext COLLATE utf8_unicode_ci,
  `preOrder_id` int(11) DEFAULT NULL,
  `currencyType` varchar(255) COLLATE utf8_unicode_ci DEFAULT NULL,
  `total` double DEFAULT NULL,
  `dollar` double NOT NULL,
  `shippingCharge` double DEFAULT NULL,
  `created` datetime NOT NULL,
  `updated` datetime NOT NULL,
  `totalDollar` double NOT NULL,
  `status` tinyint(1) NOT NULL
) ENGINE=InnoDB AUTO_INCREMENT=16 DEFAULT CHARSET=utf8 COLLATE=utf8_unicode_ci;

--
-- Dumping data for table `PreOrderItem`
--

INSERT INTO `PreOrderItem` (`id`, `name`, `url`, `quantity`, `price`, `color`, `details`, `preOrder_id`, `currencyType`, `total`, `dollar`, `shippingCharge`, `created`, `updated`, `totalDollar`, `status`) VALUES
(12, 'Women Bohemian Neck Tie Vintage Printed Ethnic Style Summer Shift Dress', 'https://www.amazon.com/Roxy-Juniors-Azalea-State-Dress/dp/B01AD93F72/ref=pd_sim_193_1?ie=UTF8&dpID=31zEeRHyBUL&dpSrc=sims&preST=_AC_UL200_SR154%2C200_&refRID=MFERN2E08H9B7FFRED7C', 2, 2000, NULL, NULL, 6, NULL, 4000, 50, 100, '2016-07-01 12:25:55', '2016-07-10 12:07:28', 100, 1),
(13, 'Roxy Juniors'' Azalea State Dress', 'https://www.amazon.com/Blu-Pepper-Womens-Shoulder-Crochet/dp/B01CRMT95A/ref=lp_14479433011_1_2?s=apparel&ie=UTF8&qid=1467093767&sr=1-2&nodeID=14479433011', 2, 5000, NULL, NULL, 6, NULL, 10000, 400, 100, '2016-07-01 14:38:34', '2016-07-10 12:39:18', 800, 0),
(14, 'Women Bohemian Neck Tie Vintage Printed Ethnic Style Summer Shift Dress', 'https://www.amazon.com/Blu-Pepper-Womens-Shoulder-Crochet/dp/B01CRMT95A/ref=lp_14479433011_1_2?s=apparel&ie=UTF8&qid=1467093767&sr=1-2&nodeID=14479433011', 1, 2000, NULL, NULL, 7, NULL, 2000, 200, 100, '2016-07-10 12:48:41', '2016-07-10 12:48:41', 200, 1),
(15, 'Blu Pepper Women''s Off-Shoulder Crochet-Lace Trim Shift Dress', 'https://www.amazon.com/Bohemian-Vintage-Printed-Ethnic-Summer/dp/B0107M2B6Q/ref=pd_sim_193_4?ie=UTF8&dpID=51ZJ6aCGdcL&dpSrc=sims&preST=_AC_UL200_SR120%2C200_&refRID=DS36D03X1X66GZ97PQXJ', 1, 9000, NULL, NULL, 8, NULL, 9000, 100, 200, '2016-07-12 17:24:59', '2016-07-12 17:24:59', 100, 1);

-- --------------------------------------------------------

--
-- Table structure for table `Product`
--

CREATE TABLE IF NOT EXISTS `Product` (
  `id` int(11) NOT NULL,
  `user_id` int(11) DEFAULT NULL,
  `collection_id` int(11) DEFAULT NULL,
  `brand_id` int(11) DEFAULT NULL,
  `name` varchar(255) COLLATE utf8_unicode_ci DEFAULT NULL,
  `slug` varchar(255) COLLATE utf8_unicode_ci NOT NULL,
  `price` double DEFAULT NULL,
  `salesPrice` double DEFAULT NULL,
  `vendorPrice` double DEFAULT NULL,
  `shipping` double DEFAULT NULL,
  `quantity` int(11) DEFAULT NULL,
  `productCode` varchar(255) COLLATE utf8_unicode_ci DEFAULT NULL,
  `content` longtext COLLATE utf8_unicode_ci,
  `size` longtext COLLATE utf8_unicode_ci,
  `created` datetime DEFAULT NULL,
  `updated` datetime DEFAULT NULL,
  `color` longtext COLLATE utf8_unicode_ci,
  `weight` varchar(255) COLLATE utf8_unicode_ci DEFAULT NULL,
  `dimension` varchar(255) COLLATE utf8_unicode_ci DEFAULT NULL,
  `unit` varchar(255) COLLATE utf8_unicode_ci DEFAULT NULL,
  `availability` varchar(255) COLLATE utf8_unicode_ci DEFAULT NULL,
  `madeIn` varchar(255) COLLATE utf8_unicode_ci DEFAULT NULL,
  `isFeature` tinyint(1) NOT NULL,
  `deleted` tinyint(1) DEFAULT NULL,
  `status` smallint(6) DEFAULT NULL,
  `dealType` varchar(255) COLLATE utf8_unicode_ci DEFAULT NULL,
  `path` tinytext COLLATE utf8_unicode_ci,
  `parentCategory_id` int(11) DEFAULT NULL
) ENGINE=InnoDB DEFAULT CHARSET=utf8 COLLATE=utf8_unicode_ci;

-- --------------------------------------------------------

--
-- Table structure for table `ProductCustomAttribute`
--

CREATE TABLE IF NOT EXISTS `ProductCustomAttribute` (
  `id` int(11) NOT NULL,
  `product_id` int(11) DEFAULT NULL,
  `name` varchar(255) COLLATE utf8_unicode_ci NOT NULL,
  `content` longtext COLLATE utf8_unicode_ci NOT NULL
) ENGINE=InnoDB DEFAULT CHARSET=utf8 COLLATE=utf8_unicode_ci;

-- --------------------------------------------------------

--
-- Table structure for table `ProductGallery`
--

CREATE TABLE IF NOT EXISTS `ProductGallery` (
  `id` int(11) NOT NULL,
  `product_id` int(11) DEFAULT NULL,
  `path` tinytext COLLATE utf8_unicode_ci
) ENGINE=InnoDB DEFAULT CHARSET=utf8 COLLATE=utf8_unicode_ci;

-- --------------------------------------------------------

--
-- Table structure for table `ProductReview`
--

CREATE TABLE IF NOT EXISTS `ProductReview` (
  `id` int(11) NOT NULL,
  `product_id` int(11) DEFAULT NULL,
  `name` varchar(255) COLLATE utf8_unicode_ci NOT NULL,
  `mobile` varchar(255) COLLATE utf8_unicode_ci NOT NULL,
  `email` varchar(255) COLLATE utf8_unicode_ci NOT NULL,
  `comment` varchar(255) COLLATE utf8_unicode_ci NOT NULL,
  `rating` int(11) NOT NULL,
  `status` tinyint(1) NOT NULL,
  `created` datetime NOT NULL
) ENGINE=InnoDB DEFAULT CHARSET=utf8 COLLATE=utf8_unicode_ci;

-- --------------------------------------------------------

--
-- Table structure for table `ProductUnit`
--

CREATE TABLE IF NOT EXISTS `ProductUnit` (
  `id` int(11) NOT NULL,
  `name` varchar(255) COLLATE utf8_unicode_ci NOT NULL,
  `slug` varchar(255) COLLATE utf8_unicode_ci NOT NULL,
  `status` tinyint(1) NOT NULL
) ENGINE=InnoDB AUTO_INCREMENT=5 DEFAULT CHARSET=utf8 COLLATE=utf8_unicode_ci;

--
-- Dumping data for table `ProductUnit`
--

INSERT INTO `ProductUnit` (`id`, `name`, `slug`, `status`) VALUES
(1, 'Bag', 'Bag', 1),
(2, 'Box', 'Box', 1),
(3, 'Carton', 'Carton', 1),
(4, 'Pcs', 'Pcs', 1);

-- --------------------------------------------------------

--
-- Table structure for table `product_category`
--

CREATE TABLE IF NOT EXISTS `product_category` (
  `product_id` int(11) NOT NULL,
  `category_id` int(11) NOT NULL
) ENGINE=InnoDB DEFAULT CHARSET=utf8 COLLATE=utf8_unicode_ci;

-- --------------------------------------------------------

--
-- Table structure for table `product_import`
--

CREATE TABLE IF NOT EXISTS `product_import` (
  `name` varchar(255) NOT NULL,
  `web` varchar(255) NOT NULL,
  `code` varchar(255) NOT NULL,
  `vendor_code` varchar(255) NOT NULL,
  `category` varchar(255) NOT NULL,
  `quantity` varchar(255) NOT NULL,
  `purchase_price` varchar(255) NOT NULL,
  `sales_price` varchar(255) NOT NULL,
  `memo_no` varchar(255) NOT NULL,
  `rack` varchar(255) NOT NULL,
  `unit` varchar(255) NOT NULL,
  `color` varchar(255) NOT NULL,
  `dimension` varchar(255) NOT NULL,
  `extra_1` varchar(255) NOT NULL,
  `id` int(11) NOT NULL
) ENGINE=InnoDB AUTO_INCREMENT=1630 DEFAULT CHARSET=latin1;

--
-- Dumping data for table `product_import`
--

INSERT INTO `product_import` (`name`, `web`, `code`, `vendor_code`, `category`, `quantity`, `purchase_price`, `sales_price`, `memo_no`, `rack`, `unit`, `color`, `dimension`, `extra_1`, `id`) VALUES
('Formal Shirt', 'Formal Shirt', 'GB-0023', 'GB', 'Men''s Shirt', '', '850', '1250', '589', '', 'Pics', 'Purple', '16.5', '', 1),
('Formal Shirt', 'Formal Shirt', 'GB-0021', 'GB', 'Men''s Shirt', '', '850', '1250', '589', '', 'Pics', 'Purple', '15.5', '', 2),
('Formal Shirt', 'Formal Shirt', 'GB-008', 'GB', 'Men''s Shirt', '', '650', '1050', '589', '', 'Pics', 'Pink', '16', '', 3),
('Formal Shirt', 'Formal Shirt', 'GB-005', 'GB', 'Men''s Shirt', '', '650', '1050', '589', '', 'Pics', 'Silver', '15.5', '', 4),
('Formal Shirt', 'Formal Shirt', 'GB-0040', 'GB', 'Men''s Shirt', '', '850', '1550', '626', '', 'Pics', 'Red', '15.5', '', 5),
('Formal Shirt', 'Formal Shirt', 'GB-0035', 'GB', 'Men''s Shirt', '', '850', '1550', '626', '', 'Pics', 'Red', '16', '', 6),
('Formal Shirt', 'Formal Shirt', 'GB-0041', 'GB', 'Men''s Shirt', '', '850', '1550', '626', '', 'Pics', 'Red', '16', '', 7),
('Formal Shirt', 'Formal Shirt', 'GB-0037', 'GB', 'Men''s Shirt', '', '850', '1550', '626', '', 'Pics', 'Red', '15', '', 8),
('Formal Shirt', 'Formal Shirt', 'GB-0039', 'GB', 'Men''s Shirt', '', '850', '1550', '626', '', 'Pics', 'Purple', '15.5', '', 9),
('Formal Shirt', 'Formal Shirt', 'GB-0042', 'GB', 'Men''s Shirt', '', '850', '1550', '626', '', 'Pics', 'Purple', '15', '', 10),
('Formal Shirt', 'Formal Shirt', 'GB-0021', 'GB', 'Men''s Shirt', '', '850', '1550', '589', '', 'Pics', 'Purple', '15', '', 11),
('Formal Shirt', 'Formal Shirt', 'CM-0045', 'CM', 'Men''s Shirt', '', '850', '1250', '332', '', 'Pics', 'Red', '15.5', '', 12),
('Formal Shirt', 'Formal Shirt', 'CM-0043', 'CM', 'Men''s Shirt', '', '850', '1250', '332', '', 'Pics', 'Red', '16', '', 13),
('Formal Shirt', 'Formal Shirt', 'CM-0044', 'CM', 'Men''s Shirt', '', '850', '1250', '332', '', 'Pics', 'Red', '15', '', 14),
('Formal Shirt', 'Formal Shirt', 'CM-0060', 'CM', 'Men''s Shirt', '', '750', '1250', '332', '', 'Pics', 'Purple', '16', '', 15),
('Formal Shirt', 'Formal Shirt', 'CM-0059', 'CM', 'Men''s Shirt', '', '750', '1250', '332', '', 'Pics', 'Purple', '15', '', 16),
('Formal Shirt', 'Formal Shirt', 'CM-0061', 'CM', 'Men''s Shirt', '', '750', '1250', '332', '', 'Pics', 'Purple', '15.5', '', 17),
('Formal Shirt', 'Formal Shirt', 'CM-0064', 'CM', 'Men''s Shirt', '', '750', '1550', '332', '', 'Pics', 'Purple', '16', '', 18),
('Formal Shirt', 'Formal Shirt', 'CM-0062', 'CM', 'Men''s Shirt', '', '750', '1550', '332', '', 'Pics', 'Purple', '16', '', 19),
('Formal Shirt', 'Formal Shirt', 'GB-0028', 'GB', 'Men''s Shirt', '', '680', '1150', '589', '', 'Pics', 'Mixed', '16', '', 20),
('Formal Shirt', 'Formal Shirt', 'CM-0054', 'CM', 'Men''s Shirt', '', '950', '1550', '332', '', 'Pics', 'Mixed', '15.5', '', 21),
('Formal Shirt', 'Formal Shirt', 'CM-0090', 'CM', 'Men''s Shirt', '', '850', '1280', '356', '', 'Pics', 'Black', '15.5', '', 22),
('Formal Shirt', 'Formal Shirt', 'CM-0088', 'CM', 'Men''s Shirt', '', '850', '1280', '356', '', 'Pics', 'Black', '16', '', 23),
('Formal Shirt', 'Formal Shirt', 'CM-0057', 'CM', 'Men''s Shirt', '', '550', '1050', '332', '', 'Pics', 'White', '15.5', '', 24),
('Formal Shirt', 'Formal Shirt', 'CM-0056', 'CM', 'Men''s Shirt', '', '550', '1050', '332', '', 'Pics', 'White', '15', '', 25),
('Formal Shirt', 'Formal Shirt', 'GB-0002', 'GB', 'Men''s Shirt', '', '600', '1050', '598', '', 'Pics', 'Black', '16', '', 26),
('Formal Shirt', 'Formal Shirt', 'GB-0001', 'GB', 'Men''s Shirt', '', '600', '1050', '598', '', 'Pics', 'Black', '15.5', '', 27),
('Formal Shirt', 'Formal Shirt', 'GB-0030', 'GB', 'Men''s Shirt', '', '680', '1150', '598', '', 'Pics', 'Mixed', '15.5', '', 28),
('Formal Shirt', 'Formal Shirt', 'CL-0045', 'CL', 'Men''s Shirt', '', '650', '975', '1958', '', 'Pics', 'Blue', '15.5', '', 29),
('Formal Shirt', 'Formal Shirt', 'CL-0007', 'CL', 'Men''s Shirt', '', '850', '1270', '1958', '', 'Pics', 'White', '16.5', '', 30),
('Formal Shirt', 'Formal Shirt', 'CL-0027', 'CL', 'Men''s Shirt', '', '580', '1050', '1958', '', 'Pics', 'Blue', '16', '', 31),
('Formal Shirt', 'Formal Shirt', 'CL-0013', 'CL', 'Men''s Shirt', '', '850', '1270', '1958', '', 'Pics', 'Mixed', '15.5', '', 32),
('Formal Shirt', 'Formal Shirt', 'CL-0011', 'CL', 'Men''s Shirt', '', '850', '1270', '1958', '', 'Pics', 'White', '15.5', '', 33),
('Formal Shirt', 'Formal Shirt', 'CL-0040', 'CL', 'Men''s Shirt', '', '650', '975', '1958', '', 'Pics', 'Black', '16', '', 34),
('Formal Shirt', 'Formal Shirt', 'CL-0019', 'CL', 'Men''s Shirt', '', '850', '1270', '1958', '', 'Pics', 'Yellow', '15.5', '', 35),
('Formal Shirt', 'Formal Shirt', 'CL-0017', 'CL', 'Men''s Shirt', '', '850', '1270', '1958', '', 'Pics', 'Yellow', '15.5', '', 36),
('Formal Shirt', 'Formal Shirt', 'CL-0035', 'CL', 'Men''s Shirt', '', '580', '1050', '1958', '', 'Pics', 'Blue', '16', '', 37),
('Formal Shirt', 'Formal Shirt', 'CL-0039', 'CL', 'Men''s Shirt', '', '650', '1050', '1958', '', 'Pics', 'Green', '16', '', 38),
('Formal Shirt', 'Formal Shirt', 'CL-0002', 'CL', 'Men''s Shirt', '', '850', '1270', '1958', '', 'Pics', 'Mixed', '15.5', '', 39),
('Formal Shirt', 'Formal Shirt', 'CL-0025', 'CL', 'Men''s Shirt', '', '580', '1050', '1958', '', 'Pics', 'Blue', '16', '', 40),
('Formal Shirt', 'Formal Shirt', 'CL-0047', 'CL', 'Men''s Shirt', '', '650', '1250', '1958', '', 'Pics', 'Coffy', '16', '', 41),
('Formal Shirt', 'Formal Shirt', 'CL-0008', 'CL', 'Men''s Shirt', '', '850', '1270', '1958', '', 'Pics', 'White', '15.5', '', 42),
('Formal Shirt', 'Formal Shirt', 'CL-0043', 'CL', 'Men''s Shirt', '', '650', '1250', '1958', '', 'Pics', 'Purple', '15.5', '', 43),
('Formal Shirt', 'Formal Shirt', 'CL-0016', 'CL', 'Men''s Shirt', '', '850', '1270', '1958', '', 'Pics', 'Mixed', '15.5', '', 44),
('Formal Shirt', 'Formal Shirt', 'CL-0018', 'CL', 'Men''s Shirt', '', '850', '1270', '1958', '', 'Pics', 'Mixed', '16.5', '', 45),
('Formal Shirt', 'Formal Shirt', 'CL-0021', 'CL', 'Men''s Shirt', '', '850', '1270', '1958', '', 'Pics', 'Mixed', '16', '', 46),
('Formal Shirt', 'Formal Shirt', 'CL-0036', 'CL', 'Men''s Shirt', '', '650', '1250', '1958', '', 'Pics', 'Mixed', '15.5', '', 47),
('Formal Shirt', 'Formal Shirt', 'CL-0034', 'CL', 'Men''s Shirt', '', '580', '1050', '1958', '', 'Pics', 'Mixed', '16.5', '', 48),
('Formal Shirt', 'Formal Shirt', 'CL-0033', 'CL', 'Men''s Shirt', '', '580', '1050', '1958', '', 'Pics', 'Mixed', '16', '', 49),
('Formal Shirt', 'Formal Shirt', 'CL-0020', 'CL', 'Men''s Shirt', '', '850', '1270', '1958', '', 'Pics', 'Mixed', '16', '', 50),
('Formal Shirt', 'Formal Shirt', 'CL-0014', 'CL', 'Men''s Shirt', '', '850', '1270', '1958', '', 'Pics', 'Mixed', '16', '', 51),
('Formal Shirt', 'Formal Shirt', 'CL-0015', 'CL', 'Men''s Shirt', '', '850', '1270', '1958', '', 'Pics', 'Mixed', '15.5', '', 52),
('Formal Shirt', 'Formal Shirt', 'CL-0003', 'CL', 'Men''s Shirt', '', '850', '1270', '1958', '', 'Pics', 'Blue', '16', '', 53),
('Formal Shirt', 'Formal Shirt', 'CL-0005', 'CL', 'Men''s Shirt', '', '850', '1270', '1958', '', 'Pics', 'Yellow', '15.5', '', 54),
('Formal Shirt', 'Formal Shirt', 'CL-0001', 'CL', 'Men''s Shirt', '', '850', '1270', '1958', '', 'Pics', 'Yellow', '16', '', 55),
('Formal Shirt', 'Formal Shirt', 'CL-0067', 'CL', 'Men''s Shirt', '', '480', '1050', '977', '', 'Pics', 'Sky Blue', 'M', '', 56),
('Formal Shirt', 'Formal Shirt', 'CL-0066', 'CL', 'Men''s Shirt', '', '570', '1050', '977', '', 'Pics', 'Sky Blue', 'E', '', 57),
('Formal Shirt', 'Formal Shirt', 'CL-0059', 'CL', 'Men''s Shirt', '', '480', '1050', '977', '', 'Pics', 'Pink', 'O', '', 58),
('Formal Shirt', 'Formal Shirt', 'CL-0060', 'CL', 'Men''s Shirt', '', '480', '1050', '977', '', 'Pics', 'Pink', 'M', '', 59),
('Formal Shirt', 'Formal Shirt', 'CL-0061', 'CL', 'Men''s Shirt', '', '480', '1050', '977', '', 'Pics', 'Pink', 'E', '', 60),
('Formal Shirt', 'Formal Shirt', 'CL-0068', 'CL', 'Men''s Shirt', '', '570', '1050', '977', '', 'Pics', 'Sky Blue', 'E', '', 61),
('Formal Shirt', 'Formal Shirt', 'CL-0051', 'CL', 'Men''s Shirt', '', '480', '1050', '977', '', 'Pics', 'Coffy', 'E', '', 62),
('Formal Shirt', 'Formal Shirt', 'CL-0050', 'CL', 'Men''s Shirt', '', '480', '1050', '977', '', 'Pics', 'Coffy', 'O', '', 63),
('Formal Shirt', 'Formal Shirt', 'CL-0052', 'CL', 'Men''s Shirt', '', '480', '1050', '977', '', 'Pics', 'Coffy', 'E', '', 64),
('Formal Shirt', 'Formal Shirt', 'CL-0069', 'CL', 'Men''s Shirt', '', '570', '1050', '977', '', 'Pics', 'Pink', '16', '', 65),
('Formal Shirt', 'Formal Shirt', 'CL-0071', 'CL', 'Men''s Shirt', '', '570', '1050', '977', '', 'Pics', 'Pink', '15.5', '', 66),
('Formal Shirt', 'Formal Shirt', 'CL-0070', 'CL', 'Men''s Shirt', '', '570', '1050', '977', '', 'Pics', 'Pink', '16.5', '', 67),
('Formal Shirt', 'Formal Shirt', 'CL-0057', 'CL', 'Men''s Shirt', '', '480', '1050', '977', '', 'Pics', 'Brown', 'E', '', 68),
('Formal Shirt', 'Formal Shirt', 'CL-0058', 'CL', 'Men''s Shirt', '', '480', '1050', '977', '', 'Pics', 'Brown', 'M', '', 69),
('Formal Shirt', 'Formal Shirt', 'CL-0056', 'CL', 'Men''s Shirt', '', '480', '1050', '977', '', 'Pics', 'Brown', 'O', '', 70),
('Formal Shirt', 'Formal Shirt', 'CL-0072', 'CL', 'Men''s Shirt', '', '650', '1150', '977', '', 'Pics', 'White', 'M', '', 71),
('Formal Shirt', 'Formal Shirt', 'CL-0074', 'CL', 'Men''s Shirt', '', '650', '1150', '977', '', 'Pics', 'White', 'E', '', 72),
('Formal Shirt', 'Formal Shirt', 'CL-0052', 'CL', 'Men''s Shirt', '', '480', '1050', '977', '', 'Pics', 'Brown', 'E', '', 73),
('Formal Shirt', 'Formal Shirt', 'CL-0053', 'CL', 'Men''s Shirt', '', '480', '1050', '977', '', 'Pics', 'Orange', 'M', '', 74),
('Formal Shirt', 'Formal Shirt', 'CL-0073', 'CL', 'Men''s Shirt', '', '650', '1150', '977', '', 'Pics', 'White', 'O', '', 75),
('Formal Shirt', 'Formal Shirt', 'CL-0054', 'CL', 'Men''s Shirt', '', '480', '1050', '977', '', 'Pics', 'Orange', 'E', '', 76),
('Formal Shirt', 'Formal Shirt', 'CL-0055', 'CL', 'Men''s Shirt', '', '480', '1050', '977', '', 'Pics', 'Orange', 'O', '', 77),
('Formal Shirt', 'Formal Shirt', 'CL-0062', 'CL', 'Men''s Shirt', '', '480', '1050', '977', '', 'Pics', 'Botton Green', 'M', '', 78),
('Formal Shirt', 'Formal Shirt', 'IS-0014', 'IS', 'Men''s Shirt', '', '710', '1450', '1511022', '', 'Pics', 'Silver', '16', '', 79),
('Formal Shirt', 'Formal Shirt', 'IS-0009', 'IS', 'Men''s Shirt', '', '750', '1450', '1511022', '', 'Pics', 'Golden', '16.5', '', 80),
('Formal Shirt', 'Formal Shirt', 'IS-0013', 'IS', 'Men''s Shirt', '', '750', '1450', '1511022', '', 'Pics', 'Golden', '15.5', '', 81),
('Formal Shirt', 'Formal Shirt', 'IS-0007', 'IS', 'Men''s Shirt', '', '725', '1550', '1511022', '', 'Pics', 'Coffy', '16', '', 82),
('Formal Shirt', 'Formal Shirt', 'IS-0008', 'IS', 'Men''s Shirt', '', '725', '1550', '1511022', '', 'Pics', 'Coffy', '16.5', '', 83),
('Formal Shirt', 'Formal Shirt', 'IS-0011', 'IS', 'Men''s Shirt', '', '710', '1450', '1511022', '', 'Pics', 'Pink', '16', '', 84),
('Formal Shirt', 'Formal Shirt', 'IS-0005', 'IS', 'Men''s Shirt', '', '725', '1550', '1511022', '', 'Pics', 'Purple', '16', '', 85),
('Formal Shirt', 'Formal Shirt', 'IS-0017', 'IS', 'Men''s Shirt', '', '790', '1550', '1511022', '', 'Pics', 'Mixed', '15', '', 86),
('Formal Shirt', 'Formal Shirt', 'IS-0018', 'IS', 'Men''s Shirt', '', '790', '1550', '1511022', '', 'Pics', '', '16', '', 87),
('Casual Shirt', 'Casual Shirt', 'RM-0011', 'RM', 'Men''s Shirt', '', '850', '1275', 'NAI', '', 'Pics', 'Pink', 'XL', '', 88),
('Casual Shirt', 'Casual Shirt', 'RM-0006', 'RM', 'Men''s Shirt', '', '850', '1275', '', '', 'Pics', 'Blue', 'L', '', 89),
('Casual Shirt', 'Casual Shirt', 'RM-0005', 'RM', 'Men''s Shirt', '', '850', '1275', '', '', 'Pics', 'Coffy', 'XL', '', 90),
('Casual Shirt', 'Casual Shirt', 'RM-0013', 'RM', 'Men''s Shirt', '', '780', '1170', '', '', 'Pics', 'Silver', 'L', '', 91),
('Casual Shirt', 'Casual Shirt', 'RM-0009', 'RM', 'Men''s Shirt', '', '850', '1275', '', '', 'Pics', 'Silver', 'L', '', 92),
('Casual Shirt', 'Casual Shirt', 'RM-0001', 'RM', 'Men''s Shirt', '', '850', '1275', '', '', 'Pics', 'Silver', 'XL', '', 93),
('Casual Shirt', 'Casual Shirt', 'RM-0004', 'RM', 'Men''s Shirt', '', '850', '1275', '', '', 'Pics', 'Silver', 'M', '', 94),
('Casual Shirt', 'Casual Shirt', 'RM-0002', 'RM', 'Men''s Shirt', '', '850', '1275', '', '', 'Pics', 'Mixed', 'L', '', 95),
('Casual Shirt', 'Casual Shirt', 'RM-0012', 'RM', 'Men''s Shirt', '', '780', '1170', '', '', 'Pics', 'Silver', 'M', '', 96),
('Casual Shirt', 'Casual Shirt', 'RM-0016', 'RM', 'Men''s Shirt', '', '750', '1125', '', '', 'Pics', 'Red', 'XL', '', 97),
('Casual Shirt', 'Casual Shirt', 'RM-0010              RM', '', 'Men''s Shirt', '', '850', '1275', '', '', 'Pics', 'Blue', 'L', '', 98),
('Casual Shirt', 'Casual Shirt', 'RM-0018', 'RM', 'Men''s Shirt', '', '850', '1275', '', '', 'Pics', 'Mixed', '16.5', '', 99),
('Casual Shirt', 'Casual Shirt', 'RM-0019', 'RM', 'Men''s Shirt', '', '850', '1275', '', '', 'Pics', 'Mixed', '15.5', '', 100),
('Casual Shirt', 'Casual Shirt', 'CM-0033', 'CM', 'Men''s Shirt', '', '650', '975', '278', '', 'Pics', 'Silver', 'M', '', 101),
('Casual Shirt', 'Casual Shirt', 'CM-0036', 'CM', 'Men''s Shirt', '', '650', '975', '278', '', 'Pics', 'Blue', 'L', '', 102),
('Casual Shirt', 'Casual Shirt', 'CM-0035', 'CM', 'Men''s Shirt', '', '650', '975', '278', '', 'Pics', 'Blue', 'L', '', 103),
('Casual Shirt', 'Casual Shirt', 'CM-0083', 'CM', 'Men''s Shirt', '', '800', '1280', '356', '', 'Pics', 'Blue', 'XL', '', 104),
('Casual Shirt', 'Casual Shirt', 'CM-0082', 'CM', 'Men''s Shirt', '', '800', '1280', '356', '', 'Pics', 'Blue', 'M', '', 105),
('Casual Shirt', 'Casual Shirt', 'CM-0084', 'CM', 'Men''s Shirt', '', '800', '1280', '356', '', 'Pics', 'Blue', 'L', '', 106),
('Casual Shirt', 'Casual Shirt', 'CM-0074', 'CM', 'Men''s Shirt', '', '700', '1150', '356', '', 'Pics', 'Blue', 'L', '', 107),
('Casual Shirt', 'Casual Shirt', 'CM-0075', 'CM', 'Men''s Shirt', '', '700', '1150', '356', '', 'Pics', 'Blue', 'XL', '', 108),
('Casual Shirt', 'Casual Shirt', 'CM-0073', 'CM', 'Men''s Shirt', '', '700', '1150', '356', '', 'Pics', 'Mixed', 'M', '', 109),
('Casual Shirt', 'Casual Shirt', 'CM-0071', 'CM', 'Men''s Shirt', '', '700', '1150', '356', '', 'Pics', 'Red', 'L', '', 110),
('Casual Shirt', 'Casual Shirt', 'CM-0072', 'CM', 'Men''s Shirt', '', '700', '1150', '356', '', 'Pics', 'Red', 'M', '', 111),
('Casual Shirt', 'Casual Shirt', 'CM-0070', 'CM', 'Men''s Shirt', '', '700', '1150', '356', '', 'Pics', 'Mixed', 'XL', '', 112),
('Casual Shirt', 'Casual Shirt', 'CM-0079', 'CM', 'Men''s Shirt', '', '550', '950', '356', '', 'Pics', 'Mixed', 'M', '', 113),
('Casual Shirt', 'Casual Shirt', 'CM-0080', 'CM', 'Men''s Shirt', '', '550', '950', '356', '', 'Pics', 'Mixed', 'XL', '', 114),
('Casual Shirt', 'Casual Shirt', 'CM-0081', 'CM', 'Men''s Shirt', '', '550', '950', '356', '', 'Pics', 'Mixed', 'L', '', 115),
('Casual Shirt', 'Casual Shirt', 'CM-0049', 'CM', 'Men''s Shirt', '', '650', '1050', '332', '', 'Pics', 'Mixed', '16', '', 116),
('Casual Shirt', 'Casual Shirt', 'CM-0050', 'CM', 'Men''s Shirt', '', '650', '1050', '332', '', 'Pics', 'Black', '15', '', 117),
('Casual Shirt', 'Casual Shirt', 'CM-0069', 'CM', 'Men''s Shirt', '', '750', '1150', '332', '', 'Pics', 'Blue', 'M', '', 118),
('Casual Shirt', 'Casual Shirt', 'GB-0015', 'GB', 'Men''s Shirt', '', '750', '1050', '598', '', 'Pics', 'Mixed', '15.5', '', 119),
('Casual Shirt', 'Casual Shirt', 'GB-0017', 'GB', 'Men''s Shirt', '', '750', '1050', '598', '', 'Pics', 'Mixed', '16.5', '', 120),
('Casual Shirt', 'Casual Shirt', 'GB-0033', 'GB', 'Men''s Shirt', '', '750', '1050', '598', '', 'Pics', 'White', '15.5', '', 121),
('Casual Shirt', 'Casual Shirt', 'CM-0076', 'CM', 'Men''s Shirt', '', '850', '1250', '356', '', 'Pics', 'Sky Blue', '16', '', 122),
('Casual Shirt', 'Casual Shirt', 'CM-0046', 'CM', 'Men''s Shirt', '', '850', '1350', '332', '', 'Pics', 'White', 'XL', '', 123),
('Full Tshirt', 'Full Tshirt', 'EX-0112', 'EX', 'Men''s Full Tshirt', '', '320', '650', '1195', '', 'Pics', 'Pink', 'F', '', 124),
('Full Tshirt', 'Full Tshirt', 'EX-0110', 'EX', 'Men''s Full Tshirt', '', '260', '750', '1195', '', 'Pics', 'Mixed', 'F', '', 125),
('Full Tshirt', 'Full Tshirt', 'EX-0113', 'EX', 'Men''s Full Tshirt', '', '260', '750', '1195', '', 'Pics', 'Mixed', 'F', '', 126),
('Full Tshirt', 'Full Tshirt', 'HT-0024', 'HT', 'Men''s Full Tshirt', '', '250', '650', '143', '', 'Pics', 'Sky Blue', 'XL', '', 127),
('Full Tshirt', 'Full Tshirt', 'HT-0031', 'HT', 'Men''s Full Tshirt', '', '240', '640', '143', '', 'Pics', 'Yellow', 'F', '', 128),
('Full Tshirt', 'Full Tshirt', 'AB-0016', 'AB', 'Men''s Full Tshirt', '', '120', '350', '300', '', 'Pics', 'Green', 'M', '', 129),
('Full Tshirt', 'Full Tshirt', 'HT-0017', 'HT', 'Men''s Full Tshirt', '', '280', '650', '143', '', 'Pics', 'Black', 'XL', '', 130),
('Full Tshirt', 'Full Tshirt', 'EX-0115', 'EX', 'Men''s Full Tshirt', '', '260', '650', '1195', '', 'Pics', 'Mixed', 'F', '', 131),
('Full Tshirt', 'Full Tshirt', 'EX-0117', 'EX', 'Men''s Full Tshirt', '', '320', '650', '1195', '', 'Pics', 'Mixed', 'F', '', 132),
('Full Tshirt', 'Full Tshirt', 'EX-0113', 'EX', 'Men''s Full Tshirt', '', '320', '650', '1195', '', 'Pics', 'Mixed', 'F', '', 133),
('Full Tshirt', 'Full Tshirt', 'EX-0114', 'EX', 'Men''s Full Tshirt', '', '320', '650', '1195', '', 'Pics', 'Mixed', 'F', '', 134),
('Full Tshirt', 'Full Tshirt', 'EX-0111', 'EX', 'Men''s Full Tshirt', '', '260', '650', '1195', '', 'Pics', 'Mixed', 'F', '', 135),
('Full Tshirt', 'Full Tshirt', 'EX-0107', 'EX', 'Men''s Full Tshirt', '', '320', '650', '1195', '', 'Pics', 'Mixed', 'F', '', 136),
('Full Tshirt', 'Full Tshirt', 'EX-0109', 'EX', 'Men''s Full Tshirt', '', '350', '750', '1195', '', 'Pics', 'Mixed', 'F', '', 137),
('Full Tshirt', 'Full Tshirt', 'SF-0008', 'SF', 'Men''s Full Tshirt', '', '150', '380', '', '', 'Pics', 'Silver', 'F', '', 138),
('Full Tshirt', 'Full Tshirt', 'HT-0022', 'HT', 'Men''s Full Tshirt', '', '280', '650', '143', '', 'Pics', 'Mixed', 'XL', '', 139),
('Full Tshirt', 'Full Tshirt', 'HT-0030', 'HT', 'Men''s Full Tshirt', '', '250', '640', '143', '', 'Pics', 'Mixed', 'XL', '', 140),
('Full Tshirt', 'Full Tshirt', 'HT-0032', 'HT', 'Men''s Full Tshirt', '', '240', '640', '143', '', 'Pics', 'Green', 'F', '', 141),
('Full Tshirt', 'Full Tshirt', 'HT-0033', 'HT', 'Men''s Full Tshirt', '', '240', '640', '143', '', 'Pics', 'Black', 'F', '', 142),
('Full Tshirt', 'Full Tshirt', 'HT-0029', 'HT', 'Men''s Full Tshirt', '', '250', '640', '143', '', 'Pics', 'Red', 'F', '', 143),
('Full Polo Tshirt', 'Full Polo Tshirt', 'FC-0105', 'FC', 'Men''s Full Tshirt', '', '330', '750', '70', '', 'Pics', 'Mixed', 'L', '', 144),
('Full Polo Tshirt', 'Full Polo Tshirt', 'FC-0086', 'FC', 'Men''s Full Tshirt', '', '330', '750', '70', '', 'Pics', 'Brown', 'M', '', 145),
('Full Polo Tshirt', 'Full Polo Tshirt', 'FC-0087', 'FC', 'Men''s Full Tshirt', '', '330', '750', '70', '', 'Pics', 'Blue', 'M', '', 146),
('Full Polo Tshirt', 'Full Polo Tshirt', 'FC-0098', 'FC', 'Men''s Full Tshirt', '', '330', '750', '70', '', 'Pics', 'Yellow', 'M', '', 147),
('Full Polo Tshirt', 'Full Polo Tshirt', 'FC-0103', 'FC', 'Men''s Full Tshirt', '', '330', '750', '70', '', 'Pics', 'Black', 'M', '', 148),
('Full Polo Tshirt', 'Full Polo Tshirt', 'FC-00102', 'FC', 'Men''s Full Tshirt', '', '330', '750', '70', '', 'Pics', 'Black', 'M', '', 149),
('Full Polo Tshirt', 'Full Polo Tshirt', 'FC-0096', 'FC', 'Men''s Full Tshirt', '', '330', '750', '70', '', 'Pics', 'Brown', 'S', '', 150),
('Full Polo Tshirt', 'Full Polo Tshirt', 'FC-0092', 'FC', 'Men''s Full Tshirt', '', '330', '750', '70', '', 'Pics', 'Brown', 'M', '', 151),
('Full Polo Tshirt', 'Full Polo Tshirt', 'FC-0100', 'FC', 'Men''s Full Tshirt', '', '330', '750', '70', '', 'Pics', 'Black', 'S', '', 152),
('Full Polo Tshirt', 'Full Polo Tshirt', 'FC-0099', 'FC', 'Men''s Full Tshirt', '', '330', '750', '70', '', 'Pics', 'Yellow', 'S', '', 153),
('Full Polo Tshirt', 'Full Polo Tshirt', 'HT-0007', 'HT', 'Men''s Full Tshirt', '', '300', '850', '143', '', 'Pics', 'Mixed', 'XL', '', 154),
('Full Polo Tshirt', 'Full Polo Tshirt', 'HT-0009', 'HT', 'Men''s Full Tshirt', '', '300', '850', '143', '', 'Pics', 'Mixed', 'XL', '', 155),
('Full Polo Tshirt', 'Full Polo Tshirt', 'HT-0001', 'HT', 'Men''s Full Tshirt', '', '250', '750', '143', '', 'Pics', 'Mixed', 'F', '', 156),
('Full Polo Tshirt', 'Full Polo Tshirt', 'HT-0002', 'HT', 'Men''s Full Tshirt', '', '250', '750', '143', '', 'Pics', 'Mixed', 'F', '', 157),
('Full Polo Tshirt', 'Full Polo Tshirt', 'HT-0005', 'HT', 'Men''s Full Tshirt', '', '250', '750', '143', '', 'Pics', 'Mixed', 'F', '', 158),
('Full Polo Tshirt', 'Full Polo Tshirt', 'HT-0004', 'HT', 'Men''s Full Tshirt', '', '250', '750', '143', '', 'Pics', 'Mixed', 'F', '', 159),
('Full Polo Tshirt', 'Full Polo Tshirt', 'HT-0003', 'HT', 'Men''s Full Tshirt', '', '250', '750', '143', '', 'Pics', 'Mixed', 'F', '', 160),
('Full Polo Tshirt', 'Full Polo Tshirt', 'HT-0010', 'HT', 'Men''s Full Tshirt', '', '300', '650', '143', '', 'Pics', 'White', 'F', '', 161),
('Full Polo Tshirt', 'Full Polo Tshirt', 'HT-0014', 'HT', 'Men''s Full Tshirt', '', '280', '650', '143', '', 'Pics', 'Black', 'F', '', 162),
('Full Polo Tshirt', 'Full Polo Tshirt', 'IND-MT-0000', 'IND-MT', 'Men''s Full Tshirt', '', '730', '1150', '1', '', 'Pics', 'Mixed', 'F', '', 163),
('Full Polo Tshirt', 'Full Polo Tshirt', 'IND-MT0001', 'IND-MT', 'Men''s Full Tshirt', '', '730', '1150', '1', '', 'Pics', 'Mixed', 'F', '', 164),
('Full Polo Tshirt', 'Full Polo Tshirt', 'IND-MT0002', 'IND-MT', 'Men''s Full Tshirt', '', '730', '1150', '1', '', 'Pics', 'Black', 'S|M|L|XL|XXL|XXXL', '', 165),
('Full Polo Tshirt', 'Full Polo Tshirt', 'IND-MT0003', 'IND-MT', 'Men''s Full Tshirt', '', '730', '1150', '1', '', 'Pics', 'Mixed', 'S|M|L|XL|XXL|XXXL', '', 166),
('Full Polo Tshirt', 'Full Polo Tshirt', 'IND-MT0004', 'IND-MT', 'Men''s Full Tshirt', '', '730', '1150', '1', '', 'Pics', 'Mixed', 'S|M|L|XL|XXL|XXXL', '', 167),
('Full Polo Tshirt', 'Full Polo Tshirt', 'IND-MT0005', 'IND-MT', 'Men''s Full Tshirt', '', '730', '1150', '1', '', 'Pics', 'Mixed', 'S|M|L|XL|XXL|XXXL', '', 168),
('Full Polo Tshirt', 'Full Polo Tshirt', 'IND-MT0006', 'IND-MT', 'Men''s Full Tshirt', '', '730', '1150', '1', '', 'Pics', 'Mixed', 'S|M|L|XL|XXL|XXXL', '', 169),
('Full Polo Tshirt', 'Full Polo Tshirt', 'IND-MT0007', 'IND-MT', 'Men''s Full Tshirt', '', '730', '1150', '1', '', 'Pics', 'Mixed', 'S|M|L|XL|XXL|XXXL', '', 170),
('Full Polo Tshirt', 'Full Polo Tshirt', 'IND-MT0008', 'IND-MT', 'Men''s Full Tshirt', '', '730', '1150', '1', '', 'Pics', 'Mixed', 'S|M|L|XL|XXL|XXXL', '', 171),
('Full Polo Tshirt', 'Full Polo Tshirt', 'IND-MT0009', 'IND-MT', 'Men''s Full Tshirt', '', '730', '1150', '1', '', 'Pics', 'Mixed', 'S|M|L|XL|XXL|XXXL', '', 172),
('Full Polo Tshirt', 'Full Polo Tshirt', 'IND-MT0010', 'IND-MT', 'Men''s Full Tshirt', '', '730', '1150', '1', '', 'Pics', 'Mixed', 'S|M|L|XL|XXL|XXXL', '', 173),
('Full Polo Tshirt', 'Full Polo Tshirt', 'IND-MT0011', 'IND-MT', 'Men''s Full Tshirt', '', '730', '1150', '1', '', 'Pics', 'Mixed', 'S|M|L|XL|XXL|XXXL', '', 174),
('Full Polo Tshirt', 'Full Polo Tshirt', 'IND-MT0012', 'IND-MT', 'Men''s Full Tshirt', '', '730', '1150', '1', '', 'Pics', 'Mixed', 'S|M|L|XL|XXL|XXXL', '', 175),
('Full Polo Tshirt', 'Full Polo Tshirt', 'IND-MT0013', 'IND-MT', 'Men''s Full Tshirt', '', '730', '1150', '1', '', 'Pics', 'Mixed', 'S|M|L|XL|XXL|XXXL', '', 176),
('Full Polo Tshirt', 'Full Polo Tshirt', 'IND-MT0014', 'IND-MT', 'Men''s Full Tshirt', '', '730', '1150', '1', '', 'Pics', 'Mixed', 'S|M|L|XL|XXL|XXXL', '', 177),
('Full Polo Tshirt', 'Full Polo Tshirt', 'IND-MT0015', 'IND-MT', 'Men''s Full Tshirt', '', '730', '1150', '1', '', 'Pics', 'Mixed', 'S|M|L|XL|XXL|XXXL', '', 178),
('Full Polo Tshirt', 'Full Polo Tshirt', 'IND-MT0016', 'IND-MT', 'Men''s Full Tshirt', '', '730', '1150', '1', '', 'Pics', 'Mixed', 'S|M|L|XL|XXL|XXXL', '', 179),
('Full Polo Tshirt', 'Full Polo Tshirt', 'IND-MT0017', 'IND-MT', 'Men''s Full Tshirt', '', '730', '1150', '1', '', 'Pics', 'Mixed', 'S|M|L|XL|XXL|XXXL', '', 180),
('Full Polo Tshirt', 'Full Polo Tshirt', 'IND-MT0018', 'IND-MT', 'Men''s Full Tshirt', '', '730', '1150', '1', '', 'Pics', 'Mixed', 'S|M|L|XL|XXL|XXXL', '', 181),
('Full Polo Tshirt', 'Full Polo Tshirt', 'IND-MT0019', 'IND-MT', 'Men''s Full Tshirt', '', '730', '1150', '1', '', 'Pics', 'Mixed', 'S|M|L|XL|XXL|XXXL', '', 182),
('Full Polo Tshirt', 'Full Polo Tshirt', 'IND-MT0020', 'IND-MT', 'Men''s Full Tshirt', '', '730', '1150', '1', '', 'Pics', 'Mixed', 'S|M|L|XL|XXL|XXXL', '', 183),
('Full Polo Tshirt', 'Full Polo Tshirt', 'IND-MT0021', 'IND-MT', 'Men''s Full Tshirt', '', '730', '1150', '1', '', 'Pics', 'Mixed', 'S|M|L|XL|XXL|XXXL', '', 184),
('Full Polo Tshirt', 'Full Polo Tshirt', 'IND-MT0022', 'IND-MT', 'Men''s Full Tshirt', '', '730', '1150', '1', '', 'Pics', 'Mixed', 'S|M|L|XL|XXL|XXXL', '', 185),
('Full Polo Tshirt', 'Full Polo Tshirt', 'IND-MT0023', 'IND-MT', 'Men''s Full Tshirt', '', '730', '1150', '1', '', 'Pics', 'Mixed', 'S|M|L|XL|XXL|XXXL', '', 186),
('Full Polo Tshirt', 'Full Polo Tshirt', 'IND-MT0024', 'IND-MT', 'Men''s Full Tshirt', '', '730', '1150', '1', '', 'Pics', 'Mixed', 'S|M|L|XL|XXL|XXXL', '', 187),
('Full Polo Tshirt', 'Full Polo Tshirt', 'IND-MT0025', 'IND-MT', 'Men''s Full Tshirt', '', '730', '1150', '1', '', 'Pics', 'Mixed', 'S|M|L|XL|XXL|XXXL', '', 188),
('Full Polo Tshirt', 'Full Polo Tshirt', 'IND-MT0026', 'IND-MT', 'Men''s Full Tshirt', '', '730', '1150', '1', '', 'Pics', 'Mixed', 'S|M|L|XL|XXL|XXXL', '', 189),
('Full Polo Tshirt', 'Full Polo Tshirt', 'IND-MT0027', 'IND-MT', 'Men''s Full Tshirt', '', '730', '1150', '1', '', 'Pics', 'Mixed', 'S|M|L|XL|XXL|XXXL', '', 190),
('Full Polo Tshirt', 'Full Polo Tshirt', 'IND-MT0028', 'IND-MT', 'Men''s Full Tshirt', '', '730', '1150', '1', '', 'Pics', 'Mixed', 'S|M|L|XL|XXL|XXXL', '', 191),
('Full Polo Tshirt', 'Full Polo Tshirt', 'IND-MT0029', 'IND-MT', 'Men''s Full Tshirt', '', '730', '1150', '1', '', 'Pics', 'Mixed', 'S|M|L|XL|XXL|XXXL', '', 192),
('Full Tshirt', 'Full Tshirt', 'HT-0023', 'HT', 'Men''s Full Tshirt', '', '250', '650', '143', '', 'Pics', 'Mixed', 'XL', '', 193),
('Full Tshirt', 'Full Tshirt', 'AB-0015', 'AB', 'Men''s Full Tshirt', '', '120', '350', '300', '', 'Pics', 'Mixed', 'M', '', 194),
('Panjabi', 'Panjabi', 'IND-NK-0044', 'NK', 'Men''s Panjabi', '', '1150', '2350', '2', '', 'Pics', 'Merun', '44', '', 195),
('Panjabi', 'Panjabi', 'IND-NK-0045', 'NK', 'Men''s Panjabi', '', '1150', '2350', '2', '', 'Pics', 'Merun', '45', '', 196),
('Panjabi', 'Panjabi', 'IND-NK-0049', 'NK', 'Men''s Panjabi', '', '880', '2050', '2', '', 'Pair', 'White', '44', '', 197),
('Panjabi', 'Panjabi', 'IND-NK-0051', 'NK', 'Men''s Panjabi', '', '880', '2050', '2', '', 'Pair', 'White', '42', '', 198),
('Panjabi', 'Panjabi', 'IND-NK-0050', 'NK', 'Men''s Panjabi', '', '880', '2050', '2', '', 'Pair', 'White', '40', '', 199),
('Panjabi', 'Panjabi', 'IND-NK-0046', 'NK', 'Men''s Panjabi', '', '1150', '2350', '2', '', 'Pics', 'Merun', '42', '', 200),
('Panjabi', 'Panjabi', 'IND-NK-0035', 'NK', 'Men''s Panjabi', '', '1500', '4400', '2', '', 'Pair', 'Ligtt Pink', '44', '', 201),
('Panjabi', 'Panjabi', 'IND-NK-0033', 'NK', 'Men''s Panjabi', '', '1500', '4400', '2', '', 'Pair', 'Biskit', 'F', '', 202),
('Panjabi', 'Panjabi', 'IND-NK-0048', 'NK', 'Men''s Panjabi', '', '1150', '2350', '2', '', 'Pics', 'Green', '44', '', 203),
('Panjabi', 'Panjabi', 'IND-NK-0031', 'NK', 'Men''s Panjabi', '', '1450', '2750', '2', '', 'Pics', 'Silver', '44', '', 204),
('Panjabi', 'Panjabi', 'IND-NK-0037', 'NK', 'Men''s Panjabi', '', '900', '2050', '2', '', 'Pics', 'Light purple', '42', '', 205),
('Panjabi', 'Panjabi', 'IND-NK-0022', 'NK', 'Men''s Panjabi', '', '890', '1700', '2', '', 'Pics', 'White', '42', '', 206),
('Panjabi', 'Panjabi', 'IND-NK-0017', 'NK', 'Men''s Panjabi', '', '890', '1700', '2', '', 'Pics', 'Sky Blue', '42', '', 207),
('Panjabi', 'Panjabi', 'IND-NK-0024', 'NK', 'Men''s Panjabi', '', '890', '1700', '2', '', 'Pics', 'White', '42', '', 208),
('Panjabi', 'Panjabi', 'IND-NK-0006', 'NK', 'Men''s Panjabi', '', '820', '1480', '2', '', 'Pics', 'Ofwhite', '44', '', 209),
('Panjabi', 'Panjabi', 'IND-NK-0010', 'NK', 'Men''s Panjabi', '', '820', '1450', '2', '', 'Pics', 'Pest', '44', '', 210),
('Panjabi', 'Panjabi', 'IND-NK-0011', 'NK', 'Men''s Panjabi', '', '820', '1450', '2', '', 'Pics', 'Pest', '42', '', 211),
('Panjabi', 'Panjabi', 'IND-NK-0032', 'NK', 'Men''s Panjabi', '', '1450', '2750', '2', '', 'Pics', 'Silver', '42', '', 212),
('Panjabi', 'Panjabi', 'IND-NK-0040', 'NK', 'Men''s Panjabi', '', '1200', '2550', '2', '', 'Pics', 'Merun', '44', '', 213),
('Panjabi', 'Panjabi', 'IND-NK-0034', 'NK', 'Men''s Panjabi', '', '1500', '4400', '2', '', 'Pair', 'Sky Blue', 'F', '', 214),
('Panjabi', 'Panjabi', 'IND-NK-0036', 'NK', 'Men''s Panjabi', '', '900', '2450', '2', '', 'Pair', 'Mixed', 'L', '', 215),
('Panjabi', 'Panjabi', 'IND-NK-0038', 'NK', 'Men''s Panjabi', '', '900', '2050', '2', '', 'Pics', 'Purple', '44', '', 216),
('Panjabi', 'Panjabi', 'IND-NK-0043', 'NK', 'Men''s Panjabi', '', '1150', '2350', '2', '', 'Pics', 'Olive', '40', '', 217),
('Panjabi', 'Panjabi', 'IND-NK-0020', 'NK', 'Men''s Panjabi', '', '890', '1800', '2', '', 'Pics', 'Sky Blue', '40', '', 218),
('Panjabi', 'Panjabi', 'IND-NK-0012', 'NK', 'Men''s Panjabi', '', '820', '1450', '2', '', 'Pics', 'Pest', '40', '', 219),
('Panjabi', 'Panjabi', 'IND-NK-0004', 'NK', 'Men''s Panjabi', '', '820', '1480', '2', '', 'Pics', 'Silver', '42', '', 220),
('Panjabi', 'Panjabi', 'IND-NK-0002', 'NK', 'Men''s Panjabi', '', '820', '1480', '2', '', 'Pics', 'Ofwhite', '40', '', 221),
('Panjabi', 'Panjabi', 'IND-NK-0026', 'NK', 'Men''s Panjabi', '', '820', '1450', '2', '', 'Pics', 'Sky Blue', '44', '', 222),
('Casual Shirt', 'Casual Shirt', 'IND-SS-0020', 'IND-SS', 'Mens Casual Shirt', '', '1050', '1680', '819', '', 'Pics', 'White', 'L', '', 223),
('Casual Shirt', 'Casual Shirt', 'IND-SS-0023', 'IND-SS', 'Mens Casual Shirt', '', '1050', '1680', '819', '', 'Pics', 'Golden', 'M', '', 224),
('Casual Shirt', 'Casual Shirt', 'IND-SS-0051', 'IND-SS', 'Mens Casual Shirt', '', '1240', '2050', '819', '', 'Pics', 'Blue', 'L', '', 225),
('Casual Shirt', 'Casual Shirt', 'IND-SS-0053', 'IND-SS', 'Mens Casual Shirt', '', '1240', '2050', '819', '', 'Pics', 'Blue', 'XL', '', 226),
('Casual Shirt', 'Casual Shirt', 'IND-SS-0032', 'IND-SS', 'Mens Casual Shirt', '', '1175', '1760', '819', '', 'Pics', 'Light Orange', 'L', '', 227),
('Casual Shirt', 'Casual Shirt', 'IND-SS-0031', 'IND-SS', 'Mens Casual Shirt', '', '1175', '1760', '819', '', 'Pics', 'Yellow', 'XL', '', 228),
('Casual Shirt', 'Casual Shirt', 'IND-SS-0014', 'IND-SS', 'Mens Casual Shirt', '', '850', '1550', '819', '', 'Pics', 'Sky Blue', 'M', '', 229),
('Casual Shirt', 'Casual Shirt', 'IND-SS-0012', 'IND-SS', 'Mens Casual Shirt', '', '850', '1550', '819', '', 'Pics', 'Sky Blue', 'XL', '', 230),
('Casual Shirt', 'Casual Shirt', 'IND-SS-0017', 'IND-SS', 'Mens Casual Shirt', '', '1050', '1680', '819', '', 'Pics', 'Mixed', 'XL', '', 231),
('Casual Shirt', 'Casual Shirt', 'IND-SS-0027', 'IND-SS', 'Mens Casual Shirt', '', '1120', '1760', '819', '', 'Pics', 'Mixed', 'M', '', 232),
('Casual Shirt', 'Casual Shirt', 'IND-SS-0039', 'IND-SS', 'Mens Casual Shirt', '', '1175', '1760', '819', '', 'Pics', 'Merun', 'L', '', 233),
('Casual Shirt', 'Casual Shirt', 'IND-SS-0044', 'IND-SS', 'Mens Casual Shirt', '', '1175', '1760', '819', '', 'Pics', 'Pink', 'L', '', 234),
('Casual Shirt', 'Casual Shirt', 'IND-SS-0035', 'IND-SS', 'Mens Casual Shirt', '', '1175', '1760', '819', '', 'Pics', 'Light Orange', 'L', '', 235),
('Casual Shirt', 'Casual Shirt', 'IND-DIV-0074', 'IND-DIV', 'Mens Casual Shirt', '', '820', '1550', '941', '', 'Pics', 'White', 'M', '', 236),
('Casual Shirt', 'Casual Shirt', 'IND-DIV-0073', 'IND-DIV', 'Mens Casual Shirt', '', '820', '1550', '941', '', 'Pics', 'White', 'L', '', 237),
('Casual Shirt', 'Casual Shirt', 'IND-DIV-0072', 'IND-DIV', 'Mens Casual Shirt', '', '820', '1550', '941', '', 'Pics', 'White', 'S', '', 238),
('Casual Shirt', 'Casual Shirt', 'IND-DIV-0042', 'IND-DIV', 'Mens Casual Shirt', '', '950', '1650', '941', '', 'Pics', 'Yellow', 'M', '', 239),
('Casual Shirt', 'Casual Shirt', 'IND-DIV-0041', 'IND-DIV', 'Mens Casual Shirt', '', '950', '1650', '941', '', 'Pics', 'Yellow', 'XL', '', 240),
('Casual Shirt', 'Casual Shirt', 'IND-DIV-0047', 'IND-DIV', 'Mens Casual Shirt', '', '1090', '1850', '941', '', 'Pics', 'White', 'L', '', 241),
('Casual Shirt', 'Casual Shirt', 'IND-DIV-0048', 'IND-DIV', 'Mens Casual Shirt', '', '1090', '1850', '941', '', 'Pics', 'White', 'XL', '', 242),
('Casual Shirt', 'Casual Shirt', 'IND-DIV-0046', 'IND-DIV', 'Mens Casual Shirt', '', '1090', '1850', '941', '', 'Pics', 'White', 'M', '', 243),
('Casual Shirt', 'Casual Shirt', 'IND-DIV-0050', 'IND-DIV', 'Mens Casual Shirt', '', '1020', '1850', '941', '', 'Pics', 'Black', 'XL', '', 244),
('Casual Shirt', 'Casual Shirt', 'IND-DIV-0051', 'IND-DIV', 'Mens Casual Shirt', '', '1020', '1850', '941', '', 'Pics', 'Black', 'XXL', '', 245),
('Casual Shirt', 'Casual Shirt', 'IND-DIV-0052', 'IND-DIV', 'Mens Casual Shirt', '', '750', '1700', '941', '', 'Pics', 'Yellow', 'L', '', 246),
('Casual Shirt', 'Casual Shirt', 'IND-DIV-0064', 'IND-DIV', 'Mens Casual Shirt', '', '1090', '1850', '941', '', 'Pics', 'Mixed', 'XL', '', 247),
('Casual Shirt', 'Casual Shirt', 'IND-DIV-0079', 'IND-DIV', 'Mens Casual Shirt', '', '1075', '1600', '939', '', 'Pics', 'Orange', 'XL', '', 248),
('Casual Shirt', 'Casual Shirt', 'IND-DIV-0081', 'IND-DIV', 'Mens Casual Shirt', '', '1075', '1600', '939', '', 'Pics', 'Orange', 'M', '', 249),
('Casual Shirt', 'Casual Shirt', 'IND-DIV-0080', 'IND-DIV', 'Mens Casual Shirt', '', '1075', '1600', '939', '', 'Pics', 'Orange', 'XXL', '', 250),
('Casual Shirt', 'Casual Shirt', 'IND-DIV-0067', 'IND-DIV', 'Mens Casual Shirt', '', '1090', '1850', '939', '', 'Pics', 'Sky Blue', 'L', '', 251),
('Casual Shirt', 'Casual Shirt', 'IND-DIV-0065', 'IND-DIV', 'Mens Casual Shirt', '', '1090', '1850', '941', '', 'Pics', 'Black', 'L', '', 252),
('Casual Shirt', 'Casual Shirt', 'IND-DIV-0083', 'IND-DIV', 'Mens Casual Shirt', '', '885', '1650', '393', '', 'Pics', 'Mixed', 'XXL', '', 253),
('Casual Shirt', 'Casual Shirt', 'IND-DIV-0086', 'IND-DIV', 'Mens Casual Shirt', '', '885', '1650', '393', '', 'Pics', 'Mixed', 'XL', '', 254),
('Casual Shirt', 'Casual Shirt', 'IND-DIV-0077', 'IND-DIV', 'Mens Casual Shirt', '', '885', '1600', '393', '', 'Pics', 'Mixed', 'XXL', '', 255),
('Casual Shirt', 'Casual Shirt', 'IND-DIV-0075', 'IND-DIV', 'Mens Casual Shirt', '', '885', '1600', '393', '', 'Pics', 'Mixed', 'XL', '', 256),
('Casual Shirt', 'Casual Shirt', 'IND-DIV-0088', 'IND-DIV', 'Mens Casual Shirt', '', '1110', '1950', '393', '', 'Pics', 'Mixed', 'M', '', 257),
('Casual Shirt', 'Casual Shirt', 'IND-DIV-0087', 'IND-DIV', 'Mens Casual Shirt', '', '1110', '1950', '393', '', 'Pics', 'Mixed', 'L', '', 258),
('Casual Shirt', 'Casual Shirt', 'IND-DIV-0130', 'IND-DIV', 'Mens Casual Shirt', '', '885', '1650', '3', '', 'Pics', 'Pest', 'XXL', '', 259),
('Casual Shirt', 'Casual Shirt', 'IND-DIV-0131', 'IND-DIV', 'Mens Casual Shirt', '', '885', '1650', '3', '', 'Pics', 'Pest', 'L', '', 260),
('Casual Shirt', 'Casual Shirt', 'IND-DIV-0032', 'IND-DIV', 'Mens Casual Shirt', '', '885', '1650', '3', '', 'Pics', 'Pest', 'M', '', 261),
('Casual Shirt', 'Casual Shirt', 'IND-DIV-0133', 'IND-DIV', 'Mens Casual Shirt', '', '885', '1650', '3', '', 'Pics', 'Mixed', 'M', '', 262),
('Casual Shirt', 'Casual Shirt', 'IND-DIV-0134', 'IND-DIV', 'Mens Casual Shirt', '', '885', '1650', '3', '', 'Pics', 'Mixed', 'XL', '', 263),
('Panjabi', 'Panjabi', 'NP-0036', 'NP', 'Men''s Panjabi', '', '1000', '1400', '201', '', 'Pics', 'White', '42', '', 264),
('Panjabi', 'Panjabi', 'NP-0027', 'NP', 'Men''s Panjabi', '', '890', '1300', '201', '', 'Pics', 'Silver', 'XL', '', 265),
('Panjabi', 'Panjabi', 'NP-0034', 'NP', 'Men''s Panjabi', '', '1000', '1400', '201', '', 'Pics', 'White', '44', '', 266),
('Panjabi', 'Panjabi', 'NP-0019', 'NP', 'Men''s Panjabi', '', '890', '1300', '201', '', 'Pics', 'Mixed', '38', '', 267),
('Panjabi', 'Panjabi', 'NP-0017', 'NP', 'Men''s Panjabi', '', '890', '1300', '201', '', 'Pics', 'Olive', '40', '', 268),
('Panjabi', 'Panjabi', 'NP-0026', 'NP', 'Men''s Panjabi', '', '890', '1300', '201', '', 'Pics', 'Purple', 'XXL', '', 269),
('Panjabi', 'Panjabi', 'NP-0025', 'NP', 'Men''s Panjabi', '', '890', '1300', '201', '', 'Pics', 'Olive', 'XXL', '', 270),
('Panjabi', 'Panjabi', 'NP-0044', 'NP', 'Men''s Panjabi', '', '835', '1170', '201', '', 'Pics', 'White', '42', '', 271),
('Panjabi', 'Panjabi', 'NP-0045', 'NP', 'Men''s Panjabi', '', '355', '1170', '201', '', 'Pics', 'White', '40', '', 272),
('Panjabi', 'Panjabi', 'NP-0018', 'NP', 'Men''s Panjabi', '', '890', '1300', '201', '', 'Pics', 'Silver', 'XXL', '', 273),
('Panjabi', 'Panjabi', 'CM-0067', 'CM', 'Men''s Panjabi', '', '750', '1250', '356', '', 'Pics', 'Mixed', 'M', '', 274),
('Panjabi', 'Panjabi', 'CM-0069', 'CM', 'Men''s Panjabi', '', '750', '1250', '356', '', 'Pics', 'Mixed', 'L', '', 275),
('Polo Tshirt', 'Polo Tshirt', 'JK-0073', 'JK', 'Gents Polo Tshirt', '', '580', '870', '3246', '', 'Pics', 'Ofwhite', 'M', '', 276),
('Polo Tshirt', 'Polo Tshirt', 'JK-0080', 'JK', 'Gents Polo Tshirt', '', '580', '870', '3246', '', 'Pics', 'Green', 'M', '', 277),
('Polo Tshirt', 'Polo Tshirt', 'JK-0065', 'JK', 'Gents Polo Tshirt', '', '580', '870', '3246', '', 'Pics', 'Pest', 'M', '', 278),
('Polo Tshirt', 'Polo Tshirt', 'JK-0098', 'JK', 'Gents Polo Tshirt', '', '550', '870', '3250', '', 'Pics', 'Black', 'M', '', 279),
('Polo Tshirt', 'Polo Tshirt', 'JK-0078', 'JK', 'Gents Polo Tshirt', '', '580', '870', '3248', '', 'Pics', 'Silver', 'M', '', 280),
('Polo Tshirt', 'Polo Tshirt', 'JK-0084', 'JK', 'Gents Polo Tshirt', '', '550', '870', '3246', '', 'Pics', 'Blue', 'M', '', 281),
('Polo Tshirt', 'Polo Tshirt', 'JK-0109', 'JK', 'Gents Polo Tshirt', '', '550', '870', '3258', '', 'Pics', 'Coffy', 'L', '', 282),
('Polo Tshirt', 'Polo Tshirt', 'JK-0118', 'JK', 'Gents Polo Tshirt', '', '550', '870', '3258', '', 'Pics', 'Pink', 'XL', '', 283),
('Polo Tshirt', 'Polo Tshirt', 'JK-0090', 'JK', 'Gents Polo Tshirt', '', '550', '870', '3250', '', 'Pics', 'Yellow', 'XL', '', 284),
('Polo Tshirt', 'Polo Tshirt', 'JK-0108', 'JK', 'Gents Polo Tshirt', '', '550', '870', '3258', '', 'Pics', 'Pink', 'XL', '', 285),
('Polo Tshirt', 'Polo Tshirt', 'JK-0105', 'JK', 'Gents Polo Tshirt', '', '550', '870', '3258', '', 'Pics', 'Coffy', 'L', '', 286),
('Polo Tshirt', 'Polo Tshirt', 'JK-0106', 'JK', 'Gents Polo Tshirt', '', '550', '870', '3258', '', 'Pics', 'Coffy', 'XL', '', 287),
('Polo Tshirt', 'Polo Tshirt', 'JK-0114', 'JK', 'Gents Polo Tshirt', '', '550', '870', '3258', '', 'Pics', 'Pink', 'XL', '', 288),
('Polo Tshirt', 'Polo Tshirt', 'JK-0122', 'JK', 'Gents Polo Tshirt', '', '550', '870', '3258', '', 'Pics', 'Pink', 'L', '', 289),
('Polo Tshirt', 'Polo Tshirt', 'JK-0064', 'JK', 'Gents Polo Tshirt', '', '580', '870', '3246', '', 'Pics', 'White', 'M', '', 290),
('Polo Tshirt', 'Polo Tshirt', 'JK-0079', 'JK', 'Gents Polo Tshirt', '', '580', '870', '3246', '', 'Pics', 'White', 'M', '', 291),
('Polo Tshirt', 'Polo Tshirt', 'JK-0115', 'JK', 'Gents Polo Tshirt', '', '550', '870', '3258', '', 'Pics', 'Ofwhite', 'XL', '', 292),
('Polo Tshirt', 'Polo Tshirt', 'JK-0071', 'JK', 'Gents Polo Tshirt', '', '580', '870', '3246', '', 'Pics', 'Ofwhite', 'M', '', 293),
('Polo Tshirt', 'Polo Tshirt', 'JK-0009', 'JK', 'Gents Polo Tshirt', '', '580', '870', '3240', '', 'Pics', 'Ofwhite', 'XL', '', 294),
('Polo Tshirt', 'Polo Tshirt', 'JK-0100', 'JK', 'Gents Polo Tshirt', '', '550', '870', '3258', '', 'Pics', 'Pest', 'XL', '', 295),
('Polo Tshirt', 'Polo Tshirt', 'JK-0002', 'JK', 'Gents Polo Tshirt', '', '580', '870', '3240', '', 'Pics', 'Pest', 'L', '', 296),
('Polo Tshirt', 'Polo Tshirt', 'JK-0012', 'JK', 'Gents Polo Tshirt', '', '580', '870', '3240', '', 'Pics', 'Pest', 'XL', '', 297),
('Polo Tshirt', 'Polo Tshirt', 'JK-0112', 'JK', 'Gents Polo Tshirt', '', '550', '870', '3258', '', 'Pics', 'Pest', 'L', '', 298),
('Polo Tshirt', 'Polo Tshirt', 'JK-0097', 'JK', 'Gents Polo Tshirt', '', '550', '870', '3258', '', 'Pics', 'Black', 'XL', '', 299),
('Polo Tshirt', 'Polo Tshirt', 'JK-0099', 'JK', 'Gents Polo Tshirt', '', '550', '870', '3258', '', 'Pics', 'Black', 'XL', '', 300),
('Polo Tshirt', 'Polo Tshirt', 'JK-0005', 'JK', 'Gents Polo Tshirt', '', '580', '870', '3240', '', 'Pics', 'Sky Blue', 'XL', '', 301),
('Polo Tshirt', 'Polo Tshirt', 'JK-0076', 'JK', 'Gents Polo Tshirt', '', '580', '870', '3246', '', 'Pics', 'Sky Blue', 'XL', '', 302),
('Polo Tshirt', 'Polo Tshirt', 'JK-0113', 'JK', 'Gents Polo Tshirt', '', '550', '870', '3258', '', 'Pics', 'Light Orange', 'XL', '', 303),
('Polo Tshirt', 'Polo Tshirt', 'JK-0101', 'JK', 'Gents Polo Tshirt', '', '550', '870', '3258', '', 'Pics', 'Botton Green', 'XL', '', 304),
('Polo Tshirt', 'Polo Tshirt', 'JK-0001', 'JK', 'Gents Polo Tshirt', '', '580', '870', '3240', '', 'Pics', 'Blue', 'XL', '', 305),
('Polo Tshirt', 'Polo Tshirt', 'JK-0018', 'JK', 'Gents Polo Tshirt', '', '750', '1150', '3240', '', 'Pics', 'Mixed', 'L', '', 306),
('Polo Tshirt', 'Polo Tshirt', 'JK-0019', 'JK', 'Gents Polo Tshirt', '', '750', '1150', '3240', '', 'Pics', 'Mixed', 'M', '', 307),
('Polo Tshirt', 'Polo Tshirt', 'JK-0020', 'JK', 'Gents Polo Tshirt', '', '750', '1150', '3240', '', 'Pics', 'Mixed', 'L', '', 308),
('Polo Tshirt', 'Polo Tshirt', 'JK-0021', 'JK', 'Gents Polo Tshirt', '', '750', '1150', '3240', '', 'Pics', 'Silver', 'M', '', 309),
('Polo Tshirt', 'Polo Tshirt', 'JK-0022', 'JK', 'Gents Polo Tshirt', '', '750', '1150', '3240', '', 'Pics', 'Mixed', 'L', '', 310),
('Polo Tshirt', 'Polo Tshirt', 'JK-0023', 'JK', 'Gents Polo Tshirt', '', '750', '1150', '3240', '', 'Pics', 'Mixed', 'L', '', 311),
('Polo Tshirt', 'Polo Tshirt', 'JK-0024', 'JK', 'Gents Polo Tshirt', '', '750', '1150', '3240', '', 'Pics', 'Mixed', 'M', '', 312),
('Polo Tshirt', 'Polo Tshirt', 'JK-0025', 'JK', 'Gents Polo Tshirt', '', '750', '1150', '3240', '', 'Pics', 'White', 'XL', '', 313),
('Polo Tshirt', 'Polo Tshirt', 'JK-0026', 'JK', 'Gents Polo Tshirt', '', '750', '1150', '3240', '', 'Pics', 'White', 'M', '', 314),
('Polo Tshirt', 'Polo Tshirt', 'JK-0027', 'JK', 'Gents Polo Tshirt', '', '750', '1150', '3240', '', 'Pics', 'Mixed', 'L', '', 315),
('Polo Tshirt', 'Polo Tshirt', 'JK-0028', 'JK', 'Gents Polo Tshirt', '', '750', '1150', '3240', '', 'Pics', 'White', 'XL', '', 316),
('Polo Tshirt', 'Polo Tshirt', 'JK-0029', 'JK', 'Gents Polo Tshirt', '', '750', '1150', '3240', '', 'Pics', 'Black', 'M', '', 317),
('Polo Tshirt', 'Polo Tshirt', 'JK-0030', 'JK', 'Gents Polo Tshirt', '', '750', '1150', '3240', '', 'Pics', 'Green', '50', '', 318),
('Casual Shirt', 'Casual Shirt', 'FC-0109', 'FC', 'Mens Casual Shirt', '', '400', '1050', '70', '', 'Pics', 'Olive', 'M', '', 319),
('Casual Shirt', 'Casual Shirt', 'FC-0112', 'FC', 'Mens Casual Shirt', '', '400', '1050', '70', '', 'Pics', 'Sky Blue', 'L', '', 320),
('Casual Shirt', 'Casual Shirt', 'FC-0116', 'FC', 'Mens Casual Shirt', '', '400', '1050', '70', '', 'Pics', 'Sky Blue', 'XL', '', 321),
('Casual Shirt', 'Casual Shirt', 'FC-0110', 'FC', 'Mens Casual Shirt', '', '400', '1050', '70', '', 'Pics', 'Sky Blue', 'M', '', 322),
('Casual Shirt', 'Casual Shirt', 'FC-0107', 'FC', 'Mens Casual Shirt', '', '400', '1050', '70', '', 'Pics', 'Orange', 'M', '', 323),
('Casual Shirt', 'Casual Shirt', 'FC-0106', 'FC', 'Mens Casual Shirt', '', '400', '1050', '70', '', 'Pics', 'Orange', 'L', '', 324),
('Casual Shirt', 'Casual Shirt', 'FC-0108', 'FC', 'Mens Casual Shirt', '', '400', '1050', '70', '', 'Pics', 'Orange', 'XL', '', 325),
('Casual Shirt', 'Casual Shirt', 'FC-0114', 'FC', 'Mens Casual Shirt', '', '400', '1050', '70', '', 'Pics', 'Yellow', 'M', '', 326),
('Casual Shirt', 'Casual Shirt', 'FC-0111', 'FC', 'Mens Casual Shirt', '', '400', '1050', '70', '', 'Pics', 'Yellow', 'L', '', 327),
('Polo Tshirt', 'Polo Tshirt', 'FC-0044', 'FC', 'Gents Polo Tshirt', '', '290', '580', '43', '', 'Pics', 'Green', 'M', '', 328),
('Polo Tshirt', 'Polo Tshirt', 'FC-0110', 'FC', 'Gents Polo Tshirt', '', '290', '580', '35', '', 'Pics', 'Green', 'L', '', 329),
('Polo Tshirt', 'Polo Tshirt', 'FC-0045', 'FC', 'Gents Polo Tshirt', '', '290', '580', '43', '', 'Pics', 'Coffy', 'M', '', 330),
('Polo Tshirt', 'Polo Tshirt', 'FC-0046', 'FC', 'Gents Polo Tshirt', '', '290', '580', '43', '', 'Pics', 'Orange', 'XL', '', 331),
('Polo Tshirt', 'Polo Tshirt', 'FC-0047', 'FC', 'Gents Polo Tshirt', '', '290', '580', '43', '', 'Pics', 'Orange', 'XL', '', 332),
('Polo Tshirt', 'Polo Tshirt', 'FC-0048', 'FC', 'Gents Polo Tshirt', '', '290', '580', '43', '', 'Pics', 'Orange', 'L', '', 333),
('Polo Tshirt', 'Polo Tshirt', 'FC-0049', 'FC', 'Gents Polo Tshirt', '', '290', '580', '43', '', 'Pics', 'Silver', 'XL', '', 334),
('Polo Tshirt', 'Polo Tshirt', 'FC-0050', 'FC', 'Gents Polo Tshirt', '', '290', '580', '43', '', 'Pics', 'Merun', 'XL', '', 335),
('Polo Tshirt', 'Polo Tshirt', 'FC-0051', 'FC', 'Gents Polo Tshirt', '', '290', '580', '43', '', 'Pics', 'Merun', 'L', '', 336),
('Polo Tshirt', 'Polo Tshirt', 'FC-0052', 'FC', 'Gents Polo Tshirt', '', '290', '580', '43', '', 'Pics', 'Merun', 'M', '', 337),
('Polo Tshirt', 'Polo Tshirt', 'FC-0053', 'FC', 'Gents Polo Tshirt', '', '290', '580', '43', '', 'Pics', 'Merun', 'XL', '', 338),
('Polo Tshirt', 'Polo Tshirt', 'FC-0054', 'FC', 'Gents Polo Tshirt', '', '290', '580', '43', '', 'Pics', 'Olive', 'XL', '', 339),
('Polo Tshirt', 'Polo Tshirt', 'FC-0055', 'FC', 'Gents Polo Tshirt', '', '290', '580', '43', '', 'Pics', 'Sky Blue', 'L', '', 340),
('Polo Tshirt', 'Polo Tshirt', 'FC-0056', 'FC', 'Gents Polo Tshirt', '', '290', '580', '43', '', 'Pics', 'Orange', 'M', '', 341),
('Polo Tshirt', 'Polo Tshirt', 'FC-0057', 'FC', 'Gents Polo Tshirt', '', '290', '580', '43', '', 'Pics', 'Silver', 'L', '', 342),
('Polo Tshirt', 'Polo Tshirt', 'FC-0058', 'FC', 'Gents Polo Tshirt', '', '290', '580', '43', '', 'Pics', 'Pink', 'M', '', 343),
('Polo Tshirt', 'Polo Tshirt', 'FC-0059', 'FC', 'Gents Polo Tshirt', '', '290', '580', '43', '', 'Pics', 'Silver', 'XL', '', 344),
('Polo Tshirt', 'Polo Tshirt', 'FC-0060', 'FC', 'Gents Polo Tshirt', '', '290', '580', '43', '', 'Pics', 'Sky Blue', 'M', '', 345),
('Polo Tshirt', 'Polo Tshirt', 'FC-0061', 'FC', 'Gents Polo Tshirt', '', '290', '580', '43', '', 'Pics', 'Merun', 'L', '', 346),
('Polo Tshirt', 'Polo Tshirt', 'FC-0062', 'FC', 'Gents Polo Tshirt', '', '290', '580', '43', '', 'Pics', 'Silver', 'L', '', 347),
('Polo Tshirt', 'Polo Tshirt', 'FC-0062', 'FC', 'Gents Polo Tshirt', '', '290', '580', '43', '', 'Pics', 'Silver', 'M', '', 348),
('Polo Tshirt', 'Polo Tshirt', 'FC-0063', 'FC', 'Gents Polo Tshirt', '', '290', '580', '43', '', 'Pics', 'Pink', 'M', '', 349),
('Polo Tshirt', 'Polo Tshirt', 'FC-0064', 'FC', 'Gents Polo Tshirt', '', '290', '580', '43', '', 'Pics', 'Yellow', 'L', '', 350),
('Polo Tshirt', 'Polo Tshirt', 'FC-0065', 'FC', 'Gents Polo Tshirt', '', '290', '580', '43', '', 'Pics', 'Orange', 'L', '', 351),
('Body Spray', 'Body Spray', 'SB-0045', 'SB', 'Gents Body spray', '', '190', '320', '5310', '', 'Pics', '', '', '', 352),
('Body Spray', 'Body Spray', 'SB-0031', 'SB', 'Gents Body spray', '', '235', '390', '5310', '', 'Pics', '', '', '', 353),
('Body Spray', 'Body Spray', 'SB-0043', 'SB', 'Gents Body spray', '', '190', '320', '5310', '', 'Pics', '', '', '', 354),
('Body Spray', 'Body Spray', 'SB-0040', 'SB', 'Gents Body spray', '', '155', '280', '5310', '', 'Pics', '', '', '', 355),
('Body Spray', 'Body Spray', 'SB-0041', 'SB', 'Gents Body spray', '', '155', '280', '5310', '', 'Pics', '', '', '', 356),
('Body Spray', 'Body Spray', 'SB-0037', 'SB', 'Gents Body spray', '', '170', '360', '5310', '', 'Pics', '', '', '', 357),
('Body Spray', 'Body Spray', 'SB-0036', 'SB', 'Gents Body spray', '', '170', '360', '5310', '', 'Pics', '', '', '', 358),
('Body Spray', 'Body Spray', 'SB-0044', 'SB', 'Gents Body spray', '', '190', '320', '5310', '', 'Pics', '', '', '', 359),
('Body Spray', 'Body Spray', 'SB-0053', 'SB', 'Gents Body spray', '', '190', '320', '5310', '', 'Pics', '', '', '', 360),
('Body Spray', 'Body Spray', 'SB-0047', 'SB', 'Gents Body spray', '', '270', '510', '5310', '', 'Pics', '', '', '', 361),
('Body Spray', 'Body Spray', 'SB-0046', 'SB', 'Gents Body spray', '', '270', '510', '5310', '', 'Pics', '', '', '', 362),
('Body Spray', 'Body Spray', 'SB-0025', 'SB', 'Gents Body spray', '', '190', '320', '5310', '', 'Pics', '', '', '', 363),
('Body Spray', 'Body Spray', 'SB-0024', 'SB', 'Gents Body spray', '', '190', '320', '5310', '', 'Pics', '', '', '', 364),
('Body Spray', 'Body Spray', 'SB-0048', 'SB', 'Gents Body spray', '', '270', '510', '5310', '', 'Pics', '', '', '', 365),
('Body Spray', 'Body Spray', 'SB-0038', 'SB', 'Gents Body spray', '', '170', '360', '5310', '', 'Pics', '', '', '', 366),
('Body Spray', 'Body Spray', 'SB-0039', 'SB', 'Gents Body spray', '', '170', '360', '5310', '', 'Pics', '', '', '', 367),
('Body Spray', 'Body Spray', 'SB-0035', 'SB', 'Gents Body spray', '', '170', '360', '5310', '', 'Pics', '', '', '', 368),
('Body Spray', 'Body Spray', 'SB-0049', 'SB', 'Gents Body spray', '', '185', '295', '5310', '', 'Pics', '', '', '', 369),
('Body Spray', 'Body Spray', 'SB-0029', 'SB', 'Gents Body spray', '', '235', '390', '5310', '', 'Pics', '', '', '', 370),
('Body Spray', 'Body Spray', 'SB-0030', 'SB', 'Gents Body spray', '', '235', '390', '5310', '', 'Pics', '', '', '', 371),
('Body Spray', 'Body Spray', 'SB-0032', 'SB', 'Gents Body spray', '', '235', '390', '5310', '', 'Pics', '', '', '', 372),
('Body Spray', 'Body Spray', 'SB-0028', 'SB', 'Gents Body spray', '', '235', '390', '5310', '', 'Pics', '', '', '', 373),
('Body Spray', 'Body Spray', 'SB-0017', 'SB', 'Gents Body spray', '', '215', '340', '5310', '', 'Pics', '', '', '', 374),
('Body Spray', 'Body Spray', 'SB-0018', 'SB', 'Gents Body spray', '', '215', '340', '5310', '', 'Pics', '', '', '', 375),
('Body Spray', 'Body Spray', 'SB-0021', 'SB', 'Gents Belt', '', '155', '280', '5310', '', 'Pics', '', '', '', 376),
('Belt', 'Belt', 'CLC-0076', 'CLC', 'Gents Belt', '', '370', '740', '1387', '', 'Pics', '', '', '', 377),
('Belt', 'Belt', 'CLC-0072', 'CLC', 'Gents Belt', '', '420', '840', '1387', '', 'Pics', '', '', '', 378),
('Belt', 'Belt', 'CLC-0075', 'CLC', 'Gents Belt', '', '370', '740', '1387', '', 'Pics', '', '', '', 379);
INSERT INTO `product_import` (`name`, `web`, `code`, `vendor_code`, `category`, `quantity`, `purchase_price`, `sales_price`, `memo_no`, `rack`, `unit`, `color`, `dimension`, `extra_1`, `id`) VALUES
('Belt', 'Belt', 'CLC-0079', 'CLC', 'Gents Belt', '', '360', '750', '1387', '', 'Pics', '', '', '', 380),
('Belt', 'Belt', 'CLC-0069', 'CLC', 'Gents Belt', '', '500', '950', '1387', '', 'Pics', '', '', '', 381),
('Belt', 'Belt', 'CLC-0070', 'CLC', 'Gents Belt', '', '390', '780', '1387', '', 'Pics', '', '', '', 382),
('Belt', 'Belt', 'CLC-0071', 'CLC', 'Gents Belt', '', '450', '880', '1387', '', 'Pics', '', '', '', 383),
('Belt', 'Belt', 'CLC-0067', 'CLC', 'Gents Belt', '', '340', '680', '1387', '', 'Pics', '', '', '', 384),
('Belt', 'Belt', 'CLC-0062', 'CLC', 'Gents Belt', '', '340', '680', '1387', '', 'Pics', '', '', '', 385),
('Belt', 'Belt', 'CLC-0068', 'CLC', 'Gents Belt', '', '340', '680', '1387', '', 'Pics', '', '', '', 386),
('Belt', 'Belt', 'CLC-0046', 'CLC', 'Gents Belt', '', '430', '850', '664', '', 'Pics', '', '', '', 387),
('Belt', 'Belt', 'CLC-0066', 'CLC', 'Gents Belt', '', '340', '680', '664', '', 'Pics', '', '', '', 388),
('Belt', 'Belt', 'CLC-0073', 'CLC', 'Gents Belt', '', '340', '680', '664', '', 'Pics', '', '', '', 389),
('Belt', 'Belt', 'CLC-0074', 'CLC', 'Gents Belt', '', '370', '740', '664', '', 'Pics', '', '', '', 390),
('Belt', 'Belt', 'CLC-0065', 'CLC', 'Gents Belt', '', '340', '680', '664', '', 'Pics', '', '', '', 391),
('Belt', 'Belt', 'CLC-0077', 'CLC', 'Gents Belt', '', '360', '720', '664', '', 'Pics', '', '', '', 392),
('Wallet', 'Wallet', 'CLC-0012', 'CLC', 'Gents Wallet', '', '550', '825', '664', '', 'Pics', '', '', '', 393),
('Wallet', 'Wallet', 'CLC-0014', 'CLC', 'Gents Wallet', '', '450', '775', '664', '', 'Pics', '', '', '', 394),
('Wallet', 'Wallet', 'CLC-0057', 'CLC', 'Gents Wallet', '', '520', '940', '664', '', 'Pics', '', '', '', 395),
('Wallet', 'Wallet', 'CLC-0087', 'CLC', 'Gents Wallet', '', '320', '770', '1386', '', 'Pics', '', '', '', 396),
('Wallet', 'Wallet', 'CLC-0086', 'CLC', 'Gents Wallet', '', '320', '770', '1386', '', 'Pics', '', '', '', 397),
('Wallet', 'Wallet', 'CLC-0090', 'CLC', 'Gents Wallet', '', '370', '840', '1386', '', 'Pics', '', '', '', 398),
('Wallet', 'Wallet', 'CLC-0084', 'CLC', 'Gents Wallet', '', '320', '730', '1386', '', 'Pics', '', '', '', 399),
('Wallet', 'Wallet', 'CLC-0089', 'CLC', 'Gents Wallet', '', '370', '840', '1386', '', 'Pics', '', '', '', 400),
('Wallet', 'Wallet', 'CLC-0085', 'CLC', 'Gents Wallet', '', '320', '730', '1386', '', 'Pics', '', '', '', 401),
('Wallet', 'Wallet', 'CLC-0094', 'CLC', 'Gents Wallet', '', '460', '950', '1386', '', 'Pics', '', '', '', 402),
('Wallet', 'Wallet', 'CLC-0091', 'CLC', 'Gents Wallet', '', '450', '1050', '1386', '', 'Pics', '', '', '', 403),
('Wallet', 'Wallet', 'CLC-0096', 'CLC', 'Gents Wallet', '', '150', '350', '1386', '', 'Pics', '', '', '', 404),
('Tai', 'Tai', 'BB-0052', 'BB', 'Gents Tai', '', '350', '525', '10', '', 'Pics', 'Red', '', '', 405),
('Tai', 'Tai', 'BB-0043', 'BB', 'Gents Tai', '', '250', '420', '10', '', 'Pics', 'Pink', '', '', 406),
('Tai', 'Tai', 'BB-0048', 'BB', 'Gents Tai', '', '350', '525', '10', '', 'Pics', 'Black', '', '', 407),
('Tai', 'Tai', 'BB-0049', 'BB', 'Gents Tai', '', '350', '525', '10', '', 'Pics', 'Merun', '', '', 408),
('Tai', 'Tai', 'BB-0050', 'BB', 'Gents Tai', '', '350', '525', '10', '', 'Pics', 'Silver', '', '', 409),
('Tai Pin', 'Tai Pin', 'BB-0067', 'BB', 'Gents Tai Pin', '', '180', '277', '6829', '', 'Pics', 'Golden', '', '', 410),
('Tai Pin', 'Tai Pin', 'BB-0069', 'BB', 'Gents Tai Pin', '', '180', '277', '6829', '', 'Pics', 'Golden', '', '', 411),
('Tai Pin', 'Tai Pin', 'BB-0071', 'BB', 'Gents Tai Pin', '', '180', '277', '6829', '', 'Pics', 'Golden', '', '', 412),
('Tai Pin', 'Tai Pin', 'BB-0066', 'BB', 'Gents Tai Pin', '', '180', '277', '6829', '', 'Pics', 'Golden', '', '', 413),
('Tai Pin', 'Tai Pin', 'BB-0068', 'BB', 'Gents Tai Pin', '', '180', '277', '6829', '', 'Pics', 'Silver', '', '', 414),
('Culflen', 'Culflen', 'BB-0063', 'BB', 'Gents Culflen', '', '450', '650', '6829', '', 'Pics', 'Black', '', '', 415),
('Culflen', 'Culflen', 'BB-0054', 'BB', 'Gents Culflen', '', '480', '650', '10', '', 'Pics', 'Black', '', '', 416),
('Culflen', 'Culflen', 'BB-0060', 'BB', 'Gents Culflen', '', '480', '650', '10', '', 'Pics', 'Golden', '', '', 417),
('Culflen', 'Culflen', 'BB-0056', 'BB', 'Gents Culflen', '', '480', '650', '10', '', 'Pics', 'Golden', '', '', 418),
('Culflen', 'Culflen', 'BB-0057', 'BB', 'Gents Culflen', '', '480', '650', '10', '', 'Pics', 'Golden', '', '', 419),
('Culflen', 'Culflen', 'BB-0059', 'BB', 'Gents Culflen', '', '480', '650', '10', '', 'Pics', 'Black', '', '', 420),
('Culflen', 'Culflen', 'BB-0055', 'BB', 'Gents Culflen', '', '480', '650', '10', '', 'Pics', 'Black', '', '', 421),
('Culflen', 'Culflen', 'BB-0061', 'BB', 'Gents Culflen', '', '480', '650', '10', '', 'Pics', 'Black', '', '', 422),
('Culflen', 'Culflen', 'BB-0058', 'BB', 'Gents Culflen', '', '480', '650', '10', '', 'Pics', 'Golden', '', '', 423),
('Culflen', 'Culflen', 'BB-0064', 'BB', 'Gents Culflen', '', '450', '650', '6829', '', 'Pics', 'Silver', '', '', 424),
('Polo Tshirt', 'Polo Tshirt', 'IND-DIV-0090', 'IND-DIV', 'Gents Polo Tshirt', '', '950', '1550', '941', '', 'Pics', 'Mixed', 'F', '', 425),
('Polo Tshirt', 'Polo Tshirt', 'IND-DIV-0096', 'IND-DIV', 'Gents Polo Tshirt', '', '950', '1750', '941', '', 'Pics', 'Mixed', 'F', '', 426),
('Polo Tshirt', 'Polo Tshirt', 'IND-DIV-0104', 'IND-DIV', 'Gents Polo Tshirt', '', '950', '1650', '941', '', 'Pics', 'Mixed', 'F', '', 427),
('Polo Tshirt', 'Polo Tshirt', 'IND-DIV-0114', 'IND-DIV', 'Gents Polo Tshirt', '', '950', '1650', '941', '', 'Pics', 'Mixed', 'F', '', 428),
('Polo Tshirt', 'Polo Tshirt', 'IND-DIV-0100', 'IND-DIV', 'Gents Polo Tshirt', '', '950', '1750', '941', '', 'Pics', 'Blue', 'F', '', 429),
('Polo Tshirt', 'Polo Tshirt', 'IND-DIV-0106', 'IND-DIV', 'Gents Polo Tshirt', '', '950', '1650', '941', '', 'Pics', 'White', 'F', '', 430),
('Polo Tshirt', 'Polo Tshirt', 'IND-DIV-0118', 'IND-DIV', 'Gents Polo Tshirt', '', '950', '1650', '941', '', 'Pics', 'Mixed', 'F', '', 431),
('Polo Tshirt', 'Polo Tshirt', 'IND-DIV-0119', 'IND-DIV', 'Gents Polo Tshirt', '', '950', '1650', '941', '', 'Pics', 'Mixed', 'F', '', 432),
('Polo Tshirt', 'Polo Tshirt', 'IND-DIV-0091', 'IND-DIV', 'Gents Polo Tshirt', '', '950', '1550', '941', '', 'Pics', 'Mixed', 'F', '', 433),
('Polo Tshirt', 'Polo Tshirt', 'IND-DIV-0089', 'IND-DIV', 'Gents Polo Tshirt', '', '950', '1550', '941', '', 'Pics', 'Mixed', 'F', '', 434),
('Polo Tshirt', 'Polo Tshirt', 'IND-DIV-0129', 'IND-DIV', 'Gents Polo Tshirt', '', '950', '1550', '941', '', 'Pics', 'Mixed', 'F', '', 435),
('Polo Tshirt', 'Polo Tshirt', 'IND-DIV-0101', 'IND-DIV', 'Gents Polo Tshirt', '', '950', '1750', '941', '', 'Pics', 'Mixed', 'F', '', 436),
('Polo Tshirt', 'Polo Tshirt', 'IND-DIV-0092', 'IND-DIV', 'Gents Polo Tshirt', '', '950', '1550', '941', '', 'Pics', 'Mixed', 'F', '', 437),
('Polo Tshirt', 'Polo Tshirt', 'IND-DIV-0098', 'IND-DIV', 'Gents Polo Tshirt', '', '950', '1750', '941', '', 'Pics', 'Mixed', 'F', '', 438),
('Polo Tshirt', 'Polo Tshirt', 'IND-DIV-0105', 'IND-DIV', 'Gents Polo Tshirt', '', '950', '1650', '941', '', 'Pics', 'Mixed', 'F', '', 439),
('Polo Tshirt', 'Polo Tshirt', 'IND-DIV-0120', 'IND-DIV', 'Gents Polo Tshirt', '', '950', '1650', '941', '', 'Pics', 'Mixed', 'F', '', 440),
('Tshirt', 'Tshirt', 'IND-DIV-0127', 'IND-DIV', 'Gents Tshirt', '', '750', '1350', '941', '', 'Pics', 'White', 'XXL', '', 441),
('Tshirt', 'Tshirt', 'IND-DIV-0126', 'IND-DIV', 'Gents Tshirt', '', '750', '1350', '941', '', 'Pics', 'White', 'XXL', '', 442),
('Tshirt', 'Tshirt', 'IND-DIV-0122', 'IND-DIV', 'Gents Tshirt', '', '750', '1350', '941', '', 'Pics', 'Biskit', 'XXL', '', 443),
('Tshirt', 'Tshirt', 'IND-DIV-0128', 'IND-DIV', 'Gents Tshirt', '', '750', '1350', '941', '', 'Pics', 'Black', 'XXL', '', 444),
('Tshirt', 'Tshirt', 'IND-DIV-0124', 'IND-DIV', 'Gents Tshirt', '', '750', '1350', '941', '', 'Pics', 'Biskit', 'XXL', '', 445),
('Tshirt', 'Tshirt', 'IND-DIV-0111', 'IND-DIV', 'Gents Tshirt', '', '750', '1350', '941', '', 'Pics', 'Blue', 'XXL', '', 446),
('Polo Tshirt', 'Polo Tshirt', 'IND-ISS-0002', 'IND-ISS', 'Gents Polo Tshirt', '', '750', '1450', '941', '', 'Pics', 'Yellow', 'L', '', 447),
('Polo Tshirt', 'Polo Tshirt', 'IND-ISS-0001', 'IND-ISS', 'Gents Polo Tshirt', '', '750', '1450', '941', '', 'Pics', 'Yellow', 'M', '', 448),
('Polo Tshirt', 'Polo Tshirt', 'IND-ISS-0004', 'IND-ISS', 'Gents Polo Tshirt', '', '750', '1450', '941', '', 'Pics', 'Yellow', 'XL', '', 449),
('Tshirt', 'Tshirt', 'BB-0079', 'BB', 'Gents Tshirt', '', '650', '950', '6829', '', 'Pics', 'Silver', '46', '', 450),
('Tshirt', 'Tshirt', 'BB-0073', 'BB', 'Gents Tshirt', '', '650', '950', '6829', '', 'Pics', 'Black', '52', '', 451),
('Tshirt', 'Tshirt', 'BB-0077', 'BB', 'Gents Tshirt', '', '650', '950', '6829', '', 'Pics', 'Silver', '52', '', 452),
('Tshirt', 'Tshirt', 'BB-0074', 'BB', 'Gents Tshirt', '', '650', '950', '6829', '', 'Pics', 'Silver', '54', '', 453),
('Tshirt', 'Tshirt', 'BB-0076', 'BB', 'Gents Tshirt', '', '650', '950', '6829', '', 'Pics', 'Silver', '54', '', 454),
('Tshirt', 'Tshirt', 'JK-0063', 'JK', 'Gents Tshirt', '', '550', '825', '3243', '', 'Pics', 'Mixed', 'XXL', '', 455),
('Short Pant', 'Short Pant', 'XM-0008', 'XM', 'Gents Short Pant', '', '310', '650', '53', '', 'Pics', 'Coffy', '30', '', 456),
('Short Pant', 'Short Pant', 'XM-0012', 'XM', 'Gents Short Pant', '', '310', '650', '53', '', 'Pics', 'Black', '30', '', 457),
('Short Pant', 'Short Pant', 'XM-0009', 'XM', 'Gents Short Pant', '', '310', '650', '53', '', 'Pics', 'Red', '30', '', 458),
('Short Pant', 'Short Pant', 'XM-0018', 'XM', 'Gents Short Pant', '', '310', '650', '53', '', 'Pics', 'Green', '30', '', 459),
('Short Pant', 'Short Pant', 'XM-0013', 'XM', 'Gents Short Pant', '', '310', '650', '53', '', 'Pics', 'Green', '32', '', 460),
('Short Pant', 'Short Pant', 'XM-0003', 'XM', 'Gents Short Pant', '', '310', '650', '53', '', 'Pics', 'Black', '32', '', 461),
('Short Pant', 'Short Pant', 'XM-0017', 'XM', 'Gents Short Pant', '', '310', '650', '53', '', 'Pics', 'Black', '32', '', 462),
('Short Pant', 'Short Pant', 'XM-0015', 'XM', 'Gents Short Pant', '', '310', '650', '53', '', 'Pics', 'Black', '30', '', 463),
('Short Pant', 'Short Pant', 'XM-0006', 'XM', 'Gents Short Pant', '', '310', '650', '53', '', 'Pics', 'Green', '30', '', 464),
('Short Pant', 'Short Pant', 'XM-0002', 'XM', 'Gents Short Pant', '', '310', '650', '53', '', 'Pics', 'Green', '30', '', 465),
('Blezar', 'Blezar', 'IND-IBL-0006', 'IND-IBL', 'Gents Blezar', '', '2175', '3650', '4', '', 'Pics', 'Purple', '38', '', 466),
('Blezar', 'Blezar', 'IND-IBL-0002', 'IND-IBL', 'Gents Blezar', '', '2175', '3650', '4', '', 'Pics', 'Merun', '40', '', 467),
('Blezar', 'Blezar', 'IND-IBL-0003', 'IND-IBL', 'Gents Blezar', '', '2175', '3650', '4', '', 'Pics', 'Merun', '36', '', 468),
('Blezar', 'Blezar', 'IND-IBL-0004', 'IND-IBL', 'Gents Blezar', '', '2175', '3650', '4', '', 'Pics', 'Merun', '34', '', 469),
('Blezar', 'Blezar', 'IND-IBL-0001', 'IND-IBL', 'Gents Blezar', '', '2175', '3650', '4', '', 'Pics', 'Merun', '38', '', 470),
('Blezar', 'Blezar', 'IND-IBL-0008', 'IND-IBL', 'Gents Blezar', '', '2175', '3650', '4', '', 'Pics', 'Purple', '42', '', 471),
('Blezar', 'Blezar', 'IND-IBL-0007', 'IND-IBL', 'Gents Blezar', '', '2175', '3650', '4', '', 'Pics', 'Purple', '40', '', 472),
('Blezar', 'Blezar', 'IND-IBL-0011', 'IND-IBL', 'Gents Blezar', '', '1950', '3450', '4', '', 'Pics', 'Silver', '42', '', 473),
('Blezar', 'Blezar', 'IND-IBL-0012', 'IND-IBL', 'Gents Blezar', '', '1950', '3850', '4', '', 'Pics', 'Purple', '40', '', 474),
('Blezar', 'Blezar', 'IND-IBL-0016', 'IND-IBL', 'Gents Blezar', '', '1950', '3450', '4', '', 'Pics', 'Silver', '42', '', 475),
('Blezar', 'Blezar', 'IND-IBL-0018', 'IND-IBL', 'Gents Blezar', '', '1950', '3450', '4', '', 'Pics', 'Silver', '36', '', 476),
('Coti', 'Coti', 'IND-DIV-0013', 'IND-DIV', 'Gents Coti', '', '950', '1850', 'Not provided', '', 'Pics', 'Mixed', '34', '', 477),
('Coti', 'Coti', 'IND-DIV-0006', 'IND-DIV', 'Gents Coti', '', '950', '1850', '', '', 'Pics', 'Mixed', '38', '', 478),
('Coti', 'Coti', 'IND-DIV-0013', 'IND-DIV', 'Gents Coti', '', '950', '1850', '', '', 'Pics', 'Mixed', '34', '', 479),
('Coti', 'Coti', 'IND-DIV-0007', 'IND-DIV', 'Gents Coti', '', '950', '1850', '', '', 'Pics', 'Mixed', '36', '', 480),
('Coti', 'Coti', 'IND-DIV-0008', 'IND-DIV', 'Gents Coti', '', '950', '1850', '', '', 'Pics', 'Mixed', '42', '', 481),
('Coti', 'Coti', 'IND-DIV-0026', 'IND-DIV', 'Gents Coti', '', '900', '1850', '', '', 'Pics', 'Black', '40', '', 482),
('Coti', 'Coti', 'IND-DIV-0021', 'IND-DIV', 'Gents Coti', '', '900', '1850', '', '', 'Pics', 'Black', '42', '', 483),
('Coti', 'Coti', 'IND-DIV-0027', 'IND-DIV', 'Gents Coti', '', '900', '1850', '', '', 'Pics', 'Black', '42', '', 484),
('Coti', 'Coti', 'IND-DIV-0028', 'IND-DIV', 'Gents Coti', '', '900', '1850', '', '', 'Pics', 'Black', '40', '', 485),
('Coti', 'Coti', 'IND-DIV-0030', 'IND-DIV', 'Gents Coti', '', '900', '1850', '', '', 'Pics', 'Black', '38', '', 486),
('Coti', 'Coti', 'IND-DIV-0010', 'IND-DIV', 'Gents Coti', '', '900', '1850', '', '', 'Pics', 'Purple', '40', '', 487),
('Coti', 'Coti', 'IND-DIV-0035', 'IND-DIV', 'Gents Coti', '', '900', '1850', '', '', 'Pics', 'White', '42', '', 488),
('Coti', 'Coti', 'IND-DIV-0034', 'IND-DIV', 'Gents Coti', '', '900', '1850', '', '', 'Pics', 'White', '40', '', 489),
('Coti', 'Coti', 'IND-DIV-0024', 'IND-DIV', 'Gents Coti', '', '900', '1850', '', '', 'Pics', 'Golden', '42', '', 490),
('Coti', 'Coti', 'IND-DIV-0025', 'IND-DIV', 'Gents Coti', '', '900', '1850', '', '', 'Pics', 'Golden', '40', '', 491),
('Coti', 'Coti', 'IND-DIV-0023', 'IND-DIV', 'Gents Coti', '', '900', '1850', '', '', 'Pics', 'Golden', '36', '', 492),
('Coti', 'Coti', 'IND-DIV-0011', 'IND-DIV', 'Gents Coti', '', '900', '1850', '', '', 'Pics', 'Purple', '36', '', 493),
('Coti', 'Coti', 'IND-DIV-0016', 'IND-DIV', 'Gents Coti', '', '900', '1850', '', '', 'Pics', 'Golden', '38', '', 494),
('Coti', 'Coti', 'IND-DIV-0029', 'IND-DIV', 'Gents Coti', '', '900', '1850', '', '', 'Pics', 'Blue', '36', '', 495),
('Coti', 'Coti', 'IND-DIV-0014', 'IND-DIV', 'Gents Coti', '', '900', '1850', '', '', 'Pics', 'Black', '38', '', 496),
('Coti', 'Coti', 'IND-DIV-0015', 'IND-DIV', 'Gents Coti', '', '900', '1850', '', '', 'Pics', 'White', '38', '', 497),
('Half Polo Tshirt', 'Half Polo Tshirt', 'EX-0037', 'EX', 'Gents Half Polo Tshirt', '', '290', '450', '801', '', 'Pics', 'Mixed', 'F', '', 498),
('Half Polo Tshirt', 'Half Polo Tshirt', 'EX-0059', 'EX', 'Gents Half Polo Tshirt', '', '290', '430', '801', '', 'Pics', 'Mixed', 'F', '', 499),
('Half Polo Tshirt', 'Half Polo Tshirt', 'EX-0068', 'EX', 'Gents Half Polo Tshirt', '', '290', '650', '801', '', 'Pics', 'Mixed', 'F', '', 500),
('Half Polo Tshirt', 'Half Polo Tshirt', 'EX-0036', 'EX', 'Gents Half Polo Tshirt', '', '290', '450', '801', '', 'Pics', 'Black', 'F', '', 501),
('Half Polo Tshirt', 'Half Polo Tshirt', 'EX-0027', 'EX', 'Gents Half Polo Tshirt', '', '290', '550', '801', '', 'Pics', 'Green', 'F', '', 502),
('Half Polo Tshirt', 'Half Polo Tshirt', 'EX-0067', 'EX', 'Gents Half Polo Tshirt', '', '290', '650', '801', '', 'Pics', 'Mixed', 'F', '', 503),
('Half Polo Tshirt', 'Half Polo Tshirt', 'EX-0028', 'EX', 'Gents Half Polo Tshirt', '', '250', '550', '801', '', 'Pics', 'Mixed', 'F', '', 504),
('Half Polo Tshirt', 'Half Polo Tshirt', 'EX-0060', 'EX', 'Gents Half Polo Tshirt', '', '290', '430', '801', '', 'Pics', 'Green', 'F', '', 505),
('Half Polo Tshirt', 'Half Polo Tshirt', 'EX-0065', 'EX', 'Gents Half Polo Tshirt', '', '290', '650', '801', '', 'Pics', 'Red', 'F', '', 506),
('Half Polo Tshirt', 'Half Polo Tshirt', 'EX-0020', 'EX', 'Gents Half Polo Tshirt', '', '240', '480', '801', '', 'Pics', 'Mixed', 'F', '', 507),
('Half Polo Tshirt', 'Half Polo Tshirt', 'EX-0004', 'EX', 'Gents Half Polo Tshirt', '', '260', '520', '801', '', 'Pics', 'Merun', 'F', '', 508),
('Half Polo Tshirt', 'Half Polo Tshirt', 'EX-0002', 'EX', 'Gents Half Polo Tshirt', '', '260', '520', '801', '', 'Pics', 'White', 'F', '', 509),
('Half Polo Tshirt', 'Half Polo Tshirt', 'EX-0070', 'EX', 'Gents Half Polo Tshirt', '', '290', '650', '801', '', 'Pics', 'Mixed', 'F', '', 510),
('Half Polo Tshirt', 'Half Polo Tshirt', 'EX-0053', 'EX', 'Gents Half Polo Tshirt', '', '290', '420', '801', '', 'Pics', 'Mixed', 'F', '', 511),
('Half Polo Tshirt', 'Half Polo Tshirt', 'EX-0056', 'EX', 'Gents Half Polo Tshirt', '', '290', '430', '801', '', 'Pics', 'Mixed', 'F', '', 512),
('Half Polo Tshirt', 'Half Polo Tshirt', 'EX-0066', 'EX', 'Gents Half Polo Tshirt', '', '290', '650', '801', '', 'Pics', 'Mixed', 'F', '', 513),
('Half Polo Tshirt', 'Half Polo Tshirt', 'EX-0017', 'EX', 'Gents Half Polo Tshirt', '', '240', '480', '801', '', 'Pics', 'Mixed', 'F', '', 514),
('Half Polo Tshirt', 'Half Polo Tshirt', 'EX-0057', 'EX', 'Gents Half Polo Tshirt', '', '290', '430', '801', '', 'Pics', 'Red', 'F', '', 515),
('Half Polo Tshirt', 'Half Polo Tshirt', 'EX-0006', 'EX', 'Gents Half Polo Tshirt', '', '260', '520', '801', '', 'Pics', 'Mixed', 'F', '', 516),
('Half Polo Tshirt', 'Half Polo Tshirt', 'EX-0032', 'EX', 'Gents Half Polo Tshirt', '', '290', '580', '801', '', 'Pics', 'Orange', 'F', '', 517),
('Half Polo Tshirt', 'Half Polo Tshirt', 'EX-0055', 'EX', 'Gents Half Polo Tshirt', '', '240', '430', '801', '', 'Pics', 'Purple', 'F', '', 518),
('Half Polo Tshirt', 'Half Polo Tshirt', 'EX-0034', 'EX', 'Gents Half Polo Tshirt', '', '290', '580', '801', '', 'Pics', 'Blue', 'F', '', 519),
('Half Polo Tshirt', 'Half Polo Tshirt', 'EX-0031', 'EX', 'Gents Half Polo Tshirt', '', '290', '580', '801', '', 'Pics', 'Mixed', 'F', '', 520),
('Half Polo Tshirt', 'Half Polo Tshirt', 'EX-0043', 'EX', 'Gents Half Polo Tshirt', '', '240', '430', '801', '', 'Pics', 'Mixed', 'F', '', 521),
('Half Polo Tshirt', 'Half Polo Tshirt', 'EX-0016', 'EX', 'Gents Half Polo Tshirt', '', '240', '480', '801', '', 'Pics', 'Mixed', 'F', '', 522),
('Half Polo Tshirt', 'Half Polo Tshirt', 'EX-0010', 'EX', 'Gents Half Polo Tshirt', '', '260', '520', '801', '', 'Pics', 'Mixed', 'F', '', 523),
('Half Polo Tshirt', 'Half Polo Tshirt', 'EX-0040', 'EX', 'Gents Half Polo Tshirt', '', '290', '450', '801', '', 'Pics', 'Mixed', 'F', '', 524),
('Half Polo Tshirt', 'Half Polo Tshirt', 'EX-0018', 'EX', 'Gents Half Polo Tshirt', '', '240', '480', '801', '', 'Pics', 'Mixed', 'F', '', 525),
('Half Polo Tshirt', 'Half Polo Tshirt', 'EX-0048', 'EX', 'Gents Half Polo Tshirt', '', '290', '450', '801', '', 'Pics', 'Mixed', 'F', '', 526),
('Half Polo Tshirt', 'Half Polo Tshirt', 'EX-0047', 'EX', 'Gents Half Polo Tshirt', '', '290', '450', '801', '', 'Pics', 'Mixed', 'F', '', 527),
('Half Polo Tshirt', 'Half Polo Tshirt', 'EX-0035', 'EX', 'Gents Half Polo Tshirt', '', '290', '450', '801', '', 'Pics', 'Mixed', 'F', '', 528),
('Half Polo Tshirt', 'Half Polo Tshirt', 'EX-0038', 'EX', 'Gents Half Polo Tshirt', '', '290', '450', '801', '', 'Pics', 'Mixed', 'F', '', 529),
('Half Polo Tshirt', 'Half Polo Tshirt', 'EX-0024', 'EX', 'Gents Half Polo Tshirt', '', '250', '550', '801', '', 'Pics', 'Mixed', 'F', '', 530),
('Half Polo Tshirt', 'Half Polo Tshirt', 'EX-0051', 'EX', 'Gents Half Polo Tshirt', '', '290', '450', '801', '', 'Pics', 'Mixed', 'F', '', 531),
('Half Polo Tshirt', 'Half Polo Tshirt', 'EX-0052', 'EX', 'Gents Half Polo Tshirt', '', '290', '450', '801', '', 'Pics', 'Mixed', 'F', '', 532),
('Half Polo Tshirt', 'Half Polo Tshirt', 'EX-0045', 'EX', 'Gents Half Polo Tshirt', '', '290', '450', '801', '', 'Pics', 'Mixed', 'F', '', 533),
('Half Polo Tshirt', 'Half Polo Tshirt', 'EX-0001', 'EX', 'Gents Half Polo Tshirt', '', '260', '520', '801', '', 'Pics', 'Mixed', 'F', '', 534),
('Half Polo Tshirt', 'Half Polo Tshirt', 'EX-0064', 'EX', 'Gents Half Polo Tshirt', '', '290', '430', '801', '', 'Pics', 'Mixed', 'F', '', 535),
('Tshirt', 'Tshirt', 'FC-0075', 'FC', 'Gents Tshirt', '', '195', '350', '70', '', 'Pics', 'Orange', 'M', '', 536),
('Tshirt', 'Tshirt', 'FC-0076', 'FC', 'Gents Tshirt', '', '195', '350', '70', '', 'Pics', 'Pink', 'M', '', 537),
('Tshirt', 'Tshirt', 'FC-0077', 'FC', 'Gents Tshirt', '', '195', '350', '70', '', 'Pics', 'Sky Blue', 'M', '', 538),
('Tshirt', 'Tshirt', 'FC-0078', 'FC', 'Gents Tshirt', '', '195', '350', '70', '', 'Pics', 'Pink', 'L', '', 539),
('Tshirt', 'Tshirt', 'FC-0079', 'FC', 'Gents Tshirt', '', '195', '350', '70', '', 'Pics', 'Orange', 'L', '', 540),
('Tshirt', 'Tshirt', 'FC-0080', 'FC', 'Gents Tshirt', '', '195', '350', '70', '', 'Pics', 'Orange', 'XL', '', 541),
('Tshirt', 'Tshirt', 'FC-0081', 'FC', 'Gents Tshirt', '', '195', '350', '70', '', 'Pics', 'Sky Blue', 'L', '', 542),
('Tshirt', 'Tshirt', 'FC-0082', 'FC', 'Gents Tshirt', '', '195', '350', '70', '', 'Pics', 'Pink', 'XL', '', 543),
('Tshirt', 'Tshirt', 'FC-0083', 'FC', 'Gents Tshirt', '', '195', '350', '70', '', 'Pics', 'Orange', 'L', '', 544),
('Tshirt', 'Tshirt', 'FC-0084', 'FC', 'Gents Tshirt', '', '195', '350', '70', '', 'Pics', 'Pink', 'XL', '', 545),
('Jeans Pant', 'Jeans Pant', 'VF-0043', 'VF', 'Gents Jeans Pant', '', '550', '1070', '124', '', 'Pics', 'Black', '30', '', 546),
('Jeans Pant', 'Jeans Pant', 'VF-0053', 'VF', 'Gents Jeans Pant', '', '460', '1070', '124', '', 'Pics', 'Blue', '34', '', 547),
('Jeans Pant', 'Jeans Pant', 'VF-0091', 'VF', 'Gents Jeans Pant', '', '450', '1050', '124', '', 'Pics', 'Blue', '36', '', 548),
('Jeans Pant', 'Jeans Pant', 'VF-0068', 'VF', 'Gents Jeans Pant', '', '550', '1550', '124', '', 'Pics', 'Blue', '36', '', 549),
('Jeans Pant', 'Jeans Pant', 'VF-0074', 'VF', 'Gents Jeans Pant', '', '550', '1550', '124', '', 'Pics', 'Black', '36', '', 550),
('Jeans Pant', 'Jeans Pant', 'VF-0060', 'VF', 'Gents Jeans Pant', '', '560', '1570', '124', '', 'Pics', 'Blue', '32', '', 551),
('Jeans Pant', 'Jeans Pant', 'VF-0087', 'VF', 'Gents Jeans Pant', '', '550', '1550', '124', '', 'Pics', 'Black', '32', '', 552),
('Jeans Pant', 'Jeans Pant', 'VF-0090', 'VF', 'Gents Jeans Pant', '', '550', '1550', '124', '', 'Pics', 'Black', '36', '', 553),
('Jeans Pant', 'Jeans Pant', 'VF-0059', 'VF', 'Gents Jeans Pant', '', '560', '1550', '124', '', 'Pics', 'Black', '30', '', 554),
('Jeans Pant', 'Jeans Pant', 'VF-0086', 'VF', 'Gents Jeans Pant', '', '550', '1550', '124', '', 'Pics', 'Black', '32', '', 555),
('Jeans Pant', 'Jeans Pant', 'VF-0089', 'VF', 'Gents Jeans Pant', '', '550', '1550', '124', '', 'Pics', 'Black', '30', '', 556),
('Jeans Pant', 'Jeans Pant', 'VF-0085', 'VF', 'Gents Jeans Pant', '', '550', '1550', '124', '', 'Pics', 'Black', '34', '', 557),
('Jeans Pant', 'Jeans Pant', 'VF-0088', 'VF', 'Gents Jeans Pant', '', '550', '1550', '124', '', 'Pics', 'Black', '28', '', 558),
('Jeans Pant', 'Jeans Pant', 'VF-0061', 'VF', 'Gents Jeans Pant', '', '560', '1570', '124', '', 'Pics', 'Blue', '30', '', 559),
('Jeans Pant', 'Jeans Pant', 'VF-0066', 'VF', 'Gents Jeans Pant', '', '560', '1570', '124', '', 'Pics', 'Blue', '34', '', 560),
('Jeans Pant', 'Jeans Pant', 'VF-0064', 'VF', 'Gents Jeans Pant', '', '560', '1570', '124', '', 'Pics', 'Blue', '28', '', 561),
('Jeans Pant', 'Jeans Pant', 'VF-0063', 'VF', 'Gents Jeans Pant', '', '560', '1570', '124', '', 'Pics', 'Blue', '30', '', 562),
('Jeans Pant', 'Jeans Pant', 'VF-0067', 'VF', 'Gents Jeans Pant', '', '560', '1570', '124', '', 'Pics', 'Blue', '36', '', 563),
('Jeans Pant', 'Jeans Pant', 'VF-0065', 'VF', 'Gents Jeans Pant', '', '560', '1570', '124', '', 'Pics', 'Blue', '32', '', 564),
('Jeans Pant', 'Jeans Pant', 'VF-0062', 'VF', 'Gents Jeans Pant', '', '560', '1570', '124', '', 'Pics', 'Blue', '34', '', 565),
('Jeans Pant', 'Jeans Pant', 'VF-0052', 'VF', 'Gents Jeans Pant', '', '550', '1070', '124', '', 'Pics', 'Black', '34', '', 566),
('Jeans Pant', 'Jeans Pant', 'VF-0046', 'VF', 'Gents Jeans Pant', '', '550', '1070', '124', '', 'Pics', 'Black', '34', '', 567),
('Jeans Pant', 'Jeans Pant', 'VF-0044', 'VF', 'Gents Jeans Pant', '', '550', '1070', '124', '', 'Pics', 'Black', '32', '', 568),
('Jeans Pant', 'Jeans Pant', 'VF-0051', 'VF', 'Gents Jeans Pant', '', '550', '1070', '124', '', 'Pics', 'Black', '34', '', 569),
('Jeans Pant', 'Jeans Pant', 'VF-0048', 'VF', 'Gents Jeans Pant', '', '550', '1070', '124', '', 'Pics', 'Black', '32', '', 570),
('Jeans Pant', 'Jeans Pant', 'VF-0045', 'VF', 'Gents Jeans Pant', '', '550', '1070', '124', '', 'Pics', 'Black', '28', '', 571),
('Jeans Pant', 'Jeans Pant', 'VF-0083', 'VF', 'Gents Jeans Pant', '', '550', '1070', '124', '', 'Pics', 'Blue', '32', '', 572),
('Jeans Pant', 'Jeans Pant', 'VF-0081', 'VF', 'Gents Jeans Pant', '', '550', '1070', '124', '', 'Pics', 'Blue', '30', '', 573),
('Jeans Pant', 'Jeans Pant', 'VF-0079', 'VF', 'Gents Jeans Pant', '', '550', '1550', '124', '', 'Pics', 'Blue', '30', '', 574),
('Jeans Pant', 'Jeans Pant', 'VF-0080', 'VF', 'Gents Jeans Pant', '', '550', '1550', '124', '', 'Pics', 'Blue', '34', '', 575),
('Jeans Pant', 'Jeans Pant', 'VF-0070', 'VF', 'Gents Jeans Pant', '', '550', '1550', '124', '', 'Pics', 'Blue', '36', '', 576),
('Jeans Pant', 'Jeans Pant', 'VF-0078', 'VF', 'Gents Jeans Pant', '', '550', '1550', '124', '', 'Pics', 'Blue', '32', '', 577),
('Jeans Pant', 'Jeans Pant', 'VF-0073', 'VF', 'Gents Jeans Pant', '', '550', '1550', '124', '', 'Pics', 'Black', '30', '', 578),
('Jeans Pant', 'Jeans Pant', 'VF-0077', 'VF', 'Gents Jeans Pant', '', '550', '1550', '124', '', 'Pics', 'Black', '30', '', 579),
('Jeans Pant', 'Jeans Pant', 'VF-0072', 'VF', 'Gents Jeans Pant', '', '550', '1550', '413', '', 'Pics', 'Black', '36', '', 580),
('Jeans Pant', 'Jeans Pant', 'VF-0098', 'VF', 'Gents Jeans Pant', '', '430', '1050', '413', '', 'Pics', 'Blue', '36', '', 581),
('Jeans Pant', 'Jeans Pant', 'VF-0099', 'VF', 'Gents Jeans Pant', '', '430', '1050', '413', '', 'Pics', 'Blue', '36', '', 582),
('Jeans Pant', 'Jeans Pant', 'VF-0018', 'VF', 'Gents Jeans Pant', '', '350', '1070', '413', '', 'Pics', 'Blue', '34', '', 583),
('Jeans Pant', 'Jeans Pant', 'VF-0009', 'VF', 'Gents Jeans Pant', '', '350', '1070', '413', '', 'Pics', 'Black', '30', '', 584),
('Jeans Pant', 'Jeans Pant', 'VF-0017', 'VF', 'Gents Jeans Pant', '', '350', '1070', '413', '', 'Pics', 'Blue', '34', '', 585),
('Jeans Pant', 'Jeans Pant', 'VF-0011', 'VF', 'Gents Jeans Pant', '', '350', '1070', '413', '', 'Pics', 'Blue', '30', '', 586),
('Jeans Pant', 'Jeans Pant', 'VF-0013', 'VF', 'Gents Jeans Pant', '', '350', '1070', '413', '', 'Pics', 'Blue', '34', '', 587),
('Jeans Pant', 'Jeans Pant', 'VF-0012', 'VF', 'Gents Jeans Pant', '', '350', '1070', '413', '', 'Pics', 'Blue', '36', '', 588),
('Jeans Pant', 'Jeans Pant', 'VF-0010', 'VF', 'Gents Jeans Pant', '', '350', '1070', '413', '', 'Pics', 'Blue', '30', '', 589),
('Jeans Pant', 'Jeans Pant', 'VF-0019', 'VF', 'Gents Jeans Pant', '', '350', '1070', '413', '', 'Pics', 'Silver', '34', '', 590),
('Jeans Pant', 'Jeans Pant', 'VF-0014', 'VF', 'Gents Jeans Pant', '', '350', '1070', '413', '', 'Pics', 'Silver', '34', '', 591),
('Jeans Pant', 'Jeans Pant', 'VF-0007', 'VF', 'Gents Jeans Pant', '', '350', '1070', '413', '', 'Pics', 'Golden', '30', '', 592),
('Jeans Pant', 'Jeans Pant', 'VF-0002', 'VF', 'Gents Jeans Pant', '', '350', '1070', '413', '', 'Pics', 'Golden', '34', '', 593),
('Jeans Pant', 'Jeans Pant', 'VF-0005', 'VF', 'Gents Jeans Pant', '', '350', '1070', '413', '', 'Pics', 'Golden', '32', '', 594),
('Jeans Pant', 'Jeans Pant', 'VF-0001', 'VF', 'Gents Jeans Pant', '', '350', '1070', '413', '', 'Pics', 'Golden', '32', '', 595),
('Jeans Pant', 'Jeans Pant', 'VF-0003', 'VF', 'Gents Jeans Pant', '', '350', '1070', '413', '', 'Pics', 'Golden', '34', '', 596),
('Jeans Pant', 'Jeans Pant', 'VF-0006', 'VF', 'Gents Jeans Pant', '', '350', '1070', '413', '', 'Pics', 'Golden', '32', '', 597),
('Jeans Pant', 'Jeans Pant', 'VF-0008', 'VF', 'Gents Jeans Pant', '', '350', '1070', '413', '', 'Pics', 'Golden', '36', '', 598),
('Jeans Pant', 'Jeans Pant', 'VF-0016', 'VF', 'Gents Jeans Pant', '', '350', '1070', '413', '', 'Pics', 'Silver', '32', '', 599),
('Jeans Pant', 'Jeans Pant', 'VF-0015', 'VF', 'Gents Jeans Pant', '', '350', '1070', '413', '', 'Pics', 'Silver', '32', '', 600),
('Jeans Pant', 'Jeans Pant', 'VF-0020', 'VF', 'Gents Jeans Pant', '', '350', '1070', '413', '', 'Pics', 'Silver', '30', '', 601),
('Jeans Pant', 'Jeans Pant', 'VF-0094', 'VF', 'Gents Jeans Pant', '', '450', '1050', '413', '', 'Pics', 'Blue', '32', '', 602),
('Jeans Pant', 'Jeans Pant', 'VF-0092', 'VF', 'Gents Jeans Pant', '', '450', '1150', '413', '', 'Pics', 'Blue', '34', '', 603),
('Jeans Pant', 'Jeans Pant', 'VF-0101', 'VF', 'Gents Jeans Pant', '', '450', '1150', '413', '', 'Pics', 'Blue', '36', '', 604),
('Jeans Pant', 'Jeans Pant', 'VF-0102', 'VF', 'Gents Jeans Pant', '', '450', '1150', '413', '', 'Pics', 'Blue', '30', '', 605),
('Jeans Pant', 'Jeans Pant', 'VF-0057', 'VF', 'Gents Jeans Pant', '', '460', '1070', '413', '', 'Pics', 'Blue', '42', '', 606),
('Jeans Pant', 'Jeans Pant', 'VF-0056', 'VF', 'Gents Jeans Pant', '', '460', '1070', '413', '', 'Pics', 'Blue', '30', '', 607),
('Jeans Pant', 'Jeans Pant', 'VF-0054', 'VF', 'Gents Jeans Pant', '', '460', '1070', '413', '', 'Pics', 'Blue', '30', '', 608),
('Jeans Pant', 'Jeans Pant', 'VF-0162', 'VF', 'Gents Jeans Pant', '', '450', '1050', '413', '', 'Pics', 'Blue', '34', '', 609),
('Jeans Pant', 'Jeans Pant', 'VF-0163', 'VF', 'Gents Jeans Pant', '', '450', '1050', '413', '', 'Pics', 'Blue', '32', '', 610),
('Jeans Pant', 'Jeans Pant', 'VF-0125', 'VF', 'Gents Jeans Pant', '', '550', '1550', '413', '', 'Pics', 'Black', '34', '', 611),
('Jeans Pant', 'Jeans Pant', 'CT-0050', 'CT', 'Gents Jeans Pant', '', '525', '1150', '413', '', 'Pics', 'Blue', '34', '', 612),
('Jeans Pant', 'Jeans Pant', 'CT-0051', 'CT', 'Gents Jeans Pant', '', '525', '1150', '413', '', 'Pics', 'Blue', '32', '', 613),
('Jeans Pant', 'Jeans Pant', 'LS-0012', 'LS', 'Gents Jeans Pant', '', '1600', '2350', '854', '', 'Pics', 'Blue', '31', '', 614),
('Jeans Pant', 'Jeans Pant', 'LS-0023', 'LS', 'Gents Jeans Pant', '', '1600', '2350', '854', '', 'Pics', 'Blue', '33', '', 615),
('Jeans Pant', 'Jeans Pant', 'LS-0035', 'LS', 'Gents Jeans Pant', '', '1350', '2050', '854', '', 'Pics', 'Blue', '31', '', 616),
('Jeans Pant', 'Jeans Pant', 'LS-0032', 'LS', 'Gents Jeans Pant', '', '1350', '2050', '854', '', 'Pics', 'Blue', '31', '', 617),
('Jeans Pant', 'Jeans Pant', 'LS-0021', 'LS', 'Gents Jeans Pant', '', '1600', '2350', '854', '', 'Pics', 'Blue', '33', '', 618),
('Jeans Pant', 'Jeans Pant', 'LS-0013', 'LS', 'Gents Jeans Pant', '', '1600', '2350', '854', '', 'Pics', 'Blue', '29', '', 619),
('Jeans Pant', 'Jeans Pant', 'LS-0028', 'LS', 'Gents Jeans Pant', '', '1600', '2350', '854', '', 'Pics', 'Blue', '28', '', 620),
('Jeans Pant', 'Jeans Pant', 'LS-0027', 'LS', 'Gents Jeans Pant', '', '1600', '2350', '854', '', 'Pics', 'Blue', '34', '', 621),
('Jeans Pant', 'Jeans Pant', 'LS-0033', 'LS', 'Gents Jeans Pant', '', '1350', '2050', '854', '', 'Pics', 'Blue', '34', '', 622),
('Jeans Pant', 'Jeans Pant', 'LS-0034', 'LS', 'Gents Jeans Pant', '', '1350', '2050', '854', '', 'Pics', 'Blue', '32', '', 623),
('Jeans Pant', 'Jeans Pant', 'LS-0014', 'LS', 'Gents Jeans Pant', '', '1600', '2350', '854', '', 'Pics', 'Blue', '31', '', 624),
('Jeans Pant', 'Jeans Pant', 'LS-0031', 'LS', 'Gents Jeans Pant', '', '1350', '2050', '854', '', 'Pics', 'Blue', '36', '', 625),
('Jeans Pant', 'Jeans Pant', 'LS-0029', 'LS', 'Gents Jeans Pant', '', '1350', '2050', '854', '', 'Pics', 'Blue', '33', '', 626),
('Jeans Pant', 'Jeans Pant', 'LS-0015', 'LS', 'Gents Jeans Pant', '', '1600', '2350', '854', '', 'Pics', 'Blue', '30', '', 627),
('Jeans Pant', 'Jeans Pant', 'LS-0025', 'LS', 'Gents Jeans Pant', '', '1600', '2350', '854', '', 'Pics', 'Black', '33', '', 628),
('Jeans Pant', 'Jeans Pant', 'LS-0004', 'LS', 'Gents Jeans Pant', '', '1800', '2650', '854', '', 'Pics', 'Black', '33', '', 629),
('Jeans Pant', 'Jeans Pant', 'LS-0016', 'LS', 'Gents Jeans Pant', '', '1600', '2350', '854', '', 'Pics', 'Black', '29', '', 630),
('Jeans Pant', 'Jeans Pant', 'LS-0005', 'LS', 'Gents Jeans Pant', '', '1800', '2650', '854', '', 'Pics', 'Black', '43', '', 631),
('Gavadin Pant', 'Gavadin Pant', 'BB-0016', 'BB', 'Gents Gavadin Pant', '', '1200', '1850', 'NAI', '', 'Pics', 'Black', '33', '', 632),
('Gavadin Pant', 'Gavadin Pant', 'BB-0026', 'BB', 'Gents Gavadin Pant', '', '1200', '1850', '', '', 'Pics', 'Blue', '36', '', 633),
('Gavadin Pant', 'Gavadin Pant', 'BB-0020', 'BB', 'Gents Gavadin Pant', '', '1200', '1850', '', '', 'Pics', 'Golden', '34', '', 634),
('Gavadin Pant', 'Gavadin Pant', 'BB-0001', 'BB', 'Gents Gavadin Pant', '', '1200', '1850', '', '', 'Pics', 'Brown', '33', '', 635),
('Gavadin Pant', 'Gavadin Pant', 'BB-0002', 'BB', 'Gents Gavadin Pant', '', '1200', '1850', '', '', 'Pics', 'Brown', '32', '', 636),
('Gavadin Pant', 'Gavadin Pant', 'BB-0024', 'BB', 'Gents Gavadin Pant', '', '1200', '1850', '', '', 'Pics', 'Brown', '34', '', 637),
('Gavadin Pant', 'Gavadin Pant', 'BB-0023', 'BB', 'Gents Gavadin Pant', '', '1200', '1850', '', '', 'Pics', 'Brown', '34', '', 638),
('Gavadin Pant', 'Gavadin Pant', 'BB-0012', 'BB', 'Gents Gavadin Pant', '', '1200', '1850', '', '', 'Pics', 'Golden', '31', '', 639),
('Gavadin Pant', 'Gavadin Pant', 'BB-0021', 'BB', 'Gents Gavadin Pant', '', '1200', '1850', '', '', 'Pics', 'Golden', '33', '', 640),
('Gavadin Pant', 'Gavadin Pant', 'BB-0014', 'BB', 'Gents Gavadin Pant', '', '1200', '1850', '', '', 'Pics', 'Black', '36', '', 641),
('Gavadin Pant', 'Gavadin Pant', 'BB-0017', 'BB', 'Gents Gavadin Pant', '', '1200', '1850', '', '', 'Pics', 'Black', '32', '', 642),
('Gavadin Pant', 'Gavadin Pant', 'BB-0019', 'BB', 'Gents Gavadin Pant', '', '1200', '1850', '', '', 'Pics', 'Black', '30', '', 643),
('Gavadin Pant', 'Gavadin Pant', 'BB-0018', 'BB', 'Gents Gavadin Pant', '', '1200', '1850', '', '', 'Pics', 'Black', '32', '', 644),
('Gavadin Pant', 'Gavadin Pant', 'BB-0009', 'BB', 'Gents Gavadin Pant', '', '1200', '1850', '', '', 'Pics', 'Blue', '29', '', 645),
('Gavadin Pant', 'Gavadin Pant', 'BB-0007', 'BB', 'Gents Gavadin Pant', '', '1200', '1850', '', '', 'Pics', 'Blue', '31', '', 646),
('Gavadin Pant', 'Gavadin Pant', 'BB-0028', 'BB', 'Gents Gavadin Pant', '', '1200', '1850', '', '', 'Pics', 'Blue', '32', '', 647),
('Gavadin Pant', 'Gavadin Pant', 'BB-0008', 'BB', 'Gents Gavadin Pant', '', '1200', '1850', '', '', 'Pics', 'Blue', '33', '', 648),
('Gavadin Pant', 'Gavadin Pant', 'BB-0027', 'BB', 'Gents Gavadin Pant', '', '1200', '1850', '', '', 'Pics', 'Blue', '30', '', 649),
('Gavadin Pant', 'Gavadin Pant', 'VF-0114', 'VF', 'Gents Gavadin Pant', '', '400', '1150', '413', '', 'Pics', 'Sky Blue', '34', '', 650),
('Gavadin Pant', 'Gavadin Pant', 'VF-0117', 'VF', 'Gents Gavadin Pant', '', '400', '1150', '413', '', 'Pics', 'Silver', '33', '', 651),
('Gavadin Pant', 'Gavadin Pant', 'VF-0021', 'VF', 'Gents Gavadin Pant', '', '350', '1050', '413', '', 'Pics', 'Silver', '30', '', 652),
('Gavadin Pant', 'Gavadin Pant', 'LS-0007', 'LS', 'Gents Gavadin Pant', '', '1800', '2650', '854', '', 'Pics', 'Brown', '34', '', 653),
('Gavadin Pant', 'Gavadin Pant', 'LS-0009', 'LS', 'Gents Gavadin Pant', '', '1800', '2650', '854', '', 'Pics', 'Blue', '32', '', 654),
('Gavadin Pant', 'Gavadin Pant', 'VF-0103', 'VF', 'Gents Gavadin Pant', '', '470', '1050', '413', '', 'Pics', 'Silver', '34', '', 655),
('Gavadin Pant', 'Gavadin Pant', 'VF-0107', 'VF', 'Gents Gavadin Pant', '', '400', '1150', '413', '', 'Pics', 'Blue', '30', '', 656),
('Gavadin Pant', 'Gavadin Pant', 'VF-0112', 'VF', 'Gents Gavadin Pant', '', '400', '1150', '413', '', 'Pics', 'Silver', '28', '', 657),
('Gavadin Pant', 'Gavadin Pant', 'VF-0113', 'VF', 'Gents Gavadin Pant', '', '400', '1150', '413', '', 'Pics', 'Silver', '34', '', 658),
('Gavadin Pant', 'Gavadin Pant', 'VF-0109', 'VF', 'Gents Gavadin Pant', '', '400', '1150', '413', '', 'Pics', 'Blue', '34', '', 659),
('Gavadin Pant', 'Gavadin Pant', 'VF-0105', 'VF', 'Gents Gavadin Pant', '', '470', '1050', '413', '', 'Pics', 'Silver', '32', '', 660),
('Gavadin Pant', 'Gavadin Pant', 'VF-0118', 'VF', 'Gents Gavadin Pant', '', '400', '1150', '413', '', 'Pics', 'Blue', '32', '', 661),
('Gavadin Pant', 'Gavadin Pant', 'VF-0116', 'VF', 'Gents Gavadin Pant', '', '400', '1150', '413', '', 'Pics', 'Blue', '28', '', 662),
('Gavadin Pant', 'Gavadin Pant', 'VF-0110', 'VF', 'Gents Gavadin Pant', '', '400', '1150', '413', '', 'Pics', 'Silver', '32', '', 663),
('Gavadin Pant', 'Gavadin Pant', 'BB-0022', 'BB', 'Gents Gavadin Pant', '', '1200', '1850', '413', '', 'Pics', 'Golden', '32', '', 664),
('Gavadin Pant', 'Gavadin Pant', 'BB-0010', 'VF', 'Gents Gavadin Pant', '', '1200', '1850', '413', '', 'Pics', 'Golden', '32', '', 665),
('Gavadin Pant', 'Gavadin Pant', 'VF-0164', 'VF', 'Gents Gavadin Pant', '', '400', '1050', '413', '', 'Pics', 'Golden', '34', '', 666),
('Gavadin Pant', 'Gavadin Pant', 'VF-0165', 'VF', 'Gents Gavadin Pant', '', '400', '1050', '413', '', 'Pics', 'Coffy', '32', '', 667),
('Gavadin Pant', 'Gavadin Pant', 'VF-0166', 'VF', 'Gents Gavadin Pant', '', '400', '1050', '413', '', 'Pics', 'Golden', '28', '', 668),
('Gavadin Pant', 'Gavadin Pant', 'VF-0167', 'VF', 'Gents Gavadin Pant', '', '400', '1050', '413', '', 'Pics', 'Coffy', '28', '', 669),
('Gavadin Pant', 'Gavadin Pant', 'VF-0168', 'VF', 'Gents Gavadin Pant', '', '400', '1050', '413', '', 'Pics', 'Golden', '32', '', 670),
('Gavadin Pant', 'Gavadin Pant', 'VF-0069', 'VF', 'Gents Gavadin Pant', '', '400', '1050', '413', '', 'Pics', 'Coffy', '30', '', 671),
('Gavadin Pant', 'Gavadin Pant', 'VF-0070', 'VF', 'Gents Gavadin Pant', '', '400', '1050', '413', '', 'Pics', 'Golden', '30', '', 672),
('Gavadin Pant', 'Gavadin Pant', 'VF-0071', 'VF', 'Gents Gavadin Pant', '', '400', '1050', '413', '', 'Pics', 'Coffy', '34', '', 673),
('Gavadin Pant', 'Gavadin Pant', 'JK-0135', 'JK', 'Gents Gavadin Pant', '', '1550', '2050', '3275', '', 'Pics', 'Black', '32', '', 674),
('Gavadin Pant', 'Gavadin Pant', 'JK-0132', 'JK', 'Gents Gavadin Pant', '', '1550', '2050', '3275', '', 'Pics', 'Brown', '32', '', 675),
('Gavadin Pant', 'Gavadin Pant', 'JK-0131', 'JK', 'Gents Gavadin Pant', '', '1250', '2050', '3275', '', 'Pics', 'Black', '34', '', 676),
('Gavadin Pant', 'Gavadin Pant', 'JK-0133', 'JK', 'Gents Gavadin Pant', '', '1550', '2050', '3275', '', 'Pics', 'Black', '38', '', 677),
('Gavadin Pant', 'Gavadin Pant', 'JK-0130', 'JK', 'Gents Gavadin Pant', '', '1250', '2050', '3275', '', 'Pics', 'Black', '34', '', 678),
('Gavadin Pant', 'Gavadin Pant', 'JK-0129', 'JK', 'Gents Gavadin Pant', '', '1250', '2050', '3275', '', 'Pics', 'Brown', '34', '', 679),
('Gavadin Pant', 'Gavadin Pant', 'JK-0126', 'JK', 'Gents Gavadin Pant', '', '1250', '2050', '3275', '', 'Pics', 'Brown', '34', '', 680),
('Gavadin Pant', 'Gavadin Pant', 'JK-0127', 'JK', 'Gents Gavadin Pant', '', '1250', '2050', '3275', '', 'Pics', 'Brown', '31', '', 681),
('Gavadin Pant', 'Gavadin Pant', 'JK-0128', 'JK', 'Gents Gavadin Pant', '', '1250', '2050', '3275', '', 'Pics', 'Brown', '38', '', 682),
('Gavadin Pant', 'Gavadin Pant', 'RB-0028', 'RB', 'Gents Gavadin Pant', '', '1800', '2750', '265', '', 'Pics', 'Olive', '33', '', 683),
('Gavadin Pant', 'Gavadin Pant', 'RB-0029', 'RB', 'Gents Gavadin Pant', '', '1800', '2750', '265', '', 'Pics', 'Silver', '30', '', 684),
('Gavadin Pant', 'Gavadin Pant', 'RB-0026', 'RB', 'Gents Gavadin Pant', '', '1800', '2750', '265', '', 'Pics', 'Olive', '36', '', 685),
('Gavadin Pant', 'Gavadin Pant', 'RB-0025', 'RB', 'Gents Gavadin Pant', '', '1800', '2750', '265', '', 'Pics', 'Olive', '32', '', 686),
('Gavadin Pant', 'Gavadin Pant', 'BB-0025', 'BB', 'Gents Gavadin Pant', '', '1200', '1850', '265', '', 'Pics', 'Golden', '38', '', 687),
('Gavadin Pant', 'Gavadin Pant', 'JK-0037', 'JK', 'Gents Gavadin Pant', '', '1300', '1950', '3240', '', 'Pics', 'Silver', '35', '', 688),
('Gavadin Pant', 'Gavadin Pant', 'JK-0041', 'JK', 'Gents Gavadin Pant', '', '1300', '1950', '3240', '', 'Pics', 'Silver', '35', '', 689),
('Gavadin Pant', 'Gavadin Pant', 'JK-0043', 'JK', 'Gents Gavadin Pant', '', '1300', '1950', '3240', '', 'Pics', 'Silver', '34', '', 690),
('Gavadin Pant', 'Gavadin Pant', 'JK-0044', 'JK', 'Gents Gavadin Pant', '', '1300', '1950', '3240', '', 'Pics', 'Silver', '36', '', 691),
('Gavadin Pant', 'Gavadin Pant', 'JK-0036', 'JK', 'Gents Gavadin Pant', '', '1300', '1950', '3240', '', 'Pics', 'Silver', '36', '', 692),
('Gavadin Pant', 'Gavadin Pant', 'JK-0039', 'JK', 'Gents Gavadin Pant', '', '1300', '1950', '3240', '', 'Pics', 'Silver', '31', '', 693),
('Gavadin Pant', 'Gavadin Pant', 'JK-0045', 'JK', 'Gents Gavadin Pant', '', '1300', '1950', '3240', '', 'Pics', 'Silver', '34', '', 694),
('Gavadin Pant', 'Gavadin Pant', 'JK-0042', 'JK', 'Gents Gavadin Pant', '', '1300', '1950', '3240', '', 'Pics', 'Silver', '34', '', 695),
('Gavadin Pant', 'Gavadin Pant', 'JK-0038', 'JK', 'Gents Gavadin Pant', '', '1300', '1950', '3240', '', 'Pics', 'Silver', '32', '', 696),
('Gavadin Pant', 'Gavadin Pant', 'JK-0047', 'JK', 'Gents Gavadin Pant', '', '1300', '1950', '3240', '', 'Pics', 'Silver', '35', '', 697),
('Gavadin Pant', 'Gavadin Pant', 'JK-0132', 'JK', 'Gents Gavadin Pant', '', '1550', '2550', '3240', '', 'Pics', 'Black', '38', '', 698),
('Gavadin Pant', 'Gavadin Pant', 'JK-0133', 'JK', 'Gents Gavadin Pant', '', '1550', '2550', '3240', '', 'Pics', 'Black', '31', '', 699),
('Gavadin Pant', 'Gavadin Pant', 'JK-0136', 'JK', 'Gents Gavadin Pant', '', '1550', '2550', '3240', '', 'Pics', 'Black', '33', '', 700),
('Formal Pant', 'Formal Pant', 'RB-0017', 'RB', 'Gents Formal Pant', '', '800', '1180', '262', '', 'Pics', 'Silver', '34', '', 701),
('Formal Pant', 'Formal Pant', 'RB-0020', 'RB', 'Gents Formal Pant', '', '800', '1180', '262', '', 'Pics', 'Coffy', '34', '', 702),
('Formal Pant', 'Formal Pant', 'RB-0015', 'RB', 'Gents Formal Pant', '', '800', '1180', '262', '', 'Pics', 'Silver', '33', '', 703),
('Formal Pant', 'Formal Pant', 'RB-0019', 'RB', 'Gents Formal Pant', '', '800', '1180', '262', '', 'Pics', 'Coffy', '32', '', 704),
('Formal Pant', 'Formal Pant', 'RB-0022', 'RB', 'Gents Formal Pant', '', '800', '1180', '262', '', 'Pics', 'Coffy', '36', '', 705),
('Formal Pant', 'Formal Pant', 'RB-0006', 'RB', 'Gents Formal Pant', '', '800', '1180', '262', '', 'Pics', 'Coffy', '38', '', 706),
('Formal Pant', 'Formal Pant', 'RB-0014', 'RB', 'Gents Formal Pant', '', '800', '1180', '262', '', 'Pics', 'Silver', '36', '', 707),
('Formal Pant', 'Formal Pant', 'RB-0023', 'RB', 'Gents Formal Pant', '', '800', '1180', '262', '', 'Pics', 'Silver', '37', '', 708),
('Formal Pant', 'Formal Pant', 'RB-0021', 'RB', 'Gents Formal Pant', '', '800', '1180', '262', '', 'Pics', 'Silver', '33', '', 709),
('Formal Pant', 'Formal Pant', 'RB-0007', 'RB', 'Gents Formal Pant', '', '800', '1180', '262', '', 'Pics', 'Silver', '36', '', 710),
('Formal Pant', 'Formal Pant', 'RB-0024', 'RB', 'Gents Formal Pant', '', '800', '1180', '262', '', 'Pics', 'Silver', '38', '', 711),
('Under Wear', 'Under Wear', 'BT-0110', 'BT', 'Gents Under Wear', '', '250', '400', '1781', '', 'Pics', 'Black', 'L', '', 712),
('Under Wear', 'Under Wear', 'BT-0109', 'BT', 'Gents Under Wear', '', '190', '400', '1781', '', 'Pics', 'Silver', 'L', '', 713),
('Under Wear', 'Under Wear', 'BT-0102', 'BT', 'Gents Under Wear', '', '200', '400', '1781', '', 'Pics', 'Black', 'L', '', 714),
('Under Wear', 'Under Wear', 'BT-0101', 'BT', 'Gents Under Wear', '', '200', '400', '1781', '', 'Pics', 'Silver', 'L', '', 715),
('Under Wear', 'Under Wear', 'BT-0103', 'BT', 'Gents Under Wear', '', '200', '400', '1781', '', 'Pics', 'Black', 'XL', '', 716),
('Under Wear', 'Under Wear', 'BT-0104', 'BT', 'Gents Under Wear', '', '200', '400', '1781', '', 'Pics', 'Purple', 'L', '', 717),
('Under Wear', 'Under Wear', 'BT-0107', 'BT', 'Gents Under Wear', '', '200', '400', '1781', '', 'Pics', 'Silver', 'M', '', 718),
('Under Wear', 'Under Wear', 'BT-0108', 'BT', 'Gents Under Wear', '', '200', '400', '1781', '', 'Pics', 'Blue', 'M', '', 719),
('Under Wear', 'Under Wear', 'BT-0105', 'BT', 'Gents Under Wear', '', '200', '400', '1781', '', 'Pics', 'Black', 'XXL', '', 720),
('Under Wear', 'Under Wear', 'BT-0106', 'BT', 'Gents Under Wear', '', '200', '400', '1781', '', 'Pics', 'Black', 'XXL', '', 721),
('Under Wear', 'Under Wear', 'BT-0111', 'BT', 'Gents Under Wear', '', '200', '400', '1781', '', 'Pics', 'Black', 'XL', '', 722),
('Under Wear', 'Under Wear', 'BT-0112', 'BT', 'Gents Under Wear', '', '200', '400', '1781', '', 'Pics', 'Blue', 'XL', '', 723),
('Under Wear', 'Under Wear', 'BT-0113', 'BT', 'Gents Under Wear', '', '200', '400', '1781', '', 'Pics', 'Purple', 'M', '', 724),
('Under Wear', 'Under Wear', 'BT-0114', 'BT', 'Gents Under Wear', '', '200', '400', '1781', '', 'Pics', 'Black', 'M', '', 725),
('Under Wear', 'Under Wear', 'BT-0116', 'BT', 'Gents Under Wear', '', '200', '400', '1781', '', 'Pics', 'Silver', 'XXL', '', 726),
('Under Wear', 'Under Wear', 'BT-0115', 'BT', 'Gents Under Wear', '', '200', '400', '1781', '', 'Pics', 'Black', 'XXL', '', 727),
('Under Wear', 'Under Wear', 'BT-0119', 'BT', 'Gents Under Wear', '', '133', '300', '1781', '', 'Pics', 'Silver', 'XXL', '', 728),
('Under Wear', 'Under Wear', 'BT-0118', 'BT', 'Gents Under Wear', '', '133', '300', '1781', '', 'Pics', 'Silver', 'XXL', '', 729),
('Under Wear', 'Under Wear', 'BT-0117', 'BT', 'Gents Under Wear', '', '133', '300', '1781', '', 'Pics', 'Olive', 'XXL', '', 730),
('Under Wear', 'Under Wear', 'BT-0125', 'BT', 'Gents Under Wear', '', '133', '300', '1781', '', 'Pics', 'Silver', 'M', '', 731),
('Under Wear', 'Under Wear', 'BT-0124', 'BT', 'Gents Under Wear', '', '133', '300', '1781', '', 'Pics', 'Silver', 'M', '', 732),
('Under Wear', 'Under Wear', 'BT-0123', 'BT', 'Gents Under Wear', '', '133', '300', '1781', '', 'Pics', 'Silver', 'M', '', 733),
('Under Wear', 'Under Wear', 'BT-0121', 'BT', 'Gents Under Wear', '', '133', '300', '1781', '', 'Pics', 'Olive', 'XL', '', 734),
('Under Wear', 'Under Wear', 'BT-0120', 'BT', 'Gents Under Wear', '', '133', '300', '1781', '', 'Pics', 'Silver', 'XL', '', 735),
('Under Wear', 'Under Wear', 'BT-0122', 'BT', 'Gents Under Wear', '', '133', '300', '1781', '', 'Pics', 'Silver', 'XL', '', 736),
('Under Wear', 'Under Wear', 'BT-0128', 'BT', 'Gents Under Wear', '', '133', '300', '1781', '', 'Pics', 'Silver', 'L', '', 737),
('Under Wear', 'Under Wear', 'BT-0127', 'BT', 'Gents Under Wear', '', '133', '300', '1781', '', 'Pics', 'Silver', 'L', '', 738),
('Under Wear', 'Under Wear', 'BT-0126', 'BT', 'Gents Under Wear', '', '133', '300', '1781', '', 'Pics', 'Silver', 'L', '', 739),
('Under Wear', 'Under Wear', 'BT-0066', 'BT', 'Gents Under Wear', '', '220', '480', '1781', '', 'Pics', 'Blue', 'XXXL', '', 740),
('Under Wear', 'Under Wear', 'BT-0065', 'BT', 'Gents Under Wear', '', '220', '480', '1781', '', 'Pics', 'Silver', 'XXXL', '', 741),
('Under Wear', 'Under Wear', 'BT-0068', 'BT', 'Gents Under Wear', '', '220', '480', '1781', '', 'Pics', 'Silver', 'XXXL', '', 742),
('Under Wear', 'Under Wear', 'BT-0069', 'BT', 'Gents Under Wear', '', '220', '480', '1781', '', 'Pics', 'Purple', 'XL', '', 743),
('Under Wear', 'Under Wear', 'BT-0070', 'BT', 'Gents Under Wear', '', '220', '480', '1781', '', 'Pics', 'Purple', 'XXL', '', 744),
('Under Wear', 'Under Wear', 'BT-0067', 'BT', 'Gents Under Wear', '', '220', '480', '1781', '', 'Pics', 'Black', 'XXL', '', 745),
('Under Wear', 'Under Wear', 'BT-0114', 'BT', 'Gents Under Wear', '', '190', '285', '1781', '', 'Pics', 'Black', 'XXXL', '', 746),
('Under Wear', 'Under Wear', 'BT-0115', 'BT', 'Gents Under Wear', '', '190', '285', '1781', '', 'Pics', 'Coffy', 'XXXL', '', 747),
('Under Wear', 'Under Wear', 'BT-0081', 'BT', 'Gents Under Wear', '', '250', '550', '1781', '', 'Pics', 'Coffy', 'XL', '', 748),
('Under Wear', 'Under Wear', 'BT-0080', 'BT', 'Gents Under Wear', '', '250', '550', '1781', '', 'Pics', 'Blue', 'XL', '', 749),
('Under Wear', 'Under Wear', 'BT-0077', 'BT', 'Gents Under Wear', '', '250', '550', '1781', '', 'Pics', 'Coffy', 'XXXL', '', 750),
('Under Wear', 'Under Wear', 'BT-0078', 'BT', 'Gents Under Wear', '', '250', '550', '1781', '', 'Pics', 'Blue', 'XXXL', '', 751),
('Under Wear', 'Under Wear', 'BT-0082', 'BT', 'Gents Under Wear', '', '250', '550', '1781', '', 'Pics', 'Coffy', 'XL', '', 752),
('Under Wear', 'Under Wear', 'BT-0079', 'BT', 'Gents Under Wear', '', '250', '550', '1781', '', 'Pics', 'Coffy', 'XL', '', 753),
('Under Wear', 'Under Wear', 'BT-0083', 'BT', 'Gents Under Wear', '', '250', '550', '1781', '', 'Pics', 'Mixed', 'XL', '', 754),
('Under Wear', 'Under Wear', 'BT-0085', 'BT', 'Gents Under Wear', '', '250', '550', '1781', '', 'Pics', 'Mixed', 'XL', '', 755),
('Under Wear', 'Under Wear', 'BT-0088', 'BT', 'Gents Under Wear', '', '250', '550', '1781', '', 'Pics', 'Mixed', 'XXL', '', 756),
('Under Wear', 'Under Wear', 'BT-0084', 'BT', 'Gents Under Wear', '', '250', '550', '1781', '', 'Pics', 'Mixed', 'XXL', '', 757),
('Under Wear', 'Under Wear', 'BT-0087', 'BT', 'Gents Under Wear', '', '250', '550', '1781', '', 'Pics', 'Mixed', 'XXXL', '', 758),
('Under Wear', 'Under Wear', 'BT-0086', 'BT', 'Gents Under Wear', '', '250', '550', '1781', '', 'Pics', 'Mixed', 'XXXL', '', 759),
('Under Wear', 'Under Wear', 'BT-0061', 'BT', 'Gents Under Wear', '', '260', '550', '1781', '', 'Pics', 'Mixed', 'XXL', '', 760),
('Under Wear', 'Under Wear', 'BT-0060', 'BT', 'Gents Under Wear', '', '260', '550', '1781', '', 'Pics', 'Mixed', 'XXL', '', 761),
('Under Wear', 'Under Wear', 'BT-0063', 'BT', 'Gents Under Wear', '', '260', '550', '1781', '', 'Pics', 'Mixed', 'XXXL', '', 762),
('Under Wear', 'Under Wear', 'BT-0064', 'BT', 'Gents Under Wear', '', '260', '550', '1781', '', 'Pics', 'Mixed', 'XXXL', '', 763),
('Under Wear', 'Under Wear', 'BT-0062', 'BT', 'Gents Under Wear', '', '260', '550', '1781', '', 'Pics', 'Mixed', 'XL', '', 764),
('Under Wear', 'Under Wear', 'BT-0059', 'BT', 'Gents Under Wear', '', '260', '550', '1781', '', 'Pics', 'Mixed', 'XL', '', 765),
('Under Wear', 'Under Wear', 'BT-0058', 'BT', 'Gents Under Wear', '', '235', '550', '1781', '', 'Pics', 'Silver', 'XXL', '', 766),
('Under Wear', 'Under Wear', 'BT-0053', 'BT', 'Gents Under Wear', '', '235', '550', '1781', '', 'Pics', 'Purple', 'XXL', '', 767),
('Under Wear', 'Under Wear', 'BT-0054', 'BT', 'Gents Under Wear', '', '235', '550', '1781', '', 'Pics', 'Silver', 'XL', '', 768),
('Under Wear', 'Under Wear', 'BT-0055', 'BT', 'Gents Under Wear', '', '235', '550', '1781', '', 'Pics', 'Black', 'XL', '', 769),
('Under Wear', 'Under Wear', 'BT-0056', 'BT', 'Gents Under Wear', '', '235', '550', '1781', '', 'Pics', 'Silver', 'XXXL', '', 770);
INSERT INTO `product_import` (`name`, `web`, `code`, `vendor_code`, `category`, `quantity`, `purchase_price`, `sales_price`, `memo_no`, `rack`, `unit`, `color`, `dimension`, `extra_1`, `id`) VALUES
('Under Wear', 'Under Wear', 'BT-0057', 'BT', 'Gents Under Wear', '', '235', '550', '1781', '', 'Pics', 'Blue', 'XXXL', '', 771),
('Under Wear', 'Under Wear', 'BT-0072', 'BT', 'Gents Under Wear', '', '230', '550', '1781', '', 'Pics', 'Purple', 'XXL', '', 772),
('Under Wear', 'Under Wear', 'BT-0071', 'BT', 'Gents Under Wear', '', '230', '550', '1781', '', 'Pics', 'Silver', 'XXL', '', 773),
('Under Wear', 'Under Wear', 'BT-0076', 'BT', 'Gents Under Wear', '', '230', '550', '1781', '', 'Pics', 'Black', 'XXXL', '', 774),
('Under Wear', 'Under Wear', 'BT-0075', 'BT', 'Gents Under Wear', '', '230', '550', '1781', '', 'Pics', 'Silver', 'XXXL', '', 775),
('Under Wear', 'Under Wear', 'BT-0090', 'BT', 'Gents Under Wear', '', '250', '550', '1781', '', 'Pics', 'Green', 'L', '', 776),
('Under Wear', 'Under Wear', 'BT-0089', 'BT', 'Gents Under Wear', '', '250', '550', '1781', '', 'Pics', 'Mixed', 'L', '', 777),
('Under Wear', 'Under Wear', 'BT-0094', 'BT', 'Gents Under Wear', '', '250', '550', '1781', '', 'Pics', 'Merun', 'XXL', '', 778),
('Under Wear', 'Under Wear', 'BT-0096', 'BT', 'Gents Under Wear', '', '250', '550', '1781', '', 'Pics', 'Mixed', 'XXL', '', 779),
('Under Wear', 'Under Wear', 'BT-0093', 'BT', 'Gents Under Wear', '', '250', '550', '1781', '', 'Pics', 'Mixed', 'XXL', '', 780),
('Under Wear', 'Under Wear', 'BT-0099', 'BT', 'Gents Under Wear', '', '250', '550', '1781', '', 'Pics', 'Mixed', 'XL', '', 781),
('Under Wear', 'Under Wear', 'BT-0097', 'BT', 'Gents Under Wear', '', '250', '550', '1781', '', 'Pics', 'Mixed', 'XL', '', 782),
('Under Wear', 'Under Wear', 'BT-0091', 'BT', 'Gents Under Wear', '', '250', '550', '1781', '', 'Pics', 'Mixed', 'XL', '', 783),
('Under Wear', 'Under Wear', 'BT-0092', 'BT', 'Gents Under Wear', '', '250', '550', '1781', '', 'Pics', 'Mixed', 'XL', '', 784),
('Under Wear', 'Under Wear', 'BT-0073', 'BT', 'Gents Under Wear', '', '230', '550', '1781', '', 'Pics', 'Mixed', 'XL', '', 785),
('Under Wear', 'Under Wear', 'BT-0098', 'BT', 'Gents Under Wear', '', '250', '550', '1781', '', 'Pics', 'Mixed', 'XXXL', '', 786),
('Under Wear', 'Under Wear', 'BT-0044', 'BT', 'Gents Under Wear', '', '290', '400', '1781', '', 'Pics', 'Mixed', 'XXL', '', 787),
('Under Wear', 'Under Wear', 'BT-0045', 'BT', 'Gents Under Wear', '', '290', '400', '1781', '', 'Pics', 'Mixed', 'XXL', '', 788),
('Under Wear', 'Under Wear', 'BT-0047', 'BT', 'Gents Under Wear', '', '290', '400', '1781', '', 'Pics', 'Mixed', 'XL', '', 789),
('Under Wear', 'Under Wear', 'BT-0025', 'BT', 'Gents Under Wear', '', '340', '480', '1781', '', 'Pics', 'Mixed', 'L', '', 790),
('Sando Genji', 'Sando Genji', 'CT-0044', 'CT', 'Gents Sando Genji', '', '85', '170', '4539', '', 'Pics', 'White', 'L', '', 791),
('Sando Genji', 'Sando Genji', 'CT-0046', 'CT', 'Gents Sando Genji', '', '85', '170', '4539', '', 'Pics', 'White', 'L', '', 792),
('Sando Genji', 'Sando Genji', 'CT-0048', 'CT', 'Gents Sando Genji', '', '85', '170', '4539', '', 'Pics', 'White', 'M', '', 793),
('Sando Genji', 'Sando Genji', 'CT-0049', 'CT', 'Gents Sando Genji', '', '85', '170', '4539', '', 'Pics', 'White', 'S', '', 794),
('Sando Genji', 'Sando Genji', 'CT-0047', 'CT', 'Gents Sando Genji', '', '85', '170', '4539', '', 'Pics', 'White', 'S', '', 795),
('Sando Genji', 'Sando Genji', 'CT-0052', 'CT', 'Gents Sando Genji', '', '85', '170', '4539', '', 'Pics', 'White', 'XL', '', 796),
('Sando Genji', 'Sando Genji', 'CT-0053', 'CT', 'Gents Sando Genji', '', '85', '170', '4539', '', 'Pics', 'White', 'XL', '', 797),
('Sando Genji', 'Sando Genji', 'CT-0054', 'CT', 'Gents Sando Genji', '', '85', '170', '4539', '', 'Pics', 'White', 'XL', '', 798),
('Sando Genji', 'Sando Genji', 'CT-0055', 'CT', 'Gents Sando Genji', '', '85', '170', '4539', '', 'Pics', 'White', 'XL', '', 799),
('Sando Genji', 'Sando Genji', 'CT-0056', 'CT', 'Gents Sando Genji', '', '85', '170', '4539', '', 'Pics', 'White', 'XL', '', 800),
('Sando Genji', 'Sando Genji', 'CT-0057', 'CT', 'Gents Sando Genji', '', '85', '170', '4539', '', 'Pics', 'White', 'XL', '', 801),
('Under Wear', 'Under Wear', 'CT-0058', 'CT', 'Gents Under Wear', '', '85', '160', 'NAI', '', 'Pics', 'Merun', 'XL', '', 802),
('Under Wear', 'Under Wear', 'CT-0059', 'CT', 'Gents Under Wear', '', '85', '160', '', '', 'Pics', 'Merun', 'XL', '', 803),
('Under Wear', 'Under Wear', 'CT-0060', 'CT', 'Gents Under Wear', '', '85', '160', '', '', 'Pics', 'Blue', 'L', '', 804),
('Under Wear', 'Under Wear', 'CT-0061', 'CT', 'Gents Under Wear', '', '85', '160', '', '', 'Pics', 'Black', 'M', '', 805),
('Under Wear', 'Under Wear', 'CT-0062', 'CT', 'Gents Under Wear', '', '85', '160', '', '', 'Pics', 'Silver', 'M', '', 806),
('Under Wear', 'Under Wear', 'CT-0063', 'CT', 'Gents Under Wear', '', '85', '160', '', '', 'Pics', 'Black', 'L', '', 807),
('Under Wear', 'Under Wear', 'CT-0064', 'CT', 'Gents Under Wear', '', '85', '160', '', '', 'Pics', 'Merun', 'L', '', 808),
('Under Wear', 'Under Wear', 'CT-0066', 'CT', 'Gents Under Wear', '', '85', '160', '', '', 'Pics', 'Merun', 'L', '', 809),
('Under Wear', 'Under Wear', 'CT-0067', 'CT', 'Gents Under Wear', '', '85', '160', '', '', 'Pics', 'Merun', 'M', '', 810),
('Under Wear', 'Under Wear', 'CT-0068', 'CT', 'Gents Under Wear', '', '85', '160', '', '', 'Pics', 'Blue', 'M', '', 811),
('Under Wear', 'Under Wear', 'CT-0069', 'CT', 'Gents Under Wear', '', '85', '160', '', '', 'Pics', 'Black', 'M', '', 812),
('Under Wear', 'Under Wear', 'CT-0070', 'CT', 'Gents Under Wear', '', '85', '160', '', '', 'Pics', 'Merun', 'XL', '', 813),
('Under Wear', 'Under Wear', 'CT-0071', 'CT', 'Gents Under Wear', '', '85', '160', '', '', 'Pics', 'Blue', 'S', '', 814),
('Under Wear', 'Under Wear', 'CT-0072', 'CT', 'Gents Under Wear', '', '85', '160', '', '', 'Pics', 'Blue', 'S', '', 815),
('Three Pics', 'Three Pics', 'FO-0304', 'FO', 'Ladies Three Pics', '', '1500', '2100', '1411', '', 'Three pics', 'Misti', '38', '', 816),
('Three Pics', 'Three Pics', 'FO-0318', 'FO', 'Ladies Three Pics', '', '1400', '1980', '1411', '', 'Three pics', 'Red', '40', '', 817),
('Three Pics', 'Three Pics', 'FO-0297', 'FO', 'Ladies Three Pics', '', '1050', '1470', '1411', '', 'Three pics', 'Mixed', '40', '', 818),
('Three Pics', 'Three Pics', 'FO-0301', 'FO', 'Ladies Three Pics', '', '1200', '1680', '1411', '', 'Three pics', 'Blue', '40', '', 819),
('Three Pics', 'Three Pics', 'FO-0228', 'FO', 'Ladies Three Pics', '', '1900', '2660', '1226', '', 'Three pics', 'White', '38', '', 820),
('Three Pics', 'Three Pics', 'FO-0291', 'FO', 'Ladies Three Pics', '', '1050', '1470', '1411', '', 'Three pics', 'Pest', '38', '', 821),
('Three Pics', 'Three Pics', 'FO-0266', 'FO', 'Ladies Three Pics', '', '1200', '1950', '1287', '', 'Three pics', 'Black', '40', '', 822),
('Three Pics', 'Three Pics', 'FO-0279', 'FO', 'Ladies Three Pics', '', '1150', '1610', '1411', '', 'Three pics', 'Mixed', '38', '', 823),
('Three Pics', 'Three Pics', 'FO-0093', 'FO', 'Ladies Three Pics', '', '1100', '1550', '1411', '', 'Three pics', 'Pink', '38', '', 824),
('Three Pics', 'Three Pics', 'FO-0254', 'FO', 'Ladies Three Pics', '', '2400', '3250', '1226', '', 'Three pics', 'Mixed', '36', '', 825),
('Three Pics', 'Three Pics', 'FO-0233', 'FO', 'Ladies Three Pics', '', '1500', '2100', '1226', '', 'Three pics', 'Blue', '44', '', 826),
('Three Pics', 'Three Pics', 'FO-0121', 'FO', 'Ladies Three Pics', '', '1100', '2450', '1226', '', 'Three pics', 'Mixed', '40', '', 827),
('Three Pics', 'Three Pics', 'FO-0310', 'FO', 'Ladies Three Pics', '', '1100', '1550', '1411', '', 'Three pics', 'Pink', 'F', '', 828),
('Three Pics', 'Three Pics', 'FO-0313', 'FO', 'Ladies Three Pics', '', '650', '980', '1411', '', 'Three pics', 'Blue', 'F', '', 829),
('Three Pics', 'Three Pics', 'FO-0312', 'FO', 'Ladies Three Pics', '', '650', '980', '1411', '', 'Three pics', 'Mixed', 'F', '', 830),
('Three Pics', 'Three Pics', 'FO-0314', 'FO', 'Ladies Three Pics', '', '650', '980', '1411', '', 'Three pics', 'Purple', 'F', '', 831),
('Three Pics', 'Three Pics', 'FO-0248', 'FO', 'Ladies Three Pics', '', '1500', '2100', '1226', '', 'Three pics', 'Mixed', '40', '', 832),
('Three Pics', 'Three Pics', 'FO-0149', 'FO', 'Ladies Three Pics', '', '1500', '2250', '1226', '', 'Three pics', 'Mixed', '38', '', 833),
('Three Pics', 'Three Pics', 'FO-0174', 'FO', 'Ladies Three Pics', '', '1100', '1650', '1226', '', 'Three pics', 'Yellow', '40', '', 834),
('Three Pics', 'Three Pics', 'FO-0272', 'FO', 'Ladies Three Pics', '', '1100', '2100', '1226', '', 'Three pics', 'Pest', '40', '', 835),
('Three Pics', 'Three Pics', 'FO-0080', 'FO', 'Ladies Three Pics', '', '1500', '2250', '1226', '', 'Three pics', 'Blue', '38', '', 836),
('Three Pics', 'Three Pics', 'FO-0044', 'FO', 'Ladies Three Pics', '', '1100', '1650', '1226', '', 'Three pics', 'Mixed', '38', '', 837),
('Three Pics', 'Three Pics', 'FO-0042', 'FO', 'Ladies Three Pics', '', '1100', '1650', '1226', '', 'Three pics', 'Mixed', '42', '', 838),
('Three Pics', 'Three Pics', 'FO-0346', 'FO', 'Ladies Three Pics', '', '1400', '2100', '1226', '', 'Three pics', 'Mixed', '38', '', 839),
('Three Pics', 'Three Pics', 'FO-0041', 'FO', 'Ladies Three Pics', '', '1100', '1650', '1226', '', 'Three pics', 'Mixed', '40', '', 840),
('Three Pics', 'Three Pics', 'FO-0212', 'FO', 'Ladies Three Pics', '', '1100', '2250', '1226', '', 'Three pics', 'Mixed', '40', '', 841),
('Three Pics', 'Three Pics', 'FO-0271', 'FO', 'Ladies Three Pics', '', '1500', '2100', '1226', '', 'Three pics', 'Merun', '38', '', 842),
('Three Pics', 'Three Pics', 'FO-0274', 'FO', 'Ladies Three Pics', '', '1000', '2100', '1226', '', 'Three pics', 'Merun', '40', '', 843),
('Three Pics', 'Three Pics', 'FO-0232', 'FO', 'Ladies Three Pics', '', '1500', '2100', '1226', '', 'Three pics', 'Blue', '40', '', 844),
('Three Pics', 'Three Pics', 'FO-0056', 'FO', 'Ladies Three Pics', '', '1000', '1450', '1226', '', 'Three pics', 'Red', '36', '', 845),
('Three Pics', 'Three Pics', 'FO-0277', 'FO', 'Ladies Three Pics', '', '1050', '1650', '1226', '', 'Three pics', 'Mixed', '35', '', 846),
('Three Pics', 'Three Pics', 'FO-0059', 'FO', 'Ladies Three Pics', '', '1500', '2250', '1226', '', 'Three pics', 'Red', '44', '', 847),
('Three Pics', 'Three Pics', 'FO-0060', 'FO', 'Ladies Three Pics', '', '1500', '2250', '1226', '', 'Three pics', 'Mixed', '42', '', 848),
('Three Pics', 'Three Pics', 'FO-0078', 'FO', 'Ladies Three Pics', '', '1500', '2250', '1226', '', 'Three pics', 'Blue', '42', '', 849),
('Three Pics', 'Three Pics', 'FO-0132', 'FO', 'Ladies Three Pics', '', '1100', '2350', '1226', '', 'Three pics', 'Blue', '40', '', 850),
('Three Pics', 'Three Pics', 'FO-0252', 'FO', 'Ladies Three Pics', '', '2400', '3250', '1226', '', 'Three pics', 'Red', '36', '', 851),
('Three Pics', 'Three Pics', 'FO-0256', 'FO', 'Ladies Three Pics', '', '1100', '1550', '1262', '', 'Three pics', 'Mixed', '40', '', 852),
('Three Pics', 'Three Pics', 'FO-0147', 'FO', 'Ladies Three Pics', '', '1500', '2250', '1262', '', 'Three pics', 'Mixed', '36', '', 853),
('Three Pics', 'Three Pics', 'FO-0243', 'FO', 'Ladies Three Pics', '', '1550', '2170', '1262', '', 'Three pics', 'Red', '36', '', 854),
('Three Pics', 'Three Pics', 'FO-0077', 'FO', 'Ladies Three Pics', '', '1500', '2250', '1262', '', 'Three pics', 'Red', '38', '', 855),
('Three Pics', 'Three Pics', 'FO-0264', 'FO', 'Ladies Three Pics', '', '1400', '1950', '1287', '', 'Three pics', 'Black', '38', '', 856),
('Three Pics', 'Three Pics', 'FO-0051', 'FO', 'Ladies Three Pics', '', '1100', '1450', '1287', '', 'Three pics', 'Red', '38', '', 857),
('Three Pics', 'Three Pics', 'FO-0145', 'FO', 'Ladies Three Pics', '', '1500', '2450', '1287', '', 'Three pics', 'Red', '40', '', 858),
('Three Pics', 'Three Pics', 'FO-0265', 'FO', 'Ladies Three Pics', '', '1400', '1950', '1287', '', 'Three pics', 'Black', '36', '', 859),
('Three Pics', 'Three Pics', 'FO-0096', 'FO', 'Ladies Three Pics', '', '1100', '1550', '1287', '', 'Three pics', 'Silver', '36', '', 860),
('Three Pics', 'Three Pics', 'FO-0095', 'FO', 'Ladies Three Pics', '', '1100', '1550', '1226', '', 'Three pics', 'Silver', '38', '', 861),
('Three Pics', 'Three Pics', 'FO-0094', 'FO', 'Ladies Three Pics', '', '1100', '1550', '1226', '', 'Three pics', 'Silver', '40', '', 862),
('Three Pics', 'Three Pics', 'FO-0090', 'FO', 'Ladies Three Pics', '', '1100', '1550', '1226', '', 'Three pics', 'Misti', '36', '', 863),
('Three Pics', 'Three Pics', 'FO-0091', 'FO', 'Ladies Three Pics', '', '1100', '1550', '1226', '', 'Three pics', 'Misti', '42', '', 864),
('Three Pics', 'Three Pics', 'FO-0089', 'FO', 'Ladies Three Pics', '', '1100', '1550', '1226', '', 'Three pics', 'Silver', '42', '', 865),
('Three Pics', 'Three Pics', 'FO-0082', 'FO', 'Ladies Three Pics', '', '1500', '2250', '1226', '', 'Three pics', 'Blue', '40', '', 866),
('Three Pics', 'Three Pics', 'FO-0115', 'FO', 'Ladies Three Pics', '', '1600', '2350', '1226', '', 'Three pics', 'Orange', '42', '', 867),
('Three Pics', 'Three Pics', 'FO-0092', 'FO', 'Ladies Three Pics', '', '1100', '1550', '1226', '', 'Three pics', 'Pink', '40', '', 868),
('Three Pics', 'Three Pics', 'FO-0111', 'FO', 'Ladies Three Pics', '', '1600', '2350', '1226', '', 'Three pics', 'Orange', '40', '', 869),
('Three Pics', 'Three Pics', 'FO-0135', 'FO', 'Ladies Three Pics', '', '1100', '2350', '1226', '', 'Three pics', 'Mixed', '38', '', 870),
('Three Pics', 'Three Pics', 'FO-0129', 'FO', 'Ladies Three Pics', '', '1100', '2350', '1226', '', 'Three pics', 'Blue', '36', '', 871),
('Three Pics', 'Three Pics', 'FO-0273', 'FO', 'Ladies Three Pics', '', '1500', '2100', '1226', '', 'Three pics', 'Sky Blue', '38', '', 872),
('Three Pics', 'Three Pics', 'FO-0250', 'FO', 'Ladies Three Pics', '', '1500', '2100', '1226', '', 'Three pics', 'Mixed', '36', '', 873),
('Three Pics', 'Three Pics', 'FO-0249', 'FO', 'Ladies Three Pics', '', '1500', '2100', '1226', '', 'Three pics', 'Blue', '42', '', 874),
('Three Pics', 'Three Pics', 'FO-0276', 'FO', 'Ladies Three Pics', '', '1050', '1550', '1226', '', 'Three pics', 'Biskit', '38', '', 875),
('Three Pics', 'Three Pics', 'FO-0263', 'FO', 'Ladies Three Pics', '', '1400', '1950', '1226', '', 'Three pics', 'Black', '34', '', 876),
('Three Pics', 'Three Pics', 'FO-0253', 'FO', 'Ladies Three Pics', '', '2400', '3250', '1226', '', 'Three pics', 'Silver', '38', '', 877),
('Three Pics', 'Three Pics', 'FO-0148', 'FO', 'Ladies Three Pics', '', '1500', '2250', '1226', '', 'Three pics', 'Red', '36', '', 878),
('Three Pics', 'Three Pics', 'FO-0231', 'FO', 'Ladies Three Pics', '', '1900', '2650', '1226', '', 'Three pics', 'White', '34', '', 879),
('Three Pics', 'Three Pics', 'FO-0112', 'FO', 'Ladies Three Pics', '', '1600', '2350', '1226', '', 'Three pics', 'Orange', '36', '', 880),
('Three Pics', 'Three Pics', 'FO-0151', 'FO', 'Ladies Three Pics', '', '1100', '2250', '1226', '', 'Three pics', 'Red', '36', '', 881),
('Three Pics', 'Three Pics', 'FO-0242', 'FO', 'Ladies Three Pics', '', '1550', '2170', '1226', '', 'Three pics', 'Tiya', '36', '', 882),
('Three Pics', 'Three Pics', 'FO-0275', 'FO', 'Ladies Three Pics', '', '1050', '1550', '1226', '', 'Three pics', 'Biskit', '38', '', 883),
('Three Pics', 'Three Pics', 'FO-0257', 'FO', 'Ladies Three Pics', '', '1100', '1550', '1262', '', 'Three pics', 'Misti', '38', '', 884),
('Three Pics', 'Three Pics', 'FO-0260', 'FO', 'Ladies Three Pics', '', '1100', '1550', '1262', '', 'Three pics', 'Misti', '40', '', 885),
('Three Pics', 'Three Pics', 'FO-0259', 'FO', 'Ladies Three Pics', '', '1100', '1550', '1262', '', 'Three pics', 'Misti', '42', '', 886),
('Three Pics', 'Three Pics', 'FO-0261', 'FO', 'Ladies Three Pics', '', '1100', '1550', '1262', '', 'Three pics', 'Misti', '44', '', 887),
('Three Pics', 'Three Pics', 'FO-0239', 'FO', 'Ladies Three Pics', '', '1100', '1540', '1262', '', 'Three pics', 'Sky Blue', '42', '', 888),
('Three Pics', 'Three Pics', 'FO-0238', 'FO', 'Ladies Three Pics', '', '1100', '1540', '1262', '', 'Three pics', 'Sky Blue', '40', '', 889),
('Three Pics', 'Three Pics', 'FO-0240', 'FO', 'Ladies Three Pics', '', '1100', '1540', '1262', '', 'Three pics', 'Sky Blue', '38', '', 890),
('Three Pics', 'Three Pics', 'FO-0262', 'FO', 'Ladies Three Pics', '', '1100', '1550', '1262', '', 'Three pics', 'White', '42', '', 891),
('Three Pics', 'Three Pics', 'FO-0255', 'FO', 'Ladies Three Pics', '', '1100', '1550', '1262', '', 'Three pics', 'White', '44', '', 892),
('Three Pics', 'Three Pics', 'FO-0258', 'FO', 'Ladies Three Pics', '', '1100', '1550', '1262', '', 'Three pics', 'White', '38', '', 893),
('Three Pics', 'Three Pics', 'FO-0244', 'FO', 'Ladies Three Pics', '', '1550', '2170', '1226', '', 'Three pics', 'Red', '44', '', 894),
('Three Pics', 'Three Pics', 'FO-0307', 'FO', 'Ladies Three Pics', '', '1500', '2150', '1262', '', 'Three pics', 'Misti', '42', '', 895),
('Three Pics', 'Three Pics', 'FO-0300', 'FO', 'Ladies Three Pics', '', '1200', '1680', '1411', '', 'Three pics', 'Blue', '42', '', 896),
('Three Pics', 'Three Pics', 'FO-0299', 'FO', 'Ladies Three Pics', '', '1200', '1680', '1411', '', 'Three pics', 'Blue', '44', '', 897),
('Three Pics', 'Three Pics', 'FO-0302', 'FO', 'Ladies Three Pics', '', '1200', '1680', '1411', '', 'Three pics', 'Blue', '36', '', 898),
('Three Pics', 'Three Pics', 'FO-0319', 'FO', 'Ladies Three Pics', '', '1400', '1980', '1411', '', 'Three pics', 'Biskit', '36', '', 899),
('Three Pics', 'Three Pics', 'FO-0316', 'FO', 'Ladies Three Pics', '', '1400', '1980', '1411', '', 'Three pics', 'Biskit', '42', '', 900),
('Three Pics', 'Three Pics', 'FO-0315', 'FO', 'Ladies Three Pics', '', '1400', '1980', '1411', '', 'Three pics', 'Biskit', '44', '', 901),
('Three Pics', 'Three Pics', 'FO-0280', 'FO', 'Ladies Three Pics', '', '1150', '1610', '1411', '', 'Three pics', 'Mixed', '40', '', 902),
('Three Pics', 'Three Pics', 'FO-0306', 'FO', 'Ladies Three Pics', '', '1500', '2100', '1411', '', 'Three pics', 'Misti', '44', '', 903),
('Three Pics', 'Three Pics', 'FO-0308', 'FO', 'Ladies Three Pics', '', '1500', '2150', '1411', '', 'Three pics', 'Misti', '40', '', 904),
('Three Pics', 'Three Pics', 'FO-0281', 'FO', 'Ladies Three Pics', '', '1150', '1610', '1411', '', 'Three pics', 'Mixed', '36', '', 905),
('Three Pics', 'Three Pics', 'FO-0283', 'FO', 'Ladies Three Pics', '', '1150', '1610', '1411', '', 'Three pics', 'Mixed', '40', '', 906),
('Three Pics', 'Three Pics', 'FO-0290', 'FO', 'Ladies Three Pics', '', '1050', '1470', '1411', '', 'Three pics', 'Blue', '36', '', 907),
('Three Pics', 'Three Pics', 'FO-0293', 'FO', 'Ladies Three Pics', '', '1050', '1470', '1411', '', 'Three pics', 'Blue', '40', '', 908),
('Three Pics', 'Three Pics', 'FO-0289', 'FO', 'Ladies Three Pics', '', '1050', '1470', '1411', '', 'Three pics', 'Blue', '40', '', 909),
('Three Pics', 'Three Pics', 'FO-0292', 'FO', 'Ladies Three Pics', '', '1050', '1470', '1411', '', 'Three pics', 'Blue', '44', '', 910),
('Three Pics', 'Three Pics', 'FO-0285', 'FO', 'Ladies Three Pics', '', '1000', '1400', '1411', '', 'Three pics', 'Pink', '40', '', 911),
('Three Pics', 'Three Pics', 'FO-0286', 'FO', 'Ladies Three Pics', '', '1000', '1400', '1411', '', 'Three pics', 'Pink', '40', '', 912),
('Three Pics', 'Three Pics', 'FO-0284', 'FO', 'Ladies Three Pics', '', '1000', '1400', '1411', '', 'Three pics', 'Pink', '42', '', 913),
('Three Pics', 'Three Pics', 'FO-0298', 'FO', 'Ladies Three Pics', '', '1050', '1470', '1411', '', 'Three pics', 'Mixed', '36', '', 914),
('Three Pics', 'Three Pics', 'FO-0295', 'FO', 'Ladies Three Pics', '', '1050', '1470', '1411', '', 'Three pics', 'Mixed', '38', '', 915),
('Three Pics', 'Three Pics', 'FO-0294', 'FO', 'Ladies Three Pics', '', '1050', '1470', '1411', '', 'Three pics', 'Mixed', '44', '', 916),
('Three Pics', 'Three Pics', 'FO-0296', 'FO', 'Ladies Three Pics', '', '1050', '1470', '1411', '', 'Three pics', 'Mixed', '42', '', 917),
('Three Pics', 'Three Pics', 'FO-0223', 'FO', 'Ladies Three Pics', '', '1500', '2250', '1411', '', 'Three pics', 'Green', '38', '', 918),
('Three Pics', 'Three Pics', 'FO-0224', 'FO', 'Ladies Three Pics', '', '1500', '2250', '1411', '', 'Three pics', 'Green', '36', '', 919),
('Three Pics', 'Three Pics', 'FO-0317', 'FO', 'Ladies Three Pics', '', '1400', '1980', '1411', '', 'Three pics', 'Mixed', '36', '', 920),
('Three Pics', 'Three Pics', 'FO-0320', 'FO', 'Ladies Three Pics', '', '1550', '2600', '1411', '', 'Three pics', 'Green', '38', '', 921),
('Three Pics', 'Three Pics', 'JF-0042', 'JF', 'Ladies Three Pics', '', '1300', '1950', '460', '', 'Three pics', 'Black', '42', '', 922),
('Three Pics', 'Three Pics', 'JF-0043', 'JF', 'Ladies Three Pics', '', '1300', '1950', '460', '', 'Three pics', 'Black', '44', '', 923),
('Three Pics', 'Three Pics', 'JF-0058', 'JF', 'Ladies Three Pics', '', '1050', '1575', '460', '', 'Three pics', 'Red', '42', '', 924),
('Three Pics', 'Three Pics', 'JF-0056', 'JF', 'Ladies Three Pics', '', '1050', '1575', '460', '', 'Three pics', 'Red', '44', '', 925),
('Three Pics', 'Three Pics', 'JF-0039', 'JF', 'Ladies Three Pics', '', '1200', '1800', '460', '', 'Three pics', 'Blue', '44', '', 926),
('Three Pics', 'Three Pics', 'JF-0040', 'JF', 'Ladies Three Pics', '', '1200', '1800', '460', '', 'Three pics', 'Blue', '36', '', 927),
('Three Pics', 'Three Pics', 'JF-0038', 'JF', 'Ladies Three Pics', '', '1200', '1800', '460', '', 'Three pics', 'Blue', '40', '', 928),
('Three Pics', 'Three Pics', 'JF-0041', 'JF', 'Ladies Three Pics', '', '1200', '1800', '460', '', 'Three pics', 'Blue', '38', '', 929),
('Three Pics', 'Three Pics', 'JF-0059', 'JF', 'Ladies Three Pics', '', '1050', '1575', '460', '', 'Three pics', 'Red', '38', '', 930),
('Three Pics', 'Three Pics', 'JF-0003', 'JF', 'Ladies Three Pics', '', '950', '1450', '279', '', 'Three pics', 'Merun', '38', '', 931),
('Three Pics', 'Three Pics', 'JF-0034', 'JF', 'Ladies Three Pics', '', '1400', '1950', '279', '', 'Three pics', 'Blue', '42', '', 932),
('Three Pics', 'Three Pics', 'JF-0035', 'JF', 'Ladies Three Pics', '', '1400', '1950', '279', '', 'Three pics', 'Blue', '40', '', 933),
('Three Pics', 'Three Pics', 'JF-0032', 'JF', 'Ladies Three Pics', '', '1400', '1950', '279', '', 'Three pics', 'Blue', '36', '', 934),
('Three Pics', 'Three Pics', 'JF-0033', 'JF', 'Ladies Three Pics', '', '1400', '1950', '279', '', 'Three pics', 'Blue', '44', '', 935),
('Three Pics', 'Three Pics', 'JF-0054', 'JF', 'Ladies Three Pics', '', '1250', '1875', '279', '', 'Three pics', 'Misti', '44', '', 936),
('Three Pics', 'Three Pics', 'JF-0050', 'JF', 'Ladies Three Pics', '', '1250', '1875', '279', '', 'Three pics', 'Misti', '42', '', 937),
('Three Pics', 'Three Pics', 'JF-0051', 'JF', 'Ladies Three Pics', '', '1250', '1875', '279', '', 'Three pics', 'Merun', '38', '', 938),
('Three Pics', 'Three Pics', 'JF-0005', 'JF', 'Ladies Three Pics', '', '950', '1450', '279', '', 'Three pics', 'Merun', '34', '', 939),
('Three Pics', 'Three Pics', 'JF-0001', 'JF', 'Ladies Three Pics', '', '950', '1450', '279', '', 'Three pics', 'Black', '38', '', 940),
('Three Pics', 'Three Pics', 'JF-0046', 'JF', 'Ladies Three Pics', '', '1150', '1750', '460', '', 'Three pics', 'Blue', '38', '', 941),
('Three Pics', 'Three Pics', 'JF-0037', 'JF', 'Ladies Three Pics', '', '1200', '1800', '460', '', 'Three pics', 'Blue', '36', '', 942),
('Three Pics', 'Three Pics', 'JF-0047', 'JF', 'Ladies Three Pics', '', '1150', '1750', '460', '', 'Three pics', 'Black', '44', '', 943),
('Three Pics', 'Three Pics', 'JF-0024', 'JF', 'Ladies Three Pics', '', '950', '1650', '460', '', 'Three pics', 'Misti', '44', '', 944),
('Three Pics', 'Three Pics', 'JF-0025', 'JF', 'Ladies Three Pics', '', '950', '1650', '460', '', 'Three pics', 'Merun', '36', '', 945),
('Three Pics', 'Three Pics', 'JF-0022', 'JF', 'Ladies Three Pics', '', '950', '1650', '460', '', 'Three pics', 'Merun', '38', '', 946),
('Three Pics', 'Three Pics', 'JE-0036', 'JE', 'Ladies Three Pics', '', '1500', '2100', '97', '', 'Three pics', 'Mixed', '36', '', 947),
('Three Pics', 'Three Pics', 'JE-0037', 'JE', 'Ladies Three Pics', '', '1500', '2100', '97', '', 'Three pics', 'Mixed', '42', '', 948),
('Three Pics', 'Three Pics', 'JE-0038', 'JE', 'Ladies Three Pics', '', '1500', '2100', '97', '', 'Three pics', 'Blue', '38', '', 949),
('Three Pics', 'Three Pics', 'JE-0022', 'JE', 'Ladies Three Pics', '', '1500', '1980', '97', '', 'Three pics', 'Blue', '42', '', 950),
('Three Pics', 'Three Pics', 'JE-0023', 'JE', 'Ladies Three Pics', '', '1500', '1980', '97', '', 'Three pics', 'Blue', '42', '', 951),
('Three Pics', 'Three Pics', 'JE-0021', 'JE', 'Ladies Three Pics', '', '1500', '1980', '97', '', 'Three pics', 'Blue', '36', '', 952),
('Three Pics', 'Three Pics', 'JE-0014', 'JE', 'Ladies Three Pics', '', '1400', '1980', '97', '', 'Three pics', 'Yellow', '40', '', 953),
('Three Pics', 'Three Pics', 'JE-0011', 'JE', 'Ladies Three Pics', '', '1400', '1980', '97', '', 'Three pics', 'Yellow', '36', '', 954),
('Three Pics', 'Three Pics', 'JE-0012', 'JE', 'Ladies Three Pics', '', '1400', '1980', '97', '', 'Three pics', 'Yellow', '42', '', 955),
('Three Pics', 'Three Pics', 'JE-0032', 'JE', 'Ladies Three Pics', '', '1200', '1650', '97', '', 'Three pics', 'Biskit', '40', '', 956),
('Three Pics', 'Three Pics', 'JE-0031', 'JE', 'Ladies Three Pics', '', '1200', '1650', '97', '', 'Three pics', 'Biskit', '36', '', 957),
('Three Pics', 'Three Pics', 'JE-0034', 'JE', 'Ladies Three Pics', '', '1200', '1650', '97', '', 'Three pics', 'Biskit', '42', '', 958),
('Three Pics', 'Three Pics', 'JE-0033', 'JE', 'Ladies Three Pics', '', '1200', '1650', '97', '', 'Three pics', 'Biskit', '44', '', 959),
('Three Pics', 'Three Pics', 'JE-0027', 'JE', 'Ladies Three Pics', '', '1600', '2150', '97', '', 'Three pics', 'Malti', '42', '', 960),
('Three Pics', 'Three Pics', 'JE-0017', 'JE', 'Ladies Three Pics', '', '1400', '1980', '97', '', 'Three pics', 'Biskit', '42', '', 961),
('Three Pics', 'Three Pics', 'JE-0018', 'JE', 'Ladies Three Pics', '', '1400', '1980', '97', '', 'Three pics', 'Biskit', '36', '', 962),
('Three Pics', 'Three Pics', 'JE-0016', 'JE', 'Ladies Three Pics', '', '1400', '1980', '97', '', 'Three pics', 'Biskit', '38', '', 963),
('Three Pics', 'Three Pics', 'JE-0019', 'JE', 'Ladies Three Pics', '', '1400', '1980', '97', '', 'Three pics', 'Biskit', '34', '', 964),
('Three Pics', 'Three Pics', 'JE-0013', 'JE', 'Ladies Three Pics', '', '1400', '1980', '97', '', 'Three pics', 'Yellow', '44', '', 965),
('Three Pics', 'Three Pics', 'JE-0029', 'JE', 'Ladies Three Pics', '', '1600', '2150', '97', '', 'Three pics', 'Mixed', '38', '', 966),
('Three Pics', 'Three Pics', 'JE-0028', 'JE', 'Ladies Three Pics', '', '1600', '2150', '97', '', 'Three pics', 'Misti', '44', '', 967),
('Three Pics', 'Three Pics', 'JE-0010', 'JE', 'Ladies Three Pics', '', '1500', '2150', '97', '', 'Three pics', 'Misti', '42', '', 968),
('Three Pics', 'Three Pics', 'JE-0008', 'JE', 'Ladies Three Pics', '', '1500', '2150', '97', '', 'Three pics', 'Malti', '40', '', 969),
('Three Pics', 'Three Pics', 'JE-0007', 'JE', 'Ladies Three Pics', '', '1500', '2150', '97', '', 'Three pics', 'Malti', '44', '', 970),
('Three Pics', 'Three Pics', 'JE-0009', 'JE', 'Ladies Three Pics', '', '1500', '2150', '97', '', 'Three pics', 'Malti', '36', '', 971),
('Three Pics', 'Three Pics', 'JE-0003', 'JE', 'Ladies Three Pics', '', '1300', '1850', '97', '', 'Three pics', 'Mixed', '42', '', 972),
('Three Pics', 'Three Pics', 'JE-0002', 'JE', 'Ladies Three Pics', '', '1300', '1850', '97', '', 'Three pics', 'Mixed', '40', '', 973),
('Three Pics', 'Three Pics', 'JE-0005', 'JE', 'Ladies Three Pics', '', '1500', '1850', '97', '', 'Three pics', 'Mixed', '36', '', 974),
('Three Pics', 'Three Pics', 'JE-0004', 'JE', 'Ladies Three Pics', '', '1300', '1850', '97', '', 'Three pics', 'Mixed', '44', '', 975),
('Three Pics', 'Three Pics', 'JE-0006', 'JE', 'Ladies Three Pics', '', '1500', '2150', '97', '', 'Three pics', 'Misti', '38', '', 976),
('Three Pics', 'Three Pics', 'JE-0045', 'JE', 'Ladies Three Pics', '', '1400', '1850', '97', '', 'Three pics', 'Pink', '42', '', 977),
('Three Pics', 'Three Pics', 'JE-0042', 'JE', 'Ladies Three Pics', '', '1400', '1850', '97', '', 'Three pics', 'Pink', '40', '', 978),
('Three Pics', 'Three Pics', 'JE-0041', 'JE', 'Ladies Three Pics', '', '1400', '1850', '97', '', 'Three pics', 'Pink', '40', '', 979),
('Three Pics', 'Three Pics', 'JE-0043', 'JE', 'Ladies Three Pics', '', '1400', '1850', '97', '', 'Three pics', 'Pink', '44', '', 980),
('Three Pics', 'Three Pics', 'JE-0044', 'JE', 'Ladies Three Pics', '', '1400', '1850', '97', '', 'Three pics', 'Pink', '36', '', 981),
('Three Pics', 'Three Pics', 'JE-0026', 'JE', 'Ladies Three Pics', '', '1600', '2150', '97', '', 'Three pics', 'Mixed', '36', '', 982),
('Three Pics', 'Three Pics', 'JE-0049', 'JE', 'Ladies Three Pics', '', '1300', '1750', '97', '', 'Three pics', 'Black', '38', '', 983),
('Three Pics', 'Three Pics', 'JE-0048', 'JE', 'Ladies Three Pics', '', '1300', '1750', '97', '', 'Three pics', 'Black', '38', '', 984),
('Three Pics', 'Three Pics', 'JE-0047', 'JE', 'Ladies Three Pics', '', '1300', '1750', '97', '', 'Three pics', 'Black', '44', '', 985),
('Three Pics', 'Three Pics', 'JE-0046', 'JE', 'Ladies Three Pics', '', '1300', '1750', '97', '', 'Three pics', 'Black', '40', '', 986),
('Three Pics', 'Three Pics', 'JE-0040', 'JE', 'Ladies Three Pics', '', '1500', '2100', '97', '', 'Three pics', 'Black', '44', '', 987),
('Three Pics', 'Three Pics', 'JE-0020', 'JE', 'Ladies Three Pics', '', '1400', '1980', '97', '', 'Three pics', 'Biskit', '40', '', 988),
('Three Pics', 'Three Pics', 'JE-0030', 'JE', 'Ladies Three Pics', '', '1600', '2150', '97', '', 'Three pics', 'Malti', '40', '', 989),
('Three Pics', 'Three Pics', 'JE-0025', 'JE', 'Ladies Three Pics', '', '1500', '1980', '97', '', 'Three pics', 'Blue', '40', '', 990),
('Three Pics', 'Three Pics', 'JE-0035', 'JE', 'Ladies Three Pics', '', '1200', '1650', '97', '', 'Three pics', 'Biskit', '38', '', 991),
('Three Pics', 'Three Pics', 'JE-0015', 'JE', 'Ladies Three Pics', '', '1400', '1980', '97', '', 'Three pics', 'Yellow', '38', '', 992),
('Three Pics', 'Three Pics', 'JE-0039', 'JE', 'Ladies Three Pics', '', '1500', '2100', '97', '', 'Three pics', 'Mixed', '40', '', 993),
('Three Pics', 'Three Pics', 'AF-0074', 'AF', 'Ladies Three Pics', '', '1200', '1750', '569', '', 'Three pics', 'Blue', '38', '', 994),
('Three Pics', 'Three Pics', 'AF-0072', 'AF', 'Ladies Three Pics', '', '1200', '1750', '569', '', 'Three pics', 'Blue', '40', '', 995),
('Three Pics', 'Three Pics', 'AF-0073', 'AF', 'Ladies Three Pics', '', '1200', '1750', '569', '', 'Three pics', 'Blue', '40', '', 996),
('Three Pics', 'Three Pics', 'AF-0075', 'AF', 'Ladies Three Pics', '', '1200', '1750', '569', '', 'Three pics', 'Blue', '44', '', 997),
('Three Pics', 'Three Pics', 'AF-0037', 'AF', 'Ladies Three Pics', '', '1400', '2100', '569', '', 'Three pics', 'Pest', '38', '', 998),
('Three Pics', 'Three Pics', 'AF-0036', 'AF', 'Ladies Three Pics', '', '1400', '2100', '569', '', 'Three pics', 'Pest', '40', '', 999),
('Three Pics', 'Three Pics', 'AF-0039', 'AF', 'Ladies Three Pics', '', '1400', '2100', '569', '', 'Three pics', 'Pest', '44', '', 1000),
('Three Pics', 'Three Pics', 'AF-0038', 'AF', 'Ladies Three Pics', '', '1400', '2100', '569', '', 'Three pics', 'Pest', '36', '', 1001),
('Three Pics', 'Three Pics', 'AF-0040', 'AF', 'Ladies Three Pics', '', '1400', '2100', '569', '', 'Three pics', 'Pest', '42', '', 1002),
('Three Pics', 'Three Pics', 'AF-0014', 'AF', 'Ladies Three Pics', '', '1300', '1950', '569', '', 'Three pics', 'Pest', '38', '', 1003),
('Three Pics', 'Three Pics', 'AF-0013', 'AF', 'Ladies Three Pics', '', '1300', '1950', '569', '', 'Three pics', 'Pest', '40', '', 1004),
('Three Pics', 'Three Pics', 'AF-0012', 'AF', 'Ladies Three Pics', '', '1300', '1950', '569', '', 'Three pics', 'Pest', '42', '', 1005),
('Three Pics', 'Three Pics', 'AF-0015', 'AF', 'Ladies Three Pics', '', '1300', '1950', '569', '', 'Three pics', 'Pest', '44', '', 1006),
('Three Pics', 'Three Pics', 'AF-0011', 'AF', 'Ladies Three Pics', '', '1300', '1950', '569', '', 'Three pics', 'Pest', '36', '', 1007),
('Three Pics', 'Three Pics', 'AF-0026', 'AF', 'Ladies Three Pics', '', '1000', '1550', '569', '', 'Three pics', 'Black', '40', '', 1008),
('Three Pics', 'Three Pics', 'AF-0027', 'AF', 'Ladies Three Pics', '', '1000', '1550', '569', '', 'Three pics', 'Black', '44', '', 1009),
('Three Pics', 'Three Pics', 'AF-0028', 'AF', 'Ladies Three Pics', '', '1000', '1550', '569', '', 'Three pics', 'Black', '42', '', 1010),
('Three Pics', 'Three Pics', 'AF-0029', 'AF', 'Ladies Three Pics', '', '1000', '1550', '569', '', 'Three pics', 'Black', '32', '', 1011),
('Three Pics', 'Three Pics', 'AF-0030', 'AF', 'Ladies Three Pics', '', '1000', '1550', '569', '', 'Three pics', 'Black', '30', '', 1012),
('Three Pics', 'Three Pics', 'AF-0057', 'AF', 'Ladies Three Pics', '', '1000', '1650', '569', '', 'Three pics', 'Biskit', '38', '', 1013),
('Three Pics', 'Three Pics', 'AF-0060', 'AF', 'Ladies Three Pics', '', '1000', '1650', '569', '', 'Three pics', 'Biskit', '36', '', 1014),
('Three Pics', 'Three Pics', 'AF-0058', 'AF', 'Ladies Three Pics', '', '1000', '1650', '569', '', 'Three pics', 'Biskit', '44', '', 1015),
('Three Pics', 'Three Pics', 'AF-0057', 'AF', 'Ladies Three Pics', '', '1000', '1650', '569', '', 'Three pics', 'Biskit', '42', '', 1016),
('Three Pics', 'Three Pics', 'AF-0006', 'AF', 'Ladies Three Pics', '', '1300', '1950', '569', '', 'Three pics', 'Merun', '42', '', 1017),
('Three Pics', 'Three Pics', 'AF-0009', 'AF', 'Ladies Three Pics', '', '1300', '1950', '569', '', 'Three pics', 'Merun', '34', '', 1018),
('Three Pics', 'Three Pics', 'AF-0007', 'AF', 'Ladies Three Pics', '', '1300', '1950', '569', '', 'Three pics', 'Merun', '36', '', 1019),
('Three Pics', 'Three Pics', 'AF-0048', 'AF', 'Ladies Three Pics', '', '1200', '1750', '569', '', 'Three pics', 'Golden', '40', '', 1020),
('Three Pics', 'Three Pics', 'AF-0049', 'AF', 'Ladies Three Pics', '', '1200', '1750', '569', '', 'Three pics', 'Golden', '38', '', 1021),
('Three Pics', 'Three Pics', 'AF-0064', 'AF', 'Ladies Three Pics', '', '1000', '1650', '569', '', 'Three pics', 'Biskit', '38', '', 1022),
('Three Pics', 'Three Pics', 'AF-0065', 'AF', 'Ladies Three Pics', '', '1000', '1650', '569', '', 'Three pics', 'Biskit', '44', '', 1023),
('Three Pics', 'Three Pics', 'AF-0063', 'AF', 'Ladies Three Pics', '', '1000', '1650', '569', '', 'Three pics', 'Biskit', '42', '', 1024),
('Three Pics', 'Three Pics', 'AF-0062', 'AF', 'Ladies Three Pics', '', '1000', '1650', '569', '', 'Three pics', 'Biskit', '40', '', 1025),
('Three Pics', 'Three Pics', 'AF-0018', 'AF', 'Ladies Three Pics', '', '1300', '1950', '569', '', 'Three pics', 'Coffy', '42', '', 1026),
('Three Pics', 'Three Pics', 'AF-0017', 'AF', 'Ladies Three Pics', '', '1300', '1950', '569', '', 'Three pics', 'Coffy', '40', '', 1027),
('Three Pics', 'Three Pics', 'AF-0019', 'AF', 'Ladies Three Pics', '', '1300', '1950', '569', '', 'Three pics', 'Coffy', '38', '', 1028),
('Three Pics', 'Three Pics', 'AF-0016', 'AF', 'Ladies Three Pics', '', '1300', '1950', '569', '', 'Three pics', 'Coffy', '44', '', 1029),
('Three Pics', 'Three Pics', 'AF-0020', 'AF', 'Ladies Three Pics', '', '1300', '1950', '569', '', 'Three pics', 'Coffy', '36', '', 1030),
('Three Pics', 'Three Pics', 'AF-0035', 'AF', 'Ladies Three Pics', '', '1000', '1550', '569', '', 'Three pics', 'Coffy', '38', '', 1031),
('Three Pics', 'Three Pics', 'AF-0031', 'AF', 'Ladies Three Pics', '', '1000', '1550', '569', '', 'Three pics', 'Coffy', '44', '', 1032),
('Three Pics', 'Three Pics', 'AF-0032', 'AF', 'Ladies Three Pics', '', '1000', '1550', '569', '', 'Three pics', 'Coffy', '32', '', 1033),
('Three Pics', 'Three Pics', 'AF-0034', 'AF', 'Ladies Three Pics', '', '1000', '1550', '569', '', 'Three pics', 'Coffy', '36', '', 1034),
('Three Pics', 'Three Pics', 'AF-0052', 'AF', 'Ladies Three Pics', '', '1600', '2250', '569', '', 'Three pics', 'Yellow', '44', '', 1035),
('Three Pics', 'Three Pics', 'AF-0068', 'AF', 'Ladies Three Pics', '', '1100', '1650', '569', '', 'Three pics', 'Silver', '44', '', 1036),
('Three Pics', 'Three Pics', 'AF-0001', 'AF', 'Ladies Three Pics', '', '1400', '2100', '569', '', 'Three pics', 'Blue', '42', '', 1037),
('Three Pics', 'Three Pics', 'AF-0002', 'AF', 'Ladies Three Pics', '', '1400', '2100', '569', '', 'Three pics', 'Blue', '44', '', 1038),
('Three Pics', 'Three Pics', 'AF-0003', 'AF', 'Ladies Three Pics', '', '1400', '2100', '569', '', 'Three pics', 'Blue', '36', '', 1039),
('Three Pics', 'Three Pics', 'AF-0004', 'AF', 'Ladies Three Pics', '', '1400', '2100', '569', '', 'Three pics', 'Blue', '38', '', 1040),
('Three Pics', 'Three Pics', 'AF-0005', 'AF', 'Ladies Three Pics', '', '1400', '2100', '569', '', 'Three pics', 'Blue', '42', '', 1041),
('Three Pics', 'Three Pics', 'AF-0043', 'AF', 'Ladies Three Pics', '', '1000', '1550', '569', '', 'Three pics', 'Pest', '42', '', 1042),
('Three Pics', 'Three Pics', 'AF-0045', 'AF', 'Ladies Three Pics', '', '1000', '1550', '569', '', 'Three pics', 'Pest', '40', '', 1043),
('Three Pics', 'Three Pics', 'AF-0041', 'AF', 'Ladies Three Pics', '', '1000', '1550', '569', '', 'Three pics', 'Coffy', '36', '', 1044),
('Three Pics', 'Three Pics', 'AF-0044', 'AF', 'Ladies Three Pics', '', '1000', '1550', '569', '', 'Three pics', 'Coffy', '38', '', 1045),
('Three Pics', 'Three Pics', 'AF-0042', 'AF', 'Ladies Three Pics', '', '1000', '1550', '569', '', 'Three pics', 'Coffy', '44', '', 1046),
('Three Pics', 'Three Pics', 'AF-0010', 'AF', 'Ladies Three Pics', '', '1300', '1950', '569', '', 'Three pics', 'Red', '40', '', 1047),
('Three Pics', 'Three Pics', 'AF-0008', 'AF', 'Ladies Three Pics', '', '1300', '1950', '569', '', 'Three pics', 'Red', '38', '', 1048),
('Three Pics', 'Three Pics', 'AF-0024', 'AF', 'Ladies Three Pics', '', '900', '1450', '569', '', 'Three pics', 'Biskit', '38', '', 1049),
('Three Pics', 'Three Pics', 'AF-0021', 'AF', 'Ladies Three Pics', '', '900', '1450', '569', '', 'Three pics', 'Biskit', '40', '', 1050),
('Three Pics', 'Three Pics', 'AF-0066', 'AF', 'Ladies Three Pics', '', '1100', '1650', '569', '', 'Three pics', 'Silver', '38', '', 1051),
('Three Pics', 'Three Pics', 'AF-0070', 'AF', 'Ladies Three Pics', '', '1100', '1650', '569', '', 'Three pics', 'Silver', '42', '', 1052),
('Three Pics', 'Three Pics', 'AF-0071', 'AF', 'Ladies Three Pics', '', '1600', '2250', '569', '', 'Three pics', 'Yellow', '42', '', 1053),
('Three Pics', 'Three Pics', 'AF-0054', 'AF', 'Ladies Three Pics', '', '1600', '2250', '569', '', 'Three pics', 'Yellow', '36', '', 1054),
('Three Pics', 'Three Pics', 'AF-0059', 'AF', 'Ladies Three Pics', '', '1000', '1650', '569', '', 'Three pics', 'Biskit', '40', '', 1055),
('Three Pics', 'Three Pics', 'AF-0033', 'AF', 'Ladies Three Pics', '', '1000', '1550', '569', '', 'Three pics', 'Biskit', '34', '', 1056),
('Ladies Shirt', 'Ladies Shirt', 'SS-0129', 'SS', 'Ladies Shirt', '', '190', '550', 'NAI', '', 'Pics', 'Mixed', 'F', '', 1057),
('Ladies Shirt', 'Ladies Shirt', 'SS-0029', 'SS', 'Ladies Shirt', '', '190', '850', '', '', 'Pics', 'Purple', 'F', '', 1058),
('Ladies Shirt', 'Ladies Shirt', 'SS-0023', 'SS', 'Ladies Shirt', '', '190', '850', '', '', 'Pics', 'Sky Blue', 'F', '', 1059),
('Ladies Shirt', 'Ladies Shirt', 'SS-0077', 'SS', 'Ladies Shirt', '', '190', '700', '', '', 'Pics', 'Malti', 'F', '', 1060),
('Ladies Shirt', 'Ladies Shirt', 'SS-0096', 'SS', 'Ladies Shirt', '', '190', '680', '', '', 'Pics', 'Mixed', 'F', '', 1061),
('Ladies Shirt', 'Ladies Shirt', 'SS-0095', 'SS', 'Ladies Shirt', '', '190', '680', '', '', 'Pics', 'Mixed', 'F', '', 1062),
('Ladies Shirt', 'Ladies Shirt', 'SS-0087', 'SS', 'Ladies Shirt', '', '190', '700', '', '', 'Pics', 'Mixed', 'F', '', 1063),
('Ladies Shirt', 'Ladies Shirt', 'SS-0128', 'SS', 'Ladies Shirt', '', '190', '550', '', '', 'Pics', 'Mixed', 'F', '', 1064),
('Ladies Shirt', 'Ladies Shirt', 'SS-0098', 'SS', 'Ladies Shirt', '', '190', '680', '', '', 'Pics', 'Mixed', 'F', '', 1065),
('Ladies Shirt', 'Ladies Shirt', 'SS-0106', 'SS', 'Ladies Shirt', '', '190', '680', '', '', 'Pics', 'Mixed', 'F', '', 1066),
('Ladies Shirt', 'Ladies Shirt', 'SS-0123', 'SS', 'Ladies Shirt', '', '190', '550', '', '', 'Pics', 'Mixed', 'F', '', 1067),
('Ladies Shirt', 'Ladies Shirt', 'SS-0047', 'SS', 'Ladies Shirt', '', '190', '750', '', '', 'Pics', 'Mixed', 'F', '', 1068),
('Ladies Shirt', 'Ladies Shirt', 'SS-0100', 'SS', 'Ladies Shirt', '', '190', '680', '', '', 'Pics', 'Mixed', 'F', '', 1069),
('Ladies Shirt', 'Ladies Shirt', 'SS-0018', 'SS', 'Ladies Shirt', '', '190', '850', '', '', 'Pics', 'Mixed', 'F', '', 1070),
('Ladies Shirt', 'Ladies Shirt', 'SS-0040', 'SS', 'Ladies Shirt', '', '190', '850', '', '', 'Pics', 'White', 'F', '', 1071),
('Ladies Shirt', 'Ladies Shirt', 'SS-0045', 'SS', 'Ladies Shirt', '', '190', '750', '', '', 'Pics', 'Malti', 'F', '', 1072),
('Ladies Shirt', 'Ladies Shirt', 'SS-0012', 'SS', 'Ladies Shirt', '', '190', '850', '', '', 'Pics', 'Red', 'F', '', 1073),
('Ladies Shirt', 'Ladies Shirt', 'SS-0013', 'SS', 'Ladies Shirt', '', '190', '850', '', '', 'Pics', 'Red', 'F', '', 1074),
('Ladies Shirt', 'Ladies Shirt', 'SS-0015', 'SS', 'Ladies Shirt', '', '190', '850', '', '', 'Pics', 'Black', 'F', '', 1075),
('Ladies Shirt', 'Ladies Shirt', 'SS-0025', 'SS', 'Ladies Shirt', '', '190', '850', '', '', 'Pics', 'White', 'F', '', 1076),
('Ladies Shirt', 'Ladies Shirt', 'SS-0034', 'SS', 'Ladies Shirt', '', '190', '850', '', '', 'Pics', 'White', 'F', '', 1077),
('Ladies Shirt', 'Ladies Shirt', 'SS-0035', 'SS', 'Ladies Shirt', '', '190', '850', '', '', 'Pics', 'Black', 'F', '', 1078),
('Ladies Shirt', 'Ladies Shirt', 'SS-0069', 'SS', 'Ladies Shirt', '', '190', '750', '', '', 'Pics', 'Malti', 'F', '', 1079),
('Ladies Shirt', 'Ladies Shirt', 'SS-0060', 'SS', 'Ladies Shirt', '', '190', '750', '', '', 'Pics', 'Malti', 'F', '', 1080),
('Ladies Shirt', 'Ladies Shirt', 'SS-0094', 'SS', 'Ladies Shirt', '', '190', '680', '', '', 'Pics', 'Malti', 'F', '', 1081),
('Ladies Shirt', 'Ladies Shirt', 'SS-0105', 'SS', 'Ladies Shirt', '', '190', '680', '', '', 'Pics', 'Malti', 'F', '', 1082),
('Ladies Shirt', 'Ladies Shirt', 'SS-0111', 'SS', 'Ladies Shirt', '', '190', '550', '', '', 'Pics', 'Blue', 'F', '', 1083),
('Ladies Shirt', 'Ladies Shirt', 'SS-0073', 'SS', 'Ladies Shirt', '', '190', '680', '', '', 'Pics', 'Malti', 'F', '', 1084),
('Ladies Shirt', 'Ladies Shirt', 'SS-0031', 'SS', 'Ladies Shirt', '', '190', '850', '', '', 'Pics', 'White', 'F', '', 1085),
('Ladies Shirt', 'Ladies Shirt', 'SS-0075', 'SS', 'Ladies Shirt', '', '190', '700', '', '', 'Pics', 'Malti', 'F', '', 1086),
('Ladies Shirt', 'Ladies Shirt', 'SS-0071', 'SS', 'Ladies Shirt', '', '190', '680', '', '', 'Pics', 'Malti', 'F', '', 1087),
('Ladies Shirt', 'Ladies Shirt', 'SS-0057', 'SS', 'Ladies Shirt', '', '190', '750', '', '', 'Pics', 'Malti', 'F', '', 1088),
('Ladies Shirt', 'Ladies Shirt', 'SS-0058', 'SS', 'Ladies Shirt', '', '190', '750', '', '', 'Pics', 'Malti', 'F', '', 1089),
('Ladies Shirt', 'Ladies Shirt', 'SS-0089', 'SS', 'Ladies Shirt', '', '190', '750', '', '', 'Pics', 'Malti', 'F', '', 1090),
('Ladies Shirt', 'Ladies Shirt', 'SS-0043', 'SS', 'Ladies Shirt', '', '190', '750', '', '', 'Pics', 'Malti', 'F', '', 1091),
('Ladies Shirt', 'Ladies Shirt', 'SS-0055', 'SS', 'Ladies Shirt', '', '190', '750', '', '', 'Pics', 'Malti', 'F', '', 1092),
('Ladies Shirt', 'Ladies Shirt', 'SS-0019', 'SS', 'Ladies Shirt', '', '190', '850', '', '', 'Pics', 'White', 'F', '', 1093),
('Ladies Shirt', 'Ladies Shirt', 'SS-0090', 'SS', 'Ladies Shirt', '', '190', '700', '', '', 'Pics', 'Malti', 'F', '', 1094),
('Ladies Shirt', 'Ladies Shirt', 'SS-0044', 'SS', 'Ladies Shirt', '', '190', '750', '', '', 'Pics', 'White', 'F', '', 1095),
('Ladies Shirt', 'Ladies Shirt', 'SS-0042', 'SS', 'Ladies Shirt', '', '190', '750', '', '', 'Pics', 'Malti', 'F', '', 1096),
('Ladies Shirt', 'Ladies Shirt', 'SS-0063', 'SS', 'Ladies Shirt', '', '190', '750', '', '', 'Pics', 'Malti', 'F', '', 1097),
('Ladies Shirt', 'Ladies Shirt', 'SS-0076', 'SS', 'Ladies Shirt', '', '190', '700', '', '', 'Pics', 'Malti', 'F', '', 1098),
('Ladies Shirt', 'Ladies Shirt', 'SS-0086', 'SS', 'Ladies Shirt', '', '190', '700', '', '', 'Pics', 'Malti', 'F', '', 1099),
('Ladies Shirt', 'Ladies Shirt', 'SS-0078', 'SS', 'Ladies Shirt', '', '190', '700', '', '', 'Pics', 'Malti', 'F', '', 1100),
('Ladies Shirt', 'Ladies Shirt', 'SS-0122', 'SS', 'Ladies Shirt', '', '190', '550', '', '', 'Pics', 'Malti', 'F', '', 1101),
('Ladies Shirt', 'Ladies Shirt', 'SS-0054', 'SS', 'Ladies Shirt', '', '190', '750', '', '', 'Pics', 'Malti', 'F', '', 1102),
('Ladies Shirt', 'Ladies Shirt', 'SS-0041', 'SS', 'Ladies Shirt', '', '190', '750', '', '', 'Pics', 'Malti', 'F', '', 1103),
('Ladies Shirt', 'Ladies Shirt', 'SS-0059', 'SS', 'Ladies Shirt', '', '190', '750', '', '', 'Pics', 'Malti', 'F', '', 1104),
('Ladies Shirt', 'Ladies Shirt', 'SS-0011', 'SS', 'Ladies Shirt', '', '190', '850', '', '', 'Pics', 'Malti', 'F', '', 1105),
('Ladies Shirt', 'Ladies Shirt', 'SS-0037', 'SS', 'Ladies Shirt', '', '190', '850', '', '', 'Pics', 'Black', 'F', '', 1106),
('Ladies Shirt', 'Ladies Shirt', 'SS-0051', 'SS', 'Ladies Shirt', '', '190', '750', '', '', 'Pics', 'Malti', 'F', '', 1107),
('Ladies Shirt', 'Ladies Shirt', 'SS-0033', 'SS', 'Ladies Shirt', '', '190', '850', '', '', 'Pics', 'White', 'F', '', 1108),
('Ladies Shirt', 'Ladies Shirt', 'SS-0038', 'SS', 'Ladies Shirt', '', '190', '850', '', '', 'Pics', 'White', 'F', '', 1109),
('Ladies Shirt', 'Ladies Shirt', 'SS-0021', 'SS', 'Ladies Shirt', '', '190', '850', '', '', 'Pics', 'White', 'F', '', 1110),
('Ladies Shirt', 'Ladies Shirt', 'SS-0066', 'SS', 'Ladies Shirt', '', '190', '750', '', '', 'Pics', 'Silver', 'F', '', 1111),
('Ladies Shirt', 'Ladies Shirt', 'SS-0022', 'SS', 'Ladies Shirt', '', '190', '850', '', '', 'Pics', 'Orange', 'F', '', 1112),
('Ladies Shirt', 'Ladies Shirt', 'SS-0027', 'SS', 'Ladies Shirt', '', '190', '850', '', '', 'Pics', 'Pink', 'F', '', 1113),
('Ladies Shirt', 'Ladies Shirt', 'SS-0083', 'SS', 'Ladies Shirt', '', '190', '700', '', '', 'Pics', 'Malti', 'F', '', 1114),
('Ladies Shirt', 'Ladies Shirt', 'SS-0039', 'SS', 'Ladies Shirt', '', '190', '850', '', '', 'Pics', 'Malti', 'F', '', 1115),
('Ladies Shirt', 'Ladies Shirt', 'SS-0088', 'SS', 'Ladies Shirt', '', '190', '700', '', '', 'Pics', 'Malti', 'F', '', 1116),
('Ladies Shirt', 'Ladies Shirt', 'SS-0067', 'SS', 'Ladies Shirt', '', '190', '750', '', '', 'Pics', 'Malti', 'F', '', 1117),
('Ladies Shirt', 'Ladies Shirt', 'SS-0048', 'SS', 'Ladies Shirt', '', '190', '750', '', '', 'Pics', 'Malti', 'F', '', 1118),
('Ladies Shirt', 'Ladies Shirt', 'SS-0052', 'SS', 'Ladies Shirt', '', '190', '750', '', '', 'Pics', 'Malti', 'F', '', 1119),
('Ladies Shirt', 'Ladies Shirt', 'SS-0064', 'SS', 'Ladies Shirt', '', '190', '750', '', '', 'Pics', 'Malti', 'F', '', 1120),
('Ladies Shirt', 'Ladies Shirt', 'SS-0085', 'SS', 'Ladies Shirt', '', '190', '750', '', '', 'Pics', 'Malti', 'F', '', 1121),
('Ladies Shirt', 'Ladies Shirt', 'SS-0070', 'SS', 'Ladies Shirt', '', '190', '750', '', '', 'Pics', 'Malti', 'F', '', 1122),
('Ladies Shirt', 'Ladies Shirt', 'SS-0102', 'SS', 'Ladies Shirt', '', '190', '680', '', '', 'Pics', 'Malti', 'F', '', 1123),
('Ladies Shirt', 'Ladies Shirt', 'SS-0099', 'SS', 'Ladies Shirt', '', '190', '680', '', '', 'Pics', 'Malti', 'F', '', 1124),
('Ladies Shirt', 'Ladies Shirt', 'SS-0032', 'SS', 'Ladies Shirt', '', '190', '850', '', '', 'Pics', 'White', 'F', '', 1125),
('Ladies Shirt', 'Ladies Shirt', 'SS-0024', 'SS', 'Ladies Shirt', '', '190', '850', '', '', 'Pics', 'White', 'F', '', 1126),
('Ladies Shirt', 'Ladies Shirt', 'SS-0026', 'SS', 'Ladies Shirt', '', '190', '850', '', '', 'Pics', 'White', 'F', '', 1127),
('Ladies Shirt', 'Ladies Shirt', 'SS-0107', 'SS', 'Ladies Shirt', '', '190', '1250', '', '', 'Pics', 'Malti', 'F', '', 1128),
('Ladies Shirt', 'Ladies Shirt', 'SS-0030', 'SS', 'Ladies Shirt', '', '190', '850', '', '', 'Pics', 'White', 'F', '', 1129),
('Ladies Shirt', 'Ladies Shirt', 'SS-0095', 'SS', 'Ladies Shirt', '', '190', '680', '', '', 'Pics', 'Malti', 'F', '', 1130),
('Ladies Shirt', 'Ladies Shirt', 'SS-0036', 'SS', 'Ladies Shirt', '', '190', '850', '', '', 'Pics', 'Pink', 'F', '', 1131),
('Ladies Shirt', 'Ladies Shirt', 'SS-0125', 'SS', 'Ladies Shirt', '', '190', '1250', '', '', 'Pics', 'Mixed', 'F', '', 1132),
('Ladies Shirt', 'Ladies Shirt', 'SS-0120', 'SS', 'Ladies Shirt', '', '190', '1250', '', '', 'Pics', 'Mixed', 'F', '', 1133),
('Ladies Shirt', 'Ladies Shirt', 'SS-0116', 'SS', 'Ladies Shirt', '', '190', '1250', '', '', 'Pics', 'Mixed', 'F', '', 1134),
('Ladies Shirt', 'Ladies Shirt', 'SS-0112', 'SS', 'Ladies Shirt', '', '190', '1250', '', '', 'Pics', 'Mixed', 'F', '', 1135),
('Ladies Shirt', 'Ladies Shirt', 'SS-0114', 'SS', 'Ladies Shirt', '', '190', '1250', '', '', 'Pics', 'Mixed', 'F', '', 1136),
('Ladies Shirt', 'Ladies Shirt', 'SS-0130', 'SS', 'Ladies Shirt', '', '190', '1250', '', '', 'Pics', 'Mixed', 'F', '', 1137),
('Ladies Shirt', 'Ladies Shirt', 'SS-0126', 'SS', 'Ladies Shirt', '', '190', '1250', '', '', 'Pics', 'Mixed', 'F', '', 1138),
('Ladies Shirt', 'Ladies Shirt', 'SS-0118', 'SS', 'Ladies Shirt', '', '190', '1250', '', '', 'Pics', 'Mixed', 'F', '', 1139),
('Ladies Shirt', 'Ladies Shirt', 'SS-0119', 'SS', 'Ladies Shirt', '', '190', '1250', '', '', 'Pics', 'Mixed', 'F', '', 1140),
('Ladies Shirt', 'Ladies Shirt', 'SS-0117', 'SS', 'Ladies Shirt', '', '190', '1250', '', '', 'Pics', 'Mixed', 'F', '', 1141),
('Ladies Shirt', 'Ladies Shirt', 'SS-0113', 'SS', 'Ladies Shirt', '', '190', '1250', '', '', 'Pics', 'Mixed', 'F', '', 1142),
('Ladies Shirt', 'Ladies Shirt', 'SS-0115', 'SS', 'Ladies Shirt', '', '190', '1250', '', '', 'Pics', 'Mixed', 'F', '', 1143),
('Ladies Shirt', 'Ladies Shirt', 'SS-0124', 'SS', 'Ladies Shirt', '', '190', '1250', '', '', 'Pics', 'Mixed', 'F', '', 1144),
('Ladies Shirt', 'Ladies Shirt', 'SS-0127', 'SS', 'Ladies Shirt', '', '190', '1250', '', '', 'Pics', 'Mixed', 'F', '', 1145),
('Ladies Tshirt', 'Ladies Tshirt', 'SS-0130', 'SS', 'Ladies Tshirt', '', '250', '750', 'NAI', '', 'Two Pics', 'Purple', '38', '', 1146),
('Ladies Tshirt', 'Ladies Tshirt', 'SS-0131', 'SS', 'Ladies Tshirt', '', '250', '750', '', '', 'Two Pics', 'Blue', '44', '', 1147),
('Ladies Tshirt', 'Ladies Tshirt', 'SS-0132', 'SS', 'Ladies Tshirt', '', '250', '750', '', '', 'Two Pics', 'Purple', '40', '', 1148),
('Ladies Tshirt', 'Ladies Tshirt', 'SS-0133', 'SS', 'Ladies Tshirt', '', '250', '750', '', '', 'Two Pics', 'Purple', '40', '', 1149);
INSERT INTO `product_import` (`name`, `web`, `code`, `vendor_code`, `category`, `quantity`, `purchase_price`, `sales_price`, `memo_no`, `rack`, `unit`, `color`, `dimension`, `extra_1`, `id`) VALUES
('Ladies Tshirt', 'Ladies Tshirt', 'SS-0134', 'SS', 'Ladies Tshirt', '', '250', '750', '', '', 'Two Pics', 'Purple', '40', '', 1150),
('Ladies Tshirt', 'Ladies Tshirt', 'SS-0135', 'SS', 'Ladies Tshirt', '', '250', '750', '', '', 'Two Pics', 'Purple', '38', '', 1151),
('Ladies Tshirt', 'Ladies Tshirt', 'SS-0136', 'SS', 'Ladies Tshirt', '', '250', '750', '', '', 'Two Pics', 'Purple', '44', '', 1152),
('Ladies Tshirt', 'Ladies Tshirt', 'SS-0137', 'SS', 'Ladies Tshirt', '', '250', '750', '', '', 'Two Pics', 'Purple', '38', '', 1153),
('Ladies Tshirt', 'Ladies Tshirt', 'SS-0138', 'SS', 'Ladies Tshirt', '', '250', '750', '', '', 'Two Pics', 'Purple', '38', '', 1154),
('Ladies Tshirt', 'Ladies Tshirt', 'SS-0139', 'SS', 'Ladies Tshirt', '', '250', '750', '', '', 'Two Pics', 'Purple', '40', '', 1155),
('Ladies Tshirt', 'Ladies Tshirt', 'SS-0140', 'SS', 'Ladies Tshirt', '', '250', '750', '', '', 'Two Pics', 'Purple', '38', '', 1156),
('Ladies Tshirt', 'Ladies Tshirt', 'SS-0141', 'SS', 'Ladies Tshirt', '', '250', '750', '', '', 'Two Pics', 'Purple', '42', '', 1157),
('Ladies Tshirt', 'Ladies Tshirt', 'SS-0142', 'SS', 'Ladies Tshirt', '', '250', '750', '', '', 'Two Pics', 'Purple', '40', '', 1158),
('Ladies Tshirt', 'Ladies Tshirt', 'SS-0143', 'SS', 'Ladies Tshirt', '', '250', '750', '', '', 'Two Pics', 'Purple', '42', '', 1159),
('Ladies Tshirt', 'Ladies Tshirt', 'SS-0144', 'SS', 'Ladies Tshirt', '', '250', '750', '', '', 'Two Pics', 'Purple', '44', '', 1160),
('Ladies Tshirt', 'Ladies Tshirt', 'SS-0145', 'SS', 'Ladies Tshirt', '', '250', '750', '', '', 'Two Pics', 'White', '42', '', 1161),
('Ladies Tshirt', 'Ladies Tshirt', 'SS-0146', 'SS', 'Ladies Tshirt', '', '250', '750', '', '', 'Two Pics', 'White', '40', '', 1162),
('Ladies Tshirt', 'Ladies Tshirt', 'SS-0147', 'SS', 'Ladies Tshirt', '', '250', '750', '', '', 'Two Pics', 'White', '38', '', 1163),
('Ladies Tshirt', 'Ladies Tshirt', 'SS-0148', 'SS', 'Ladies Tshirt', '', '250', '750', '', '', 'Two Pics', 'White', '40', '', 1164),
('Ladies Tshirt', 'Ladies Tshirt', 'SS-0149', 'SS', 'Ladies Tshirt', '', '250', '750', '', '', 'Two Pics', 'White', '40', '', 1165),
('Ladies Tshirt', 'Ladies Tshirt', 'SS-0150', 'SS', 'Ladies Tshirt', '', '250', '750', '', '', 'Two Pics', 'White', '36', '', 1166),
('Ladies Tshirt', 'Ladies Tshirt', 'SS-0151', 'SS', 'Ladies Tshirt', '', '250', '750', '', '', 'Two Pics', 'White', '44', '', 1167),
('Ladies Tshirt', 'Ladies Tshirt', 'SS-0152', 'SS', 'Ladies Tshirt', '', '250', '750', '', '', 'Two Pics', 'White', '44', '', 1168),
('Ladies Tshirt', 'Ladies Tshirt', 'SS-0153', 'SS', 'Ladies Tshirt', '', '250', '750', '', '', 'Two Pics', 'Purple', '42', '', 1169),
('Ladies Tshirt', 'Ladies Tshirt', 'SS-0154', 'SS', 'Ladies Tshirt', '', '250', '750', '', '', 'Two Pics', 'Purple', '38', '', 1170),
('Ladies Tshirt', 'Ladies Tshirt', 'SS-0155', 'SS', 'Ladies Tshirt', '', '250', '750', '', '', 'Two Pics', 'Purple', '40', '', 1171),
('Ladies Tshirt', 'Ladies Tshirt', 'SS-0156', 'SS', 'Ladies Tshirt', '', '250', '750', '', '', 'Two Pics', 'Purple', '40', '', 1172),
('Ladies Tshirt', 'Ladies Tshirt', 'SS-0157', 'SS', 'Ladies Tshirt', '', '250', '750', '', '', 'Two Pics', 'Purple', '38', '', 1173),
('Ladies Tshirt', 'Ladies Tshirt', 'SS-0158', 'SS', 'Ladies Tshirt', '', '250', '750', '', '', 'Two Pics', 'Purple', '42', '', 1174),
('Ladies Tshirt', 'Ladies Tshirt', 'SS-0159', 'SS', 'Ladies Tshirt', '', '250', '750', '', '', 'Two Pics', 'Purple', '38', '', 1175),
('Ladies Tshirt', 'Ladies Tshirt', 'SS-0160', 'SS', 'Ladies Tshirt', '', '250', '750', '', '', 'Two Pics', 'Purple', '40', '', 1176),
('Ladies Tshirt', 'Ladies Tshirt', 'SS-0161', 'SS', 'Ladies Tshirt', '', '250', '750', '', '', 'Two Pics', 'White', '42', '', 1177),
('Ladies Tshirt', 'Ladies Tshirt', 'SS-0162', 'SS', 'Ladies Tshirt', '', '250', '750', '', '', 'Two Pics', 'White', '42', '', 1178),
('Ladies Tshirt', 'Ladies Tshirt', 'SS-0163', 'SS', 'Ladies Tshirt', '', '250', '750', '', '', 'Two Pics', 'White', '42', '', 1179),
('Ladies Tshirt', 'Ladies Tshirt', 'SS-0164', 'SS', 'Ladies Tshirt', '', '250', '750', '', '', 'Two Pics', 'Blue', '40', '', 1180),
('Ladies Tshirt', 'Ladies Tshirt', 'SS-0165', 'SS', 'Ladies Tshirt', '', '250', '750', '', '', 'Two Pics', 'Blue', '40', '', 1181),
('Ladies Tshirt', 'Ladies Tshirt', 'SS-0166', 'SS', 'Ladies Tshirt', '', '250', '750', '', '', 'Two Pics', 'Purple', '40', '', 1182),
('Ladies Tops', 'Ladies Tops', 'MK-0031', 'MK', 'Ladies Tops', '', '1050', '1750', '504', '', 'Pics', 'Black', 'L', '', 1183),
('Ladies Tops', 'Ladies Tops', 'MK-0061', 'MK', 'Ladies Tops', '', '1150', '1650', '504', '', 'Pics', 'Ofwhite', 'M', '', 1184),
('Ladies Tops', 'Ladies Tops', 'MK-0204', 'MK', 'Ladies Tops', '', '850', '1450', '504', '', 'Pics', 'Golden', 'M', '', 1185),
('Ladies Tops', 'Ladies Tops', 'MK-0137', 'MK', 'Ladies Tops', '', '750', '1150', '504', '', 'Pics', 'Black', 'M', '', 1186),
('Ladies Tops', 'Ladies Tops', 'MK-0104', 'MK', 'Ladies Tops', '', '1150', '1650', '504', '', 'Pics', 'Black', 'S', '', 1187),
('Ladies Tops', 'Ladies Tops', 'MK-0295', 'MK', 'Ladies Tops', '', '1000', '1650', '770', '', 'Pics', 'Blue', 'S', '', 1188),
('Ladies Tops', 'Ladies Tops', 'MK-0343', 'MK', 'Ladies Tops', '', '850', '1650', '832', '', 'Pics', 'Black', 'S', '', 1189),
('Ladies Tops', 'Ladies Tops', 'MK-0319', 'MK', 'Ladies Tops', '', '1100', '1850', '785', '', 'Pics', 'Mixed', 'S', '', 1190),
('Ladies Tops', 'Ladies Tops', 'MK-0247', 'MK', 'Ladies Tops', '', '1150', '2550', '785', '', 'Pics', 'Pink', 'L', '', 1191),
('Ladies Tops', 'Ladies Tops', 'MK-0153', 'MK', 'Ladies Tops', '', '1000', '1550', '785', '', 'Pics', 'White', 'M', '', 1192),
('Ladies Tops', 'Ladies Tops', 'MK-0152', 'MK', 'Ladies Tops', '', '1000', '1550', '785', '', 'Pics', 'White', 'S', '', 1193),
('Ladies Tops', 'Ladies Tops', 'MK-0314', 'MK', 'Ladies Tops', '', '1050', '1850', '785', '', 'Pics', 'Black', 'M', '', 1194),
('Ladies Tops', 'Ladies Tops', 'MK-0105', 'MK', 'Ladies Tops', '', '1150', '1650', '785', '', 'Pics', 'Blue', 'S', '', 1195),
('Ladies Tops', 'Ladies Tops', 'MK-0296', 'MK', 'Ladies Tops', '', '1000', '1650', '785', '', 'Pics', 'Black', 'S', '', 1196),
('Ladies Tops', 'Ladies Tops', 'MK-0317', 'MK', 'Ladies Tops', '', '1050', '1850', '785', '', 'Pics', 'Black', 'S', '', 1197),
('Ladies Tops', 'Ladies Tops', 'MK-0315', 'MK', 'Ladies Tops', '', '1050', '1850', '785', '', 'Pics', 'Black', 'M', '', 1198),
('Ladies Tops', 'Ladies Tops', 'MK-0102', 'MK', 'Ladies Tops', '', '1150', '1650', '785', '', 'Pics', 'Black', 'M', '', 1199),
('Ladies Tops', 'Ladies Tops', 'MK-0064', 'MK', 'Ladies Tops', '', '1150', '1650', '785', '', 'Pics', 'Red', 'M', '', 1200),
('Ladies Tops', 'Ladies Tops', 'MK-0145', 'MK', 'Ladies Tops', '', '1050', '1550', '785', '', 'Pics', 'Blue', 'M', '', 1201),
('Ladies Tops', 'Ladies Tops', 'MK-0146', 'MK', 'Ladies Tops', '', '1050', '1550', '785', '', 'Pics', 'Blue', 'S', '', 1202),
('Ladies Tops', 'Ladies Tops', 'MK-0144', 'MK', 'Ladies Tops', '', '1050', '1550', '785', '', 'Pics', 'Pink', 'S', '', 1203),
('Ladies Tops', 'Ladies Tops', 'MK-0149', 'MK', 'Ladies Tops', '', '1050', '1550', '785', '', 'Pics', 'Pink', 'M', '', 1204),
('Ladies Tops', 'Ladies Tops', 'MK-0134', 'MK', 'Ladies Tops', '', '750', '1150', '785', '', 'Pics', 'Red', 'L', '', 1205),
('Ladies Tops', 'Ladies Tops', 'MK-0147', 'MK', 'Ladies Tops', '', '1050', '1550', '785', '', 'Pics', 'Blue', 'L', '', 1206),
('Ladies Tops', 'Ladies Tops', 'MK-0136', 'MK', 'Ladies Tops', '', '750', '1150', '785', '', 'Pics', 'Black', 'L', '', 1207),
('Ladies Tops', 'Ladies Tops', 'MK-0312', 'MK', 'Ladies Tops', '', '1050', '1850', '785', '', 'Pics', 'Black', 'L', '', 1208),
('Ladies Tops', 'Ladies Tops', 'MK-0119', 'MK', 'Ladies Tops', '', '1150', '2050', '785', '', 'Pics', 'Biskit', 'L', '', 1209),
('Ladies Tops', 'Ladies Tops', 'MK-0366', 'MK', 'Ladies Tops', '', '1200', '1950', '881', '', 'Pics', 'White', 'S', '', 1210),
('Ladies Tops', 'Ladies Tops', 'MK-0368', 'MK', 'Ladies Tops', '', '1100', '1800', '881', '', 'Pics', 'Malti', 'M', '', 1211),
('Ladies Tops', 'Ladies Tops', 'MK-0369', 'MK', 'Ladies Tops', '', '1100', '1800', '881', '', 'Pics', 'Malti', 'L', '', 1212),
('Ladies Tops', 'Ladies Tops', 'MK-0370', 'MK', 'Ladies Tops', '', '1100', '1800', '881', '', 'Pics', 'Malti', 'S', '', 1213),
('Ladies Tops', 'Ladies Tops', 'MK-0371', 'MK', 'Ladies Tops', '', '1100', '1800', '881', '', 'Pics', 'Malti', 'L', '', 1214),
('Ladies Tops', 'Ladies Tops', 'MK-0372', 'MK', 'Ladies Tops', '', '550', '1050', '881', '', 'Pics', 'Biskit', 'M', '', 1215),
('Ladies Tops', 'Ladies Tops', 'MK-0373', 'MK', 'Ladies Tops', '', '550', '1050', '881', '', 'Pics', 'Malti', 'L', '', 1216),
('Ladies Tops', 'Ladies Tops', 'MK-0374', 'MK', 'Ladies Tops', '', '550', '1050', '881', '', 'Pics', 'Misti', 'M', '', 1217),
('Ladies Tops', 'Ladies Tops', 'MK-0375', 'MK', 'Ladies Tops', '', '600', '1050', '881', '', 'Pics', 'Malti', 'M', '', 1218),
('Ladies Tops', 'Ladies Tops', 'MK-0376', 'MK', 'Ladies Tops', '', '600', '1050', '881', '', 'Pics', 'Orange', 'M', '', 1219),
('Ladies Tops', 'Ladies Tops', 'MK-0377', 'MK', 'Ladies Tops', '', '600', '1050', '881', '', 'Pics', 'Orange', 'S', '', 1220),
('Ladies Tops', 'Ladies Tops', 'MK-0378', 'MK', 'Ladies Tops', '', '550', '1050', '881', '', 'Pics', 'Malti', 'S', '', 1221),
('Ladies Tops', 'Ladies Tops', 'MK-0379', 'MK', 'Ladies Tops', '', '550', '1050', '881', '', 'Pics', 'Malti', 'M', '', 1222),
('Ladies Tops', 'Ladies Tops', 'MK-0380', 'MK', 'Ladies Tops', '', '550', '1050', '881', '', 'Pics', 'Malti', 'L', '', 1223),
('Ladies Tops', 'Ladies Tops', 'MK-0381', 'MK', 'Ladies Tops', '', '550', '1050', '881', '', 'Pics', 'Malti', 'S', '', 1224),
('Ladies Tops', 'Ladies Tops', 'MK-0382', 'MK', 'Ladies Tops', '', '550', '1050', '881', '', 'Pics', 'Malti', 'L', '', 1225),
('Ladies Tops', 'Ladies Tops', 'MK-0383', 'MK', 'Ladies Tops', '', '1300', '1950', '881', '', 'Pics', 'Blue', 'L', '', 1226),
('Ladies Tops', 'Ladies Tops', 'MK-0384', 'MK', 'Ladies Tops', '', '1300', '1950', '881', '', 'Pics', 'Blue', 'M', '', 1227),
('Ladies Tops', 'Ladies Tops', 'MK-0385', 'MK', 'Ladies Tops', '', '1300', '1950', '881', '', 'Pics', 'Green', 'S', '', 1228),
('Ladies Tops', 'Ladies Tops', 'MK-0386', 'MK', 'Ladies Tops', '', '1300', '1950', '881', '', 'Pics', 'Malti', 'S', '', 1229),
('Ladies Tops', 'Ladies Tops', 'MK-0387', 'MK', 'Ladies Tops', '', '1300', '1950', '881', '', 'Pics', 'Malti', 'L', '', 1230),
('Ladies Tops', 'Ladies Tops', 'MK-0388', 'MK', 'Ladies Tops', '', '1300', '1950', '881', '', 'Pics', 'Malti', 'M', '', 1231),
('Ladies Tops', 'Ladies Tops', 'MK-0389', 'MK', 'Ladies Tops', '', '1300', '1950', '881', '', 'Pics', 'Silver', 'M', '', 1232),
('Ladies Tops', 'Ladies Tops', 'MK-0390', 'MK', 'Ladies Tops', '', '1300', '1950', '881', '', 'Pics', 'Silver', 'S', '', 1233),
('Ladies Tops', 'Ladies Tops', 'MK-0391', 'MK', 'Ladies Tops', '', '1300', '1950', '881', '', 'Pics', 'Merun', 'M', '', 1234),
('Ladies Tops', 'Ladies Tops', 'MK-0392', 'MK', 'Ladies Tops', '', '1300', '1950', '881', '', 'Pics', 'Merun', 'L', '', 1235),
('Ladies Tops', 'Ladies Tops', 'MK-0393', 'MK', 'Ladies Tops', '', '1250', '1850', '881', '', 'Pics', 'Mixed', 'M', '', 1236),
('Ladies Tops', 'Ladies Tops', 'MK-0394', 'MK', 'Ladies Tops', '', '1250', '1850', '881', '', 'Pics', 'Biskit', 'L', '', 1237),
('Ladies Tops', 'Ladies Tops', 'MK-0395', 'MK', 'Ladies Tops', '', '1250', '1850', '881', '', 'Pics', 'Biskit', 'M', '', 1238),
('Ladies Tops', 'Ladies Tops', 'MK-0396', 'MK', 'Ladies Tops', '', '1100', '1850', '881', '', 'Pics', 'Golden', 'M', '', 1239),
('Ladies Tops', 'Ladies Tops', 'MK-0397', 'MK', 'Ladies Tops', '', '800', '1650', '881', '', 'Pics', 'Merun', 'M', '', 1240),
('Ladies Tops', 'Ladies Tops', 'MK-0344', 'MK', 'Ladies Tops', '', '1000', '1650', '881', '', 'Pics', 'Black', 'M', '', 1241),
('Ladies Tops', 'Ladies Tops', 'IND-BY-0040', 'IND-IBY', 'Ladies Tops', '', '512', '1150', 'NAI', '', 'Pics', 'Orange', 'F', '', 1242),
('Ladies Tops', 'Ladies Tops', 'IND-BY-0042', 'IND-IBY', 'Ladies Tops', '', '512', '1150', '', '', 'Pics', 'Pink', 'F', '', 1243),
('Ladies Tops', 'Ladies Tops', 'IND-BY-0039', 'IND-IBY', 'Ladies Tops', '', '512', '1150', '', '', 'Pics', 'Orange', 'F', '', 1244),
('Ladies Tops', 'Ladies Tops', 'IND-BY-0037', 'IND-IBY', 'Ladies Tops', '', '512', '1150', '', '', 'Pics', 'Blue', 'F', '', 1245),
('Ladies Tops', 'Ladies Tops', 'IND-BY-0038', 'IND-IBY', 'Ladies Tops', '', '512', '1150', '', '', 'Pics', 'Blue', 'F', '', 1246),
('Ladies Tops', 'Ladies Tops', 'IND-BY-0060', 'IND-IBY', 'Ladies Tops', '', '793', '1550', '', '', 'Pics', 'Blue', 'F', '', 1247),
('Ladies Tops', 'Ladies Tops', 'IND-BY-0061', 'IND-IBY', 'Ladies Tops', '', '793', '1550', '', '', 'Pics', 'Blue', 'F', '', 1248),
('Ladies Tops', 'Ladies Tops', 'IND-BY-0059', 'IND-IBY', 'Ladies Tops', '', '793', '1550', '', '', 'Pics', 'Misti', 'F', '', 1249),
('Ladies Tops', 'Ladies Tops', 'IND-BY-0062', 'IND-IBY', 'Ladies Tops', '', '793', '1550', '', '', 'Pics', 'Red', 'F', '', 1250),
('Ladies Tops', 'Ladies Tops', 'IND-BY-0118', 'IND-IBY', 'Ladies Tops', '', '575', '1250', '', '', 'Pics', 'White', 'F', '', 1251),
('Ladies Tops', 'Ladies Tops', 'IND-BY-0005', 'IND-IBY', 'Ladies Tops', '', '638', '1250', '', '', 'Pics', 'White', 'F', '', 1252),
('Ladies Tops', 'Ladies Tops', 'IND-BY-0129', 'IND-IBY', 'Ladies Tops', '', '575', '1250', '', '', 'Pics', 'White', 'F', '', 1253),
('Ladies Tops', 'Ladies Tops', 'IND-BY-0007', 'IND-IBY', 'Ladies Tops', '', '512', '1150', '', '', 'Pics', 'White', 'F', '', 1254),
('Ladies Tops', 'Ladies Tops', 'IND-BY-0122', 'IND-IBY', 'Ladies Tops', '', '575', '1250', '', '', 'Pics', 'White', 'F', '', 1255),
('Ladies Tops', 'Ladies Tops', 'IND-BY-0036', 'IND-IBY', 'Ladies Tops', '', '481', '1090', '', '', 'Pics', 'Black', 'F', '', 1256),
('Ladies Tops', 'Ladies Tops', 'IND-BY-0031', 'IND-IBY', 'Ladies Tops', '', '481', '1090', '', '', 'Pics', 'Black', 'F', '', 1257),
('Ladies Tops', 'Ladies Tops', 'IND-BY-0032', 'IND-IBY', 'Ladies Tops', '', '481', '1090', '', '', 'Pics', 'Black', 'F', '', 1258),
('Ladies Tops', 'Ladies Tops', 'IND-BY-0033', 'IND-IBY', 'Ladies Tops', '', '481', '1090', '', '', 'Pics', 'Black', 'F', '', 1259),
('Ladies Tops', 'Ladies Tops', 'IND-BY-0035', 'IND-IBY', 'Ladies Tops', '', '481', '1090', '', '', 'Pics', 'Black', 'F', '', 1260),
('Ladies Tops', 'Ladies Tops', 'IND-BY-0006', 'IND-IBY', 'Ladies Tops', '', '512', '1150', '', '', 'Pics', 'White', 'F', '', 1261),
('Ladies Tops', 'Ladies Tops', 'IND-BY-0010', 'IND-IBY', 'Ladies Tops', '', '512', '1150', '', '', 'Pics', 'Purple', 'F', '', 1262),
('Ladies Tops', 'Ladies Tops', 'IND-BY-0019', 'IND-IBY', 'Ladies Tops', '', '606', '1250', '', '', 'Pics', 'Blue', 'F', '', 1263),
('Ladies Tops', 'Ladies Tops', 'IND-BY-0012', 'IND-IBY', 'Ladies Tops', '', '606', '1250', '', '', 'Pics', 'Blue', 'F', '', 1264),
('Ladies Tops', 'Ladies Tops', 'IND-BY-0017', 'IND-IBY', 'Ladies Tops', '', '606', '1250', '', '', 'Pics', 'Black', 'F', '', 1265),
('Ladies Tops', 'Ladies Tops', 'IND-BY-0029', 'IND-IBY', 'Ladies Tops', '', '837', '1350', '', '', 'Pics', 'Black', 'F', '', 1266),
('Ladies Tops', 'Ladies Tops', 'IND-BY-0024', 'IND-IBY', 'Ladies Tops', '', '837', '1350', '', '', 'Pics', 'Black', 'F', '', 1267),
('Ladies Tops', 'Ladies Tops', 'IND-BY-0030', 'IND-IBY', 'Ladies Tops', '', '837', '1350', '', '', 'Pics', 'Mixed', 'F', '', 1268),
('Ladies Tops', 'Ladies Tops', 'IND-BY-0022', 'IND-IBY', 'Ladies Tops', '', '837', '1350', '', '', 'Pics', 'Mixed', 'F', '', 1269),
('Ladies Tops', 'Ladies Tops', 'IND-BY-0023', 'IND-IBY', 'Ladies Tops', '', '837', '1350', '', '', 'Pics', 'Mixed', 'F', '', 1270),
('Ladies Tops', 'Ladies Tops', 'IND-BY-0027', 'IND-IBY', 'Ladies Tops', '', '837', '1350', '', '', 'Pics', 'Black', 'F', '', 1271),
('Ladies Tops', 'Ladies Tops', 'IND-BY-0026', 'IND-IBY', 'Ladies Tops', '', '837', '1350', '', '', 'Pics', 'Mixed', 'F', '', 1272),
('Ladies Tops', 'Ladies Tops', 'IND-BY-0157', 'IND-IBY', 'Ladies Tops', '', '606', '1250', '', '', 'Pics', 'Mixed', 'F', '', 1273),
('Ladies Tops', 'Ladies Tops', 'IND-BY-0153', 'IND-IBY', 'Ladies Tops', '', '606', '1250', '', '', 'Pics', 'Red', 'F', '', 1274),
('Ladies Tops', 'Ladies Tops', 'IND-BY-0156', 'IND-IBY', 'Ladies Tops', '', '606', '1250', '', '', 'Pics', 'Blue', 'F', '', 1275),
('Ladies Tops', 'Ladies Tops', 'IND-BY-0151', 'IND-IBY', 'Ladies Tops', '', '606', '1250', '', '', 'Pics', 'Red', 'F', '', 1276),
('Ladies Tops', 'Ladies Tops', 'IND-BY-0160', 'IND-IBY', 'Ladies Tops', '', '606', '1250', '', '', 'Pics', 'Red', 'F', '', 1277),
('Ladies Tops', 'Ladies Tops', 'IND-BY-0165', 'IND-IBY', 'Ladies Tops', '', '606', '1250', '', '', 'Pics', 'Black', 'F', '', 1278),
('Ladies Tops', 'Ladies Tops', 'IND-BY-0162', 'IND-IBY', 'Ladies Tops', '', '606', '1250', '', '', 'Pics', 'Black', 'F', '', 1279),
('Ladies Tops', 'Ladies Tops', 'IND-BY-0211', 'IND-IBY', 'Ladies Tops', '', '562', '1250', '', '', 'Pics', 'White', 'F', '', 1280),
('Ladies Tops', 'Ladies Tops', 'IND-BY-0204', 'IND-IBY', 'Ladies Tops', '', '562', '1250', '', '', 'Pics', 'White', 'F', '', 1281),
('Ladies Tops', 'Ladies Tops', 'IND-BY-0021', 'IND-IBY', 'Ladies Tops', '', '837', '1350', '', '', 'Pics', 'Mixed', 'F', '', 1282),
('Ladies Tops', 'Ladies Tops', 'IND-BY-0008', 'IND-IBY', 'Ladies Tops', '', '512', '1150', '', '', 'Pics', 'Purple', 'F', '', 1283),
('Ladies Tops', 'Ladies Tops', 'IND-BY-0034', 'IND-IBY', 'Ladies Tops', '', '481', '1090', '', '', 'Pics', 'Black', 'F', '', 1284),
('Ladies Tops', 'Ladies Tops', 'IND-BY-0009', 'IND-IBY', 'Ladies Tops', '', '512', '1150', '', '', 'Pics', 'Golden', 'F', '', 1285),
('Ladies Tops', 'Ladies Tops', 'IND-BY-0213', 'IND-IBY', 'Ladies Tops', '', '600', '1250', '', '', 'Pics', 'Blue', 'F', '', 1286),
('Ladies Tops', 'Ladies Tops', 'IND-BY-0214', 'IND-IBY', 'Ladies Tops', '', '600', '1250', '', '', 'Pics', 'Pink', 'F', '', 1287),
('Ladies Tops', 'Ladies Tops', 'IND-BY-0215', 'IND-IBY', 'Ladies Tops', '', '600', '1250', '', '', 'Pics', 'Black', 'F', '', 1288),
('Ladies Tops', 'Ladies Tops', 'IND-BY-0211', 'IND-IBY', 'Ladies Tops', '', '600', '1250', '', '', 'Pics', 'Green', 'F', '', 1289),
('Ladies Tops', 'Ladies Tops', 'IND-BY-0216', 'IND-IBY', 'Ladies Tops', '', '600', '1250', '', '', 'Pics', 'Green', 'F', '', 1290),
('Ladies Tops', 'Ladies Tops', 'IND-BY-0217', 'IND-IBY', 'Ladies Tops', '', '600', '1250', '', '', 'Pics', 'Pink', 'F', '', 1291),
('Ladies Tops', 'Ladies Tops', 'IND-BY-0127', 'IND-IBY', 'Ladies Tops', '', '600', '1250', '', '', 'Pics', 'White', 'F', '', 1292),
('Ladies Tops', 'Ladies Tops', 'IND-BY-0210', 'IND-IBY', 'Ladies Tops', '', '600', '1250', '', '', 'Pics', 'White', 'F', '', 1293),
('Ladies Tops', 'Ladies Tops', 'IND-BY-0214', 'IND-IBY', 'Ladies Tops', '', '600', '1250', '', '', 'Pics', 'White', 'F', '', 1294),
('Ladies Tops', 'Ladies Tops', 'IND-BY-0041', 'IND-IBY', 'Ladies Tops', '', '600', '1150', '', '', 'Pics', 'Orange', 'F', '', 1295),
('Ladies Tops', 'Ladies Tops', 'IND-BY-0158', 'IND-IBY', 'Ladies Tops', '', '600', '1250', '', '', 'Pics', 'Black', 'F', '', 1296),
('Ladies Tops', 'Ladies Tops', 'IND-BY-0015', 'IND-IBY', 'Ladies Tops', '', '600', '1250', '', '', 'Pics', 'White', 'F', '', 1297),
('Ladies Tops', 'Ladies Tops', 'IND-BY-0094', 'IND-IBY', 'Ladies Tops', '', '890', '2000', '', '', 'Pics', 'Blue', 'F', '', 1298),
('Ladies Tops', 'Ladies Tops', 'IND-BY-0092', 'IND-IBY', 'Ladies Tops', '', '890', '2000', '', '', 'Pics', 'White', 'F', '', 1299),
('Ladies Tops', 'Ladies Tops', 'IND-BY-0087', 'IND-IBY', 'Ladies Tops', '', '890', '2000', '', '', 'Pics', 'Blue', 'F', '', 1300),
('Ladies Tops', 'Ladies Tops', 'IND-BY-0084', 'IND-IBY', 'Ladies Tops', '', '890', '2000', '', '', 'Pics', 'Pest', 'F', '', 1301),
('Ladies Tops', 'Ladies Tops', 'IND-BY-0088', 'IND-IBY', 'Ladies Tops', '', '880', '2000', '', '', 'Pics', 'Blue', 'F', '', 1302),
('Ladies Tops', 'Ladies Tops', 'IND-BY-0092', 'IND-IBY', 'Ladies Tops', '', '890', '2000', '', '', 'Pics', 'White', 'F', '', 1303),
('Ladies Tops', 'Ladies Tops', 'IND-BY-0091', 'IND-IBY', 'Ladies Tops', '', '890', '2000', '', '', 'Pics', 'White', 'F', '', 1304),
('Ladies Tops', 'Ladies Tops', 'IND-BY-0090', 'IND-IBY', 'Ladies Tops', '', '890', '2000', '', '', 'Pics', 'White', 'F', '', 1305),
('Ladies Tops', 'Ladies Tops', 'MK-0342', 'MK', 'Ladies Tops', '', '800', '1650', '', '', 'Pics', 'Silver', 'XXL', '', 1306),
('Ladies Tops', 'Ladies Tops', 'MK-0346', 'MK', 'Ladies Tops', '', '800', '1650', '', '', 'Pics', 'Black', 'S', '', 1307),
('Ladies Tops', 'Ladies Tops', 'MK-0347', 'MK', 'Ladies Tops', '', '800', '1650', '', '', 'Pics', 'Silver', 'XXL', '', 1308),
('Ladies Tops', 'Ladies Tops', 'MK-0345', 'MK', 'Ladies Tops', '', '800', '1650', '', '', 'Pics', 'Silver', 'S', '', 1309),
('Ladies Tops', 'Ladies Tops', 'MK-0353', 'MK', 'Ladies Tops', '', '800', '1650', '', '', 'Pics', 'Silver', 'XXL', '', 1310),
('Ladies Tops', 'Ladies Tops', 'MK-0350', 'MK', 'Ladies Tops', '', '800', '1650', '', '', 'Pics', 'Silver', 'XXL', '', 1311),
('Ladies Tops', 'Ladies Tops', 'MK-0344', 'MK', 'Ladies Tops', '', '800', '1650', '', '', 'Pics', 'Silver', 'L', '', 1312),
('Ladies Tops', 'Ladies Tops', 'MK-0345', 'MK', 'Ladies Tops', '', '800', '1650', '', '', 'Pics', 'Silver', 'M', '', 1313),
('Ladies Tops', 'Ladies Tops', 'MK-0346', 'MK', 'Ladies Tops', '', '800', '1650', '', '', 'Pics', 'Black', 'L', '', 1314),
('Ladies Tops', 'Ladies Tops', 'MK-0347', 'MK', 'Ladies Tops', '', '800', '1650', '', '', 'Pics', 'Black', 'M', '', 1315),
('Ladies Tops', 'Ladies Tops', 'MK-0348', 'MK', 'Ladies Tops', '', '800', '1650', '', '', 'Pics', 'Silver', 'M', '', 1316),
('Ladies Tops', 'Ladies Tops', 'MK-0349', 'MK', 'Ladies Tops', '', '800', '1650', '', '', 'Pics', 'Silver', 'L', '', 1317),
('Ladies Tops', 'Ladies Tops', 'MK-0350', 'MK', 'Ladies Tops', '', '800', '1650', '', '', 'Pics', 'Silver', 'S', '', 1318),
('Ladies Tops', 'Ladies Tops', 'MK-0351', 'MK', 'Ladies Tops', '', '800', '1650', '', '', 'Pics', 'Silver', 'S', '', 1319),
('Ladies Tops', 'Ladies Tops', 'MK-0352', 'MK', 'Ladies Tops', '', '800', '1650', '', '', 'Pics', 'Silver', 'L', '', 1320),
('Ladies Palazzo', 'Ladies Palazzo', 'IND-BY-0137', 'IND-IBY', 'Ladies Palazzo', '', '570', '1100', '', '', 'Pics', 'Blue', 'F', '', 1321),
('Ladies Palazzo', 'Ladies Palazzo', 'IND-BY-0136', 'IND-IBY', 'Ladies Palazzo', '', '570', '57', '', '', 'Pics', 'Green', 'F', '', 1322),
('Ladies Palazzo', 'Ladies Palazzo', 'IND-BY-0200', 'IND-IBY', 'Ladies Palazzo', '', '570', '1150', '', '', 'Pics', 'Green', 'F', '', 1323),
('Ladies Palazzo', 'Ladies Palazzo', 'IND-BY-0140', 'IND-IBY', 'Ladies Palazzo', '', '570', '1150', '', '', 'Pics', 'Merun', 'F', '', 1324),
('Ladies Palazzo', 'Ladies Palazzo', 'IND-BY-0190', 'IND-IBY', 'Ladies Palazzo', '', '570', '1150', '', '', 'Pics', 'Blue', 'F', '', 1325),
('Ladies Palazzo', 'Ladies Palazzo', 'IND-BY-0174', 'IND-IBY', 'Ladies Palazzo', '', '570', '1050', '', '', 'Pics', 'Mixed', 'F', '', 1326),
('Ladies Palazzo', 'Ladies Palazzo', 'IND-BY-0171', 'IND-IBY', 'Ladies Palazzo', '', '570', '1050', '', '', 'Pics', 'Mixed', 'F', '', 1327),
('Ladies Palazzo', 'Ladies Palazzo', 'IND-BY-0131', 'IND-IBY', 'Ladies Palazzo', '', '570', '1100', '', '', 'Pics', 'Mixed', 'F', '', 1328),
('Ladies Palazzo', 'Ladies Palazzo', 'IND-BY-0139', 'IND-IBY', 'Ladies Palazzo', '', '570', '1100', '', '', 'Pics', 'Mixed', 'F', '', 1329),
('Ladies Palazzo', 'Ladies Palazzo', 'IND-BY-0133', 'IND-IBY', 'Ladies Palazzo', '', '570', '1100', '', '', 'Pics', 'Mixed', 'F', '', 1330),
('Ladies Palazzo', 'Ladies Palazzo', 'IND-BY-0147', 'IND-IBY', 'Ladies Palazzo', '', '570', '1100', '', '', 'Pics', 'Mixed', 'F', '', 1331),
('Ladies Palazzo', 'Ladies Palazzo', 'IND-BY-0138', 'IND-IBY', 'Ladies Palazzo', '', '570', '1100', '', '', 'Pics', 'Blue', 'F', '', 1332),
('Ladies Palazzo', 'Ladies Palazzo', 'IND-BY-0188', 'IND-IBY', 'Ladies Palazzo', '', '570', '1100', '', '', 'Pics', 'Red', 'F', '', 1333),
('Ladies Palazzo', 'Ladies Palazzo', 'IND-BY-0176', 'IND-IBY', 'Ladies Palazzo', '', '570', '1100', '', '', 'Pics', 'Mixed', 'F', '', 1334),
('Ladies Palazzo', 'Ladies Palazzo', 'IND-BY-0175', 'IND-IBY', 'Ladies Palazzo', '', '570', '1100', '', '', 'Pics', 'Mixed', 'F', '', 1335),
('Ladies Palazzo', 'Ladies Palazzo', 'IND-BY-0167', 'IND-IBY', 'Ladies Palazzo', '', '570', '1050', '', '', 'Pics', 'Mixed', 'F', '', 1336),
('Ladies Palazzo', 'Ladies Palazzo', 'IND-BY-0168', 'IND-IBY', 'Ladies Palazzo', '', '570', '1050', '', '', 'Pics', 'Mixed', 'F', '', 1337),
('Ladies Palazzo', 'Ladies Palazzo', 'IND-BY-0166', 'IND-IBY', 'Ladies Palazzo', '', '570', '1050', '', '', 'Pics', 'Mixed', 'F', '', 1338),
('Ladies Palazzo', 'Ladies Palazzo', 'IND-BY-0178', 'IND-IBY', 'Ladies Palazzo', '', '570', '1050', '', '', 'Pics', 'Mixed', 'F', '', 1339),
('Ladies Palazzo', 'Ladies Palazzo', 'IND-BY-0169', 'IND-IBY', 'Ladies Palazzo', '', '570', '1050', '', '', 'Pics', 'Mixed', 'F', '', 1340),
('Ladies Palazzo', 'Ladies Palazzo', 'IND-BY-0180', 'IND-IBY', 'Ladies Palazzo', '', '570', '1050', '', '', 'Pics', 'Mixed', 'F', '', 1341),
('Ladies Palazzo', 'Ladies Palazzo', 'IND-BY-0172', 'IND-IBY', 'Ladies Palazzo', '', '570', '1050', '', '', 'Pics', 'Mixed', 'F', '', 1342),
('Ladies Palazzo', 'Ladies Palazzo', 'IND-BY-0217', 'IND-IBY', 'Ladies Palazzo', '', '570', '1050', '', '', 'Pics', 'Black', 'F', '', 1343),
('Ladies Palazzo', 'Ladies Palazzo', 'IND-BY-0218', 'IND-IBY', 'Ladies Palazzo', '', '570', '1050', '', '', 'Pics', 'Black', 'F', '', 1344),
('Ladies Palazzo', 'Ladies Palazzo', 'IND-BY-0219', 'IND-IBY', 'Ladies Palazzo', '', '570', '1050', '', '', 'Pics', 'Black', 'F', '', 1345),
('Ladies Palazzo', 'Ladies Palazzo', 'IND-BY-0220', 'IND-IBY', 'Ladies Palazzo', '', '570', '1050', '', '', 'Pics', 'Mixed', 'F', '', 1346),
('Ladies Palazzo', 'Ladies Palazzo', 'IND-BY-0221', 'IND-IBY', 'Ladies Palazzo', '', '570', '1050', '', '', 'Pics', 'Mixed', 'F', '', 1347),
('Ladies Palazzo', 'Ladies Palazzo', 'IND-BY-0222', 'IND-IBY', 'Ladies Palazzo', '', '570', '1050', '', '', 'Pics', 'Mixed', 'F', '', 1348),
('Ladies Palazzo', 'Ladies Palazzo', 'IND-BY-0223', 'IND-IBY', 'Ladies Palazzo', '', '570', '1050', '', '', 'Pics', 'Black', 'F', '', 1349),
('Ladies Palazzo', 'Ladies Palazzo', 'IND-BY-0224', 'IND-IBY', 'Ladies Palazzo', '', '570', '1050', '', '', 'Pics', 'Mixed', 'F', '', 1350),
('Ladies Palazzo', 'Ladies Palazzo', 'IND-BY-0225', 'IND-IBY', 'Ladies Palazzo', '', '570', '1050', '', '', 'Pics', 'Mixed', 'F', '', 1351),
('Gents Gavadin Pants', 'Gents Gavadin Pants', 'IND-FU-0008', 'IND-FU', 'Gents Gavadin Pants', '', '1815', '3050', '', '', 'Pics', 'Biskit', '36', '', 1352),
('Gents Gavadin Pants', 'Gents Gavadin Pants', 'IND-FU-0009', 'IND-FU', 'Gents Gavadin Pants', '', '1815', '3050', '', '', 'Pics', 'Silver', '30', '', 1353),
('Gents Gavadin Pants', 'Gents Gavadin Pants', 'IND-FU-0010', 'IND-FU', 'Gents Gavadin Pants', '', '1815', '3050', '', '', 'Pics', 'Biskit', '34', '', 1354),
('Gents Gavadin Pants', 'Gents Gavadin Pants', 'IND-FU-0011', 'IND-FU', 'Gents Gavadin Pants', '', '1815', '3050', '', '', 'Pics', 'Biskit', '30', '', 1355),
('Gents Gavadin Pants', 'Gents Gavadin Pants', 'IND-FU-0012', 'IND-FU', 'Gents Gavadin Pants', '', '1815', '3050', '', '', 'Pics', 'Biskit', '32', '', 1356),
('Gents Gavadin Pants', 'Gents Gavadin Pants', 'IND-FU-0013', 'IND-FU', 'Gents Gavadin Pants', '', '1815', '3050', '', '', 'Pics', 'Silver', '36', '', 1357),
('Gents Gavadin Pants', 'Gents Gavadin Pants', 'IND-FU-0014', 'IND-FU', 'Gents Gavadin Pants', '', '1815', '3050', '', '', 'Pics', 'Silver', '34', '', 1358),
('Gents Gavadin Pants', 'Gents Gavadin Pants', 'IND-FU-0015', 'IND-FU', 'Gents Gavadin Pants', '', '1815', '3050', '', '', 'Pics', 'Silver', '32', '', 1359),
('Gents Gavadin Pants', 'Gents Gavadin Pants', 'IND-FU-0016', 'IND-FU', 'Gents Gavadin Pants', '', '1560', '2850', '', '', 'Pics', 'Silver', '34', '', 1360),
('Gents Gavadin Pants', 'Gents Gavadin Pants', 'IND-FU-0017', 'IND-FU', 'Gents Gavadin Pants', '', '1560', '2850', '', '', 'Pics', 'Coffy', '34', '', 1361),
('Gents Gavadin Pants', 'Gents Gavadin Pants', 'IND-FU-0018', 'IND-FU', 'Gents Gavadin Pants', '', '1560', '2850', '', '', 'Pics', 'Biskit', '38', '', 1362),
('Gents Gavadin Pants', 'Gents Gavadin Pants', 'IND-FU-0019', 'IND-FU', 'Gents Gavadin Pants', '', '1560', '2850', '', '', 'Pics', 'Biskit', '32', '', 1363),
('Gents Gavadin Pants', 'Gents Gavadin Pants', 'IND-FU-0020', 'IND-FU', 'Gents Gavadin Pants', '', '1560', '2850', '', '', 'Pics', 'Biskit', '34', '', 1364),
('Gents Gavadin Pants', 'Gents Gavadin Pants', 'IND-FU-0021', 'IND-FU', 'Gents Gavadin Pants', '', '1560', '2850', '', '', 'Pics', 'Coffy', '36', '', 1365),
('Gents Gavadin Pants', 'Gents Gavadin Pants', 'IND-FU-0022', 'IND-FU', 'Gents Gavadin Pants', '', '1560', '2850', '', '', 'Pics', 'Coffy', '38', '', 1366),
('Gents Gavadin Pants', 'Gents Gavadin Pants', 'IND-FU-0023', 'IND-FU', 'Gents Gavadin Pants', '', '1560', '2850', '', '', 'Pics', 'Coffy', '32', '', 1367),
('Gents Gavadin Pants', 'Gents Gavadin Pants', 'IND-FU-0024', 'IND-FU', 'Gents Gavadin Pants', '', '1560', '2850', '', '', 'Pics', 'Biskit', '36', '', 1368),
('Gents Gavadin Pants', 'Gents Gavadin Pants', 'IND-FU-0025', 'IND-FU', 'Gents Gavadin Pants', '', '1560', '2850', '', '', 'Pics', 'Coffy', '36', '', 1369),
('Gents Gavadin Pants', 'Gents Gavadin Pants', 'IND-FU-0026', 'IND-FU', 'Gents Gavadin Pants', '', '1560', '2850', '', '', 'Pics', 'Coffy', '38', '', 1370),
('Gents Gavadin Pants', 'Gents Gavadin Pants', 'IND-FU-0027', 'IND-FU', 'Gents Gavadin Pants', '', '1560', '2850', '', '', 'Pics', 'Coffy', '32', '', 1371),
('Gents Gavadin Pants', 'Gents Gavadin Pants', 'IND-FU-0028', 'IND-FU', 'Gents Gavadin Pants', '', '1585', '2880', '', '', 'Pics', 'Silver', '34', '', 1372),
('Gents Gavadin Pants', 'Gents Gavadin Pants', 'IND-FU-0029', 'IND-FU', 'Gents Gavadin Pants', '', '1585', '2880', '', '', 'Pics', 'Silver', '30', '', 1373),
('Gents Gavadin Pants', 'Gents Gavadin Pants', 'IND-FU-0030', 'IND-FU', 'Gents Gavadin Pants', '', '1585', '2880', '', '', 'Pics', 'Biskit', '30', '', 1374),
('Gents Gavadin Pants', 'Gents Gavadin Pants', 'IND-FU-0031', 'IND-FU', 'Gents Gavadin Pants', '', '1585', '2880', '', '', 'Pics', 'Biskit', '34', '', 1375),
('Gents Gavadin Pants', 'Gents Gavadin Pants', 'IND-FU-0032', 'IND-FU', 'Gents Gavadin Pants', '', '1585', '2880', '', '', 'Pics', 'Biskit', '32', '', 1376),
('Gents Gavadin Pants', 'Gents Gavadin Pants', 'IND-FU-0033', 'IND-FU', 'Gents Gavadin Pants', '', '1585', '2880', '', '', 'Pics', 'Biskit', '42', '', 1377),
('Gents Gavadin Pants', 'Gents Gavadin Pants', 'IND-FU-0034', 'IND-FU', 'Gents Gavadin Pants', '', '1585', '2880', '', '', 'Pics', 'Biskit', '32', '', 1378),
('Gents Gavadin Pants', 'Gents Gavadin Pants', 'IND-FU-0035', 'IND-FU', 'Gents Gavadin Pants', '', '1585', '2880', '', '', 'Pics', 'Biskit', '36', '', 1379),
('Gents Gavadin Pants', 'Gents Gavadin Pants', 'IND-FU-0036', 'IND-FU', 'Gents Gavadin Pants', '', '1585', '2880', '', '', 'Pics', 'Biskit', '36', '', 1380),
('Gents Jeans Pants', 'Gents Jeans Pants', 'IND-FU-0001', 'IND-FU', 'Gents Jeans Pants', '', '1815', '3150', '', '', 'Pics', 'Blue', '30', '', 1381),
('Gents Jeans Pants', 'Gents Jeans Pants', 'IND-FU-0002', 'IND-FU', 'Gents Jeans Pants', '', '1815', '3150', '', '', 'Pics', 'Blue', '32', '', 1382),
('Gents Jeans Pants', 'Gents Jeans Pants', 'IND-FU-0003', 'IND-FU', 'Gents Jeans Pants', '', '1815', '3150', '', '', 'Pics', 'Blue', '34', '', 1383),
('Gents Jeans Pants', 'Gents Jeans Pants', 'IND-FU-0004', 'IND-FU', 'Gents Jeans Pants', '', '1815', '3150', '', '', 'Pics', 'Black', '38', '', 1384),
('Gents Jeans Pants', 'Gents Jeans Pants', 'IND-FU-0005', 'IND-FU', 'Gents Jeans Pants', '', '1815', '3150', '', '', 'Pics', 'Black', '35', '', 1385),
('Gents Jeans Pants', 'Gents Jeans Pants', 'IND-FU-0006', 'IND-FU', 'Gents Jeans Pants', '', '1815', '3150', '', '', 'Pics', 'Black', '34', '', 1386),
('Gents Jeans Pants', 'Gents Jeans Pants', 'IND-FU-0037', 'IND-FU', 'Gents Jeans Pants', '', '1890', '3250', '', '', 'Pics', 'Blue', '36', '', 1387),
('Gents Jeans Pants', 'Gents Jeans Pants', 'IND-FU-0038', 'IND-FU', 'Gents Jeans Pants', '', '1890', '3250', '', '', 'Pics', 'Blue', '36', '', 1388),
('Gents Jeans Pants', 'Gents Jeans Pants', 'IND-FU-0039', 'IND-FU', 'Gents Jeans Pants', '', '1890', '3250', '', '', 'Pics', 'Blue', '30', '', 1389),
('Gents Jeans Pants', 'Gents Jeans Pants', 'IND-FU-0040', 'IND-FU', 'Gents Jeans Pants', '', '1890', '3250', '', '', 'Pics', 'Blue', '36', '', 1390),
('Gents Jeans Pants', 'Gents Jeans Pants', 'IND-FU-0041', 'IND-FU', 'Gents Jeans Pants', '', '1890', '3250', '', '', 'Pics', 'Blue', '34', '', 1391),
('Gents Jeans Pants', 'Gents Jeans Pants', 'IND-FU-0042', 'IND-FU', 'Gents Jeans Pants', '', '1890', '3250', '', '', 'Pics', 'Blue', '32', '', 1392),
('Gents Jeans Pants', 'Gents Jeans Pants', 'IND-FU-0043', 'IND-FU', 'Gents Jeans Pants', '', '1890', '3250', '', '', 'Pics', 'Blue', '32', '', 1393),
('Gents Jeans Pants', 'Gents Jeans Pants', 'IND-FU-0044', 'IND-FU', 'Gents Jeans Pants', '', '1850', '3150', '', '', 'Pics', 'Blue', '32', '', 1394),
('Gents Jeans Pants', 'Gents Jeans Pants', 'IND-FU-0045', 'IND-FU', 'Gents Jeans Pants', '', '1850', '3150', '', '', 'Pics', 'Blue', '34', '', 1395),
('Gents Jeans Pants', 'Gents Jeans Pants', 'IND-FU-0046', 'IND-FU', 'Gents Jeans Pants', '', '1850', '3150', '', '', 'Pics', 'Blue', '28', '', 1396),
('Gents Jeans Pants', 'Gents Jeans Pants', 'IND-FU-0047', 'IND-FU', 'Gents Jeans Pants', '', '1850', '3150', '', '', 'Pics', 'Blue', '30', '', 1397),
('Gents Jeans Pants', 'Gents Jeans Pants', 'IND-FU-0048', 'IND-FU', 'Gents Jeans Pants', '', '1850', '3150', '', '', 'Pics', 'Blue', '32', '', 1398),
('Gents Jeans Pants', 'Gents Jeans Pants', 'IND-FU-0049', 'IND-FU', 'Gents Jeans Pants', '', '1850', '3150', '', '', 'Pics', 'Black', '28', '', 1399),
('Gents Jeans Pants', 'Gents Jeans Pants', 'IND-FU-0050', 'IND-FU', 'Gents Jeans Pants', '', '1850', '3150', '', '', 'Pics', 'Blue', '28', '', 1400),
('Gents Jeans Pants', 'Gents Jeans Pants', 'IND-FU-0051', 'IND-FU', 'Gents Jeans Pants', '', '1850', '3150', '', '', 'Pics', 'Black', '34', '', 1401),
('Gents Jeans Pants', 'Gents Jeans Pants', 'IND-FU-0052', 'IND-FU', 'Gents Jeans Pants', '', '1850', '3150', '', '', 'Pics', 'Blue', '32', '', 1402),
('Gents Jeans Pants', 'Gents Jeans Pants', 'IND-FU-0053', 'IND-FU', 'Gents Jeans Pants', '', '1850', '3150', '', '', 'Pics', 'Blue', '28', '', 1403),
('Gents Jeans Pants', 'Gents Jeans Pants', 'IND-FU-0054', 'IND-FU', 'Gents Jeans Pants', '', '1850', '3150', '', '', 'Pics', 'Blue', '34', '', 1404),
('Gents Jeans Pants', 'Gents Jeans Pants', 'IND-FU-0055', 'IND-FU', 'Gents Jeans Pants', '', '1850', '3150', '', '', 'Pics', 'Black', '32', '', 1405),
('Gents Jeans Pants', 'Gents Jeans Pants', 'IND-FU-0056', 'IND-FU', 'Gents Jeans Pants', '', '1850', '3150', '', '', 'Pics', 'Black', '36', '', 1406),
('Gents Jeans Pants', 'Gents Jeans Pants', 'IND-FU-0057', 'IND-FU', 'Gents Jeans Pants', '', '1850', '3150', '', '', 'Pics', 'Blue', '30', '', 1407),
('Gents Jeans Pants', 'Gents Jeans Pants', 'IND-FU-0058', 'IND-FU', 'Gents Jeans Pants', '', '1850', '3150', '', '', 'Pics', 'Blue', '34', '', 1408),
('Gents Jeans Pants', 'Gents Jeans Pants', 'IND-FU-0059', 'IND-FU', 'Gents Jeans Pants', '', '1850', '3150', '', '', 'Pics', 'Black', '30', '', 1409),
('Gents Jeans Pants', 'Gents Jeans Pants', 'IND-FU-0060', 'IND-FU', 'Gents Jeans Pants', '', '1850', '3150', '', '', 'Pics', 'Blue', '28', '', 1410),
('Ladies Palazzo', 'Ladies Palazzo', 'FN-0001', 'FN', 'Ladies Palazzo', '', '140', '210', '', '', 'Pics', 'Blue', 'F', '', 1411),
('Ladies Palazzo', 'Ladies Palazzo', 'FN-0091', 'FN', 'Ladies Palazzo', '', '140', '210', '', '', 'Pics', 'Olive', 'F', '', 1412),
('Ladies Palazzo', 'Ladies Palazzo', 'FN-0083', 'FN', 'Ladies Palazzo', '', '140', '210', '', '', 'Pics', 'Green', 'F', '', 1413),
('Ladies Palazzo', 'Ladies Palazzo', 'FN-0121', 'FN', 'Ladies Palazzo', '', '140', '210', '', '', 'Pics', 'Blue', 'F', '', 1414),
('Ladies Palazzo', 'Ladies Palazzo', 'FN-0119', 'FN', 'Ladies Palazzo', '', '140', '210', '', '', 'Pics', 'Yellow', 'F', '', 1415),
('Ladies Palazzo', 'Ladies Palazzo', 'FN-0065', 'FN', 'Ladies Palazzo', '', '140', '210', '', '', 'Pics', 'Green', 'F', '', 1416),
('Ladies Palazzo', 'Ladies Palazzo', 'FN-0209', 'FN', 'Ladies Palazzo', '', '140', '350', '', '', 'Pics', 'Pink', 'F', '', 1417),
('Ladies Palazzo', 'Ladies Palazzo', 'FN-0187', 'FN', 'Ladies Palazzo', '', '190', '350', '', '', 'Pics', 'Pest', 'F', '', 1418),
('Ladies Palazzo', 'Ladies Palazzo', 'FN-0191', 'FN', 'Ladies Palazzo', '', '190', '350', '', '', 'Pics', 'Blue', 'F', '', 1419),
('Ladies Palazzo', 'Ladies Palazzo', 'FN-0164', 'FN', 'Ladies Palazzo', '', '190', '350', '', '', 'Pics', 'Blue', 'F', '', 1420),
('Ladies Palazzo', 'Ladies Palazzo', 'FN-0163', 'FN', 'Ladies Palazzo', '', '190', '350', '', '', 'Pics', 'Malti', 'F', '', 1421),
('Ladies Palazzo', 'Ladies Palazzo', 'FN-0157', 'FN', 'Ladies Palazzo', '', '190', '350', '', '', 'Pics', 'Malti', 'F', '', 1422),
('Ladies Palazzo', 'Ladies Palazzo', 'FN-0169', 'FN', 'Ladies Palazzo', '', '190', '350', '', '', 'Pics', 'Malti', 'F', '', 1423),
('Ladies Palazzo', 'Ladies Palazzo', 'FN-0155', 'FN', 'Ladies Palazzo', '', '190', '350', '', '', 'Pics', 'Malti', 'F', '', 1424),
('Ladies Palazzo', 'Ladies Palazzo', 'FN-0074', 'FN', 'Ladies Palazzo', '', '140', '210', '', '', 'Pics', 'Green', 'F', '', 1425),
('Ladies Palazzo', 'Ladies Palazzo', 'FN-0072', 'FN', 'Ladies Palazzo', '', '140', '210', '', '', 'Pics', 'Pest', 'F', '', 1426),
('Ladies Palazzo', 'Ladies Palazzo', 'FN-0125', 'FN', 'Ladies Palazzo', '', '140', '210', '', '', 'Pics', 'Yellow', 'F', '', 1427),
('Ladies Palazzo', 'Ladies Palazzo', 'FN-0082', 'FN', 'Ladies Palazzo', '', '140', '210', '', '', 'Pics', 'Pink', 'F', '', 1428),
('Ladies Palazzo', 'Ladies Palazzo', 'FN-0103', 'FN', 'Ladies Palazzo', '', '140', '210', '', '', 'Pics', 'Pest', 'F', '', 1429),
('Ladies Palazzo', 'Ladies Palazzo', 'FN-0201', 'FN', 'Ladies Palazzo', '', '190', '350', '', '', 'Pics', 'Pink', 'F', '', 1430),
('Ladies Palazzo', 'Ladies Palazzo', 'FN-0214', 'FN', 'Ladies Palazzo', '', '190', '350', '', '', 'Pics', 'Blue', 'F', '', 1431),
('Ladies Tops', 'Ladies Tops', 'FG-0042', 'FG', 'Ladies Tops', '', '1450', '2050', '3218', '', 'Pics', 'Mixed', 'L', '', 1432),
('Ladies Tops', 'Ladies Tops', 'FG-0041', 'FG', 'Ladies Tops', '', '1450', '2050', '3218', '', 'Pics', 'Mixed', 'XXL', '', 1433),
('Ladies Tops', 'Ladies Tops', 'FG-0044', 'FG', 'Ladies Tops', '', '1450', '2050', '3218', '', 'Pics', 'Mixed', 'XXL', '', 1434),
('Ladies Tops', 'Ladies Tops', 'FG-0047', 'FG', 'Ladies Tops', '', '1520', '2200', '3218', '', 'Pics', 'Red', 'XXL', '', 1435),
('Ladies Tops', 'Ladies Tops', 'FG-0051', 'FG', 'Ladies Tops', '', '1550', '2250', '3218', '', 'Pics', 'Black', 'XXL', '', 1436),
('Ladies Tops', 'Ladies Tops', 'FG-0040', 'FG', 'Ladies Tops', '', '1650', '2050', '3218', '', 'Pics', 'Malti', 'XXL', '', 1437),
('Ladies Tops', 'Ladies Tops', 'FG-0055', 'FG', 'Ladies Tops', '', '1630', '2300', '3218', '', 'Pics', 'Malti', 'XXL', '', 1438),
('Ladies Tops', 'Ladies Tops', 'FG-0008', 'FG', 'Ladies Tops', '', '1000', '1450', '3218', '', 'Pics', 'Blue', 'F', '', 1439),
('Ladies Tops', 'Ladies Tops', 'FG-0027', 'FG', 'Ladies Tops', '', '1500', '2250', '3218', '', 'Pics', 'White', 'F', '', 1440),
('Ladies Tops', 'Ladies Tops', 'FG-0025', 'FG', 'Ladies Tops', '', '1500', '2250', '3218', '', 'Pics', 'White', 'F', '', 1441),
('Ladies Tops', 'Ladies Tops', 'FG-0001', 'FG', 'Ladies Tops', '', '1000', '1450', '3218', '', 'Pics', 'Yellow', 'F', '', 1442),
('Ladies Jeans Pants', 'Ladies Jeans Pants', 'FN-0219', 'FN', 'Ladies Jeans Pants', '', '250', '550', '3218', '', 'Pics', 'Black', '38', '', 1443),
('Ladies Jeans Pants', 'Ladies Jeans Pants', 'FN-0220', 'FN', 'Ladies Jeans Pants', '', '250', '550', '3218', '', 'Pics', 'Blue', '30', '', 1444),
('Ladies Jeans Pants', 'Ladies Jeans Pants', 'FN-0221', 'FN', 'Ladies Jeans Pants', '', '250', '550', '3218', '', 'Pics', 'Blue', '30', '', 1445),
('Ladies Jeans Pants', 'Ladies Jeans Pants', 'FN-0222', 'FN', 'Ladies Jeans Pants', '', '250', '550', '3218', '', 'Pics', 'Blue', '40', '', 1446),
('Ladies Jeans Pants', 'Ladies Jeans Pants', 'FN-0223', 'FN', 'Ladies Jeans Pants', '', '250', '550', '3218', '', 'Pics', 'Blue', '30', '', 1447),
('Ladies Jeans Pants', 'Ladies Jeans Pants', 'FN-0224', 'FN', 'Ladies Jeans Pants', '', '250', '550', '3218', '', 'Pics', 'Black', '38', '', 1448),
('Ladies Jeans Pants', 'Ladies Jeans Pants', 'SS-0167', 'SS', 'Ladies Jeans Pants', '', '160', '550', 'NAI', '', 'Pics', 'Black', '28', '', 1449),
('Ladies Jeans Pants', 'Ladies Jeans Pants', 'SS-0168', 'SS', 'Ladies Jeans Pants', '', '160', '550', '', '', 'Pics', 'Black', '27', '', 1450),
('Ladies Jeans Pants', 'Ladies Jeans Pants', 'SS-0169', 'SS', 'Ladies Jeans Pants', '', '160', '550', '', '', 'Pics', 'Black', '32', '', 1451),
('Ladies Jeans Pants', 'Ladies Jeans Pants', 'SS-0170', 'SS', 'Ladies Jeans Pants', '', '160', '550', '', '', 'Pics', 'Black', '27', '', 1452),
('Ladies Jeans Pants', 'Ladies Jeans Pants', 'SS-0171', 'SS', 'Ladies Jeans Pants', '', '160', '550', '', '', 'Pics', 'Black', '25', '', 1453),
('Ladies Jeans Pants', 'Ladies Jeans Pants', 'SS-0172', 'SS', 'Ladies Jeans Pants', '', '160', '550', '', '', 'Pics', 'Black', '25', '', 1454),
('Ladies Jeans Pants', 'Ladies Jeans Pants', 'SS-0173', 'SS', 'Ladies Jeans Pants', '', '160', '550', '', '', 'Pics', 'Black', '32', '', 1455),
('Ladies Jeans Pants', 'Ladies Jeans Pants', 'SS-0174', 'SS', 'Ladies Jeans Pants', '', '160', '550', '', '', 'Pics', 'Black', '26', '', 1456),
('Ladies Jeans Pants', 'Ladies Jeans Pants', 'SS-0175', 'SS', 'Ladies Jeans Pants', '', '160', '550', '', '', 'Pics', 'Black', '25', '', 1457),
('Ladies Jeans Pants', 'Ladies Jeans Pants', 'SS-0176', 'SS', 'Ladies Jeans Pants', '', '160', '550', '', '', 'Pics', 'Black', '25', '', 1458),
('Ladies Jeans Pants', 'Ladies Jeans Pants', 'SS-0177', 'SS', 'Ladies Jeans Pants', '', '160', '550', '', '', 'Pics', 'Black', '29', '', 1459),
('Ladies Jeans Pants', 'Ladies Jeans Pants', 'SS-0178', 'SS', 'Ladies Jeans Pants', '', '160', '550', '', '', 'Pics', 'Black', '30', '', 1460),
('Ladies Jeans Pants', 'Ladies Jeans Pants', 'SS-0179', 'SS', 'Ladies Jeans Pants', '', '160', '550', '', '', 'Pics', 'Black', '28', '', 1461),
('Ladies Jeans Pants', 'Ladies Jeans Pants', 'SS-0180', 'SS', 'Ladies Jeans Pants', '', '160', '550', '', '', 'Pics', 'Black', '28', '', 1462),
('Ladies Jeans Pants', 'Ladies Jeans Pants', 'SS-0182', 'SS', 'Ladies Jeans Pants', '', '160', '550', '', '', 'Pics', 'Golden', '44', '', 1463),
('Ladies Jeans Pants', 'Ladies Jeans Pants', 'SS-0181', 'SS', 'Ladies Jeans Pants', '', '160', '550', '', '', 'Pics', 'Silver', '36', '', 1464),
('Ladies Jeans Pants', 'Ladies Jeans Pants', 'SS-0183', 'SS', 'Ladies Jeans Pants', '', '160', '550', '', '', 'Pics', 'Silver', '36', '', 1465),
('Ladies Jeans Pants', 'Ladies Jeans Pants', 'SS-0184', 'SS', 'Ladies Jeans Pants', '', '160', '550', '', '', 'Pics', 'Silver', '44', '', 1466),
('Ladies Jeans Pants', 'Ladies Jeans Pants', 'SS-0185', 'SS', 'Ladies Jeans Pants', '', '160', '550', '', '', 'Pics', 'Silver', '36', '', 1467),
('Ladies Jeans Pants', 'Ladies Jeans Pants', 'SS-0186', 'SS', 'Ladies Jeans Pants', '', '160', '550', '', '', 'Pics', 'Silver', '44', '', 1468),
('Ladies Jeans Pants', 'Ladies Jeans Pants', 'SS-0187', 'SS', 'Ladies Jeans Pants', '', '160', '550', '', '', 'Pics', 'Golden', '44', '', 1469),
('Ladies Jeans Pants', 'Ladies Jeans Pants', 'SS-0188', 'SS', 'Ladies Jeans Pants', '', '160', '550', '', '', 'Pics', 'Silver', '44', '', 1470),
('Ladies Jeans Pants', 'Ladies Jeans Pants', 'SS-0189', 'SS', 'Ladies Jeans Pants', '', '160', '550', '', '', 'Pics', 'Silver', '42', '', 1471),
('Ladies Jeans Pants', 'Ladies Jeans Pants', 'SS-0190', 'SS', 'Ladies Jeans Pants', '', '160', '550', '', '', 'Pics', 'Silver', '46', '', 1472),
('Ladies Jagins', 'Ladies Jagins', 'FG-0062', 'FG', 'Ladies Jagins', '', '400', '900', 'NAI', '', 'Pics', 'Blue', 'F', '', 1473),
('Ladies Jagins', 'Ladies Jagins', 'FG-0059', 'FG', 'Ladies Jagins', '', '400', '900', '', '', 'Pics', 'Biskit', 'F', '', 1474),
('Ladies Jagins', 'Ladies Jagins', 'FG-0071', 'FG', 'Ladies Jagins', '', '400', '850', '', '', 'Pics', 'Pink', 'F', '', 1475),
('Ladies Jagins', 'Ladies Jagins', 'FG-0074', 'FG', 'Ladies Jagins', '', '400', '850', '', '', 'Pics', 'Purple', 'F', '', 1476),
('Ladies Jagins', 'Ladies Jagins', 'FG-0072', 'FG', 'Ladies Jagins', '', '400', '850', '', '', 'Pics', 'Orange', 'F', '', 1477),
('Ladies Jagins', 'Ladies Jagins', 'FG-0066', 'FG', 'Ladies Jagins', '', '400', '900', '', '', 'Pics', 'Silver', 'F', '', 1478),
('Ladies Jagins', 'Ladies Jagins', 'FG-0058', 'FG', 'Ladies Jagins', '', '400', '900', '', '', 'Pics', 'Brown', 'F', '', 1479),
('Ladies Jagins', 'Ladies Jagins', 'FG-0056', 'FG', 'Ladies Jagins', '', '400', '900', '', '', 'Pics', 'Biskit', 'F', '', 1480),
('Ladies Jagins', 'Ladies Jagins', 'FG-0060', 'FG', 'Ladies Jagins', '', '400', '900', '', '', 'Pics', 'Brown', 'F', '', 1481),
('Ladies Jagins', 'Ladies Jagins', 'FG-0073', 'FG', 'Ladies Jagins', '', '400', '850', '', '', 'Pics', 'Red', 'F', '', 1482),
('Ladies Jagins', 'Ladies Jagins', 'FG-0075', 'FG', 'Ladies Jagins', '', '400', '850', '', '', 'Pics', 'Pest', 'F', '', 1483),
('Ladies Jagins', 'Ladies Jagins', 'FG-0076', 'FG', 'Ladies Jagins', '', '400', '850', '', '', 'Pics', 'Red', 'F', '', 1484),
('Ladies Three Quater', 'Ladies Three Quater', 'SS-0191', 'SS', 'Ladies Three Quater', '', '160', '550', '', '', 'Pics', 'Silver', '36', '', 1485),
('Ladies Three Quater', 'Ladies Three Quater', 'SS-0192', 'SS', 'Ladies Three Quater', '', '160', '550', '', '', 'Pics', 'Black', '38', '', 1486),
('Ladies Three Quater', 'Ladies Three Quater', 'SS-0193', 'SS', 'Ladies Three Quater', '', '160', '550', '', '', 'Pics', 'Black', '36', '', 1487),
('Ladies Three Quater', 'Ladies Three Quater', 'SS-0194', 'SS', 'Ladies Three Quater', '', '160', '550', '', '', 'Pics', 'Black', '36', '', 1488),
('Ladies Ties', 'Ladies Ties', 'SS-0195', 'SS', 'Ladies Ties', '', '130', '350', '', '', 'Pics', 'Brown', 'F', '', 1489),
('Ladies Ties', 'Ladies Ties', 'SS-0196', 'SS', 'Ladies Ties', '', '130', '350', '', '', 'Pics', 'Blue', 'F', '', 1490),
('Ladies Ties', 'Ladies Ties', 'SS-0197', 'SS', 'Ladies Ties', '', '130', '350', '', '', 'Pics', 'Black', 'F', '', 1491),
('Ladies Ties', 'Ladies Ties', 'SS-0198', 'SS', 'Ladies Ties', '', '130', '350', '', '', 'Pics', 'Black', 'F', '', 1492),
('Ladies Ties', 'Ladies Ties', 'SS-0199', 'SS', 'Ladies Ties', '', '130', '350', '', '', 'Pics', 'Coffy', 'F', '', 1493),
('Ladies Ties', 'Ladies Ties', 'SS-0200', 'SS', 'Ladies Ties', '', '130', '350', '', '', 'Pics', 'Black', 'F', '', 1494),
('Ladies Ties', 'Ladies Ties', 'SS-0201', 'SS', 'Ladies Ties', '', '130', '350', '', '', 'Pics', 'Pest', 'F', '', 1495),
('Ladies Ties', 'Ladies Ties', 'SS-0202', 'SS', 'Ladies Ties', '', '130', '450', '', '', 'Pics', 'Silver', 'F', '', 1496),
('Ladies Ties', 'Ladies Ties', 'SS-0203', 'SS', 'Ladies Ties', '', '130', '350', '', '', 'Pics', 'Blue', 'F', '', 1497),
('Ladies Ties', 'Ladies Ties', 'SS-0204', 'SS', 'Ladies Ties', '', '130', '350', '', '', 'Pics', 'Black', 'F', '', 1498),
('Ladies Ties', 'Ladies Ties', 'SS-0205', 'SS', 'Ladies Ties', '', '130', '350', '', '', 'Pics', 'Silver', 'F', '', 1499),
('Ladies Ties', 'Ladies Ties', 'SS-0206', 'SS', 'Ladies Ties', '', '130', '450', '', '', 'Pics', 'Silver', 'F', '', 1500),
('Ladies Ties', 'Ladies Ties', 'SS-0207', 'SS', 'Ladies Ties', '', '130', '350', '', '', 'Pics', 'Silver', 'F', '', 1501),
('Ladies Ties', 'Ladies Ties', 'SS-0208', 'SS', 'Ladies Ties', '', '130', '350', '', '', 'Pics', 'Blue', 'F', '', 1502),
('Ladies Ties', 'Ladies Ties', 'SS-0209', 'SS', 'Ladies Ties', '', '130', '350', '', '', 'Pics', 'Black', 'F', '', 1503),
('Ladies Ties', 'Ladies Ties', 'SS-0210', 'SS', 'Ladies Ties', '', '130', '350', '', '', 'Pics', 'Pest', 'F', '', 1504),
('Ladies Ties', 'Ladies Ties', 'SS-0211', 'SS', 'Ladies Ties', '', '130', '350', '', '', 'Pics', 'Blue', 'F', '', 1505),
('Ladies Ties', 'Ladies Ties', 'SS-0212', 'SS', 'Ladies Ties', '', '130', '350', '', '', 'Pics', 'Pest', 'F', '', 1506),
('Ladies Ties', 'Ladies Ties', 'SS-0113', 'SS', 'Ladies Ties', '', '130', '350', '', '', 'Pics', 'Black', 'F', '', 1507),
('Ladies Ties', 'Ladies Ties', 'SS-0214', 'SS', 'Ladies Ties', '', '130', '350', '', '', 'Pics', 'Black', 'F', '', 1508),
('Ladies Ties', 'Ladies Ties', 'SS-0215', 'SS', 'Ladies Ties', '', '130', '350', '', '', 'Pics', 'Silver', 'F', '', 1509),
('Ladies Ties', 'Ladies Ties', 'SS-0216', 'SS', 'Ladies Ties', '', '130', '350', '', '', 'Pics', 'Black', 'F', '', 1510),
('Ladies Ties', 'Ladies Ties', 'SS-0217', 'SS', 'Ladies Ties', '', '130', '350', '', '', 'Pics', 'Silver', 'F', '', 1511),
('Ladies Ties', 'Ladies Ties', 'SS-0218', 'SS', 'Ladies Ties', '', '130', '350', '', '', 'Pics', 'White', 'F', '', 1512),
('Ladies Ties', 'Ladies Ties', 'SS-0219', 'SS', 'Ladies Ties', '', '130', '350', '', '', 'Pics', 'Black', 'F', '', 1513),
('Ladies Ties', 'Ladies Ties', 'SS-0220', 'SS', 'Ladies Ties', '', '130', '350', '', '', 'Pics', 'Silver', 'F', '', 1514),
('Ladies Ties', 'Ladies Ties', 'SS-0221', 'SS', 'Ladies Ties', '', '130', '450', '', '', 'Pics', 'Silver', 'F', '', 1515),
('Ladies Ties', 'Ladies Ties', 'SS-0222', 'SS', 'Ladies Ties', '', '130', '450', '', '', 'Pics', 'Silver', 'F', '', 1516),
('Ladies Ties', 'Ladies Ties', 'EPZ-0063', 'EPZ', 'Ladies Ties', '', '120', '280', '', '', 'Pics', 'Biskit', 'F', '', 1517),
('Ladies Ties', 'Ladies Ties', 'EPZ-0064', 'EPZ', 'Ladies Ties', '', '120', '280', '', '', 'Pics', 'Black', 'F', '', 1518),
('Ladies Ties', 'Ladies Ties', 'EPZ-0065', 'EPZ', 'Ladies Ties', '', '120', '280', '', '', 'Pics', 'White', 'F', '', 1519),
('Ladies Ties', 'Ladies Ties', 'EPZ-0066', 'EPZ', 'Ladies Ties', '', '120', '280', '', '', 'Pics', 'White', 'F', '', 1520),
('Ladies Ties', 'Ladies Ties', 'EPZ-0067', 'EPZ', 'Ladies Ties', '', '120', '280', '', '', 'Pics', 'Red', 'F', '', 1521),
('Ladies Ties', 'Ladies Ties', 'EPZ-0068', 'EPZ', 'Ladies Ties', '', '120', '280', '', '', 'Pics', 'Pink', 'F', '', 1522),
('Ladies Ties', 'Ladies Ties', 'EPZ-0069', 'EPZ', 'Ladies Ties', '', '120', '280', '', '', 'Pics', 'White', 'F', '', 1523);
INSERT INTO `product_import` (`name`, `web`, `code`, `vendor_code`, `category`, `quantity`, `purchase_price`, `sales_price`, `memo_no`, `rack`, `unit`, `color`, `dimension`, `extra_1`, `id`) VALUES
('Ladies Ties', 'Ladies Ties', 'EPZ-0070', 'EPZ', 'Ladies Ties', '', '120', '280', '', '', 'Pics', 'Red', 'F', '', 1524),
('Ladies Ties', 'Ladies Ties', 'EPZ-0071', 'EPZ', 'Ladies Ties', '', '120', '280', '', '', 'Pics', 'Purple', 'F', '', 1525),
('Ladies Ties', 'Ladies Ties', 'EPZ-0072', 'EPZ', 'Ladies Ties', '', '120', '280', '', '', 'Pics', 'Red', 'F', '', 1526),
('Ladies Ties', 'Ladies Ties', 'EPZ-0073', 'EPZ', 'Ladies Ties', '', '120', '280', '', '', 'Pics', 'Purple', 'F', '', 1527),
('Ladies Ties', 'Ladies Ties', 'EPZ-0074', 'EPZ', 'Ladies Ties', '', '120', '280', '', '', 'Pics', 'Blue', 'F', '', 1528),
('Ladies Ties', 'Ladies Ties', 'EPZ-0075', 'EPZ', 'Ladies Ties', '', '120', '280', '', '', 'Pics', 'Black', 'F', '', 1529),
('Ladies Ties', 'Ladies Ties', 'EPZ-0076', 'EPZ', 'Ladies Ties', '', '120', '280', '', '', 'Pics', 'White', 'F', '', 1530),
('Ladies Ties', 'Ladies Ties', 'EPZ-0077', 'EPZ', 'Ladies Ties', '', '120', '280', '', '', 'Pics', 'Black', 'F', '', 1531),
('Ladies Ties', 'Ladies Ties', 'EPZ-0078', 'EPZ', 'Ladies Ties', '', '120', '280', '', '', 'Pics', 'Pest', 'F', '', 1532),
('Ladies Ties', 'Ladies Ties', 'EPZ-0079', 'EPZ', 'Ladies Ties', '', '120', '280', '', '', 'Pics', 'Blue', 'F', '', 1533),
('Ladies Ties', 'Ladies Ties', 'EPZ-0080', 'EPZ', 'Ladies Ties', '', '120', '280', '', '', 'Pics', 'Purple', 'F', '', 1534),
('Ladies Ties', 'Ladies Ties', 'EPZ-0081', 'EPZ', 'Ladies Ties', '', '120', '280', '', '', 'Pics', 'Silver', 'F', '', 1535),
('Ladies Ties', 'Ladies Ties', 'EPZ-0082', 'EPZ', 'Ladies Ties', '', '120', '280', '', '', 'Pics', 'Pest', 'F', '', 1536),
('Ladies Ties', 'Ladies Ties', 'EPZ-0083', 'EPZ', 'Ladies Ties', '', '120', '280', '', '', 'Pics', 'Black', 'F', '', 1537),
('Ladies Ties', 'Ladies Ties', 'EPZ-0084', 'EPZ', 'Ladies Ties', '', '120', '280', '', '', 'Pics', 'Pest', 'F', '', 1538),
('Ladies Ties', 'Ladies Ties', 'EPZ-0085', 'EPZ', 'Ladies Ties', '', '120', '280', '', '', 'Pics', 'Purple', 'F', '', 1539),
('Ladies Ties', 'Ladies Ties', 'EPZ-0086', 'EPZ', 'Ladies Ties', '', '120', '280', '', '', 'Pics', 'White', 'F', '', 1540),
('Ladies Ties', 'Ladies Ties', 'EPZ-0087', 'EPZ', 'Ladies Ties', '', '120', '280', '', '', 'Pics', 'Red', 'F', '', 1541),
('Ladies Ties', 'Ladies Ties', 'EPZ-0088', 'EPZ', 'Ladies Ties', '', '120', '280', '', '', 'Pics', 'Pink', 'F', '', 1542),
('Ladies Ties', 'Ladies Ties', 'SS-0223', 'SS', 'Ladies Ties', '', '130', '350', '', '', 'Pics', 'Black', 'F', '', 1543),
('Babies Tshirt', 'Babies Tshirt', 'SS-0224', 'SS', 'Babies Tshirt', '', '220', '550', '', '', 'Pics', 'Pink', 'F', '', 1544),
('Babies Tshirt', 'Babies Tshirt', 'SS-0225', 'SS', 'Babies Tshirt', '', '220', '550', '', '', 'Pics', 'Purple', 'F', '', 1545),
('Babies Tshirt', 'Babies Tshirt', 'SS-0226', 'SS', 'Babies Tshirt', '', '220', '550', '', '', 'Set', 'Silver', 'F', '', 1546),
('Babies Tshirt', 'Babies Tshirt', 'SS-0227', 'SS', 'Babies Tshirt', '', '220', '550', '', '', 'Pics', 'Pink', 'F', '', 1547),
('Babies Tshirt', 'Babies Tshirt', 'SS-0228', 'SS', 'Babies Tshirt', '', '220', '550', '', '', 'Pics', 'White', 'F', '', 1548),
('Babies Tshirt', 'Babies Tshirt', 'SS-0229', 'SS', 'Babies Tshirt', '', '220', '550', '', '', 'Pics', 'White', 'F', '', 1549),
('Babies Tshirt', 'Babies Tshirt', 'SS-0230', 'SS', 'Babies Tshirt', '', '220', '450', '', '', 'Pics', 'Silver', 'F', '', 1550),
('Babies Tshirt', 'Babies Tshirt', 'SS-0231', 'SS', 'Babies Tshirt', '', '220', '550', '', '', 'Set', 'White', 'F', '', 1551),
('Babies Tshirt', 'Babies Tshirt', 'SS-0232', 'SS', 'Babies Tshirt', '', '220', '450', '', '', 'Pics', 'Silver', 'F', '', 1552),
('Babies Tshirt', 'Babies Tshirt', 'SS-0233', 'SS', 'Babies Tshirt', '', '220', '450', '', '', 'Pis', 'Silver', 'F', '', 1553),
('Babies Tshirt', 'Babies Tshirt', 'SS-0234', 'SS', 'Babies Tshirt', '', '220', '550', '', '', 'Pics', 'Silver', 'XL', '', 1554),
('Ladies Ties', 'Ladies Ties', 'CT-0005', 'CT', 'Ladies Ties', '', '173', '375', '', '', 'Pics', 'Misti', 'F', '', 1555),
('Ladies Ties', 'Ladies Ties', 'CT-0001', 'CT', 'Ladies Ties', '', '173', '375', '', '', 'Pics', 'Blue', 'F', '', 1556),
('Ladies Ties', 'Ladies Ties', 'CT-0004', 'CT', 'Ladies Ties', '', '173', '375', '', '', 'Pics', 'Blue', 'F', '', 1557),
('Ladies Ties', 'Ladies Ties', 'CT-0006', 'CT', 'Ladies Ties', '', '173', '375', '', '', 'Pics', 'Silver', 'F', '', 1558),
('Gents Panjabi', 'Gents Panjabi', 'IND-IN-0001', 'IND-IN', 'Gents Panjabi', '', '2043', '3250', '', '', 'Pics', 'Merun', 'M', '', 1559),
('Gents Panjabi', 'Gents Panjabi', 'IND-IN-0002', 'IND-IN', 'Gents Panjabi', '', '2045', '3250', '', '', 'Pics', 'Merun', 'XL', '', 1560),
('Gents Panjabi', 'Gents Panjabi', 'IND-IN-0003', 'IND-IN', 'Gents Panjabi', '', '2045', '3250', '', '', 'Pics', 'Merun', 'L', '', 1561),
('Gents Panjabi', 'Gents Panjabi', 'IND-IN-0004', 'IND-IN', 'Gents Panjabi', '', '1950', '3850', '', '', 'Pics', 'Golden', 'XL', '', 1562),
('Gents Panjabi', 'Gents Panjabi', 'IND-IN-0005', 'IND-IN', 'Gents Panjabi', '', '1950', '3850', '', '', 'Pics', 'Golden', 'L', '', 1563),
('Gents Panjabi', 'Gents Panjabi', 'IND-IN-0006', 'IND-IN', 'Gents Panjabi', '', '1220', '2450', '', '', 'Pics', 'Golden', 'M', '', 1564),
('Gents Panjabi', 'Gents Panjabi', 'IND-IN-0007', 'IND-IN', 'Gents Panjabi', '', '1050', '2050', '', '', 'Pics', 'Yellow', 'M', '', 1565),
('Gents Panjabi', 'Gents Panjabi', 'IND-IN-0008', 'IND-IN', 'Gents Panjabi', '', '1050', '2050', '', '', 'Pics', 'Yellow', 'L', '', 1566),
('Gents Panjabi', 'Gents Panjabi', 'IND-IN-0009', 'IND-IN', 'Gents Panjabi', '', '1050', '2050', '', '', 'Pics', 'Yellow', 'XL', '', 1567),
('Gents Panjabi', 'Gents Panjabi', 'IND-IN-0010', 'IND-IN', 'Gents Panjabi', '', '1040', '1950', '', '', 'Pics', 'Coffy', 'XL', '', 1568),
('Gents Panjabi', 'Gents Panjabi', 'IND-IN-0011', 'IND-IN', 'Gents Panjabi', '', '1040', '1950', '', '', 'Pics', 'Blue', 'M', '', 1569),
('Gents Panjabi', 'Gents Panjabi', 'IND-IN-0012', 'IND-IN', 'Gents Panjabi', '', '1040', '1950', '', '', 'Pics', 'Blue', 'XL', '', 1570),
('Gents Panjabi', 'Gents Panjabi', 'IND-IN-0013', 'IND-IN', 'Gents Panjabi', '', '1040', '1950', '', '', 'Pics', 'Coffy', 'L', '', 1571),
('Gents Panjabi', 'Gents Panjabi', 'IND-IN-0014', 'IND-IN', 'Gents Panjabi', '', '1040', '1950', '', '', 'Pics', 'Coffy', 'M', '', 1572),
('Gents Panjabi', 'Gents Panjabi', 'IND-IN-0015', 'IND-IN', 'Gents Panjabi', '', '1125', '2100', '', '', 'Pics', 'Red', 'M', '', 1573),
('Gents Panjabi', 'Gents Panjabi', 'IND-IN-0016', 'IND-IN', 'Gents Panjabi', '', '1125', '2100', '', '', 'Pics', 'Red', 'L', '', 1574),
('Gents Panjabi', 'Gents Panjabi', 'IND-IN-0017', 'IND-IN', 'Gents Panjabi', '', '1125', '2100', '', '', 'Pics', 'Red', 'XL', '', 1575),
('Gents Panjabi', 'Gents Panjabi', 'IND-IN-0018', 'IND-IN', 'Gents Panjabi', '', '1800', '3200', '', '', 'Pics', 'White', 'M', '', 1576),
('Ladies Coti', 'Ladies Coti', 'IND-AW-0001', 'IND-AW', 'Ladies Coti', '', '700', '1350', '', '', 'Pics', 'Mixed', 'F', '', 1577),
('Ladies Coti', 'Ladies Coti', 'IND-AW-0002', 'IND-AW', 'Ladies Coti', '', '700', '1350', '', '', 'Pics', 'Mixed', 'F', '', 1578),
('Ladies Coti', 'Ladies Coti', 'IND-AW-0003', 'IND-AW', 'Ladies Coti', '', '700', '1350', '', '', 'Pics', 'Mixed', 'F', '', 1579),
('Ladies Coti', 'Ladies Coti', 'IND-AW-0004', 'IND-AW', 'Ladies Coti', '', '700', '1350', '', '', 'Pics', 'Black', 'F', '', 1580),
('Ladies Coti', 'Ladies Coti', 'IND-AW-0005', 'IND-AW', 'Ladies Coti', '', '700', '1350', '', '', 'Pics', 'Purple', 'F', '', 1581),
('Ladies Coti', 'Ladies Coti', 'IND-AW-0006', 'IND-AW', 'Ladies Coti', '', '700', '1350', '', '', 'Pics', 'Purple', 'F', '', 1582),
('Ladies Coti', 'Ladies Coti', 'IND-AW-0007', 'IND-AW', 'Ladies Coti', '', '700', '1350', '', '', 'Pics', 'Yellow', 'F', '', 1583),
('Ladies Coti', 'Ladies Coti', 'IND-AW-0008', 'IND-AW', 'Ladies Coti', '', '700', '1350', '', '', 'Pics', 'Mixed', 'F', '', 1584),
('Ladies Coti', 'Ladies Coti', 'IND-AW-0009', 'IND-AW', 'Ladies Coti', '', '700', '1350', '', '', 'Pics', 'Mixed', 'F', '', 1585),
('Ladies Coti', 'Ladies Coti', 'IND-AW-0010', 'IND-AW', 'Ladies Coti', '', '700', '1350', '', '', 'Pics', 'White', 'F', '', 1586),
('Ladies Coti', 'Ladies Coti', 'IND-AW-0011', 'IND-AW', 'Ladies Coti', '', '700', '1350', '', '', 'Pics', 'White', 'F', '', 1587),
('Ladies Coti', 'Ladies Coti', 'IND-AW-0012', 'IND-AW', 'Ladies Coti', '', '700', '1350', '', '', 'Pics', 'White', 'F', '', 1588),
('Ladies Coti', 'Ladies Coti', 'IND-AW-0013', 'IND-AW', 'Ladies Coti', '', '700', '1350', '', '', 'Pics', 'Mixed', 'F', '', 1589),
('Ladies Coti', 'Ladies Coti', 'IND-AW-0014', 'IND-AW', 'Ladies Coti', '', '700', '1350', '', '', 'Pics', 'Mixed', 'F', '', 1590),
('Ladies Coti', 'Ladies Coti', 'IND-AW-0015', 'IND-AW', 'Ladies Coti', '', '700', '1350', '', '', 'Pics', 'Mixed', 'F', '', 1591),
('Ladies Coti', 'Ladies Coti', 'IND-AW-0016', 'IND-AW', 'Ladies Coti', '', '700', '1350', '', '', 'Pics', 'Mixed', 'F', '', 1592),
('Ladies Coti', 'Ladies Coti', 'IND-AW-0017', 'IND-AW', 'Ladies Coti', '', '700', '1350', '', '', 'Pics', 'Purple', 'F', '', 1593),
('Ladies Coti', 'Ladies Coti', 'IND-AW-0018', 'IND-AW', 'Ladies Coti', '', '700', '1350', '', '', 'Pics', 'Silver', 'F', '', 1594),
('Ladies Coti', 'Ladies Coti', 'IND-AW-0019', 'IND-AW', 'Ladies Coti', '', '700', '1350', '', '', 'Pics', 'Yellow', 'F', '', 1595),
('Ladies Coti', 'Ladies Coti', 'IND-AW-0020', 'IND-AW', 'Ladies Coti', '', '700', '1350', '', '', 'Pics', 'White', 'F', '', 1596),
('Gents Huddy Half Slip', 'Gents Huddy Half Slip', 'EX-0080', 'EX', 'Gents Huddy Half Slip', '', '360', '850', '1156', '', 'Pics', 'Blue', 'F', '', 1597),
('Gents Huddy Half Slip', 'Gents Huddy Half Slip', 'EX-0083', 'EX', 'Gents Huddy Half Slip', '', '360', '850', '1156', '', 'Pics', 'Silver', 'F', '', 1598),
('Gents Huddy Half Slip', 'Gents Huddy Half Slip', 'EX-0079', 'EX', 'Gents Huddy Half Slip', '', '360', '850', '1156', '', 'Pics', 'Coffy', 'F', '', 1599),
('Gents Huddy Half Slip', 'Gents Huddy Half Slip', 'EX-0102', 'EX', 'Gents Huddy Half Slip', '', '320', '850', '1195', '', 'Pics', 'Mixed', 'F', '', 1600),
('Gents Huddy Half Slip', 'Gents Huddy Half Slip', 'EX-0103', 'EX', 'Gents Huddy Half Slip', '', '320', '850', '1195', '', 'Pics', 'Merun', 'F', '', 1601),
('Gents Huddy Half Slip', 'Gents Huddy Half Slip', 'EX-0104', 'EX', 'Gents Huddy Half Slip', '', '350', '850', '1195', '', 'Pics', 'Blue', 'F', '', 1602),
('Gents Huddy Half Slip', 'Gents Huddy Half Slip', 'EX-0100', 'EX', 'Gents Huddy Half Slip', '', '320', '850', '1195', '', 'Pics', 'Merun', 'F', '', 1603),
('Gents Huddy Half Slip', 'Gents Huddy Half Slip', 'EX-0101', 'EX', 'Gents Huddy Half Slip', '', '320', '850', '1195', '', 'Pics', 'Merun', 'F', '', 1604),
('Gents Huddy Full Slip', 'Gents Huddy Full Slip', 'EX-0092', 'EX', 'Gents Huddy Full Slip', '', '380', '950', '1195', '', 'Pics', 'Red', 'F', '', 1605),
('Gents Huddy Full Slip', 'Gents Huddy Full Slip', 'EX-0105', 'EX', 'Gents Huddy Full Slip', '', '380', '950', '1195', '', 'Pics', 'Black', 'F', '', 1606),
('Gents Huddy Full Slip', 'Gents Huddy Full Slip', 'EX-0085', 'EX', 'Gents Huddy Full Slip', '', '380', '950', '1195', '', 'Pics', 'Black', 'F', '', 1607),
('Gents Huddy Full Slip', 'Gents Huddy Full Slip', 'EX-0087', 'EX', 'Gents Huddy Full Slip', '', '380', '950', '1195', '', 'Pics', 'Pest', 'F', '', 1608),
('Gents Huddy Full Slip', 'Gents Huddy Full Slip', 'EX-0088', 'EX', 'Gents Huddy Full Slip', '', '380', '950', '1195', '', 'Pics', 'Black', 'F', '', 1609),
('Gents Huddy Full Slip', 'Gents Huddy Full Slip', 'EX-0094', 'EX', 'Gents Huddy Full Slip', '', '380', '950', '1195', '', 'Pics', 'Yellow', 'F', '', 1610),
('Gents Huddy Full Slip', 'Gents Huddy Full Slip', 'EX-0091', 'EX', 'Gents Huddy Full Slip', '', '380', '950', '1195', '', 'Pics', 'Blue', 'F', '', 1611),
('Gents Huddy Full Slip', 'Gents Huddy Full Slip', 'AK-0002', 'AK', 'Gents Huddy Full Slip', '', '300', '750', '1195', '', 'Pics', 'Mixed', 'F', '', 1612),
('Gents Huddy Full Slip', 'Gents Huddy Full Slip', 'AK-0003', 'AK', 'Gents Huddy Full Slip', '', '300', '750', '1195', '', 'Pics', 'Mixed', 'F', '', 1613),
('Gents Huddy Full Slip', 'Gents Huddy Full Slip', 'AK-0007', 'AK', 'Gents Huddy Full Slip', '', '300', '750', '1195', '', 'Pics', 'Mixed', 'F', '', 1614),
('Gents Huddy Full Slip', 'Gents Huddy Full Slip', 'AK-0004', 'AK', 'Gents Huddy Full Slip', '', '300', '750', '1195', '', 'Pics', 'Mixed', 'F', '', 1615),
('Gents Huddy Full Slip', 'Gents Huddy Full Slip', 'AK-0008', 'AK', 'Gents Huddy Full Slip', '', '300', '750', '1195', '', 'Pics', 'Mixed', 'F', '', 1616),
('Sweater', 'Sweater', 'IND-DIV-0135', 'IND-DIV', 'Gents Sweater Full Slip', '', '990', '1750', '941', '', 'Pics', 'Mixed', 'F', '', 1617),
('Sweater', 'Sweater', 'IND-DIV-0136', 'IND-DIV', 'Gents Sweater Full Slip', '', '990', '1750', '941', '', 'Pics', 'Mixed', 'F', '', 1618),
('Sweater', 'Sweater', 'IND-DIV-0137', 'IND-DIV', 'Gents Sweater Full Slip', '', '990', '1750', '941', '', 'Pics', 'Mixed', 'F', '', 1619),
('Sweater', 'Sweater', 'IND-DIV-0138', 'IND-DIV', 'Gents Sweater Full Slip', '', '990', '1750', '941', '', 'Pics', 'Mixed', 'F', '', 1620),
('Sweater', 'Sweater', 'IND-MT-0030', 'IND-MT', 'Gents Sweater Full Slip', '', '1200', '2050', '5', '', 'Pics', 'Mixed', '40', '', 1621),
('Sweater', 'Sweater', 'IND-MT-0031', 'IND-MT', 'Gents Sweater Full Slip', '', '1200', '2050', '5', '', 'Pics', 'Mixed', '31', '', 1622),
('Sweater', 'Sweater', 'IND-MT-0032', 'IND-MT', 'Gents Sweater Full Slip', '', '1200', '2050', '5', '', 'Pics', 'Mixed', '42', '', 1623),
('Sweater', 'Sweater', 'IND-MT-0033', 'IND-MT', 'Gents Sweater Half Slip', '', '1200', '1650', '5', '', 'Pics', 'Mixed', '38', '', 1624),
('Sweater', 'Sweater', 'IND-MT-0034', 'IND-MT', 'Gents Sweater Half Slip', '', '1200', '1650', '5', '', 'Pics', 'Mixed', '38', '', 1625),
('Jacket', 'Jacket', 'IND-DIV-0139', 'IND-DIV', 'Gents Jacket', '', '2000', '3250', '941', '', 'Pics', 'Mixed', 'F', '', 1626),
('Jacket', 'Jacket', 'IND-DIV-0140', 'IND-DIV', 'Gents Jacket', '', '2000', '3250', '941', '', 'Pics', 'Mixed', 'F', '', 1627),
('Jacket', 'Jacket', 'IND-DIV-0141', 'IND-DIV', 'Gents Jacket', '', '2000', '3450', '941', '', 'Pics', 'Mixed', 'F', '', 1628),
('Jacket', 'Jacket', 'IND-DIV-0142', 'IND-DIV', 'Gents Jacket', '', '2000', '3350', '941', '', 'Pics', 'Mixed', 'F', '', 1629);

-- --------------------------------------------------------

--
-- Table structure for table `Purchase`
--

CREATE TABLE IF NOT EXISTS `Purchase` (
  `id` int(11) NOT NULL,
  `vendor_id` int(11) DEFAULT NULL,
  `invoice` varchar(255) COLLATE utf8_unicode_ci DEFAULT NULL,
  `chalan` varchar(255) COLLATE utf8_unicode_ci DEFAULT NULL,
  `memo` varchar(255) COLLATE utf8_unicode_ci DEFAULT NULL,
  `paymentType` varchar(255) COLLATE utf8_unicode_ci DEFAULT NULL,
  `receiveDate` datetime DEFAULT NULL,
  `created` datetime NOT NULL,
  `totalAmount` double DEFAULT NULL,
  `paymentAmount` double DEFAULT NULL,
  `dueAmount` double DEFAULT NULL,
  `advanceAmount` double DEFAULT NULL,
  `vatAmount` double DEFAULT NULL,
  `taxAmount` double DEFAULT NULL,
  `commissionAmount` double DEFAULT NULL,
  `totalQnt` int(11) DEFAULT NULL,
  `totalItem` int(11) DEFAULT NULL,
  `paymentMethod` varchar(255) COLLATE utf8_unicode_ci DEFAULT NULL,
  `status` tinyint(1) NOT NULL,
  `path` varchar(255) COLLATE utf8_unicode_ci DEFAULT NULL,
  `inventoryConfig_id` int(11) DEFAULT NULL,
  `createdBy_id` int(11) DEFAULT NULL,
  `approvedBy_id` int(11) DEFAULT NULL,
  `process` varchar(255) COLLATE utf8_unicode_ci DEFAULT NULL,
  `grn` varchar(255) COLLATE utf8_unicode_ci DEFAULT NULL,
  `code` int(11) DEFAULT NULL,
  `updated` datetime NOT NULL
) ENGINE=InnoDB AUTO_INCREMENT=111 DEFAULT CHARSET=utf8 COLLATE=utf8_unicode_ci;

--
-- Dumping data for table `Purchase`
--

INSERT INTO `Purchase` (`id`, `vendor_id`, `invoice`, `chalan`, `memo`, `paymentType`, `receiveDate`, `created`, `totalAmount`, `paymentAmount`, `dueAmount`, `advanceAmount`, `vatAmount`, `taxAmount`, `commissionAmount`, `totalQnt`, `totalItem`, `paymentMethod`, `status`, `path`, `inventoryConfig_id`, `createdBy_id`, `approvedBy_id`, `process`, `grn`, `code`, `updated`) VALUES
(1, 1, NULL, '1', '589', NULL, '2016-06-01 00:00:00', '2016-05-27 12:33:02', NULL, NULL, NULL, NULL, NULL, NULL, NULL, NULL, NULL, NULL, 1, NULL, 7, 38, NULL, 'approved', '201605270001', 1, '2016-05-27 12:33:02'),
(2, 1, NULL, '1', '626', NULL, '2016-06-01 00:00:00', '2016-05-27 12:33:03', NULL, NULL, NULL, NULL, NULL, NULL, NULL, NULL, NULL, NULL, 1, NULL, 7, 38, NULL, 'approved', '201605270002', 2, '2016-05-27 12:33:03'),
(3, 2, NULL, '1', '70', NULL, '2016-05-27 12:33:04', '2016-05-27 12:33:04', NULL, NULL, NULL, NULL, NULL, NULL, NULL, NULL, NULL, NULL, 1, NULL, 7, 38, NULL, 'approved', '201605270003', 3, '2016-05-27 12:33:04'),
(4, 3, NULL, '1', '124', NULL, '2016-05-27 12:33:04', '2016-05-27 12:33:04', NULL, NULL, NULL, NULL, NULL, NULL, NULL, NULL, NULL, NULL, 1, NULL, 7, 38, NULL, 'approved', '201605270004', 4, '2016-05-27 12:33:04'),
(5, 4, NULL, '1', '589', NULL, '2016-05-30 13:51:51', '2016-05-30 13:51:51', 4530, 4530, NULL, NULL, NULL, NULL, NULL, 6, 3, NULL, 1, NULL, 2, 16, 16, 'approved', '201605300001', 1, '2016-05-30 17:17:15'),
(6, 4, NULL, '1', '626', NULL, '2016-05-30 13:51:52', '2016-05-30 13:51:52', 5100, 5100, NULL, NULL, NULL, NULL, NULL, 6, 1, NULL, 1, NULL, 2, 16, 16, 'approved', '201605300002', 2, '2016-05-30 17:17:15'),
(7, 5, NULL, '1', '332', NULL, '2016-05-30 13:51:53', '2016-05-30 13:51:53', 11250, 11250, NULL, NULL, NULL, NULL, NULL, 15, 7, NULL, 1, NULL, 2, 16, 16, 'approved', '201605300003', 3, '2016-05-30 17:17:15'),
(8, 5, NULL, '1', '356', NULL, '2016-05-30 13:51:54', '2016-05-30 13:51:54', 12300, 12300, NULL, NULL, NULL, NULL, NULL, 17, 6, NULL, 1, NULL, 2, 16, 16, 'approved', '201605300004', 4, '2016-05-30 17:17:15'),
(9, 4, NULL, '1', '598', NULL, '2016-05-30 13:51:55', '2016-05-30 13:51:55', 4130, 4130, NULL, NULL, NULL, NULL, NULL, 6, 3, NULL, 1, NULL, 2, 16, 16, 'approved', '201605300005', 5, '2016-05-30 17:17:15'),
(10, 6, NULL, '1', '1958', NULL, '2016-05-30 13:51:55', '2016-05-30 13:51:55', 20400, 20400, NULL, NULL, NULL, NULL, NULL, 27, 3, NULL, 1, NULL, 2, 16, 16, 'approved', '201605300006', 6, '2016-05-30 17:17:15'),
(11, 6, NULL, '1', '977', NULL, '2016-05-30 13:51:57', '2016-05-30 13:51:57', 12000, 12000, NULL, NULL, NULL, NULL, NULL, 23, 3, NULL, 1, NULL, 2, 16, 16, 'approved', '201605300007', 7, '2016-05-30 17:17:15'),
(12, 7, NULL, '1', '1511022', NULL, '2016-05-30 13:52:02', '2016-05-30 13:52:02', 6675, 6675, NULL, NULL, NULL, NULL, NULL, 9, 4, NULL, 1, NULL, 2, 16, 16, 'approved', '201605300008', 8, '2016-05-30 17:17:15'),
(13, 8, NULL, '1', 'NAI', NULL, '2016-05-30 13:52:03', '2016-05-30 13:52:03', 850, 850, NULL, NULL, NULL, NULL, NULL, 1, 1, NULL, 1, NULL, 2, 16, 16, 'approved', '201605300009', 9, '2016-05-30 17:17:15'),
(14, 8, NULL, '1', '9999', NULL, '2016-05-30 13:52:04', '2016-05-30 13:52:04', 9110, 9110, NULL, NULL, NULL, NULL, NULL, 11, 3, NULL, 1, NULL, 2, 16, 16, 'approved', '201605300010', 10, '2016-05-30 17:17:15'),
(15, 9, NULL, '1', '9999', NULL, '2016-05-30 13:52:05', '2016-05-30 13:52:05', 850, 850, NULL, NULL, NULL, NULL, NULL, 1, 1, NULL, 1, NULL, 2, 16, 16, 'approved', '201605300011', 11, '2016-05-30 17:17:15'),
(16, 5, NULL, '1', '278', NULL, '2016-05-30 13:52:06', '2016-05-30 13:52:06', 1950, 1950, NULL, NULL, NULL, NULL, NULL, 3, 1, NULL, 1, NULL, 2, 16, 16, 'approved', '201605300012', 12, '2016-05-30 17:17:15'),
(17, 10, NULL, '1', '1195', NULL, '2016-05-30 13:52:10', '2016-05-30 13:52:10', 7280, 7280, NULL, NULL, NULL, NULL, NULL, 22, 6, NULL, 1, NULL, 2, 16, 16, 'approved', '201605300013', 13, '2016-05-30 17:17:15'),
(18, 11, NULL, '1', '143', NULL, '2016-05-30 13:52:10', '2016-05-30 13:52:10', 4710, 4710, NULL, NULL, NULL, NULL, NULL, 18, 6, NULL, 1, NULL, 2, 16, 16, 'approved', '201605300014', 14, '2016-05-30 17:17:15'),
(19, 12, NULL, '1', '300', NULL, '2016-05-30 13:52:11', '2016-05-30 13:52:11', 240, 240, NULL, NULL, NULL, NULL, NULL, 2, 1, NULL, 1, NULL, 2, 16, 16, 'approved', '201605300015', 15, '2016-05-30 17:17:15'),
(20, 13, NULL, '1', '9999', NULL, '2016-05-30 13:52:12', '2016-05-30 13:52:12', 150, 150, NULL, NULL, NULL, NULL, NULL, 1, 1, NULL, 1, NULL, 2, 16, 16, 'approved', '201605300016', 16, '2016-05-30 17:17:15'),
(21, 14, NULL, '1', '70', NULL, '2016-05-30 13:52:13', '2016-05-30 13:52:13', 8850, 8850, NULL, NULL, NULL, NULL, NULL, 29, 3, NULL, 1, NULL, 2, 16, 16, 'approved', '201605300017', 17, '2016-05-30 17:17:15'),
(22, 15, NULL, '1', '1', NULL, '2016-05-30 13:52:16', '2016-05-30 13:52:16', 21900, 21900, NULL, NULL, NULL, NULL, NULL, 30, 1, NULL, 1, NULL, 2, 16, 16, 'approved', '201605300018', 18, '2016-05-30 17:17:15'),
(23, 16, NULL, '1', '2', NULL, '2016-05-30 13:52:17', '2016-05-30 13:52:17', 28990, 28990, NULL, NULL, NULL, NULL, NULL, 28, 8, NULL, 1, NULL, 2, 16, 16, 'approved', '201605300019', 19, '2016-05-30 17:17:15'),
(24, 17, NULL, '1', '819', NULL, '2016-05-30 13:52:24', '2016-05-30 13:52:24', 14325, 14325, NULL, NULL, NULL, NULL, NULL, 13, 5, NULL, 1, NULL, 2, 16, 16, 'approved', '201605300020', 20, '2016-05-30 17:17:15'),
(25, 18, NULL, '1', '941', NULL, '2016-05-30 13:52:27', '2016-05-30 13:52:27', 44260, 44260, NULL, NULL, NULL, NULL, NULL, 43, 9, NULL, 1, NULL, 2, 16, 16, 'approved', '201605300021', 21, '2016-05-30 17:17:15'),
(26, 18, NULL, '1', '939', NULL, '2016-05-30 13:52:29', '2016-05-30 13:52:29', 4315, 4315, NULL, NULL, NULL, NULL, NULL, 4, 2, NULL, 1, NULL, 2, 16, 16, 'approved', '201605300022', 22, '2016-05-30 17:17:15'),
(27, 18, NULL, '1', '393', NULL, '2016-05-30 13:52:31', '2016-05-30 13:52:31', 5760, 5760, NULL, NULL, NULL, NULL, NULL, 6, 2, NULL, 1, NULL, 2, 16, 16, 'approved', '201605300023', 23, '2016-05-30 17:17:15'),
(28, 18, NULL, '1', '3', NULL, '2016-05-30 13:52:32', '2016-05-30 13:52:32', 4425, 4425, NULL, NULL, NULL, NULL, NULL, 5, 1, NULL, 1, NULL, 2, 16, 16, 'approved', '201605300024', 24, '2016-05-30 17:17:15'),
(29, 19, NULL, '1', '201', NULL, '2016-05-30 13:52:34', '2016-05-30 13:52:34', 8530, 8530, NULL, NULL, NULL, NULL, NULL, 10, 4, NULL, 1, NULL, 2, 16, 16, 'approved', '201605300025', 25, '2016-05-30 17:17:15'),
(30, 20, NULL, '1', '3246', NULL, '2016-05-30 13:52:38', '2016-05-30 13:52:38', 4610, 4610, NULL, NULL, NULL, NULL, NULL, 8, 2, NULL, 1, NULL, 2, 16, 16, 'approved', '201605300026', 26, '2016-05-30 17:17:15'),
(31, 20, NULL, '1', '3250', NULL, '2016-05-30 13:52:39', '2016-05-30 13:52:39', 1100, 1100, NULL, NULL, NULL, NULL, NULL, 2, 1, NULL, 1, NULL, 2, 16, 16, 'approved', '201605300027', 27, '2016-05-30 17:17:15'),
(32, 20, NULL, '1', '3248', NULL, '2016-05-30 13:52:40', '2016-05-30 13:52:40', 580, 580, NULL, NULL, NULL, NULL, NULL, 1, 1, NULL, 1, NULL, 2, 16, 16, 'approved', '201605300028', 28, '2016-05-30 17:17:15'),
(33, 20, NULL, '1', '3258', NULL, '2016-05-30 13:52:41', '2016-05-30 13:52:41', 7700, 7700, NULL, NULL, NULL, NULL, NULL, 14, 1, NULL, 1, NULL, 2, 16, 16, 'approved', '201605300029', 29, '2016-05-30 17:17:15'),
(34, 20, NULL, '1', '3240', NULL, '2016-05-30 13:52:42', '2016-05-30 13:52:42', 30300, 30300, NULL, NULL, NULL, NULL, NULL, 31, 4, NULL, 1, NULL, 2, 16, 16, 'approved', '201605300030', 30, '2016-05-30 17:17:15'),
(35, 14, NULL, '1', '43', NULL, '2016-05-30 13:52:49', '2016-05-30 13:52:49', 6670, 6670, NULL, NULL, NULL, NULL, NULL, 23, 1, NULL, 1, NULL, 2, 16, 16, 'approved', '201605300031', 31, '2016-05-30 17:17:15'),
(36, 14, NULL, '1', '35', NULL, '2016-05-30 13:52:50', '2016-05-30 13:52:50', 290, 290, NULL, NULL, NULL, NULL, NULL, 1, 1, NULL, 1, NULL, 2, 16, 16, 'approved', '201605300032', 32, '2016-05-30 17:17:15'),
(37, 21, NULL, '1', '5310', NULL, '2016-05-30 13:52:54', '2016-05-30 13:52:54', 5055, 5055, NULL, NULL, NULL, NULL, NULL, 25, 7, NULL, 1, NULL, 2, 16, 16, 'approved', '201605300033', 33, '2016-05-30 17:17:15'),
(38, 22, NULL, '1', '1387', NULL, '2016-05-30 13:52:57', '2016-05-30 13:52:57', 3880, 3880, NULL, NULL, NULL, NULL, NULL, 10, 7, NULL, 1, NULL, 2, 16, 16, 'approved', '201605300034', 34, '2016-05-30 17:17:15'),
(39, 22, NULL, '1', '664', NULL, '2016-05-30 13:52:59', '2016-05-30 13:52:59', 3700, 3700, NULL, NULL, NULL, NULL, NULL, 9, 7, NULL, 1, NULL, 2, 16, 16, 'approved', '201605300035', 35, '2016-05-30 17:17:15'),
(40, 22, NULL, '1', '1386', NULL, '2016-05-30 13:53:01', '2016-05-30 13:53:01', 3080, 3080, NULL, NULL, NULL, NULL, NULL, 9, 5, NULL, 1, NULL, 2, 16, 16, 'approved', '201605300036', 36, '2016-05-30 17:17:15'),
(41, 23, NULL, '1', '10', NULL, '2016-05-30 13:53:02', '2016-05-30 13:53:02', 5490, 5490, NULL, NULL, NULL, NULL, NULL, 13, 3, NULL, 1, NULL, 2, 16, 16, 'approved', '201605300037', 37, '2016-05-30 17:17:15'),
(42, 23, NULL, '1', '6829', NULL, '2016-05-30 13:53:04', '2016-05-30 13:53:04', 5050, 5050, NULL, NULL, NULL, NULL, NULL, 12, 3, NULL, 1, NULL, 2, 16, 16, 'approved', '201605300038', 38, '2016-05-30 17:17:15'),
(43, 24, NULL, '1', '941', NULL, '2016-05-30 13:53:09', '2016-05-30 13:53:09', 2250, 2250, NULL, NULL, NULL, NULL, NULL, 3, 1, NULL, 1, NULL, 2, 16, 16, 'approved', '201605300039', 39, '2016-05-30 17:17:15'),
(44, 20, NULL, '1', '3243', NULL, '2016-05-30 13:53:11', '2016-05-30 13:53:11', 550, 550, NULL, NULL, NULL, NULL, NULL, 1, 1, NULL, 1, NULL, 2, 16, 16, 'approved', '201605300040', 40, '2016-05-30 17:17:15'),
(45, 25, NULL, '1', '53', NULL, '2016-05-30 13:53:12', '2016-05-30 13:53:12', 3100, 3100, NULL, NULL, NULL, NULL, NULL, 10, 1, NULL, 1, NULL, 2, 16, 16, 'approved', '201605300041', 41, '2016-05-30 17:17:15'),
(46, 26, NULL, '1', '4', NULL, '2016-05-30 13:53:15', '2016-05-30 13:53:15', 23025, 23025, NULL, NULL, NULL, NULL, NULL, 11, 2, NULL, 1, NULL, 2, 16, 16, 'approved', '201605300042', 42, '2016-05-30 17:17:15'),
(47, 18, NULL, '1', 'Not provided', NULL, '2016-05-30 13:53:18', '2016-05-30 13:53:18', 950, 950, NULL, NULL, NULL, NULL, NULL, 1, 1, NULL, 1, NULL, 2, 16, 16, 'approved', '201605300043', 43, '2016-05-30 17:17:15'),
(48, 18, NULL, '1', '9999', NULL, '2016-05-30 13:53:19', '2016-05-30 13:53:19', 18200, 18200, NULL, NULL, NULL, NULL, NULL, 20, 2, NULL, 1, NULL, 2, 16, 16, 'approved', '201605300044', 44, '2016-05-30 17:17:15'),
(49, 10, NULL, '1', '801', NULL, '2016-05-30 13:53:24', '2016-05-30 13:53:24', 10490, 10490, NULL, NULL, NULL, NULL, NULL, 38, 4, NULL, 1, NULL, 2, 16, 16, 'approved', '201605300045', 45, '2016-05-30 17:17:15'),
(50, 27, NULL, '1', '124', NULL, '2016-05-30 13:53:30', '2016-05-30 13:53:30', 18600, 18600, NULL, NULL, NULL, NULL, NULL, 34, 4, NULL, 1, NULL, 2, 16, 16, 'approved', '201605300046', 46, '2016-05-30 17:17:15'),
(51, 27, NULL, '1', '413', NULL, '2016-05-30 13:53:35', '2016-05-30 13:53:35', 21980, 21980, NULL, NULL, NULL, NULL, NULL, 53, 9, NULL, 1, NULL, 2, 16, 16, 'approved', '201605300047', 47, '2016-05-30 17:17:15'),
(52, 28, NULL, '1', '413', NULL, '2016-05-30 13:53:41', '2016-05-30 13:53:41', 1050, 1050, NULL, NULL, NULL, NULL, NULL, 2, 1, NULL, 1, NULL, 2, 16, 16, 'approved', '201605300048', 48, '2016-05-30 17:17:15'),
(53, 29, NULL, '1', '854', NULL, '2016-05-30 13:53:42', '2016-05-30 13:53:42', 31300, 31300, NULL, NULL, NULL, NULL, NULL, 20, 4, NULL, 1, NULL, 2, 16, 16, 'approved', '201605300049', 49, '2016-05-30 17:17:15'),
(54, 23, NULL, '1', 'NAI', NULL, '2016-05-30 13:53:47', '2016-05-30 13:53:47', 1200, 1200, NULL, NULL, NULL, NULL, NULL, 1, 1, NULL, 1, NULL, 2, 16, 16, 'approved', '201605300050', 50, '2016-05-30 17:17:15'),
(55, 23, NULL, '1', '9999', NULL, '2016-05-30 13:53:48', '2016-05-30 13:53:48', 20400, 20400, NULL, NULL, NULL, NULL, NULL, 17, 1, NULL, 1, NULL, 2, 16, 16, 'approved', '201605300051', 51, '2016-05-30 17:17:15'),
(56, 23, NULL, '1', '413', NULL, '2016-05-30 13:53:58', '2016-05-30 13:53:58', 1200, 1200, NULL, NULL, NULL, NULL, NULL, 1, 1, NULL, 1, NULL, 2, 16, 16, 'approved', '201605300052', 52, '2016-05-30 17:17:15'),
(57, 20, NULL, '1', '3275', NULL, '2016-05-30 13:54:02', '2016-05-30 13:54:02', 12150, 12150, NULL, NULL, NULL, NULL, NULL, 9, 2, NULL, 1, NULL, 2, 16, 16, 'approved', '201605300053', 53, '2016-05-30 17:17:15'),
(58, 30, NULL, '1', '265', NULL, '2016-05-30 13:54:06', '2016-05-30 13:54:06', 7200, 7200, NULL, NULL, NULL, NULL, NULL, 4, 1, NULL, 1, NULL, 2, 16, 16, 'approved', '201605300054', 54, '2016-05-30 17:17:15'),
(59, 23, NULL, '1', '265', NULL, '2016-05-30 13:54:08', '2016-05-30 13:54:08', 1200, 1200, NULL, NULL, NULL, NULL, NULL, 1, 1, NULL, 1, NULL, 2, 16, 16, 'approved', '201605300055', 55, '2016-05-30 17:17:15'),
(60, 30, NULL, '1', '262', NULL, '2016-05-30 13:54:13', '2016-05-30 13:54:13', 8800, 8800, NULL, NULL, NULL, NULL, NULL, 11, 1, NULL, 1, NULL, 2, 16, 16, 'approved', '201605300056', 56, '2016-05-30 17:17:15'),
(61, 31, NULL, '1', '1781', NULL, '2016-05-30 13:54:18', '2016-05-30 13:54:18', 17366, 17366, NULL, NULL, NULL, NULL, NULL, 79, 10, NULL, 1, NULL, 2, 16, 16, 'approved', '201605300057', 57, '2016-05-30 17:17:15'),
(62, 28, NULL, '1', '4539', NULL, '2016-05-30 13:54:35', '2016-05-30 13:54:35', 935, 935, NULL, NULL, NULL, NULL, NULL, 11, 1, NULL, 1, NULL, 2, 16, 16, 'approved', '201605300058', 58, '2016-05-30 17:17:15'),
(63, 28, NULL, '1', 'NAI', NULL, '2016-05-30 13:54:37', '2016-05-30 13:54:37', 85, 85, NULL, NULL, NULL, NULL, NULL, 1, 1, NULL, 1, NULL, 2, 16, 16, 'approved', '201605300059', 59, '2016-05-30 17:17:15'),
(64, 28, NULL, '1', '9999', NULL, '2016-05-30 13:54:38', '2016-05-30 13:54:38', 2147, 2147, NULL, NULL, NULL, NULL, NULL, 19, 3, NULL, 1, NULL, 2, 16, 16, 'approved', '201605300060', 60, '2016-05-30 17:17:15'),
(65, 32, NULL, '1', '1411', NULL, '2016-05-30 13:54:42', '2016-05-30 13:54:42', 43100, 43100, NULL, NULL, NULL, NULL, NULL, 37, 9, NULL, 1, NULL, 2, 16, 16, 'approved', '201605300061', 61, '2016-05-30 17:17:15'),
(66, 32, NULL, '1', '1226', NULL, '2016-05-30 13:54:46', '2016-05-30 13:54:46', 66550, 66550, NULL, NULL, NULL, NULL, NULL, 48, 9, NULL, 1, NULL, 2, 16, 16, 'approved', '201605300062', 62, '2016-05-30 17:17:15'),
(67, 32, NULL, '1', '1287', NULL, '2016-05-30 13:54:47', '2016-05-30 13:54:47', 7700, 7700, NULL, NULL, NULL, NULL, NULL, 6, 4, NULL, 1, NULL, 2, 16, 16, 'approved', '201605300063', 63, '2016-05-30 17:17:15'),
(68, 32, NULL, '1', '1262', NULL, '2016-05-30 13:55:00', '2016-05-30 13:55:00', 18150, 18150, NULL, NULL, NULL, NULL, NULL, 15, 3, NULL, 1, NULL, 2, 16, 16, 'approved', '201605300064', 64, '2016-05-30 17:17:15'),
(69, 33, NULL, '1', '460', NULL, '2016-05-30 13:55:23', '2016-05-30 13:55:23', 16900, 16900, NULL, NULL, NULL, NULL, NULL, 15, 5, NULL, 1, NULL, 2, 16, 16, 'approved', '201605300065', 65, '2016-05-30 17:17:15'),
(70, 33, NULL, '1', '279', NULL, '2016-05-30 13:55:28', '2016-05-30 13:55:28', 12200, 12200, NULL, NULL, NULL, NULL, NULL, 10, 3, NULL, 1, NULL, 2, 16, 16, 'approved', '201605300066', 66, '2016-05-30 17:17:15'),
(71, 34, NULL, '1', '97', NULL, '2016-05-30 13:55:34', '2016-05-30 13:55:34', 66600, 66600, NULL, NULL, NULL, NULL, NULL, 47, 5, NULL, 1, NULL, 2, 16, 16, 'approved', '201605300067', 67, '2016-05-30 17:17:15'),
(72, 35, NULL, '1', '569', NULL, '2016-05-30 13:55:52', '2016-05-30 13:55:52', 74600, 74600, NULL, NULL, NULL, NULL, NULL, 63, 7, NULL, 1, NULL, 2, 16, 16, 'approved', '201605300068', 68, '2016-05-30 17:17:15'),
(73, 36, NULL, '1', 'NAI', NULL, '2016-05-30 13:56:17', '2016-05-30 13:56:17', 600, 600, NULL, NULL, NULL, NULL, NULL, 3, 3, NULL, 1, NULL, 2, 16, 16, 'approved', '201605300069', 69, '2016-05-30 17:17:15'),
(74, 36, NULL, '1', '9999', NULL, '2016-05-30 13:56:18', '2016-05-30 13:56:18', 36230, 36230, NULL, NULL, NULL, NULL, NULL, 191, 6, NULL, 1, NULL, 2, 16, 16, 'approved', '201605300070', 70, '2016-05-30 17:17:15'),
(75, 37, NULL, '1', '504', NULL, '2016-05-30 13:56:31', '2016-05-30 13:56:31', 4950, 4950, NULL, NULL, NULL, NULL, NULL, 5, 4, NULL, 1, NULL, 2, 16, 16, 'approved', '201605300071', 71, '2016-05-30 17:17:15'),
(76, 37, NULL, '1', '770', NULL, '2016-05-30 13:56:36', '2016-05-30 13:56:36', 1000, 1000, NULL, NULL, NULL, NULL, NULL, 1, 1, NULL, 1, NULL, 2, 16, 16, 'approved', '201605300072', 72, '2016-05-30 17:17:15'),
(77, 37, NULL, '1', '832', NULL, '2016-05-30 13:56:36', '2016-05-30 13:56:36', 850, 850, NULL, NULL, NULL, NULL, NULL, 1, 1, NULL, 1, NULL, 2, 16, 16, 'approved', '201605300073', 73, '2016-05-30 17:17:15'),
(78, 37, NULL, '1', '785', NULL, '2016-05-30 13:56:37', '2016-05-30 13:56:37', 20800, 20800, NULL, NULL, NULL, NULL, NULL, 20, 5, NULL, 1, NULL, 2, 16, 16, 'approved', '201605300074', 74, '2016-05-30 17:17:15'),
(79, 37, NULL, '1', '881', NULL, '2016-05-30 13:56:49', '2016-05-30 13:56:49', 31450, 31450, NULL, NULL, NULL, NULL, NULL, 32, 8, NULL, 1, NULL, 2, 16, 16, 'approved', '201605300075', 75, '2016-05-30 17:17:15'),
(80, 38, NULL, '1', 'NAI', NULL, '2016-05-30 13:57:06', '2016-05-30 13:57:06', 1187, 1187, NULL, NULL, NULL, NULL, NULL, 2, 2, NULL, 1, NULL, 2, 16, 16, 'approved', '201605300076', 76, '2016-05-30 17:17:15'),
(81, 38, NULL, '1', '9999', NULL, '2016-05-30 13:57:07', '2016-05-30 13:57:07', 86014, 86014, NULL, NULL, NULL, NULL, NULL, 134, 14, NULL, 1, NULL, 2, 16, 16, 'approved', '201605300077', 77, '2016-05-30 17:17:15'),
(82, 37, NULL, '1', '9999', NULL, '2016-05-30 13:57:25', '2016-05-30 13:57:25', 12000, 12000, NULL, NULL, NULL, NULL, NULL, 15, 1, NULL, 1, NULL, 2, 16, 16, 'approved', '201605300078', 78, '2016-05-30 17:17:15'),
(83, 39, NULL, '1', '9999', NULL, '2016-05-30 13:57:35', '2016-05-30 13:57:35', 103075, 103075, NULL, NULL, NULL, NULL, NULL, 59, 6, NULL, 1, NULL, 2, 16, 16, 'approved', '201605300079', 79, '2016-05-30 17:17:15'),
(84, 40, NULL, '1', '9999', NULL, '2016-05-30 13:58:03', '2016-05-30 13:58:03', 3390, 3390, NULL, NULL, NULL, NULL, NULL, 21, 2, NULL, 1, NULL, 2, 16, 16, 'approved', '201605300080', 80, '2016-05-30 17:17:15'),
(85, 41, NULL, '1', '3218', NULL, '2016-05-30 13:58:11', '2016-05-30 13:58:11', 15700, 15700, NULL, NULL, NULL, NULL, NULL, 11, 7, NULL, 1, NULL, 2, 16, 16, 'approved', '201605300081', 81, '2016-05-30 17:17:15'),
(86, 40, NULL, '1', '3218', NULL, '2016-05-30 13:58:21', '2016-05-30 13:58:21', 1500, 1500, NULL, NULL, NULL, NULL, NULL, 6, 1, NULL, 1, NULL, 2, 16, 16, 'approved', '201605300082', 82, '2016-05-30 17:17:15'),
(87, 41, NULL, '1', 'NAI', NULL, '2016-05-30 13:58:36', '2016-05-30 13:58:36', 400, 400, NULL, NULL, NULL, NULL, NULL, 1, 1, NULL, 1, NULL, 2, 16, 16, 'approved', '201605300083', 83, '2016-05-30 17:17:15'),
(88, 41, NULL, '1', '9999', NULL, '2016-05-30 13:58:37', '2016-05-30 13:58:37', 4400, 4400, NULL, NULL, NULL, NULL, NULL, 11, 1, NULL, 1, NULL, 2, 16, 16, 'approved', '201605300084', 84, '2016-05-30 17:17:15'),
(89, 42, NULL, '1', '9999', NULL, '2016-05-30 13:58:56', '2016-05-30 13:58:56', 3120, 3120, NULL, NULL, NULL, NULL, NULL, 26, 1, NULL, 1, NULL, 2, 16, 16, 'approved', '201605300085', 85, '2016-05-30 17:17:15'),
(90, 43, NULL, '1', '9999', NULL, '2016-05-30 13:59:15', '2016-05-30 13:59:15', 24778, 24778, NULL, NULL, NULL, NULL, NULL, 18, 8, NULL, 1, NULL, 2, 16, 16, 'approved', '201605300086', 86, '2016-05-30 17:17:15'),
(91, 44, NULL, '1', '9999', NULL, '2016-05-30 13:59:36', '2016-05-30 13:59:36', 14000, 14000, NULL, NULL, NULL, NULL, NULL, 20, 1, NULL, 1, NULL, 2, 16, 16, 'approved', '201605300087', 87, '2016-05-30 17:17:15'),
(92, 10, NULL, '1', '1156', NULL, '2016-05-30 13:59:43', '2016-05-30 13:59:43', 1080, 1080, NULL, NULL, NULL, NULL, NULL, 3, 1, NULL, 1, NULL, 2, 16, 16, 'approved', '201605300088', 88, '2016-05-30 17:17:15'),
(93, 45, NULL, '1', '1195', NULL, '2016-05-30 13:59:57', '2016-05-30 13:59:57', 1500, 1500, NULL, NULL, NULL, NULL, NULL, 5, 1, NULL, 1, NULL, 2, 16, 16, 'approved', '201605300089', 89, '2016-05-30 17:17:15'),
(94, 15, NULL, '1', '5', NULL, '2016-05-30 14:00:00', '2016-05-30 14:00:00', 6000, 6000, NULL, NULL, NULL, NULL, NULL, 5, 1, NULL, 1, NULL, 2, 16, 16, 'approved', '201605300090', 90, '2016-05-30 17:17:15'),
(95, 46, NULL, '1', '9999', NULL, '2016-05-30 14:00:22', '2016-05-30 14:00:22', 14950, 14950, NULL, NULL, NULL, NULL, NULL, 13, 1, NULL, 1, NULL, 2, 16, 16, 'approved', '201605300091', 91, '2016-05-30 17:17:15'),
(96, 47, NULL, '1', '9999', NULL, '2016-05-30 14:00:28', '2016-05-30 14:00:28', 6900, 6900, NULL, NULL, NULL, NULL, NULL, 6, 1, NULL, 1, NULL, 2, 16, 16, 'approved', '201605300092', 92, '2016-05-30 17:17:15'),
(97, 48, NULL, '1', '9999', NULL, '2016-05-30 14:00:40', '2016-05-30 14:00:40', 3680, 3680, NULL, NULL, NULL, NULL, NULL, 16, 1, NULL, 1, NULL, 2, 16, 16, 'approved', '201605300093', 93, '2016-05-30 17:17:15'),
(98, 49, NULL, '1', '9999', NULL, '2016-05-30 14:00:56', '2016-05-30 14:00:56', 3520, 3520, NULL, NULL, NULL, NULL, NULL, 32, 2, NULL, 1, NULL, 2, 16, 16, 'approved', '201605300094', 94, '2016-05-30 17:17:15'),
(99, 27, NULL, '1', '9999', NULL, '2016-05-30 14:01:16', '2016-05-30 14:01:16', 4570, 4570, NULL, NULL, NULL, NULL, NULL, 23, 2, NULL, 1, NULL, 2, 16, 16, 'approved', '201605300095', 95, '2016-05-30 17:17:15'),
(100, 50, NULL, '1', '9999', NULL, '2016-05-30 14:01:32', '2016-05-30 14:01:32', 1920, 1920, NULL, NULL, NULL, NULL, NULL, 12, 1, NULL, 1, NULL, 2, 16, 16, 'approved', '201605300096', 96, '2016-05-30 17:17:15'),
(101, 12, NULL, '1', '9999', NULL, '2016-05-30 14:01:39', '2016-05-30 14:01:39', 440, 440, NULL, NULL, NULL, NULL, NULL, 4, 1, NULL, 1, NULL, 2, 16, 16, 'approved', '201605300097', 97, '2016-05-30 17:17:15'),
(102, 51, NULL, '1', '1', NULL, '2016-06-02 10:18:23', '2016-06-02 10:18:23', 25000, 25000, NULL, NULL, NULL, NULL, NULL, 10, 1, NULL, 1, NULL, 9, 37, 37, 'approved', '201606020001', 1, '2016-06-02 10:19:04'),
(103, 52, NULL, '1', '2', NULL, '2016-06-02 10:18:23', '2016-06-02 10:18:23', 15000, 15000, NULL, NULL, NULL, NULL, NULL, 5, 1, NULL, 1, NULL, 9, 37, 37, 'approved', '201606020002', 2, '2016-06-02 10:19:04'),
(104, 53, NULL, '1', '1', NULL, '2016-06-03 23:18:49', '2016-06-03 23:18:49', 25000, 25000, NULL, NULL, NULL, NULL, NULL, 10, 1, NULL, 1, NULL, 6, 34, 34, 'approved', '201606030001', 1, '2016-06-03 23:18:55'),
(105, 54, NULL, '1', '2', NULL, '2016-06-03 23:18:50', '2016-06-03 23:18:50', 15000, 15000, NULL, NULL, NULL, NULL, NULL, 5, 1, NULL, 1, NULL, 6, 34, 34, 'approved', '201606030002', 2, '2016-06-03 23:18:55'),
(106, 53, '2', NULL, '2', NULL, '2016-06-10 00:00:00', '2016-06-03 23:29:09', 1000, 1000, 0, NULL, NULL, NULL, NULL, 10, 2, NULL, 1, NULL, 6, 34, 34, 'approved', '201606030003', 3, '2016-06-03 23:30:57'),
(108, 4, NULL, NULL, '2000', NULL, '2016-05-11 00:00:00', '2016-06-08 09:35:58', 9000, 9000, NULL, NULL, NULL, NULL, NULL, 9, 3, NULL, 1, NULL, 2, 16, NULL, 'create', '201606080001', 1, '2016-06-09 19:36:50'),
(109, 4, NULL, NULL, '1', NULL, '2016-06-05 00:00:00', '2016-06-10 15:43:59', 1000, 1000, 0, NULL, NULL, NULL, NULL, 10, 2, NULL, 1, NULL, 2, 16, 16, 'approved', '201606100001', 1, '2016-06-10 15:50:27'),
(110, 42, '456', NULL, '23', NULL, '2016-08-22 00:00:00', '2016-08-16 18:29:04', 2000, 1000, 1000, NULL, NULL, NULL, NULL, 4, 2, NULL, 1, NULL, 2, 16, NULL, 'created', '201608160001', 1, '2016-08-16 18:29:04');

-- --------------------------------------------------------

--
-- Table structure for table `PurchaseItem`
--

CREATE TABLE IF NOT EXISTS `PurchaseItem` (
  `id` int(11) NOT NULL,
  `item_id` int(11) DEFAULT NULL,
  `name` varchar(255) COLLATE utf8_unicode_ci DEFAULT NULL,
  `quantity` int(11) NOT NULL,
  `purchasePrice` double NOT NULL,
  `code` int(11) DEFAULT NULL,
  `salesPrice` double DEFAULT NULL,
  `purchaseSubTotal` double DEFAULT NULL,
  `salesSubTotal` double DEFAULT NULL,
  `webPrice` double DEFAULT NULL,
  `webSubTotal` double DEFAULT NULL,
  `purchase_id` int(11) DEFAULT NULL,
  `barcode` varchar(255) COLLATE utf8_unicode_ci DEFAULT NULL,
  `purchaseVendorItem_id` int(11) DEFAULT NULL
) ENGINE=InnoDB AUTO_INCREMENT=1171 DEFAULT CHARSET=utf8 COLLATE=utf8_unicode_ci;

--
-- Dumping data for table `PurchaseItem`
--

INSERT INTO `PurchaseItem` (`id`, `item_id`, `name`, `quantity`, `purchasePrice`, `code`, `salesPrice`, `purchaseSubTotal`, `salesSubTotal`, `webPrice`, `webSubTotal`, `purchase_id`, `barcode`, `purchaseVendorItem_id`) VALUES
(1, 1, NULL, 1, 850, 1, 1250, NULL, NULL, 1250, NULL, 1, '001010000001', 1),
(2, 2, NULL, 1, 850, 2, 1250, NULL, NULL, 1250, NULL, 1, '001020000002', 1),
(3, 3, NULL, 1, 650, 3, 1050, NULL, NULL, 1050, NULL, 1, '001030000003', 2),
(4, 4, NULL, 1, 650, 4, 1050, NULL, NULL, 1050, NULL, 1, '001020000004', 2),
(5, 5, NULL, 1, 850, 5, 1550, NULL, NULL, 1550, NULL, 2, '001020000005', 3),
(6, 6, NULL, 2, 850, 6, 1550, NULL, NULL, 1550, NULL, 2, '001030000006', 3),
(7, 7, NULL, 1, 850, 7, 1550, NULL, NULL, 1550, NULL, 2, '001040000007', 3),
(8, 2, NULL, 1, 850, 8, 1550, NULL, NULL, 1550, NULL, 2, '001020000008', 3),
(9, 8, NULL, 2, 195, 9, 350, NULL, NULL, 350, NULL, 3, '002050000009', 4),
(10, 9, NULL, 1, 195, 10, 350, NULL, NULL, 350, NULL, 3, '002060000010', 4),
(11, 10, NULL, 1, 550, 11, 1070, NULL, NULL, 1070, NULL, 4, '003070000011', 5),
(12, 11, NULL, 1, 460, 12, 1070, NULL, NULL, 1070, NULL, 4, '003080000012', 6),
(13, 12, NULL, 1, 450, 13, 1050, NULL, NULL, 1050, NULL, 4, '003090000013', 7),
(14, 12, NULL, 1, 550, 14, 1550, NULL, NULL, 1550, NULL, 4, '003090000014', 5),
(15, 13, NULL, 1, 550, 15, 1550, NULL, NULL, 1550, NULL, 4, '003090000015', 5),
(16, 14, NULL, 1, 560, 16, 1570, NULL, NULL, 1570, NULL, 4, '003100000016', 8),
(17, 15, NULL, 1, 550, 17, 1550, NULL, NULL, 1550, NULL, 4, '003100000017', 5),
(18, 17, NULL, 1, 850, 1, 1250, NULL, NULL, 1250, NULL, 5, '00101010000001', 9),
(19, 18, NULL, 1, 850, 2, 1250, NULL, NULL, 1250, NULL, 5, '00101020000002', 9),
(20, 19, NULL, 1, 650, 3, 1050, NULL, NULL, 1050, NULL, 5, '00102030000003', 10),
(21, 20, NULL, 1, 650, 4, 1050, NULL, NULL, 1050, NULL, 5, '00103020000004', 10),
(22, 21, NULL, 1, 850, 5, 1550, NULL, NULL, 1550, NULL, 6, '00104020000005', 11),
(23, 22, NULL, 2, 850, 6, 1550, NULL, NULL, 1550, NULL, 6, '00104030000006', 11),
(24, 23, NULL, 1, 850, 7, 1550, NULL, NULL, 1550, NULL, 6, '00104040000007', 11),
(25, 18, NULL, 1, 850, 8, 1550, NULL, NULL, 1550, NULL, 6, '00101020000008', 11),
(26, 24, NULL, 1, 850, 9, 1550, NULL, NULL, 1550, NULL, 6, '00101040000009', 11),
(27, 24, NULL, 1, 850, 10, 1550, NULL, NULL, 1550, NULL, 5, '00101040000010', 9),
(28, 25, NULL, 1, 850, 11, 1250, NULL, NULL, 1250, NULL, 7, '00104020000011', 12),
(29, 26, NULL, 1, 850, 12, 1250, NULL, NULL, 1250, NULL, 7, '00104030000012', 12),
(30, 27, NULL, 1, 850, 13, 1250, NULL, NULL, 1250, NULL, 7, '00104040000013', 12),
(31, 28, NULL, 3, 750, 14, 1550, NULL, NULL, 1550, NULL, 7, '00101030000014', 13),
(32, 29, NULL, 1, 750, 15, 1250, NULL, NULL, 1250, NULL, 7, '00101040000015', 13),
(33, 30, NULL, 1, 750, 16, 1250, NULL, NULL, 1250, NULL, 7, '00101020000016', 13),
(34, 31, NULL, 1, 680, 17, 1150, NULL, NULL, 1150, NULL, 5, '00105030000017', 14),
(35, 32, NULL, 1, 950, 18, 1550, NULL, NULL, 1550, NULL, 7, '00105020000018', 15),
(36, 33, NULL, 1, 850, 19, 1280, NULL, NULL, 1280, NULL, 8, '00106020000019', 16),
(37, 34, NULL, 1, 850, 20, 1280, NULL, NULL, 1280, NULL, 8, '00106030000020', 16),
(38, 35, NULL, 1, 550, 21, 1050, NULL, NULL, 1050, NULL, 7, '00107020000021', 17),
(39, 36, NULL, 1, 550, 22, 1050, NULL, NULL, 1050, NULL, 7, '00107040000022', 17),
(40, 37, NULL, 1, 600, 23, 1050, NULL, NULL, 1050, NULL, 9, '00106030000023', 18),
(41, 38, NULL, 1, 600, 24, 1050, NULL, NULL, 1050, NULL, 9, '00106020000024', 18),
(42, 39, NULL, 1, 680, 25, 1150, NULL, NULL, 1150, NULL, 9, '00105020000025', 19),
(43, 40, NULL, 1, 650, 26, 975, NULL, NULL, 975, NULL, 10, '00108020000026', 20),
(44, 41, NULL, 1, 850, 27, 1270, NULL, NULL, 1270, NULL, 10, '00107010000027', 21),
(45, 42, NULL, 3, 580, 28, 1050, NULL, NULL, 1050, NULL, 10, '00108030000028', 22),
(46, 43, NULL, 4, 850, 29, 1270, NULL, NULL, 1270, NULL, 10, '00105020000029', 21),
(47, 44, NULL, 2, 850, 30, 1270, NULL, NULL, 1270, NULL, 10, '00107020000030', 21),
(48, 45, NULL, 1, 650, 31, 975, NULL, NULL, 975, NULL, 10, '00106030000031', 20),
(49, 46, NULL, 3, 850, 32, 1270, NULL, NULL, 1270, NULL, 10, '00109020000032', 21),
(50, 47, NULL, 1, 650, 33, 1050, NULL, NULL, 1050, NULL, 10, '00110030000033', 20),
(51, 48, NULL, 1, 650, 34, 1250, NULL, NULL, 1250, NULL, 10, '00111030000034', 20),
(52, 49, NULL, 1, 650, 35, 1250, NULL, NULL, 1250, NULL, 10, '00101020000035', 20),
(53, 50, NULL, 1, 850, 36, 1270, NULL, NULL, 1270, NULL, 10, '00105010000036', 21),
(54, 51, NULL, 3, 850, 37, 1270, NULL, NULL, 1270, NULL, 10, '00105030000037', 21),
(55, 43, NULL, 1, 650, 38, 1250, NULL, NULL, 1250, NULL, 10, '00105020000038', 20),
(56, 50, NULL, 1, 580, 39, 1050, NULL, NULL, 1050, NULL, 10, '00105010000039', 22),
(57, 51, NULL, 1, 580, 40, 1050, NULL, NULL, 1050, NULL, 10, '00105030000040', 22),
(58, 42, NULL, 1, 850, 41, 1270, NULL, NULL, 1270, NULL, 10, '00108030000041', 21),
(59, 52, NULL, 1, 850, 42, 1270, NULL, NULL, 1270, NULL, 10, '00109030000042', 21),
(60, 53, NULL, 1, 480, 43, 1050, NULL, NULL, 1050, NULL, 11, '00112050000043', 23),
(61, 54, NULL, 1, 570, 44, 1050, NULL, NULL, 1050, NULL, 11, '00112060000044', 24),
(62, 55, NULL, 1, 480, 45, 1050, NULL, NULL, 1050, NULL, 11, '00102070000045', 23),
(63, 56, NULL, 1, 480, 46, 1050, NULL, NULL, 1050, NULL, 11, '00102080000046', 23),
(64, 57, NULL, 1, 480, 47, 1050, NULL, NULL, 1050, NULL, 11, '00102090000047', 23),
(65, 58, NULL, 1, 570, 48, 1050, NULL, NULL, 1050, NULL, 11, '00112100000048', 24),
(66, 59, NULL, 2, 480, 49, 1050, NULL, NULL, 1050, NULL, 11, '00111100000049', 23),
(67, 60, NULL, 1, 480, 50, 1050, NULL, NULL, 1050, NULL, 11, '00111070000050', 23),
(68, 61, NULL, 1, 570, 51, 1050, NULL, NULL, 1050, NULL, 11, '00102030000051', 24),
(69, 62, NULL, 1, 570, 52, 1050, NULL, NULL, 1050, NULL, 11, '00102020000052', 24),
(70, 63, NULL, 1, 570, 53, 1050, NULL, NULL, 1050, NULL, 11, '00102010000053', 24),
(71, 64, NULL, 2, 480, 54, 1050, NULL, NULL, 1050, NULL, 11, '00113100000054', 23),
(72, 65, NULL, 1, 480, 55, 1050, NULL, NULL, 1050, NULL, 11, '00113110000055', 23),
(73, 66, NULL, 1, 480, 56, 1050, NULL, NULL, 1050, NULL, 11, '00113070000056', 23),
(74, 67, NULL, 1, 650, 57, 1150, NULL, NULL, 1150, NULL, 11, '00107110000057', 25),
(75, 68, NULL, 1, 650, 58, 1150, NULL, NULL, 1150, NULL, 11, '00107100000058', 25),
(76, 69, NULL, 1, 480, 59, 1050, NULL, NULL, 1050, NULL, 11, '00114110000059', 23),
(77, 70, NULL, 1, 650, 60, 1150, NULL, NULL, 1150, NULL, 11, '00107070000060', 25),
(78, 71, NULL, 1, 480, 61, 1050, NULL, NULL, 1050, NULL, 11, '00114100000061', 23),
(79, 72, NULL, 1, 480, 62, 1050, NULL, NULL, 1050, NULL, 11, '00114070000062', 23),
(80, 73, NULL, 1, 480, 63, 1050, NULL, NULL, 1050, NULL, 11, '00115110000063', 23),
(81, 74, NULL, 1, 710, 64, 1450, NULL, NULL, 1450, NULL, 12, '00103030000064', 26),
(82, 75, NULL, 1, 750, 65, 1450, NULL, NULL, 1450, NULL, 12, '00116010000065', 27),
(83, 76, NULL, 1, 750, 66, 1450, NULL, NULL, 1450, NULL, 12, '00116020000066', 27),
(84, 77, NULL, 1, 725, 67, 1550, NULL, NULL, 1550, NULL, 12, '00111030000067', 28),
(85, 78, NULL, 1, 725, 68, 1550, NULL, NULL, 1550, NULL, 12, '00111010000068', 28),
(86, 79, NULL, 1, 710, 69, 1450, NULL, NULL, 1450, NULL, 12, '00102030000069', 26),
(87, 80, NULL, 1, 725, 70, 1550, NULL, NULL, 1550, NULL, 12, '00101030000070', 28),
(88, 81, NULL, 1, 790, 71, 1550, NULL, NULL, 1550, NULL, 12, '00105040000071', 29),
(89, 82, NULL, 1, 790, 72, 1550, NULL, NULL, 1550, NULL, 12, '00117030000072', 29),
(90, 83, NULL, 1, 850, 73, 1275, NULL, NULL, 1275, NULL, 13, '00202120000073', 30),
(91, 84, NULL, 1, 850, 74, 1275, NULL, NULL, 1275, NULL, 14, '00208130000074', 31),
(92, 85, NULL, 1, 850, 75, 1275, NULL, NULL, 1275, NULL, 14, '00211120000075', 31),
(93, 86, NULL, 1, 780, 76, 1170, NULL, NULL, 1170, NULL, 14, '00203130000076', 32),
(94, 86, NULL, 1, 850, 77, 1275, NULL, NULL, 1275, NULL, 14, '00203130000077', 31),
(95, 87, NULL, 1, 850, 78, 1275, NULL, NULL, 1275, NULL, 14, '00203120000078', 31),
(96, 88, NULL, 1, 850, 79, 1275, NULL, NULL, 1275, NULL, 14, '00203110000079', 31),
(97, 89, NULL, 1, 850, 80, 1275, NULL, NULL, 1275, NULL, 14, '00205130000080', 31),
(98, 88, NULL, 1, 780, 81, 1170, NULL, NULL, 1170, NULL, 14, '00203110000081', 32),
(99, 90, NULL, 1, 750, 82, 1125, NULL, NULL, 1125, NULL, 14, '00204120000082', 33),
(100, 91, NULL, 1, 850, 83, 1275, NULL, NULL, 1275, NULL, 15, '00208130000083', 34),
(101, 92, NULL, 1, 850, 84, 1275, NULL, NULL, 1275, NULL, 14, '00205010000084', 31),
(102, 93, NULL, 1, 850, 85, 1275, NULL, NULL, 1275, NULL, 14, '00205020000085', 31),
(103, 94, NULL, 1, 650, 86, 975, NULL, NULL, 975, NULL, 16, '00203110000086', 35),
(104, 95, NULL, 2, 650, 87, 975, NULL, NULL, 975, NULL, 16, '00208130000087', 35),
(105, 96, NULL, 1, 800, 88, 1280, NULL, NULL, 1280, NULL, 8, '00208120000088', 36),
(106, 97, NULL, 1, 800, 89, 1280, NULL, NULL, 1280, NULL, 8, '00208110000089', 36),
(107, 95, NULL, 1, 800, 90, 1280, NULL, NULL, 1280, NULL, 8, '00208130000090', 36),
(108, 95, NULL, 1, 700, 91, 1150, NULL, NULL, 1150, NULL, 8, '00208130000091', 37),
(109, 96, NULL, 1, 700, 92, 1150, NULL, NULL, 1150, NULL, 8, '00208120000092', 37),
(110, 98, NULL, 1, 700, 93, 1150, NULL, NULL, 1150, NULL, 8, '00205110000093', 37),
(111, 99, NULL, 1, 700, 94, 1150, NULL, NULL, 1150, NULL, 8, '00204130000094', 37),
(112, 100, NULL, 1, 700, 95, 1150, NULL, NULL, 1150, NULL, 8, '00204110000095', 37),
(113, 101, NULL, 1, 700, 96, 1150, NULL, NULL, 1150, NULL, 8, '00205120000096', 37),
(114, 98, NULL, 1, 550, 97, 950, NULL, NULL, 950, NULL, 8, '00205110000097', 38),
(115, 101, NULL, 1, 550, 98, 950, NULL, NULL, 950, NULL, 8, '00205120000098', 38),
(116, 102, NULL, 1, 550, 99, 950, NULL, NULL, 950, NULL, 8, '00205130000099', 38),
(117, 103, NULL, 1, 650, 100, 1050, NULL, NULL, 1050, NULL, 7, '00205030000100', 39),
(118, 104, NULL, 1, 650, 101, 1050, NULL, NULL, 1050, NULL, 7, '00206040000101', 39),
(119, 97, NULL, 1, 750, 102, 1150, NULL, NULL, 1150, NULL, 7, '00208110000102', 40),
(120, 105, NULL, 1, 750, 103, 1050, NULL, NULL, 1050, NULL, 9, '00205020000103', 41),
(121, 106, NULL, 1, 750, 104, 1050, NULL, NULL, 1050, NULL, 9, '00205010000104', 41),
(122, 107, NULL, 1, 750, 105, 1050, NULL, NULL, 1050, NULL, 9, '00207020000105', 41),
(123, 108, NULL, 1, 850, 106, 1250, NULL, NULL, 1250, NULL, 8, '00212030000106', 42),
(124, 109, NULL, 1, 850, 107, 1350, NULL, NULL, 1350, NULL, 7, '00207120000107', 43),
(125, 110, NULL, 1, 320, 108, 650, NULL, NULL, 650, NULL, 17, '00302140000108', 44),
(126, 111, NULL, 4, 260, 109, 650, NULL, NULL, 650, NULL, 17, '00305140000109', 45),
(127, 112, NULL, 1, 250, 110, 650, NULL, NULL, 650, NULL, 18, '00312120000110', 46),
(128, 113, NULL, 1, 240, 111, 640, NULL, NULL, 640, NULL, 18, '00309140000111', 47),
(129, 114, NULL, 1, 120, 112, 350, NULL, NULL, 350, NULL, 19, '00310110000112', 48),
(130, 115, NULL, 1, 280, 113, 650, NULL, NULL, 650, NULL, 18, '00306120000113', 49),
(131, 111, NULL, 4, 320, 114, 650, NULL, NULL, 650, NULL, 17, '00305140000114', 44),
(132, 111, NULL, 1, 350, 115, 750, NULL, NULL, 750, NULL, 17, '00305140000115', 50),
(133, 116, NULL, 1, 150, 116, 380, NULL, NULL, 380, NULL, 20, '00303140000116', 51),
(134, 117, NULL, 1, 280, 117, 650, NULL, NULL, 650, NULL, 18, '00305120000117', 49),
(135, 117, NULL, 2, 250, 118, 650, NULL, NULL, 650, NULL, 18, '00305120000118', 46),
(136, 118, NULL, 1, 240, 119, 640, NULL, NULL, 640, NULL, 18, '00310140000119', 47),
(137, 119, NULL, 1, 240, 120, 640, NULL, NULL, 640, NULL, 18, '00306140000120', 47),
(138, 120, NULL, 1, 250, 121, 640, NULL, NULL, 640, NULL, 18, '00304140000121', 46),
(139, 121, NULL, 1, 330, 122, 750, NULL, NULL, 750, NULL, 21, '00405130000122', 52),
(140, 122, NULL, 2, 330, 123, 750, NULL, NULL, 750, NULL, 21, '00413110000123', 52),
(141, 123, NULL, 1, 330, 124, 750, NULL, NULL, 750, NULL, 21, '00408110000124', 52),
(142, 124, NULL, 1, 330, 125, 750, NULL, NULL, 750, NULL, 21, '00409110000125', 52),
(143, 125, NULL, 2, 330, 126, 750, NULL, NULL, 750, NULL, 21, '00406110000126', 52),
(144, 126, NULL, 1, 330, 127, 750, NULL, NULL, 750, NULL, 21, '00413150000127', 52),
(145, 127, NULL, 1, 330, 128, 750, NULL, NULL, 750, NULL, 21, '00406150000128', 52),
(146, 128, NULL, 1, 330, 129, 750, NULL, NULL, 750, NULL, 21, '00409150000129', 52),
(147, 129, NULL, 2, 300, 130, 850, NULL, NULL, 850, NULL, 18, '00405120000130', 53),
(148, 130, NULL, 5, 250, 131, 750, NULL, NULL, 750, NULL, 18, '00405140000131', 54),
(149, 131, NULL, 1, 300, 132, 650, NULL, NULL, 650, NULL, 18, '00407140000132', 53),
(150, 132, NULL, 1, 280, 133, 650, NULL, NULL, 650, NULL, 18, '00406140000133', 55),
(151, 133, NULL, 2, 730, 134, 1150, NULL, NULL, 1150, NULL, 22, '00405140000134', 56),
(152, 134, NULL, 1, 730, 135, 1150, NULL, NULL, 1150, NULL, 22, '00406160000135', 56),
(153, 135, NULL, 27, 730, 136, 1150, NULL, NULL, 1150, NULL, 22, '00405160000136', 56),
(154, 136, NULL, 1, 120, 137, 350, NULL, NULL, 350, NULL, 19, '00305110000137', 48),
(155, 137, NULL, 1, 1150, 138, 2350, NULL, NULL, 2350, NULL, 23, '00518170000138', 57),
(156, 138, NULL, 1, 1150, 139, 2350, NULL, NULL, 2350, NULL, 23, '00518180000139', 57),
(157, 139, NULL, 1, 880, 140, 2050, NULL, NULL, 2050, NULL, 23, '00507170000140', 58),
(158, 140, NULL, 1, 880, 141, 2050, NULL, NULL, 2050, NULL, 23, '00507190000141', 58),
(159, 141, NULL, 1, 880, 142, 2050, NULL, NULL, 2050, NULL, 23, '00507200000142', 58),
(160, 142, NULL, 1, 1150, 143, 2350, NULL, NULL, 2350, NULL, 23, '00518190000143', 57),
(161, 143, NULL, 1, 1500, 144, 4400, NULL, NULL, 4400, NULL, 23, '00519170000144', 59),
(162, 144, NULL, 1, 1500, 145, 4400, NULL, NULL, 4400, NULL, 23, '00520140000145', 59),
(163, 145, NULL, 1, 1150, 146, 2350, NULL, NULL, 2350, NULL, 23, '00510170000146', 57),
(164, 146, NULL, 1, 1450, 147, 2750, NULL, NULL, 2750, NULL, 23, '00503170000147', 60),
(165, 147, NULL, 1, 900, 148, 2050, NULL, NULL, 2050, NULL, 23, '00521190000148', 61),
(166, 140, NULL, 2, 890, 149, 1700, NULL, NULL, 1700, NULL, 23, '00507190000149', 62),
(167, 148, NULL, 1, 890, 150, 1700, NULL, NULL, 1700, NULL, 23, '00512190000150', 62),
(168, 149, NULL, 1, 820, 151, 1480, NULL, NULL, 1480, NULL, 23, '00522170000151', 63),
(169, 150, NULL, 1, 820, 152, 1450, NULL, NULL, 1450, NULL, 23, '00523170000152', 63),
(170, 151, NULL, 1, 820, 153, 1450, NULL, NULL, 1450, NULL, 23, '00523190000153', 63),
(171, 152, NULL, 1, 1450, 154, 2750, NULL, NULL, 2750, NULL, 23, '00503190000154', 60),
(172, 137, NULL, 1, 1200, 155, 2550, NULL, NULL, 2550, NULL, 23, '00518170000155', 64),
(173, 153, NULL, 1, 1500, 156, 4400, NULL, NULL, 4400, NULL, 23, '00512140000156', 59),
(174, 154, NULL, 1, 900, 157, 2450, NULL, NULL, 2450, NULL, 23, '00505130000157', 61),
(175, 155, NULL, 1, 900, 158, 2050, NULL, NULL, 2050, NULL, 23, '00501170000158', 61),
(176, 156, NULL, 1, 1150, 159, 2350, NULL, NULL, 2350, NULL, 23, '00524200000159', 57),
(177, 157, NULL, 1, 890, 160, 1800, NULL, NULL, 1800, NULL, 23, '00512200000160', 62),
(178, 158, NULL, 1, 820, 161, 1450, NULL, NULL, 1450, NULL, 23, '00523200000161', 63),
(179, 152, NULL, 1, 820, 162, 1480, NULL, NULL, 1480, NULL, 23, '00503190000162', 63),
(180, 159, NULL, 1, 820, 163, 1480, NULL, NULL, 1480, NULL, 23, '00522200000163', 63),
(181, 160, NULL, 1, 820, 164, 1450, NULL, NULL, 1450, NULL, 23, '00512170000164', 63),
(182, 161, NULL, 1, 1050, 165, 1680, NULL, NULL, 1680, NULL, 24, '00607130000165', 65),
(183, 162, NULL, 1, 1050, 166, 1680, NULL, NULL, 1680, NULL, 24, '00616110000166', 65),
(184, 163, NULL, 1, 1240, 167, 2050, NULL, NULL, 2050, NULL, 24, '00608130000167', 66),
(185, 164, NULL, 1, 1240, 168, 2050, NULL, NULL, 2050, NULL, 24, '00608120000168', 66),
(186, 165, NULL, 2, 1175, 169, 1760, NULL, NULL, 1760, NULL, 24, '00625130000169', 67),
(187, 166, NULL, 1, 1175, 170, 1760, NULL, NULL, 1760, NULL, 24, '00609120000170', 67),
(188, 167, NULL, 1, 850, 171, 1550, NULL, NULL, 1550, NULL, 24, '00612110000171', 68),
(189, 168, NULL, 1, 850, 172, 1550, NULL, NULL, 1550, NULL, 24, '00612120000172', 68),
(190, 169, NULL, 1, 1050, 173, 1680, NULL, NULL, 1680, NULL, 24, '00605120000173', 65),
(191, 170, NULL, 1, 1120, 174, 1760, NULL, NULL, 1760, NULL, 24, '00605110000174', 69),
(192, 171, NULL, 1, 1175, 175, 1760, NULL, NULL, 1760, NULL, 24, '00618130000175', 67),
(193, 172, NULL, 1, 1175, 176, 1760, NULL, NULL, 1760, NULL, 24, '00602130000176', 67),
(194, 173, NULL, 1, 820, 177, 1550, NULL, NULL, 1550, NULL, 25, '00607110000177', 70),
(195, 174, NULL, 1, 820, 178, 1550, NULL, NULL, 1550, NULL, 25, '00607130000178', 70),
(196, 175, NULL, 1, 820, 179, 1550, NULL, NULL, 1550, NULL, 25, '00607150000179', 70),
(197, 176, NULL, 1, 950, 180, 1650, NULL, NULL, 1650, NULL, 25, '00609110000180', 71),
(198, 177, NULL, 1, 950, 181, 1650, NULL, NULL, 1650, NULL, 25, '00609120000181', 71),
(199, 174, NULL, 1, 1090, 182, 1850, NULL, NULL, 1850, NULL, 25, '00607130000182', 72),
(200, 178, NULL, 1, 1090, 183, 1850, NULL, NULL, 1850, NULL, 25, '00607120000183', 72),
(201, 173, NULL, 1, 1090, 184, 1850, NULL, NULL, 1850, NULL, 25, '00607110000184', 72),
(202, 179, NULL, 1, 1020, 185, 1850, NULL, NULL, 1850, NULL, 25, '00606120000185', 73),
(203, 180, NULL, 1, 1020, 186, 1850, NULL, NULL, 1850, NULL, 25, '00606210000186', 73),
(204, 181, NULL, 1, 750, 187, 1700, NULL, NULL, 1700, NULL, 25, '00609130000187', 74),
(205, 182, NULL, 1, 1090, 188, 1850, NULL, NULL, 1850, NULL, 25, '00605120000188', 72),
(206, 183, NULL, 1, 1075, 189, 1600, NULL, NULL, 1600, NULL, 26, '00614120000189', 75),
(207, 184, NULL, 1, 1075, 190, 1600, NULL, NULL, 1600, NULL, 26, '00614110000190', 75),
(208, 185, NULL, 1, 1075, 191, 1600, NULL, NULL, 1600, NULL, 26, '00614210000191', 75),
(209, 186, NULL, 1, 1090, 192, 1850, NULL, NULL, 1850, NULL, 26, '00612130000192', 76),
(210, 187, NULL, 1, 1090, 193, 1850, NULL, NULL, 1850, NULL, 25, '00606130000193', 72),
(211, 188, NULL, 2, 885, 194, 1600, NULL, NULL, 1600, NULL, 27, '00605210000194', 77),
(212, 182, NULL, 2, 885, 195, 1600, NULL, NULL, 1600, NULL, 27, '00605120000195', 77),
(213, 189, NULL, 1, 1110, 196, 1950, NULL, NULL, 1950, NULL, 27, '00605110000196', 78),
(214, 190, NULL, 1, 1110, 197, 1950, NULL, NULL, 1950, NULL, 27, '00605130000197', 78),
(215, 191, NULL, 1, 885, 198, 1650, NULL, NULL, 1650, NULL, 28, '00623210000198', 79),
(216, 192, NULL, 1, 885, 199, 1650, NULL, NULL, 1650, NULL, 28, '00623130000199', 79),
(217, 193, NULL, 1, 885, 200, 1650, NULL, NULL, 1650, NULL, 28, '00623110000200', 79),
(218, 189, NULL, 1, 885, 201, 1650, NULL, NULL, 1650, NULL, 28, '00605110000201', 79),
(219, 182, NULL, 1, 885, 202, 1650, NULL, NULL, 1650, NULL, 28, '00605120000202', 79),
(220, 194, NULL, 1, 1000, 203, 1400, NULL, NULL, 1400, NULL, 29, '00507190000203', 80),
(221, 195, NULL, 1, 890, 204, 1300, NULL, NULL, 1300, NULL, 29, '00503120000204', 81),
(222, 196, NULL, 1, 1000, 205, 1400, NULL, NULL, 1400, NULL, 29, '00507170000205', 80),
(223, 197, NULL, 1, 890, 206, 1300, NULL, NULL, 1300, NULL, 29, '00505220000206', 81),
(224, 198, NULL, 1, 890, 207, 1300, NULL, NULL, 1300, NULL, 29, '00524200000207', 81),
(225, 199, NULL, 1, 890, 208, 1300, NULL, NULL, 1300, NULL, 29, '00501210000208', 81),
(226, 200, NULL, 1, 890, 209, 1300, NULL, NULL, 1300, NULL, 29, '00524210000209', 81),
(227, 194, NULL, 1, 835, 210, 1170, NULL, NULL, 1170, NULL, 29, '00507190000210', 82),
(228, 201, NULL, 1, 355, 211, 1170, NULL, NULL, 1170, NULL, 29, '00507200000211', 83),
(229, 202, NULL, 1, 890, 212, 1300, NULL, NULL, 1300, NULL, 29, '00503210000212', 81),
(230, 203, NULL, 1, 750, 213, 1250, NULL, NULL, 1250, NULL, 8, '00505110000213', 84),
(231, 204, NULL, 1, 750, 214, 1250, NULL, NULL, 1250, NULL, 8, '00505130000214', 84),
(232, 205, NULL, 2, 580, 215, 870, NULL, NULL, 870, NULL, 30, '00722110000215', 85),
(233, 206, NULL, 1, 580, 216, 870, NULL, NULL, 870, NULL, 30, '00710110000216', 85),
(234, 207, NULL, 1, 580, 217, 870, NULL, NULL, 870, NULL, 30, '00723110000217', 85),
(235, 208, NULL, 1, 550, 218, 870, NULL, NULL, 870, NULL, 31, '00706110000218', 86),
(236, 209, NULL, 1, 580, 219, 870, NULL, NULL, 870, NULL, 32, '00703110000219', 87),
(237, 210, NULL, 1, 550, 220, 870, NULL, NULL, 870, NULL, 30, '00708110000220', 88),
(238, 211, NULL, 2, 550, 221, 870, NULL, NULL, 870, NULL, 33, '00711130000221', 89),
(239, 212, NULL, 3, 550, 222, 870, NULL, NULL, 870, NULL, 33, '00702120000222', 89),
(240, 213, NULL, 1, 550, 223, 870, NULL, NULL, 870, NULL, 31, '00709120000223', 86),
(241, 214, NULL, 1, 550, 224, 870, NULL, NULL, 870, NULL, 33, '00711120000224', 89),
(242, 215, NULL, 1, 550, 225, 870, NULL, NULL, 870, NULL, 33, '00702130000225', 89),
(243, 216, NULL, 2, 580, 226, 870, NULL, NULL, 870, NULL, 30, '00707110000226', 85),
(244, 217, NULL, 1, 550, 227, 870, NULL, NULL, 870, NULL, 33, '00722120000227', 89),
(245, 217, NULL, 1, 580, 228, 870, NULL, NULL, 870, NULL, 34, '00722120000228', 90),
(246, 218, NULL, 1, 550, 229, 870, NULL, NULL, 870, NULL, 33, '00723120000229', 89),
(247, 219, NULL, 1, 580, 230, 870, NULL, NULL, 870, NULL, 34, '00723130000230', 90),
(248, 218, NULL, 1, 580, 231, 870, NULL, NULL, 870, NULL, 34, '00723120000231', 90),
(249, 219, NULL, 1, 550, 232, 870, NULL, NULL, 870, NULL, 33, '00723130000232', 89),
(250, 220, NULL, 2, 550, 233, 870, NULL, NULL, 870, NULL, 33, '00706120000233', 89),
(251, 221, NULL, 1, 580, 234, 870, NULL, NULL, 870, NULL, 34, '00712120000234', 90),
(252, 221, NULL, 1, 580, 235, 870, NULL, NULL, 870, NULL, 30, '00712120000235', 85),
(253, 222, NULL, 1, 550, 236, 870, NULL, NULL, 870, NULL, 33, '00725120000236', 89),
(254, 223, NULL, 1, 550, 237, 870, NULL, NULL, 870, NULL, 33, '00715120000237', 89),
(255, 224, NULL, 1, 580, 238, 870, NULL, NULL, 870, NULL, 34, '00708120000238', 90),
(256, 225, NULL, 5, 750, 239, 1150, NULL, NULL, 1150, NULL, 34, '00705130000239', 91),
(257, 226, NULL, 2, 750, 240, 1150, NULL, NULL, 1150, NULL, 34, '00705110000240', 91),
(258, 209, NULL, 1, 750, 241, 1150, NULL, NULL, 1150, NULL, 34, '00703110000241', 91),
(259, 227, NULL, 2, 750, 242, 1150, NULL, NULL, 1150, NULL, 34, '00707120000242', 91),
(260, 216, NULL, 1, 750, 243, 1150, NULL, NULL, 1150, NULL, 34, '00707110000243', 91),
(261, 208, NULL, 1, 750, 244, 1150, NULL, NULL, 1150, NULL, 34, '00706110000244', 91),
(262, 228, NULL, 1, 750, 245, 1150, NULL, NULL, 1150, NULL, 34, '00710230000245', 91),
(263, 229, NULL, 1, 400, 246, 1050, NULL, NULL, 1050, NULL, 21, '00624110000246', 92),
(264, 230, NULL, 1, 400, 247, 1050, NULL, NULL, 1050, NULL, 21, '00612130000247', 92),
(265, 231, NULL, 1, 400, 248, 1050, NULL, NULL, 1050, NULL, 21, '00612120000248', 92),
(266, 232, NULL, 1, 400, 249, 1050, NULL, NULL, 1050, NULL, 21, '00612110000249', 92),
(267, 233, NULL, 1, 400, 250, 1050, NULL, NULL, 1050, NULL, 21, '00614110000250', 92),
(268, 234, NULL, 1, 400, 251, 1050, NULL, NULL, 1050, NULL, 21, '00614130000251', 92),
(269, 235, NULL, 1, 400, 252, 1050, NULL, NULL, 1050, NULL, 21, '00614120000252', 92),
(270, 236, NULL, 1, 400, 253, 1050, NULL, NULL, 1050, NULL, 21, '00609110000253', 92),
(271, 237, NULL, 1, 400, 254, 1050, NULL, NULL, 1050, NULL, 21, '00609130000254', 92),
(272, 238, NULL, 1, 290, 255, 580, NULL, NULL, 580, NULL, 35, '00710110000255', 93),
(273, 239, NULL, 1, 290, 256, 580, NULL, NULL, 580, NULL, 36, '00710130000256', 94),
(274, 240, NULL, 1, 290, 257, 580, NULL, NULL, 580, NULL, 35, '00711110000257', 93),
(275, 241, NULL, 2, 290, 258, 580, NULL, NULL, 580, NULL, 35, '00714120000258', 93),
(276, 242, NULL, 2, 290, 259, 580, NULL, NULL, 580, NULL, 35, '00714130000259', 93),
(277, 243, NULL, 2, 290, 260, 580, NULL, NULL, 580, NULL, 35, '00703120000260', 93),
(278, 244, NULL, 2, 290, 261, 580, NULL, NULL, 580, NULL, 35, '00718120000261', 93),
(279, 245, NULL, 2, 290, 262, 580, NULL, NULL, 580, NULL, 35, '00718130000262', 93),
(280, 246, NULL, 1, 290, 263, 580, NULL, NULL, 580, NULL, 35, '00718110000263', 93),
(281, 247, NULL, 1, 290, 264, 580, NULL, NULL, 580, NULL, 35, '00724120000264', 93),
(282, 248, NULL, 1, 290, 265, 580, NULL, NULL, 580, NULL, 35, '00712130000265', 93),
(283, 249, NULL, 1, 290, 266, 580, NULL, NULL, 580, NULL, 35, '00714110000266', 93),
(284, 250, NULL, 2, 290, 267, 580, NULL, NULL, 580, NULL, 35, '00703130000267', 93),
(285, 251, NULL, 2, 290, 268, 580, NULL, NULL, 580, NULL, 35, '00702110000268', 93),
(286, 252, NULL, 1, 290, 269, 580, NULL, NULL, 580, NULL, 35, '00712110000269', 93),
(287, 253, NULL, 1, 290, 270, 580, NULL, NULL, 580, NULL, 35, '00703110000270', 93),
(288, 254, NULL, 1, 290, 271, 580, NULL, NULL, 580, NULL, 35, '00709130000271', 93),
(289, 255, NULL, 6, 190, 272, 320, NULL, NULL, 320, NULL, 37, '00817240000272', 95),
(290, 255, NULL, 5, 235, 273, 390, NULL, NULL, 390, NULL, 37, '00817240000273', 96),
(291, 256, NULL, 3, 155, 274, 280, NULL, NULL, 280, NULL, 37, '00917240000274', 97),
(292, 255, NULL, 5, 170, 275, 360, NULL, NULL, 360, NULL, 37, '00817240000275', 98),
(293, 255, NULL, 3, 270, 276, 510, NULL, NULL, 510, NULL, 37, '00817240000276', 99),
(294, 255, NULL, 1, 185, 277, 295, NULL, NULL, 295, NULL, 37, '00817240000277', 100),
(295, 255, NULL, 2, 215, 278, 340, NULL, NULL, 340, NULL, 37, '00817240000278', 101),
(296, 257, NULL, 2, 370, 279, 740, NULL, NULL, 740, NULL, 38, '01017240000279', 102),
(297, 257, NULL, 1, 420, 280, 840, NULL, NULL, 840, NULL, 38, '01017240000280', 103),
(298, 257, NULL, 1, 360, 281, 750, NULL, NULL, 750, NULL, 38, '01017240000281', 104),
(299, 257, NULL, 1, 500, 282, 950, NULL, NULL, 950, NULL, 38, '01017240000282', 105),
(300, 257, NULL, 1, 390, 283, 780, NULL, NULL, 780, NULL, 38, '01017240000283', 106),
(301, 257, NULL, 1, 450, 284, 880, NULL, NULL, 880, NULL, 38, '01017240000284', 107),
(302, 257, NULL, 3, 340, 285, 680, NULL, NULL, 680, NULL, 38, '01017240000285', 108),
(303, 257, NULL, 1, 430, 286, 850, NULL, NULL, 850, NULL, 39, '01017240000286', 109),
(304, 257, NULL, 3, 340, 287, 680, NULL, NULL, 680, NULL, 39, '01017240000287', 110),
(305, 257, NULL, 1, 370, 288, 740, NULL, NULL, 740, NULL, 39, '01017240000288', 111),
(306, 257, NULL, 1, 360, 289, 720, NULL, NULL, 720, NULL, 39, '01017240000289', 112),
(307, 258, NULL, 1, 550, 290, 825, NULL, NULL, 825, NULL, 39, '01117240000290', 113),
(308, 258, NULL, 1, 450, 291, 775, NULL, NULL, 775, NULL, 39, '01117240000291', 114),
(309, 258, NULL, 1, 520, 292, 940, NULL, NULL, 940, NULL, 39, '01117240000292', 115),
(310, 258, NULL, 4, 320, 293, 730, NULL, NULL, 730, NULL, 40, '01117240000293', 116),
(311, 258, NULL, 2, 370, 294, 840, NULL, NULL, 840, NULL, 40, '01117240000294', 117),
(312, 258, NULL, 1, 460, 295, 950, NULL, NULL, 950, NULL, 40, '01117240000295', 118),
(313, 258, NULL, 1, 450, 296, 1050, NULL, NULL, 1050, NULL, 40, '01117240000296', 119),
(314, 258, NULL, 1, 150, 297, 350, NULL, NULL, 350, NULL, 40, '01117240000297', 120),
(315, 259, NULL, 1, 350, 298, 525, NULL, NULL, 525, NULL, 41, '01204240000298', 121),
(316, 260, NULL, 1, 250, 299, 420, NULL, NULL, 420, NULL, 41, '01202240000299', 122),
(317, 261, NULL, 1, 350, 300, 525, NULL, NULL, 525, NULL, 41, '01206240000300', 121),
(318, 262, NULL, 1, 350, 301, 525, NULL, NULL, 525, NULL, 41, '01218240000301', 121),
(319, 263, NULL, 1, 350, 302, 525, NULL, NULL, 525, NULL, 41, '01203240000302', 121),
(320, 264, NULL, 4, 180, 303, 277, NULL, NULL, 277, NULL, 42, '01316240000303', 123),
(321, 265, NULL, 1, 180, 304, 277, NULL, NULL, 277, NULL, 42, '01303240000304', 123),
(322, 266, NULL, 1, 450, 305, 650, NULL, NULL, 650, NULL, 42, '01406240000305', 124),
(323, 266, NULL, 4, 480, 306, 650, NULL, NULL, 650, NULL, 41, '01406240000306', 125),
(324, 267, NULL, 4, 480, 307, 650, NULL, NULL, 650, NULL, 41, '01416240000307', 125),
(325, 268, NULL, 1, 450, 308, 650, NULL, NULL, 650, NULL, 42, '01403240000308', 124),
(326, 269, NULL, 14, 950, 309, 1650, NULL, NULL, 1650, NULL, 25, '00705140000309', 126),
(327, 270, NULL, 1, 950, 310, 1750, NULL, NULL, 1750, NULL, 25, '00708140000310', 126),
(328, 271, NULL, 1, 950, 311, 1650, NULL, NULL, 1650, NULL, 25, '00707140000311', 126),
(329, 272, NULL, 2, 750, 312, 1350, NULL, NULL, 1350, NULL, 25, '01507210000312', 127),
(330, 273, NULL, 2, 750, 313, 1350, NULL, NULL, 1350, NULL, 25, '01520210000313', 127),
(331, 274, NULL, 1, 750, 314, 1350, NULL, NULL, 1350, NULL, 25, '01506210000314', 127),
(332, 275, NULL, 1, 750, 315, 1350, NULL, NULL, 1350, NULL, 25, '01508210000315', 127),
(333, 276, NULL, 1, 750, 316, 1450, NULL, NULL, 1450, NULL, 43, '00709130000316', 128),
(334, 277, NULL, 1, 750, 317, 1450, NULL, NULL, 1450, NULL, 43, '00709110000317', 128),
(335, 278, NULL, 1, 750, 318, 1450, NULL, NULL, 1450, NULL, 43, '00709120000318', 128),
(336, 279, NULL, 1, 650, 319, 950, NULL, NULL, 950, NULL, 42, '01503250000319', 129),
(337, 280, NULL, 1, 650, 320, 950, NULL, NULL, 950, NULL, 42, '01506260000320', 129),
(338, 281, NULL, 1, 650, 321, 950, NULL, NULL, 950, NULL, 42, '01503260000321', 129),
(339, 282, NULL, 2, 650, 322, 950, NULL, NULL, 950, NULL, 42, '01503270000322', 129),
(340, 283, NULL, 1, 550, 323, 825, NULL, NULL, 825, NULL, 44, '01505210000323', 130),
(341, 284, NULL, 1, 310, 324, 650, NULL, NULL, 650, NULL, 45, '01611280000324', 131),
(342, 285, NULL, 2, 310, 325, 650, NULL, NULL, 650, NULL, 45, '01606280000325', 131),
(343, 286, NULL, 1, 310, 326, 650, NULL, NULL, 650, NULL, 45, '01604280000326', 131),
(344, 287, NULL, 3, 310, 327, 650, NULL, NULL, 650, NULL, 45, '01610280000327', 131),
(345, 288, NULL, 1, 310, 328, 650, NULL, NULL, 650, NULL, 45, '01610290000328', 131),
(346, 289, NULL, 2, 310, 329, 650, NULL, NULL, 650, NULL, 45, '01606290000329', 131),
(347, 290, NULL, 1, 2175, 330, 3650, NULL, NULL, 3650, NULL, 46, '01701220000330', 132),
(348, 291, NULL, 1, 2175, 331, 3650, NULL, NULL, 3650, NULL, 46, '01718200000331', 132),
(349, 292, NULL, 1, 2175, 332, 3650, NULL, NULL, 3650, NULL, 46, '01718300000332', 132),
(350, 293, NULL, 1, 2175, 333, 3650, NULL, NULL, 3650, NULL, 46, '01718310000333', 132),
(351, 294, NULL, 1, 2175, 334, 3650, NULL, NULL, 3650, NULL, 46, '01718220000334', 132),
(352, 295, NULL, 1, 2175, 335, 3650, NULL, NULL, 3650, NULL, 46, '01701190000335', 132),
(353, 296, NULL, 1, 2175, 336, 3650, NULL, NULL, 3650, NULL, 46, '01701200000336', 132),
(354, 297, NULL, 2, 1950, 337, 3450, NULL, NULL, 3450, NULL, 46, '01703190000337', 133),
(355, 296, NULL, 1, 1950, 338, 3850, NULL, NULL, 3850, NULL, 46, '01701200000338', 133),
(356, 298, NULL, 1, 1950, 339, 3450, NULL, NULL, 3450, NULL, 46, '01703300000339', 133),
(357, 299, NULL, 1, 950, 340, 1850, NULL, NULL, 1850, NULL, 47, '01805310000340', 134),
(358, 300, NULL, 1, 950, 341, 1850, NULL, NULL, 1850, NULL, 48, '01805220000341', 135),
(359, 299, NULL, 1, 950, 342, 1850, NULL, NULL, 1850, NULL, 48, '01805310000342', 135),
(360, 301, NULL, 1, 950, 343, 1850, NULL, NULL, 1850, NULL, 48, '01805300000343', 135),
(361, 302, NULL, 1, 950, 344, 1850, NULL, NULL, 1850, NULL, 48, '01805190000344', 135),
(362, 303, NULL, 2, 900, 345, 1850, NULL, NULL, 1850, NULL, 48, '01806200000345', 136),
(363, 304, NULL, 2, 900, 346, 1850, NULL, NULL, 1850, NULL, 48, '01806190000346', 136),
(364, 305, NULL, 2, 900, 347, 1850, NULL, NULL, 1850, NULL, 48, '01806220000347', 136),
(365, 306, NULL, 1, 900, 348, 1850, NULL, NULL, 1850, NULL, 48, '01801200000348', 136),
(366, 307, NULL, 1, 900, 349, 1850, NULL, NULL, 1850, NULL, 48, '01807190000349', 136),
(367, 308, NULL, 1, 900, 350, 1850, NULL, NULL, 1850, NULL, 48, '01807200000350', 136),
(368, 309, NULL, 1, 900, 351, 1850, NULL, NULL, 1850, NULL, 48, '01816190000351', 136),
(369, 310, NULL, 1, 900, 352, 1850, NULL, NULL, 1850, NULL, 48, '01816200000352', 136),
(370, 311, NULL, 1, 900, 353, 1850, NULL, NULL, 1850, NULL, 48, '01816300000353', 136),
(371, 312, NULL, 1, 900, 354, 1850, NULL, NULL, 1850, NULL, 48, '01801300000354', 136),
(372, 313, NULL, 1, 900, 355, 1850, NULL, NULL, 1850, NULL, 48, '01816220000355', 136),
(373, 314, NULL, 1, 900, 356, 1850, NULL, NULL, 1850, NULL, 48, '01808300000356', 136),
(374, 315, NULL, 1, 900, 357, 1850, NULL, NULL, 1850, NULL, 48, '01807220000357', 136),
(375, 316, NULL, 18, 290, 358, 430, NULL, NULL, 430, NULL, 49, '01905140000358', 137),
(376, 317, NULL, 1, 290, 359, 450, NULL, NULL, 450, NULL, 49, '01906140000359', 137),
(377, 318, NULL, 2, 290, 360, 430, NULL, NULL, 430, NULL, 49, '01910140000360', 137),
(378, 316, NULL, 2, 250, 361, 550, NULL, NULL, 550, NULL, 49, '01905140000361', 138),
(379, 319, NULL, 2, 290, 362, 430, NULL, NULL, 430, NULL, 49, '01904140000362', 137),
(380, 316, NULL, 5, 240, 363, 480, NULL, NULL, 480, NULL, 49, '01905140000363', 139),
(381, 320, NULL, 1, 260, 364, 520, NULL, NULL, 520, NULL, 49, '01918140000364', 140),
(382, 321, NULL, 1, 260, 365, 520, NULL, NULL, 520, NULL, 49, '01907140000365', 140),
(383, 316, NULL, 3, 260, 366, 520, NULL, NULL, 520, NULL, 49, '01905140000366', 140),
(384, 322, NULL, 1, 290, 367, 580, NULL, NULL, 580, NULL, 49, '01914140000367', 137),
(385, 323, NULL, 1, 240, 368, 430, NULL, NULL, 430, NULL, 49, '01901140000368', 139),
(386, 324, NULL, 1, 290, 369, 580, NULL, NULL, 580, NULL, 49, '01908140000369', 137),
(387, 325, NULL, 1, 195, 370, 350, NULL, NULL, 350, NULL, 21, '01514110000370', 141),
(388, 326, NULL, 1, 195, 371, 350, NULL, NULL, 350, NULL, 21, '01502110000371', 141),
(389, 327, NULL, 1, 195, 372, 350, NULL, NULL, 350, NULL, 21, '01512110000372', 141),
(390, 328, NULL, 1, 195, 373, 350, NULL, NULL, 350, NULL, 21, '01502130000373', 141),
(391, 329, NULL, 2, 195, 374, 350, NULL, NULL, 350, NULL, 21, '01514130000374', 141),
(392, 330, NULL, 1, 195, 375, 350, NULL, NULL, 350, NULL, 21, '01514120000375', 141),
(393, 331, NULL, 1, 195, 376, 350, NULL, NULL, 350, NULL, 21, '01512130000376', 141),
(394, 332, NULL, 2, 195, 377, 350, NULL, NULL, 350, NULL, 21, '01502120000377', 141),
(395, 333, NULL, 4, 550, 378, 1550, NULL, NULL, 1550, NULL, 50, '02006280000378', 142),
(396, 334, NULL, 1, 460, 379, 1070, NULL, NULL, 1070, NULL, 50, '02008310000379', 143),
(397, 335, NULL, 1, 450, 380, 1050, NULL, NULL, 1050, NULL, 50, '02008300000380', 144),
(398, 335, NULL, 2, 550, 381, 1550, NULL, NULL, 1550, NULL, 50, '02008300000381', 142),
(399, 336, NULL, 2, 550, 382, 1550, NULL, NULL, 1550, NULL, 50, '02006300000382', 142),
(400, 337, NULL, 2, 560, 383, 1570, NULL, NULL, 1570, NULL, 50, '02008290000383', 145),
(401, 338, NULL, 4, 550, 384, 1070, NULL, NULL, 1070, NULL, 50, '02006290000384', 142),
(402, 333, NULL, 1, 560, 385, 1550, NULL, NULL, 1550, NULL, 50, '02006280000385', 145),
(403, 339, NULL, 4, 550, 386, 1070, NULL, NULL, 1070, NULL, 50, '02006310000386', 142),
(404, 340, NULL, 2, 550, 387, 1070, NULL, NULL, 1070, NULL, 50, '02006320000387', 142),
(405, 341, NULL, 2, 560, 388, 1570, NULL, NULL, 1570, NULL, 50, '02008280000388', 145),
(406, 334, NULL, 2, 560, 389, 1570, NULL, NULL, 1570, NULL, 50, '02008310000389', 145),
(407, 342, NULL, 1, 560, 390, 1570, NULL, NULL, 1570, NULL, 50, '02008320000390', 145),
(408, 335, NULL, 1, 560, 391, 1570, NULL, NULL, 1570, NULL, 50, '02008300000391', 145),
(409, 337, NULL, 2, 550, 392, 1550, NULL, NULL, 1550, NULL, 50, '02008290000392', 142),
(410, 341, NULL, 2, 550, 393, 1550, NULL, NULL, 1550, NULL, 50, '02008280000393', 142),
(411, 334, NULL, 1, 550, 394, 1550, NULL, NULL, 1550, NULL, 50, '02008310000394', 142),
(412, 336, NULL, 1, 550, 395, 1550, NULL, NULL, 1550, NULL, 51, '02006300000395', 146),
(413, 335, NULL, 2, 430, 396, 1050, NULL, NULL, 1050, NULL, 51, '02008300000396', 147),
(414, 334, NULL, 3, 350, 397, 1070, NULL, NULL, 1070, NULL, 51, '02008310000397', 148),
(415, 333, NULL, 1, 350, 398, 1070, NULL, NULL, 1070, NULL, 51, '02006280000398', 148),
(416, 341, NULL, 2, 350, 399, 1070, NULL, NULL, 1070, NULL, 51, '02008280000399', 148),
(417, 335, NULL, 1, 350, 400, 1070, NULL, NULL, 1070, NULL, 51, '02008300000400', 148),
(418, 343, NULL, 2, 350, 401, 1070, NULL, NULL, 1070, NULL, 51, '02003310000401', 148),
(419, 344, NULL, 1, 350, 402, 1070, NULL, NULL, 1070, NULL, 51, '02016280000402', 148),
(420, 345, NULL, 2, 350, 403, 1070, NULL, NULL, 1070, NULL, 51, '02016310000403', 148),
(421, 346, NULL, 3, 350, 404, 1070, NULL, NULL, 1070, NULL, 51, '02016290000404', 148),
(422, 347, NULL, 1, 350, 405, 1070, NULL, NULL, 1070, NULL, 51, '02016300000405', 148),
(423, 348, NULL, 2, 350, 406, 1070, NULL, NULL, 1070, NULL, 51, '02003290000406', 148),
(424, 349, NULL, 1, 350, 407, 1070, NULL, NULL, 1070, NULL, 51, '02003280000407', 148),
(425, 337, NULL, 2, 450, 408, 1050, NULL, NULL, 1050, NULL, 51, '02008290000408', 149),
(426, 334, NULL, 2, 450, 409, 1050, NULL, NULL, 1050, NULL, 51, '02008310000409', 149),
(427, 335, NULL, 1, 450, 410, 1150, NULL, NULL, 1150, NULL, 51, '02008300000410', 149),
(428, 341, NULL, 1, 450, 411, 1150, NULL, NULL, 1150, NULL, 51, '02008280000411', 149),
(429, 350, NULL, 1, 460, 412, 1070, NULL, NULL, 1070, NULL, 51, '02008190000412', 150),
(430, 341, NULL, 2, 460, 413, 1070, NULL, NULL, 1070, NULL, 51, '02008280000413', 150),
(431, 339, NULL, 1, 550, 414, 1550, NULL, NULL, 1550, NULL, 51, '02006310000414', 146),
(432, 351, NULL, 1, 525, 415, 1150, NULL, NULL, 1150, NULL, 52, '02008310000415', 151),
(433, 352, NULL, 1, 525, 416, 1150, NULL, NULL, 1150, NULL, 52, '02008290000416', 151),
(434, 353, NULL, 2, 1600, 417, 2350, NULL, NULL, 2350, NULL, 53, '02008330000417', 152),
(435, 354, NULL, 2, 1600, 418, 2350, NULL, NULL, 2350, NULL, 53, '02008340000418', 152),
(436, 353, NULL, 2, 1350, 419, 2050, NULL, NULL, 2050, NULL, 53, '02008330000419', 153),
(437, 355, NULL, 1, 1600, 420, 2350, NULL, NULL, 2350, NULL, 53, '02008350000420', 152),
(438, 356, NULL, 1, 1600, 421, 2350, NULL, NULL, 2350, NULL, 53, '02008320000421', 152),
(439, 357, NULL, 1, 1600, 422, 2350, NULL, NULL, 2350, NULL, 53, '02008310000422', 152),
(440, 357, NULL, 1, 1350, 423, 2050, NULL, NULL, 2050, NULL, 53, '02008310000423', 153),
(441, 358, NULL, 1, 1350, 424, 2050, NULL, NULL, 2050, NULL, 53, '02008290000424', 153),
(442, 359, NULL, 1, 1350, 425, 2050, NULL, NULL, 2050, NULL, 53, '02008300000425', 153),
(443, 354, NULL, 1, 1350, 426, 2050, NULL, NULL, 2050, NULL, 53, '02008340000426', 153),
(444, 360, NULL, 1, 1600, 427, 2350, NULL, NULL, 2350, NULL, 53, '02008280000427', 152),
(445, 361, NULL, 1, 1600, 428, 2350, NULL, NULL, 2350, NULL, 53, '02006340000428', 152),
(446, 361, NULL, 1, 1800, 429, 2650, NULL, NULL, 2650, NULL, 53, '02006340000429', 154),
(447, 362, NULL, 1, 1600, 430, 2350, NULL, NULL, 2350, NULL, 53, '02006350000430', 152),
(448, 363, NULL, 1, 1800, 431, 2650, NULL, NULL, 2650, NULL, 53, '02006360000431', 154),
(449, 364, NULL, 1, 1200, 432, 1850, NULL, NULL, 1850, NULL, 54, '02106340000432', 155),
(450, 365, NULL, 1, 1200, 433, 1850, NULL, NULL, 1850, NULL, 55, '02108300000433', 156),
(451, 366, NULL, 1, 1200, 434, 1850, NULL, NULL, 1850, NULL, 55, '02116310000434', 156),
(452, 367, NULL, 1, 1200, 435, 1850, NULL, NULL, 1850, NULL, 55, '02113340000435', 156),
(453, 368, NULL, 1, 1200, 436, 1850, NULL, NULL, 1850, NULL, 55, '02113290000436', 156),
(454, 369, NULL, 2, 1200, 437, 1850, NULL, NULL, 1850, NULL, 55, '02113310000437', 156),
(455, 370, NULL, 1, 1200, 438, 1850, NULL, NULL, 1850, NULL, 55, '02116330000438', 156),
(456, 371, NULL, 1, 1200, 439, 1850, NULL, NULL, 1850, NULL, 55, '02116340000439', 156),
(457, 372, NULL, 1, 1200, 440, 1850, NULL, NULL, 1850, NULL, 55, '02106300000440', 156),
(458, 373, NULL, 2, 1200, 441, 1850, NULL, NULL, 1850, NULL, 55, '02106290000441', 156),
(459, 374, NULL, 1, 1200, 442, 1850, NULL, NULL, 1850, NULL, 55, '02106280000442', 156),
(460, 375, NULL, 1, 1200, 443, 1850, NULL, NULL, 1850, NULL, 55, '02108350000443', 156),
(461, 376, NULL, 1, 1200, 444, 1850, NULL, NULL, 1850, NULL, 55, '02108330000444', 156),
(462, 377, NULL, 1, 1200, 445, 1850, NULL, NULL, 1850, NULL, 55, '02108290000445', 156),
(463, 378, NULL, 1, 1200, 446, 1850, NULL, NULL, 1850, NULL, 55, '02108340000446', 156),
(464, 379, NULL, 1, 1200, 447, 1850, NULL, NULL, 1850, NULL, 55, '02108280000447', 156),
(465, 380, NULL, 1, 400, 448, 1150, NULL, NULL, 1150, NULL, 51, '02112310000448', 157),
(466, 381, NULL, 1, 400, 449, 1150, NULL, NULL, 1150, NULL, 51, '02103340000449', 157),
(467, 382, NULL, 1, 350, 450, 1050, NULL, NULL, 1050, NULL, 51, '02103280000450', 158),
(468, 383, NULL, 1, 1800, 451, 2650, NULL, NULL, 2650, NULL, 53, '02113310000451', 159),
(469, 384, NULL, 1, 1800, 452, 2650, NULL, NULL, 2650, NULL, 53, '02108290000452', 159),
(470, 385, NULL, 1, 470, 453, 1050, NULL, NULL, 1050, NULL, 51, '02103310000453', 160),
(471, 386, NULL, 1, 400, 454, 1150, NULL, NULL, 1150, NULL, 51, '02108280000454', 157),
(472, 387, NULL, 1, 400, 455, 1150, NULL, NULL, 1150, NULL, 51, '02103320000455', 157),
(473, 385, NULL, 1, 400, 456, 1150, NULL, NULL, 1150, NULL, 51, '02103310000456', 157),
(474, 388, NULL, 1, 400, 457, 1150, NULL, NULL, 1150, NULL, 51, '02108310000457', 157),
(475, 389, NULL, 1, 470, 458, 1050, NULL, NULL, 1050, NULL, 51, '02103290000458', 160),
(476, 390, NULL, 1, 400, 459, 1150, NULL, NULL, 1150, NULL, 51, '02108290000459', 157),
(477, 391, NULL, 1, 400, 460, 1150, NULL, NULL, 1150, NULL, 51, '02108320000460', 157),
(478, 389, NULL, 1, 400, 461, 1150, NULL, NULL, 1150, NULL, 51, '02103290000461', 157),
(479, 392, NULL, 1, 1200, 462, 1850, NULL, NULL, 1850, NULL, 56, '02116290000462', 161),
(480, 393, NULL, 1, 1200, 463, 1850, NULL, NULL, 1850, NULL, 51, '02116290000463', 162),
(481, 394, NULL, 1, 400, 464, 1050, NULL, NULL, 1050, NULL, 51, '02116310000464', 157),
(482, 395, NULL, 1, 400, 465, 1050, NULL, NULL, 1050, NULL, 51, '02111290000465', 157),
(483, 396, NULL, 1, 400, 466, 1050, NULL, NULL, 1050, NULL, 51, '02116320000466', 157),
(484, 397, NULL, 1, 400, 467, 1050, NULL, NULL, 1050, NULL, 51, '02111320000467', 157),
(485, 393, NULL, 1, 400, 468, 1050, NULL, NULL, 1050, NULL, 51, '02116290000468', 157),
(486, 398, NULL, 1, 400, 469, 1050, NULL, NULL, 1050, NULL, 51, '02111280000469', 157),
(487, 399, NULL, 1, 400, 470, 1050, NULL, NULL, 1050, NULL, 51, '02116280000470', 157),
(488, 400, NULL, 1, 400, 471, 1050, NULL, NULL, 1050, NULL, 51, '02111310000471', 157),
(489, 401, NULL, 1, 1550, 472, 2050, NULL, NULL, 2050, NULL, 57, '02106290000472', 163),
(490, 402, NULL, 1, 1550, 473, 2050, NULL, NULL, 2050, NULL, 57, '02113290000473', 163),
(491, 403, NULL, 2, 1250, 474, 2050, NULL, NULL, 2050, NULL, 57, '02106310000474', 164),
(492, 404, NULL, 1, 1550, 475, 2050, NULL, NULL, 2050, NULL, 57, '02106220000475', 163),
(493, 405, NULL, 2, 1250, 476, 2050, NULL, NULL, 2050, NULL, 57, '02113310000476', 164),
(494, 406, NULL, 1, 1250, 477, 2050, NULL, NULL, 2050, NULL, 57, '02113330000477', 164),
(495, 407, NULL, 1, 1250, 478, 2050, NULL, NULL, 2050, NULL, 57, '02113220000478', 164),
(496, 408, NULL, 1, 1800, 479, 2750, NULL, NULL, 2750, NULL, 58, '02124340000479', 165),
(497, 409, NULL, 1, 1800, 480, 2750, NULL, NULL, 2750, NULL, 58, '02103280000480', 165),
(498, 410, NULL, 1, 1800, 481, 2750, NULL, NULL, 2750, NULL, 58, '02124300000481', 165),
(499, 411, NULL, 1, 1800, 482, 2750, NULL, NULL, 2750, NULL, 58, '02124290000482', 165),
(500, 412, NULL, 1, 1200, 483, 1850, NULL, NULL, 1850, NULL, 59, '02116220000483', 166),
(501, 413, NULL, 3, 1300, 484, 1950, NULL, NULL, 1950, NULL, 34, '02103370000484', 167),
(502, 414, NULL, 3, 1300, 485, 1950, NULL, NULL, 1950, NULL, 34, '02103310000485', 167),
(503, 415, NULL, 2, 1300, 486, 1950, NULL, NULL, 1950, NULL, 34, '02103300000486', 167),
(504, 416, NULL, 1, 1300, 487, 1950, NULL, NULL, 1950, NULL, 34, '02103330000487', 167),
(505, 417, NULL, 1, 1300, 488, 1950, NULL, NULL, 1950, NULL, 34, '02103290000488', 167),
(506, 404, NULL, 1, 1550, 489, 2550, NULL, NULL, 2550, NULL, 34, '02106220000489', 168),
(507, 418, NULL, 1, 1550, 490, 2550, NULL, NULL, 2550, NULL, 34, '02106330000490', 168),
(508, 419, NULL, 1, 1550, 491, 2550, NULL, NULL, 2550, NULL, 34, '02106340000491', 168),
(509, 420, NULL, 1, 800, 492, 1180, NULL, NULL, 1180, NULL, 60, '02203310000492', 169),
(510, 421, NULL, 1, 800, 493, 1180, NULL, NULL, 1180, NULL, 60, '02211310000493', 169),
(511, 422, NULL, 2, 800, 494, 1180, NULL, NULL, 1180, NULL, 60, '02203340000494', 169),
(512, 423, NULL, 1, 800, 495, 1180, NULL, NULL, 1180, NULL, 60, '02211290000495', 169),
(513, 424, NULL, 1, 800, 496, 1180, NULL, NULL, 1180, NULL, 60, '02211300000496', 169),
(514, 425, NULL, 1, 800, 497, 1180, NULL, NULL, 1180, NULL, 60, '02211220000497', 169),
(515, 426, NULL, 2, 800, 498, 1180, NULL, NULL, 1180, NULL, 60, '02203300000498', 169),
(516, 427, NULL, 1, 800, 499, 1180, NULL, NULL, 1180, NULL, 60, '02203380000499', 169),
(517, 428, NULL, 1, 800, 500, 1180, NULL, NULL, 1180, NULL, 60, '02203220000500', 169),
(518, 429, NULL, 1, 250, 501, 400, NULL, NULL, 400, NULL, 61, '02306130000501', 170),
(519, 430, NULL, 1, 190, 502, 400, NULL, NULL, 400, NULL, 61, '02303130000502', 171),
(520, 429, NULL, 1, 200, 503, 400, NULL, NULL, 400, NULL, 61, '02306130000503', 172),
(521, 430, NULL, 1, 200, 504, 400, NULL, NULL, 400, NULL, 61, '02303130000504', 172),
(522, 431, NULL, 2, 200, 505, 400, NULL, NULL, 400, NULL, 61, '02306120000505', 172),
(523, 432, NULL, 1, 200, 506, 400, NULL, NULL, 400, NULL, 61, '02301130000506', 172),
(524, 433, NULL, 1, 200, 507, 400, NULL, NULL, 400, NULL, 61, '02303110000507', 172),
(525, 434, NULL, 1, 200, 508, 400, NULL, NULL, 400, NULL, 61, '02308110000508', 172),
(526, 435, NULL, 3, 200, 509, 400, NULL, NULL, 400, NULL, 61, '02306210000509', 172),
(527, 436, NULL, 1, 200, 510, 400, NULL, NULL, 400, NULL, 61, '02308120000510', 172),
(528, 437, NULL, 1, 200, 511, 400, NULL, NULL, 400, NULL, 61, '02301110000511', 172),
(529, 438, NULL, 1, 200, 512, 400, NULL, NULL, 400, NULL, 61, '02306110000512', 172),
(530, 439, NULL, 1, 200, 513, 400, NULL, NULL, 400, NULL, 61, '02303210000513', 172),
(531, 439, NULL, 2, 133, 514, 300, NULL, NULL, 300, NULL, 61, '02303210000514', 173),
(532, 440, NULL, 1, 133, 515, 300, NULL, NULL, 300, NULL, 61, '02324210000515', 173),
(533, 433, NULL, 3, 133, 516, 300, NULL, NULL, 300, NULL, 61, '02303110000516', 173),
(534, 441, NULL, 1, 133, 517, 300, NULL, NULL, 300, NULL, 61, '02324120000517', 173),
(535, 442, NULL, 2, 133, 518, 300, NULL, NULL, 300, NULL, 61, '02303120000518', 173),
(536, 430, NULL, 3, 133, 519, 300, NULL, NULL, 300, NULL, 61, '02303130000519', 173),
(537, 443, NULL, 1, 220, 520, 480, NULL, NULL, 480, NULL, 61, '02308390000520', 174),
(538, 444, NULL, 2, 220, 521, 480, NULL, NULL, 480, NULL, 61, '02303390000521', 174),
(539, 445, NULL, 1, 220, 522, 480, NULL, NULL, 480, NULL, 61, '02301120000522', 174),
(540, 446, NULL, 1, 220, 523, 480, NULL, NULL, 480, NULL, 61, '02301210000523', 174),
(541, 435, NULL, 1, 220, 524, 480, NULL, NULL, 480, NULL, 61, '02306210000524', 174),
(542, 447, NULL, 1, 190, 525, 285, NULL, NULL, 285, NULL, 61, '02306390000525', 171),
(543, 448, NULL, 1, 190, 526, 285, NULL, NULL, 285, NULL, 61, '02311390000526', 171),
(544, 449, NULL, 3, 250, 527, 550, NULL, NULL, 550, NULL, 61, '02311120000527', 170),
(545, 436, NULL, 1, 250, 528, 550, NULL, NULL, 550, NULL, 61, '02308120000528', 170),
(546, 448, NULL, 1, 250, 529, 550, NULL, NULL, 550, NULL, 61, '02311390000529', 170),
(547, 443, NULL, 1, 250, 530, 550, NULL, NULL, 550, NULL, 61, '02308390000530', 170),
(548, 450, NULL, 6, 250, 531, 550, NULL, NULL, 550, NULL, 61, '02305120000531', 170),
(549, 451, NULL, 4, 250, 532, 550, NULL, NULL, 550, NULL, 61, '02305210000532', 170),
(550, 452, NULL, 3, 250, 533, 550, NULL, NULL, 550, NULL, 61, '02305390000533', 170),
(551, 451, NULL, 2, 260, 534, 550, NULL, NULL, 550, NULL, 61, '02305210000534', 175),
(552, 452, NULL, 2, 260, 535, 550, NULL, NULL, 550, NULL, 61, '02305390000535', 175),
(553, 450, NULL, 2, 260, 536, 550, NULL, NULL, 550, NULL, 61, '02305120000536', 175),
(554, 439, NULL, 1, 235, 537, 550, NULL, NULL, 550, NULL, 61, '02303210000537', 176),
(555, 446, NULL, 1, 235, 538, 550, NULL, NULL, 550, NULL, 61, '02301210000538', 176),
(556, 442, NULL, 1, 235, 539, 550, NULL, NULL, 550, NULL, 61, '02303120000539', 176),
(557, 431, NULL, 1, 235, 540, 550, NULL, NULL, 550, NULL, 61, '02306120000540', 176),
(558, 444, NULL, 1, 235, 541, 550, NULL, NULL, 550, NULL, 61, '02303390000541', 176),
(559, 443, NULL, 1, 235, 542, 550, NULL, NULL, 550, NULL, 61, '02308390000542', 176),
(560, 446, NULL, 1, 230, 543, 550, NULL, NULL, 550, NULL, 61, '02301210000543', 177),
(561, 439, NULL, 1, 230, 544, 550, NULL, NULL, 550, NULL, 61, '02303210000544', 177),
(562, 447, NULL, 1, 230, 545, 550, NULL, NULL, 550, NULL, 61, '02306390000545', 177),
(563, 444, NULL, 1, 230, 546, 550, NULL, NULL, 550, NULL, 61, '02303390000546', 177),
(564, 453, NULL, 1, 250, 547, 550, NULL, NULL, 550, NULL, 61, '02310130000547', 170),
(565, 454, NULL, 1, 250, 548, 550, NULL, NULL, 550, NULL, 61, '02305130000548', 170),
(566, 455, NULL, 1, 250, 549, 550, NULL, NULL, 550, NULL, 61, '02318210000549', 170),
(567, 450, NULL, 1, 230, 550, 550, NULL, NULL, 550, NULL, 61, '02305120000550', 177),
(568, 451, NULL, 2, 290, 551, 400, NULL, NULL, 400, NULL, 61, '02305210000551', 178),
(569, 450, NULL, 1, 290, 552, 400, NULL, NULL, 400, NULL, 61, '02305120000552', 178),
(570, 454, NULL, 1, 340, 553, 480, NULL, NULL, 480, NULL, 61, '02305130000553', 179),
(571, 456, NULL, 2, 85, 554, 170, NULL, NULL, 170, NULL, 62, '02407130000554', 180),
(572, 457, NULL, 1, 85, 555, 170, NULL, NULL, 170, NULL, 62, '02407110000555', 180),
(573, 458, NULL, 2, 85, 556, 170, NULL, NULL, 170, NULL, 62, '02407150000556', 180),
(574, 459, NULL, 6, 85, 557, 170, NULL, NULL, 170, NULL, 62, '02407120000557', 180),
(575, 460, NULL, 1, 85, 558, 160, NULL, NULL, 160, NULL, 63, '02318120000558', 181),
(576, 460, NULL, 2, 85, 559, 160, NULL, NULL, 160, NULL, 64, '02318120000559', 182),
(577, 461, NULL, 1, 85, 560, 160, NULL, NULL, 160, NULL, 64, '02308130000560', 182),
(578, 462, NULL, 2, 85, 561, 160, NULL, NULL, 160, NULL, 64, '02306110000561', 182),
(579, 463, NULL, 1, 85, 562, 160, NULL, NULL, 160, NULL, 64, '02303110000562', 182),
(580, 464, NULL, 1, 85, 563, 160, NULL, NULL, 160, NULL, 64, '02306130000563', 182),
(581, 465, NULL, 2, 85, 564, 160, NULL, NULL, 160, NULL, 64, '02318130000564', 182),
(582, 466, NULL, 1, 85, 565, 160, NULL, NULL, 160, NULL, 64, '02318110000565', 182),
(583, 467, NULL, 1, 85, 566, 160, NULL, NULL, 160, NULL, 64, '02308110000566', 182),
(584, 468, NULL, 2, 85, 567, 160, NULL, NULL, 160, NULL, 64, '02308150000567', 182),
(585, 469, NULL, 1, 1500, 568, 2100, NULL, NULL, 2100, NULL, 65, '02526220000568', 183),
(586, 470, NULL, 1, 1400, 569, 1980, NULL, NULL, 1980, NULL, 65, '02504200000569', 184),
(587, 471, NULL, 1, 1050, 570, 1470, NULL, NULL, 1470, NULL, 65, '02505200000570', 185),
(588, 472, NULL, 1, 1200, 571, 1680, NULL, NULL, 1680, NULL, 65, '02508200000571', 186),
(589, 473, NULL, 1, 1900, 572, 2660, NULL, NULL, 2660, NULL, 66, '02507220000572', 187),
(590, 474, NULL, 1, 1050, 573, 1470, NULL, NULL, 1470, NULL, 65, '02523220000573', 185),
(591, 475, NULL, 1, 1200, 574, 1950, NULL, NULL, 1950, NULL, 67, '02506200000574', 188);
INSERT INTO `PurchaseItem` (`id`, `item_id`, `name`, `quantity`, `purchasePrice`, `code`, `salesPrice`, `purchaseSubTotal`, `salesSubTotal`, `webPrice`, `webSubTotal`, `purchase_id`, `barcode`, `purchaseVendorItem_id`) VALUES
(592, 476, NULL, 1, 1150, 575, 1610, NULL, NULL, 1610, NULL, 65, '02505220000575', 189),
(593, 477, NULL, 1, 1100, 576, 1550, NULL, NULL, 1550, NULL, 65, '02502220000576', 190),
(594, 478, NULL, 1, 2400, 577, 3250, NULL, NULL, 3250, NULL, 66, '02505300000577', 191),
(595, 479, NULL, 1, 1500, 578, 2100, NULL, NULL, 2100, NULL, 66, '02508170000578', 192),
(596, 471, NULL, 3, 1100, 579, 2250, NULL, NULL, 2250, NULL, 66, '02505200000579', 193),
(597, 480, NULL, 1, 1100, 580, 1550, NULL, NULL, 1550, NULL, 65, '02502140000580', 190),
(598, 481, NULL, 1, 650, 581, 980, NULL, NULL, 980, NULL, 65, '02508140000581', 194),
(599, 482, NULL, 1, 650, 582, 980, NULL, NULL, 980, NULL, 65, '02505140000582', 194),
(600, 483, NULL, 1, 650, 583, 980, NULL, NULL, 980, NULL, 65, '02501140000583', 194),
(601, 471, NULL, 1, 1500, 584, 2100, NULL, NULL, 2100, NULL, 66, '02505200000584', 192),
(602, 476, NULL, 1, 1500, 585, 2250, NULL, NULL, 2250, NULL, 66, '02505220000585', 192),
(603, 484, NULL, 1, 1100, 586, 1650, NULL, NULL, 1650, NULL, 66, '02509200000586', 193),
(604, 485, NULL, 1, 1100, 587, 2100, NULL, NULL, 2100, NULL, 66, '02523200000587', 193),
(605, 486, NULL, 1, 1500, 588, 2250, NULL, NULL, 2250, NULL, 66, '02508220000588', 192),
(606, 476, NULL, 2, 1100, 589, 2350, NULL, NULL, 2350, NULL, 66, '02505220000589', 193),
(607, 487, NULL, 1, 1100, 590, 1650, NULL, NULL, 1650, NULL, 66, '02505190000590', 193),
(608, 476, NULL, 1, 1400, 591, 2100, NULL, NULL, 2100, NULL, 66, '02505220000591', 195),
(609, 488, NULL, 1, 1500, 592, 2100, NULL, NULL, 2100, NULL, 66, '02518220000592', 192),
(610, 489, NULL, 1, 1000, 593, 2100, NULL, NULL, 2100, NULL, 66, '02518200000593', 196),
(611, 472, NULL, 2, 1500, 594, 2250, NULL, NULL, 2250, NULL, 66, '02508200000594', 192),
(612, 490, NULL, 1, 1000, 595, 1450, NULL, NULL, 1450, NULL, 66, '02504300000595', 196),
(613, 491, NULL, 1, 1050, 596, 1650, NULL, NULL, 1650, NULL, 66, '02505370000596', 197),
(614, 492, NULL, 1, 1500, 597, 2250, NULL, NULL, 2250, NULL, 66, '02504170000597', 192),
(615, 487, NULL, 1, 1500, 598, 2250, NULL, NULL, 2250, NULL, 66, '02505190000598', 192),
(616, 493, NULL, 2, 1500, 599, 2100, NULL, NULL, 2100, NULL, 66, '02508190000599', 192),
(617, 472, NULL, 1, 1100, 600, 2350, NULL, NULL, 2350, NULL, 66, '02508200000600', 193),
(618, 490, NULL, 1, 2400, 601, 3250, NULL, NULL, 3250, NULL, 66, '02504300000601', 191),
(619, 471, NULL, 1, 1100, 602, 1550, NULL, NULL, 1550, NULL, 68, '02505200000602', 198),
(620, 478, NULL, 1, 1500, 603, 2250, NULL, NULL, 2250, NULL, 68, '02505300000603', 199),
(621, 490, NULL, 1, 1550, 604, 2170, NULL, NULL, 2170, NULL, 68, '02504300000604', 200),
(622, 494, NULL, 1, 1500, 605, 2250, NULL, NULL, 2250, NULL, 68, '02504220000605', 199),
(623, 495, NULL, 1, 1400, 606, 1950, NULL, NULL, 1950, NULL, 67, '02506220000606', 201),
(624, 494, NULL, 1, 1100, 607, 1450, NULL, NULL, 1450, NULL, 67, '02504220000607', 202),
(625, 470, NULL, 1, 1500, 608, 2450, NULL, NULL, 2450, NULL, 67, '02504200000608', 203),
(626, 496, NULL, 1, 1400, 609, 1950, NULL, NULL, 1950, NULL, 67, '02506300000609', 201),
(627, 497, NULL, 1, 1100, 610, 1550, NULL, NULL, 1550, NULL, 67, '02503300000610', 202),
(628, 498, NULL, 1, 1100, 611, 1550, NULL, NULL, 1550, NULL, 66, '02503220000611', 193),
(629, 499, NULL, 1, 1100, 612, 1550, NULL, NULL, 1550, NULL, 66, '02503200000612', 193),
(630, 500, NULL, 1, 1100, 613, 1550, NULL, NULL, 1550, NULL, 66, '02526300000613', 193),
(631, 501, NULL, 1, 1100, 614, 1550, NULL, NULL, 1550, NULL, 66, '02526190000614', 193),
(632, 502, NULL, 1, 1100, 615, 1550, NULL, NULL, 1550, NULL, 66, '02503190000615', 193),
(633, 503, NULL, 1, 1600, 616, 2350, NULL, NULL, 2350, NULL, 66, '02514190000616', 204),
(634, 504, NULL, 1, 1100, 617, 1550, NULL, NULL, 1550, NULL, 66, '02502200000617', 193),
(635, 505, NULL, 1, 1600, 618, 2350, NULL, NULL, 2350, NULL, 66, '02514200000618', 204),
(636, 506, NULL, 1, 1100, 619, 2350, NULL, NULL, 2350, NULL, 66, '02508300000619', 193),
(637, 507, NULL, 1, 1500, 620, 2100, NULL, NULL, 2100, NULL, 66, '02512220000620', 192),
(638, 478, NULL, 1, 1500, 621, 2100, NULL, NULL, 2100, NULL, 66, '02505300000621', 192),
(639, 508, NULL, 2, 1050, 622, 1550, NULL, NULL, 1550, NULL, 66, '02520220000622', 197),
(640, 509, NULL, 1, 1400, 623, 1950, NULL, NULL, 1950, NULL, 66, '02506310000623', 195),
(641, 498, NULL, 1, 2400, 624, 3250, NULL, NULL, 3250, NULL, 66, '02503220000624', 191),
(642, 490, NULL, 1, 1500, 625, 2250, NULL, NULL, 2250, NULL, 66, '02504300000625', 192),
(643, 510, NULL, 1, 1900, 626, 2650, NULL, NULL, 2650, NULL, 66, '02507310000626', 187),
(644, 511, NULL, 1, 1600, 627, 2350, NULL, NULL, 2350, NULL, 66, '02514300000627', 204),
(645, 490, NULL, 1, 1100, 628, 2250, NULL, NULL, 2250, NULL, 66, '02504300000628', 193),
(646, 512, NULL, 1, 1550, 629, 2170, NULL, NULL, 2170, NULL, 66, '02527300000629', 205),
(647, 469, NULL, 1, 1100, 630, 1550, NULL, NULL, 1550, NULL, 68, '02526220000630', 198),
(648, 513, NULL, 1, 1100, 631, 1550, NULL, NULL, 1550, NULL, 68, '02526200000631', 198),
(649, 501, NULL, 1, 1100, 632, 1550, NULL, NULL, 1550, NULL, 68, '02526190000632', 198),
(650, 514, NULL, 1, 1100, 633, 1550, NULL, NULL, 1550, NULL, 68, '02526170000633', 198),
(651, 515, NULL, 1, 1100, 634, 1540, NULL, NULL, 1540, NULL, 68, '02512190000634', 198),
(652, 516, NULL, 1, 1100, 635, 1540, NULL, NULL, 1540, NULL, 68, '02512200000635', 198),
(653, 507, NULL, 1, 1100, 636, 1540, NULL, NULL, 1540, NULL, 68, '02512220000636', 198),
(654, 517, NULL, 1, 1100, 637, 1550, NULL, NULL, 1550, NULL, 68, '02507190000637', 198),
(655, 518, NULL, 1, 1100, 638, 1550, NULL, NULL, 1550, NULL, 68, '02507170000638', 198),
(656, 473, NULL, 1, 1100, 639, 1550, NULL, NULL, 1550, NULL, 68, '02507220000639', 198),
(657, 492, NULL, 1, 1550, 640, 2170, NULL, NULL, 2170, NULL, 66, '02504170000640', 205),
(658, 501, NULL, 1, 1500, 641, 2150, NULL, NULL, 2150, NULL, 68, '02526190000641', 199),
(659, 493, NULL, 1, 1200, 642, 1680, NULL, NULL, 1680, NULL, 65, '02508190000642', 186),
(660, 479, NULL, 1, 1200, 643, 1680, NULL, NULL, 1680, NULL, 65, '02508170000643', 186),
(661, 506, NULL, 1, 1200, 644, 1680, NULL, NULL, 1680, NULL, 65, '02508300000644', 186),
(662, 519, NULL, 1, 1400, 645, 1980, NULL, NULL, 1980, NULL, 65, '02520300000645', 184),
(663, 520, NULL, 1, 1400, 646, 1980, NULL, NULL, 1980, NULL, 65, '02520190000646', 184),
(664, 521, NULL, 1, 1400, 647, 1980, NULL, NULL, 1980, NULL, 65, '02520170000647', 184),
(665, 471, NULL, 2, 1150, 648, 1610, NULL, NULL, 1610, NULL, 65, '02505200000648', 189),
(666, 514, NULL, 1, 1500, 649, 2100, NULL, NULL, 2100, NULL, 65, '02526170000649', 183),
(667, 513, NULL, 1, 1500, 650, 2150, NULL, NULL, 2150, NULL, 65, '02526200000650', 183),
(668, 478, NULL, 1, 1150, 651, 1610, NULL, NULL, 1610, NULL, 65, '02505300000651', 189),
(669, 506, NULL, 1, 1050, 652, 1470, NULL, NULL, 1470, NULL, 65, '02508300000652', 185),
(670, 472, NULL, 2, 1050, 653, 1470, NULL, NULL, 1470, NULL, 65, '02508200000653', 185),
(671, 479, NULL, 1, 1050, 654, 1470, NULL, NULL, 1470, NULL, 65, '02508170000654', 185),
(672, 504, NULL, 2, 1000, 655, 1400, NULL, NULL, 1400, NULL, 65, '02502200000655', 206),
(673, 522, NULL, 1, 1000, 656, 1400, NULL, NULL, 1400, NULL, 65, '02502190000656', 206),
(674, 478, NULL, 1, 1050, 657, 1470, NULL, NULL, 1470, NULL, 65, '02505300000657', 185),
(675, 476, NULL, 1, 1050, 658, 1470, NULL, NULL, 1470, NULL, 65, '02505220000658', 185),
(676, 523, NULL, 1, 1050, 659, 1470, NULL, NULL, 1470, NULL, 65, '02505170000659', 185),
(677, 487, NULL, 1, 1050, 660, 1470, NULL, NULL, 1470, NULL, 65, '02505190000660', 185),
(678, 524, NULL, 1, 1500, 661, 2250, NULL, NULL, 2250, NULL, 65, '02510220000661', 183),
(679, 525, NULL, 1, 1500, 662, 2250, NULL, NULL, 2250, NULL, 65, '02510300000662', 183),
(680, 478, NULL, 1, 1400, 663, 1980, NULL, NULL, 1980, NULL, 65, '02505300000663', 184),
(681, 524, NULL, 1, 1550, 664, 2600, NULL, NULL, 2600, NULL, 65, '02510220000664', 207),
(682, 526, NULL, 1, 1300, 665, 1950, NULL, NULL, 1950, NULL, 69, '02506190000665', 208),
(683, 527, NULL, 1, 1300, 666, 1950, NULL, NULL, 1950, NULL, 69, '02506170000666', 208),
(684, 528, NULL, 1, 1050, 667, 1575, NULL, NULL, 1575, NULL, 69, '02504190000667', 209),
(685, 529, NULL, 1, 1050, 668, 1575, NULL, NULL, 1575, NULL, 69, '02504170000668', 209),
(686, 530, NULL, 1, 1200, 669, 1800, NULL, NULL, 1800, NULL, 69, '02508170000669', 210),
(687, 531, NULL, 2, 1200, 670, 1800, NULL, NULL, 1800, NULL, 69, '02508300000670', 210),
(688, 532, NULL, 1, 1200, 671, 1800, NULL, NULL, 1800, NULL, 69, '02508200000671', 210),
(689, 533, NULL, 1, 1200, 672, 1800, NULL, NULL, 1800, NULL, 69, '02508220000672', 210),
(690, 534, NULL, 1, 1050, 673, 1575, NULL, NULL, 1575, NULL, 69, '02504220000673', 209),
(691, 535, NULL, 1, 950, 674, 1450, NULL, NULL, 1450, NULL, 70, '02518220000674', 211),
(692, 536, NULL, 1, 1400, 675, 1950, NULL, NULL, 1950, NULL, 70, '02508190000675', 212),
(693, 532, NULL, 1, 1400, 676, 1950, NULL, NULL, 1950, NULL, 70, '02508200000676', 212),
(694, 531, NULL, 1, 1400, 677, 1950, NULL, NULL, 1950, NULL, 70, '02508300000677', 212),
(695, 530, NULL, 1, 1400, 678, 1950, NULL, NULL, 1950, NULL, 70, '02508170000678', 212),
(696, 537, NULL, 1, 1250, 679, 1875, NULL, NULL, 1875, NULL, 70, '02526170000679', 213),
(697, 538, NULL, 1, 1250, 680, 1875, NULL, NULL, 1875, NULL, 70, '02526190000680', 213),
(698, 535, NULL, 1, 1250, 681, 1875, NULL, NULL, 1875, NULL, 70, '02518220000681', 213),
(699, 539, NULL, 1, 950, 682, 1450, NULL, NULL, 1450, NULL, 70, '02518310000682', 211),
(700, 540, NULL, 1, 950, 683, 1450, NULL, NULL, 1450, NULL, 70, '02506220000683', 211),
(701, 533, NULL, 1, 1150, 684, 1750, NULL, NULL, 1750, NULL, 69, '02508220000684', 214),
(702, 527, NULL, 1, 1150, 685, 1750, NULL, NULL, 1750, NULL, 69, '02506170000685', 214),
(703, 537, NULL, 1, 950, 686, 1650, NULL, NULL, 1650, NULL, 69, '02526170000686', 215),
(704, 541, NULL, 1, 950, 687, 1650, NULL, NULL, 1650, NULL, 69, '02518300000687', 215),
(705, 535, NULL, 1, 950, 688, 1650, NULL, NULL, 1650, NULL, 69, '02518220000688', 215),
(706, 542, NULL, 2, 1500, 689, 1850, NULL, NULL, 1850, NULL, 71, '02505300000689', 216),
(707, 543, NULL, 1, 1500, 690, 2100, NULL, NULL, 2100, NULL, 71, '02505190000690', 216),
(708, 544, NULL, 1, 1500, 691, 2100, NULL, NULL, 2100, NULL, 71, '02508220000691', 216),
(709, 545, NULL, 2, 1500, 692, 1980, NULL, NULL, 1980, NULL, 71, '02508190000692', 216),
(710, 546, NULL, 1, 1500, 693, 1980, NULL, NULL, 1980, NULL, 71, '02508300000693', 216),
(711, 547, NULL, 1, 1400, 694, 1980, NULL, NULL, 1980, NULL, 71, '02509200000694', 217),
(712, 548, NULL, 1, 1400, 695, 1980, NULL, NULL, 1980, NULL, 71, '02509300000695', 217),
(713, 549, NULL, 1, 1400, 696, 1980, NULL, NULL, 1980, NULL, 71, '02509190000696', 217),
(714, 550, NULL, 1, 1200, 697, 1650, NULL, NULL, 1650, NULL, 71, '02520200000697', 218),
(715, 551, NULL, 1, 1200, 698, 1650, NULL, NULL, 1650, NULL, 71, '02520300000698', 218),
(716, 552, NULL, 1, 1200, 699, 1650, NULL, NULL, 1650, NULL, 71, '02520190000699', 218),
(717, 553, NULL, 1, 1200, 700, 1650, NULL, NULL, 1650, NULL, 71, '02520170000700', 218),
(718, 554, NULL, 1, 1600, 701, 2150, NULL, NULL, 2150, NULL, 71, '02528190000701', 219),
(719, 552, NULL, 1, 1400, 702, 1980, NULL, NULL, 1980, NULL, 71, '02520190000702', 217),
(720, 551, NULL, 1, 1400, 703, 1980, NULL, NULL, 1980, NULL, 71, '02520300000703', 217),
(721, 555, NULL, 1, 1400, 704, 1980, NULL, NULL, 1980, NULL, 71, '02520220000704', 217),
(722, 556, NULL, 1, 1400, 705, 1980, NULL, NULL, 1980, NULL, 71, '02520310000705', 217),
(723, 557, NULL, 1, 1400, 706, 1980, NULL, NULL, 1980, NULL, 71, '02509170000706', 217),
(724, 558, NULL, 1, 1600, 707, 2150, NULL, NULL, 2150, NULL, 71, '02505220000707', 219),
(725, 559, NULL, 1, 1600, 708, 2150, NULL, NULL, 2150, NULL, 71, '02526170000708', 219),
(726, 560, NULL, 1, 1500, 709, 2150, NULL, NULL, 2150, NULL, 71, '02526190000709', 216),
(727, 561, NULL, 1, 1500, 710, 2150, NULL, NULL, 2150, NULL, 71, '02528200000710', 216),
(728, 562, NULL, 1, 1500, 711, 2150, NULL, NULL, 2150, NULL, 71, '02528170000711', 216),
(729, 563, NULL, 1, 1500, 712, 2150, NULL, NULL, 2150, NULL, 71, '02528300000712', 216),
(730, 543, NULL, 1, 1300, 713, 1850, NULL, NULL, 1850, NULL, 71, '02505190000713', 220),
(731, 564, NULL, 1, 1300, 714, 1850, NULL, NULL, 1850, NULL, 71, '02505200000714', 220),
(732, 565, NULL, 1, 1300, 715, 1850, NULL, NULL, 1850, NULL, 71, '02505170000715', 220),
(733, 566, NULL, 1, 1500, 716, 2150, NULL, NULL, 2150, NULL, 71, '02526220000716', 216),
(734, 567, NULL, 1, 1400, 717, 1850, NULL, NULL, 1850, NULL, 71, '02502190000717', 217),
(735, 568, NULL, 2, 1400, 718, 1850, NULL, NULL, 1850, NULL, 71, '02502200000718', 217),
(736, 569, NULL, 1, 1400, 719, 1850, NULL, NULL, 1850, NULL, 71, '02502170000719', 217),
(737, 570, NULL, 1, 1400, 720, 1850, NULL, NULL, 1850, NULL, 71, '02502300000720', 217),
(738, 542, NULL, 1, 1600, 721, 2150, NULL, NULL, 2150, NULL, 71, '02505300000721', 219),
(739, 571, NULL, 2, 1300, 722, 1750, NULL, NULL, 1750, NULL, 71, '02506220000722', 220),
(740, 572, NULL, 1, 1300, 723, 1750, NULL, NULL, 1750, NULL, 71, '02506170000723', 220),
(741, 573, NULL, 1, 1300, 724, 1750, NULL, NULL, 1750, NULL, 71, '02506200000724', 220),
(742, 572, NULL, 1, 1500, 725, 2100, NULL, NULL, 2100, NULL, 71, '02506170000725', 216),
(743, 550, NULL, 1, 1400, 726, 1980, NULL, NULL, 1980, NULL, 71, '02520200000726', 217),
(744, 561, NULL, 1, 1600, 727, 2150, NULL, NULL, 2150, NULL, 71, '02528200000727', 219),
(745, 574, NULL, 1, 1500, 728, 1980, NULL, NULL, 1980, NULL, 71, '02508200000728', 216),
(746, 555, NULL, 1, 1200, 729, 1650, NULL, NULL, 1650, NULL, 71, '02520220000729', 218),
(747, 575, NULL, 1, 1400, 730, 1980, NULL, NULL, 1980, NULL, 71, '02509220000730', 217),
(748, 564, NULL, 1, 1500, 731, 2100, NULL, NULL, 2100, NULL, 71, '02505200000731', 216),
(749, 576, NULL, 1, 1200, 732, 1750, NULL, NULL, 1750, NULL, 72, '02508220000732', 221),
(750, 577, NULL, 2, 1200, 733, 1750, NULL, NULL, 1750, NULL, 72, '02508200000733', 221),
(751, 578, NULL, 1, 1200, 734, 1750, NULL, NULL, 1750, NULL, 72, '02508170000734', 221),
(752, 579, NULL, 1, 1400, 735, 2100, NULL, NULL, 2100, NULL, 72, '02523220000735', 222),
(753, 580, NULL, 1, 1400, 736, 2100, NULL, NULL, 2100, NULL, 72, '02523200000736', 222),
(754, 581, NULL, 1, 1400, 737, 2100, NULL, NULL, 2100, NULL, 72, '02523170000737', 222),
(755, 582, NULL, 1, 1400, 738, 2100, NULL, NULL, 2100, NULL, 72, '02523300000738', 222),
(756, 583, NULL, 1, 1400, 739, 2100, NULL, NULL, 2100, NULL, 72, '02523190000739', 222),
(757, 579, NULL, 1, 1300, 740, 1950, NULL, NULL, 1950, NULL, 72, '02523220000740', 223),
(758, 580, NULL, 1, 1300, 741, 1950, NULL, NULL, 1950, NULL, 72, '02523200000741', 223),
(759, 583, NULL, 1, 1300, 742, 1950, NULL, NULL, 1950, NULL, 72, '02523190000742', 223),
(760, 581, NULL, 1, 1300, 743, 1950, NULL, NULL, 1950, NULL, 72, '02523170000743', 223),
(761, 582, NULL, 1, 1300, 744, 1950, NULL, NULL, 1950, NULL, 72, '02523300000744', 223),
(762, 584, NULL, 1, 1000, 745, 1550, NULL, NULL, 1550, NULL, 72, '02506200000745', 224),
(763, 585, NULL, 1, 1000, 746, 1550, NULL, NULL, 1550, NULL, 72, '02506170000746', 224),
(764, 586, NULL, 1, 1000, 747, 1550, NULL, NULL, 1550, NULL, 72, '02506190000747', 224),
(765, 587, NULL, 1, 1000, 748, 1550, NULL, NULL, 1550, NULL, 72, '02506290000748', 224),
(766, 588, NULL, 1, 1000, 749, 1550, NULL, NULL, 1550, NULL, 72, '02506280000749', 224),
(767, 589, NULL, 2, 1000, 750, 1650, NULL, NULL, 1650, NULL, 72, '02520220000750', 224),
(768, 590, NULL, 1, 1000, 751, 1650, NULL, NULL, 1650, NULL, 72, '02520300000751', 224),
(769, 591, NULL, 2, 1000, 752, 1650, NULL, NULL, 1650, NULL, 72, '02520170000752', 224),
(770, 592, NULL, 2, 1000, 753, 1650, NULL, NULL, 1650, NULL, 72, '02520190000753', 224),
(771, 593, NULL, 1, 1300, 754, 1950, NULL, NULL, 1950, NULL, 72, '02518190000754', 223),
(772, 594, NULL, 1, 1300, 755, 1950, NULL, NULL, 1950, NULL, 72, '02518310000755', 223),
(773, 595, NULL, 1, 1300, 756, 1950, NULL, NULL, 1950, NULL, 72, '02518300000756', 223),
(774, 596, NULL, 1, 1200, 757, 1750, NULL, NULL, 1750, NULL, 72, '02516200000757', 221),
(775, 597, NULL, 1, 1200, 758, 1750, NULL, NULL, 1750, NULL, 72, '02516220000758', 221),
(776, 598, NULL, 2, 1000, 759, 1650, NULL, NULL, 1650, NULL, 72, '02520200000759', 224),
(777, 599, NULL, 1, 1300, 760, 1950, NULL, NULL, 1950, NULL, 72, '02511190000760', 223),
(778, 600, NULL, 1, 1300, 761, 1950, NULL, NULL, 1950, NULL, 72, '02511200000761', 223),
(779, 601, NULL, 1, 1300, 762, 1950, NULL, NULL, 1950, NULL, 72, '02511220000762', 223),
(780, 602, NULL, 1, 1300, 763, 1950, NULL, NULL, 1950, NULL, 72, '02511170000763', 223),
(781, 603, NULL, 1, 1300, 764, 1950, NULL, NULL, 1950, NULL, 72, '02511300000764', 223),
(782, 601, NULL, 2, 1000, 765, 1550, NULL, NULL, 1550, NULL, 72, '02511220000765', 224),
(783, 602, NULL, 2, 1000, 766, 1550, NULL, NULL, 1550, NULL, 72, '02511170000766', 224),
(784, 604, NULL, 1, 1000, 767, 1550, NULL, NULL, 1550, NULL, 72, '02511290000767', 224),
(785, 603, NULL, 2, 1000, 768, 1550, NULL, NULL, 1550, NULL, 72, '02511300000768', 224),
(786, 605, NULL, 1, 1600, 769, 2250, NULL, NULL, 2250, NULL, 72, '02509170000769', 225),
(787, 606, NULL, 1, 1100, 770, 1650, NULL, NULL, 1650, NULL, 72, '02503170000770', 226),
(788, 607, NULL, 2, 1400, 771, 2100, NULL, NULL, 2100, NULL, 72, '02508190000771', 222),
(789, 578, NULL, 1, 1400, 772, 2100, NULL, NULL, 2100, NULL, 72, '02508170000772', 222),
(790, 608, NULL, 1, 1400, 773, 2100, NULL, NULL, 2100, NULL, 72, '02508300000773', 222),
(791, 576, NULL, 1, 1400, 774, 2100, NULL, NULL, 2100, NULL, 72, '02508220000774', 222),
(792, 583, NULL, 1, 1000, 775, 1550, NULL, NULL, 1550, NULL, 72, '02523190000775', 224),
(793, 580, NULL, 1, 1000, 776, 1550, NULL, NULL, 1550, NULL, 72, '02523200000776', 224),
(794, 609, NULL, 1, 1300, 777, 1950, NULL, NULL, 1950, NULL, 72, '02504200000777', 223),
(795, 610, NULL, 1, 1300, 778, 1950, NULL, NULL, 1950, NULL, 72, '02504220000778', 223),
(796, 589, NULL, 1, 900, 779, 1450, NULL, NULL, 1450, NULL, 72, '02520220000779', 227),
(797, 598, NULL, 1, 900, 780, 1450, NULL, NULL, 1450, NULL, 72, '02520200000780', 227),
(798, 611, NULL, 1, 1100, 781, 1650, NULL, NULL, 1650, NULL, 72, '02503220000781', 226),
(799, 612, NULL, 1, 1100, 782, 1650, NULL, NULL, 1650, NULL, 72, '02503190000782', 226),
(800, 613, NULL, 1, 1600, 783, 2250, NULL, NULL, 2250, NULL, 72, '02509190000783', 225),
(801, 614, NULL, 1, 1600, 784, 2250, NULL, NULL, 2250, NULL, 72, '02509300000784', 225),
(802, 615, NULL, 1, 1000, 785, 1550, NULL, NULL, 1550, NULL, 72, '02520310000785', 224),
(803, 616, NULL, 1, 190, 786, 550, NULL, NULL, 550, NULL, 73, '02605140000786', 228),
(804, 617, NULL, 1, 190, 787, 850, NULL, NULL, 850, NULL, 74, '02601140000787', 229),
(805, 618, NULL, 1, 190, 788, 850, NULL, NULL, 850, NULL, 74, '02612140000788', 229),
(806, 619, NULL, 39, 190, 789, 680, NULL, NULL, 680, NULL, 74, '02628140000789', 229),
(807, 616, NULL, 24, 190, 790, 1250, NULL, NULL, 1250, NULL, 74, '02605140000790', 229),
(808, 620, NULL, 13, 190, 791, 850, NULL, NULL, 850, NULL, 74, '02607140000791', 229),
(809, 621, NULL, 2, 190, 792, 850, NULL, NULL, 850, NULL, 74, '02604140000792', 229),
(810, 622, NULL, 3, 190, 793, 850, NULL, NULL, 850, NULL, 74, '02606140000793', 229),
(811, 623, NULL, 1, 190, 794, 550, NULL, NULL, 550, NULL, 74, '02608140000794', 229),
(812, 624, NULL, 1, 190, 795, 750, NULL, NULL, 750, NULL, 74, '02603140000795', 229),
(813, 625, NULL, 1, 190, 796, 850, NULL, NULL, 850, NULL, 74, '02614140000796', 229),
(814, 626, NULL, 2, 190, 797, 850, NULL, NULL, 850, NULL, 74, '02602140000797', 229),
(815, 627, NULL, 1, 250, 798, 750, NULL, NULL, 750, NULL, 73, '02701220000798', 230),
(816, 628, NULL, 1, 250, 799, 750, NULL, NULL, 750, NULL, 74, '02708170000799', 231),
(817, 629, NULL, 9, 250, 800, 750, NULL, NULL, 750, NULL, 74, '02701200000800', 231),
(818, 627, NULL, 7, 250, 801, 750, NULL, NULL, 750, NULL, 74, '02701220000801', 231),
(819, 630, NULL, 2, 250, 802, 750, NULL, NULL, 750, NULL, 74, '02701170000802', 231),
(820, 631, NULL, 4, 250, 803, 750, NULL, NULL, 750, NULL, 74, '02701190000803', 231),
(821, 632, NULL, 4, 250, 804, 750, NULL, NULL, 750, NULL, 74, '02707190000804', 231),
(822, 633, NULL, 3, 250, 805, 750, NULL, NULL, 750, NULL, 74, '02707200000805', 231),
(823, 634, NULL, 1, 250, 806, 750, NULL, NULL, 750, NULL, 74, '02707220000806', 231),
(824, 635, NULL, 1, 250, 807, 750, NULL, NULL, 750, NULL, 74, '02707300000807', 231),
(825, 636, NULL, 2, 250, 808, 750, NULL, NULL, 750, NULL, 74, '02707170000808', 231),
(826, 637, NULL, 2, 250, 809, 750, NULL, NULL, 750, NULL, 74, '02708200000809', 231),
(827, 638, NULL, 1, 1050, 810, 1750, NULL, NULL, 1750, NULL, 75, '02806130000810', 232),
(828, 639, NULL, 1, 1150, 811, 1650, NULL, NULL, 1650, NULL, 75, '02822110000811', 233),
(829, 640, NULL, 1, 850, 812, 1450, NULL, NULL, 1450, NULL, 75, '02816110000812', 234),
(830, 641, NULL, 1, 750, 813, 1150, NULL, NULL, 1150, NULL, 75, '02806110000813', 235),
(831, 642, NULL, 1, 1150, 814, 1650, NULL, NULL, 1650, NULL, 75, '02806150000814', 233),
(832, 643, NULL, 1, 1000, 815, 1650, NULL, NULL, 1650, NULL, 76, '02808150000815', 236),
(833, 642, NULL, 1, 850, 816, 1650, NULL, NULL, 1650, NULL, 77, '02806150000816', 237),
(834, 644, NULL, 1, 1100, 817, 1850, NULL, NULL, 1850, NULL, 78, '02805150000817', 238),
(835, 645, NULL, 1, 1150, 818, 2550, NULL, NULL, 2550, NULL, 78, '02802130000818', 239),
(836, 646, NULL, 1, 1000, 819, 1550, NULL, NULL, 1550, NULL, 78, '02807110000819', 240),
(837, 647, NULL, 1, 1000, 820, 1550, NULL, NULL, 1550, NULL, 78, '02807150000820', 240),
(838, 641, NULL, 2, 1050, 821, 1850, NULL, NULL, 1850, NULL, 78, '02806110000821', 241),
(839, 643, NULL, 1, 1150, 822, 1650, NULL, NULL, 1650, NULL, 78, '02808150000822', 239),
(840, 642, NULL, 1, 1000, 823, 1650, NULL, NULL, 1650, NULL, 78, '02806150000823', 240),
(841, 642, NULL, 1, 1050, 824, 1850, NULL, NULL, 1850, NULL, 78, '02806150000824', 241),
(842, 641, NULL, 1, 1150, 825, 1650, NULL, NULL, 1650, NULL, 78, '02806110000825', 239),
(843, 648, NULL, 1, 1150, 826, 1650, NULL, NULL, 1650, NULL, 78, '02804110000826', 239),
(844, 649, NULL, 1, 1050, 827, 1550, NULL, NULL, 1550, NULL, 78, '02808110000827', 241),
(845, 643, NULL, 1, 1050, 828, 1550, NULL, NULL, 1550, NULL, 78, '02808150000828', 241),
(846, 650, NULL, 1, 1050, 829, 1550, NULL, NULL, 1550, NULL, 78, '02802150000829', 241),
(847, 651, NULL, 1, 1050, 830, 1550, NULL, NULL, 1550, NULL, 78, '02802110000830', 241),
(848, 652, NULL, 1, 750, 831, 1150, NULL, NULL, 1150, NULL, 78, '02804130000831', 242),
(849, 653, NULL, 1, 1050, 832, 1550, NULL, NULL, 1550, NULL, 78, '02808130000832', 241),
(850, 638, NULL, 1, 750, 833, 1150, NULL, NULL, 1150, NULL, 78, '02806130000833', 242),
(851, 638, NULL, 1, 1050, 834, 1850, NULL, NULL, 1850, NULL, 78, '02806130000834', 241),
(852, 654, NULL, 1, 1150, 835, 2050, NULL, NULL, 2050, NULL, 78, '02820130000835', 239),
(853, 647, NULL, 1, 1200, 836, 1950, NULL, NULL, 1950, NULL, 79, '02807150000836', 243),
(854, 655, NULL, 1, 1100, 837, 1800, NULL, NULL, 1800, NULL, 79, '02828110000837', 244),
(855, 656, NULL, 2, 1100, 838, 1800, NULL, NULL, 1800, NULL, 79, '02828130000838', 244),
(856, 657, NULL, 1, 1100, 839, 1800, NULL, NULL, 1800, NULL, 79, '02828150000839', 244),
(857, 658, NULL, 1, 550, 840, 1050, NULL, NULL, 1050, NULL, 79, '02820110000840', 245),
(858, 656, NULL, 3, 550, 841, 1050, NULL, NULL, 1050, NULL, 79, '02828130000841', 245),
(859, 659, NULL, 1, 550, 842, 1050, NULL, NULL, 1050, NULL, 79, '02826110000842', 245),
(860, 655, NULL, 1, 600, 843, 1050, NULL, NULL, 1050, NULL, 79, '02828110000843', 246),
(861, 660, NULL, 1, 600, 844, 1050, NULL, NULL, 1050, NULL, 79, '02814110000844', 246),
(862, 661, NULL, 1, 600, 845, 1050, NULL, NULL, 1050, NULL, 79, '02814150000845', 246),
(863, 657, NULL, 2, 550, 846, 1050, NULL, NULL, 1050, NULL, 79, '02828150000846', 245),
(864, 655, NULL, 1, 550, 847, 1050, NULL, NULL, 1050, NULL, 79, '02828110000847', 245),
(865, 653, NULL, 1, 1300, 848, 1950, NULL, NULL, 1950, NULL, 79, '02808130000848', 247),
(866, 649, NULL, 1, 1300, 849, 1950, NULL, NULL, 1950, NULL, 79, '02808110000849', 247),
(867, 662, NULL, 1, 1300, 850, 1950, NULL, NULL, 1950, NULL, 79, '02810150000850', 247),
(868, 657, NULL, 1, 1300, 851, 1950, NULL, NULL, 1950, NULL, 79, '02828150000851', 247),
(869, 656, NULL, 1, 1300, 852, 1950, NULL, NULL, 1950, NULL, 79, '02828130000852', 247),
(870, 655, NULL, 1, 1300, 853, 1950, NULL, NULL, 1950, NULL, 79, '02828110000853', 247),
(871, 663, NULL, 1, 1300, 854, 1950, NULL, NULL, 1950, NULL, 79, '02803110000854', 247),
(872, 664, NULL, 1, 1300, 855, 1950, NULL, NULL, 1950, NULL, 79, '02803150000855', 247),
(873, 665, NULL, 1, 1300, 856, 1950, NULL, NULL, 1950, NULL, 79, '02818110000856', 247),
(874, 666, NULL, 1, 1300, 857, 1950, NULL, NULL, 1950, NULL, 79, '02818130000857', 247),
(875, 667, NULL, 1, 1250, 858, 1850, NULL, NULL, 1850, NULL, 79, '02805110000858', 248),
(876, 654, NULL, 1, 1250, 859, 1850, NULL, NULL, 1850, NULL, 79, '02820130000859', 248),
(877, 658, NULL, 1, 1250, 860, 1850, NULL, NULL, 1850, NULL, 79, '02820110000860', 248),
(878, 640, NULL, 1, 1100, 861, 1850, NULL, NULL, 1850, NULL, 79, '02816110000861', 244),
(879, 665, NULL, 1, 800, 862, 1650, NULL, NULL, 1650, NULL, 79, '02818110000862', 249),
(880, 641, NULL, 1, 1000, 863, 1650, NULL, NULL, 1650, NULL, 79, '02806110000863', 250),
(881, 668, NULL, 1, 512, 864, 1150, NULL, NULL, 1150, NULL, 80, '02814140000864', 251),
(882, 669, NULL, 1, 512, 865, 1150, NULL, NULL, 1150, NULL, 81, '02802140000865', 252),
(883, 668, NULL, 1, 512, 866, 1150, NULL, NULL, 1150, NULL, 81, '02814140000866', 252),
(884, 670, NULL, 2, 512, 867, 1150, NULL, NULL, 1150, NULL, 81, '02808140000867', 252),
(885, 670, NULL, 2, 793, 868, 1550, NULL, NULL, 1550, NULL, 81, '02808140000868', 253),
(886, 671, NULL, 1, 793, 869, 1550, NULL, NULL, 1550, NULL, 81, '02826140000869', 253),
(887, 672, NULL, 1, 793, 870, 1550, NULL, NULL, 1550, NULL, 81, '02804140000870', 253),
(888, 673, NULL, 3, 575, 871, 1250, NULL, NULL, 1250, NULL, 81, '02807140000871', 254),
(889, 673, NULL, 1, 638, 872, 1250, NULL, NULL, 1250, NULL, 81, '02807140000872', 255),
(890, 673, NULL, 2, 512, 873, 1150, NULL, NULL, 1150, NULL, 81, '02807140000873', 252),
(891, 674, NULL, 6, 481, 874, 1090, NULL, NULL, 1090, NULL, 81, '02806140000874', 256),
(892, 675, NULL, 2, 512, 875, 1150, NULL, NULL, 1150, NULL, 81, '02801140000875', 252),
(893, 670, NULL, 3, 606, 876, 1250, NULL, NULL, 1250, NULL, 81, '02808140000876', 257),
(894, 674, NULL, 3, 606, 877, 1250, NULL, NULL, 1250, NULL, 81, '02806140000877', 257),
(895, 674, NULL, 3, 837, 878, 1350, NULL, NULL, 1350, NULL, 81, '02806140000878', 258),
(896, 676, NULL, 5, 837, 879, 1350, NULL, NULL, 1350, NULL, 81, '02805140000879', 258),
(897, 676, NULL, 1, 606, 880, 1250, NULL, NULL, 1250, NULL, 81, '02805140000880', 257),
(898, 672, NULL, 3, 606, 881, 1250, NULL, NULL, 1250, NULL, 81, '02804140000881', 257),
(899, 673, NULL, 2, 562, 882, 1250, NULL, NULL, 1250, NULL, 81, '02807140000882', 259),
(900, 677, NULL, 1, 512, 883, 1150, NULL, NULL, 1150, NULL, 81, '02816140000883', 252),
(901, 670, NULL, 1, 600, 884, 1250, NULL, NULL, 1250, NULL, 81, '02808140000884', 260),
(902, 669, NULL, 2, 600, 885, 1250, NULL, NULL, 1250, NULL, 81, '02802140000885', 260),
(903, 674, NULL, 2, 600, 886, 1250, NULL, NULL, 1250, NULL, 81, '02806140000886', 260),
(904, 678, NULL, 2, 600, 887, 1250, NULL, NULL, 1250, NULL, 81, '02810140000887', 260),
(905, 673, NULL, 4, 600, 888, 1250, NULL, NULL, 1250, NULL, 81, '02807140000888', 260),
(906, 668, NULL, 1, 600, 889, 1150, NULL, NULL, 1150, NULL, 81, '02814140000889', 260),
(907, 670, NULL, 2, 890, 890, 2000, NULL, NULL, 2000, NULL, 81, '02808140000890', 261),
(908, 673, NULL, 4, 890, 891, 2000, NULL, NULL, 2000, NULL, 81, '02807140000891', 261),
(909, 679, NULL, 1, 890, 892, 2000, NULL, NULL, 2000, NULL, 81, '02823140000892', 261),
(910, 670, NULL, 1, 880, 893, 2000, NULL, NULL, 2000, NULL, 81, '02808140000893', 262),
(911, 680, NULL, 4, 800, 894, 1650, NULL, NULL, 1650, NULL, 82, '02803210000894', 263),
(912, 642, NULL, 1, 800, 895, 1650, NULL, NULL, 1650, NULL, 82, '02806150000895', 263),
(913, 664, NULL, 3, 800, 896, 1650, NULL, NULL, 1650, NULL, 82, '02803150000896', 263),
(914, 681, NULL, 3, 800, 897, 1650, NULL, NULL, 1650, NULL, 82, '02803130000897', 263),
(915, 663, NULL, 2, 800, 898, 1650, NULL, NULL, 1650, NULL, 82, '02803110000898', 263),
(916, 638, NULL, 1, 800, 899, 1650, NULL, NULL, 1650, NULL, 82, '02806130000899', 263),
(917, 641, NULL, 1, 800, 900, 1650, NULL, NULL, 1650, NULL, 82, '02806110000900', 263),
(918, 682, NULL, 3, 570, 901, 1100, NULL, NULL, 1100, NULL, 81, '02908140000901', 264),
(919, 683, NULL, 2, 570, 902, 1150, NULL, NULL, 1150, NULL, 81, '02910140000902', 264),
(920, 684, NULL, 1, 570, 903, 1150, NULL, NULL, 1150, NULL, 81, '02918140000903', 264),
(921, 685, NULL, 20, 570, 904, 1050, NULL, NULL, 1050, NULL, 81, '02905140000904', 264),
(922, 686, NULL, 1, 570, 905, 1100, NULL, NULL, 1100, NULL, 81, '02904140000905', 264),
(923, 687, NULL, 4, 570, 906, 1050, NULL, NULL, 1050, NULL, 81, '02906140000906', 264),
(924, 688, NULL, 1, 1815, 907, 3050, NULL, NULL, 3050, NULL, 83, '03020300000907', 265),
(925, 689, NULL, 1, 1815, 908, 3050, NULL, NULL, 3050, NULL, 83, '03003280000908', 265),
(926, 690, NULL, 1, 1815, 909, 3050, NULL, NULL, 3050, NULL, 83, '03020310000909', 265),
(927, 691, NULL, 1, 1815, 910, 3050, NULL, NULL, 3050, NULL, 83, '03020280000910', 265),
(928, 692, NULL, 1, 1815, 911, 3050, NULL, NULL, 3050, NULL, 83, '03020290000911', 265),
(929, 693, NULL, 1, 1815, 912, 3050, NULL, NULL, 3050, NULL, 83, '03003300000912', 265),
(930, 694, NULL, 1, 1815, 913, 3050, NULL, NULL, 3050, NULL, 83, '03003310000913', 265),
(931, 695, NULL, 1, 1815, 914, 3050, NULL, NULL, 3050, NULL, 83, '03003290000914', 265),
(932, 694, NULL, 1, 1560, 915, 2850, NULL, NULL, 2850, NULL, 83, '03003310000915', 266),
(933, 696, NULL, 1, 1560, 916, 2850, NULL, NULL, 2850, NULL, 83, '03011310000916', 266),
(934, 697, NULL, 1, 1560, 917, 2850, NULL, NULL, 2850, NULL, 83, '03020220000917', 266),
(935, 692, NULL, 1, 1560, 918, 2850, NULL, NULL, 2850, NULL, 83, '03020290000918', 266),
(936, 690, NULL, 1, 1560, 919, 2850, NULL, NULL, 2850, NULL, 83, '03020310000919', 266),
(937, 698, NULL, 2, 1560, 920, 2850, NULL, NULL, 2850, NULL, 83, '03011300000920', 266),
(938, 699, NULL, 2, 1560, 921, 2850, NULL, NULL, 2850, NULL, 83, '03011220000921', 266),
(939, 700, NULL, 2, 1560, 922, 2850, NULL, NULL, 2850, NULL, 83, '03011290000922', 266),
(940, 688, NULL, 1, 1560, 923, 2850, NULL, NULL, 2850, NULL, 83, '03020300000923', 266),
(941, 694, NULL, 1, 1585, 924, 2880, NULL, NULL, 2880, NULL, 83, '03003310000924', 267),
(942, 689, NULL, 1, 1585, 925, 2880, NULL, NULL, 2880, NULL, 83, '03003280000925', 267),
(943, 691, NULL, 1, 1585, 926, 2880, NULL, NULL, 2880, NULL, 83, '03020280000926', 267),
(944, 690, NULL, 1, 1585, 927, 2880, NULL, NULL, 2880, NULL, 83, '03020310000927', 267),
(945, 692, NULL, 2, 1585, 928, 2880, NULL, NULL, 2880, NULL, 83, '03020290000928', 267),
(946, 701, NULL, 1, 1585, 929, 2880, NULL, NULL, 2880, NULL, 83, '03020190000929', 267),
(947, 688, NULL, 2, 1585, 930, 2880, NULL, NULL, 2880, NULL, 83, '03020300000930', 267),
(948, 702, NULL, 1, 1815, 931, 3150, NULL, NULL, 3150, NULL, 83, '03108280000931', 268),
(949, 703, NULL, 1, 1815, 932, 3150, NULL, NULL, 3150, NULL, 83, '03108290000932', 268),
(950, 704, NULL, 1, 1815, 933, 3150, NULL, NULL, 3150, NULL, 83, '03108310000933', 268),
(951, 705, NULL, 1, 1815, 934, 3150, NULL, NULL, 3150, NULL, 83, '03106220000934', 268),
(952, 706, NULL, 1, 1815, 935, 3150, NULL, NULL, 3150, NULL, 83, '03106370000935', 268),
(953, 707, NULL, 1, 1815, 936, 3150, NULL, NULL, 3150, NULL, 83, '03106310000936', 268),
(954, 708, NULL, 3, 1890, 937, 3250, NULL, NULL, 3250, NULL, 83, '03108300000937', 269),
(955, 702, NULL, 1, 1890, 938, 3250, NULL, NULL, 3250, NULL, 83, '03108280000938', 269),
(956, 704, NULL, 1, 1890, 939, 3250, NULL, NULL, 3250, NULL, 83, '03108310000939', 269),
(957, 703, NULL, 2, 1890, 940, 3250, NULL, NULL, 3250, NULL, 83, '03108290000940', 269),
(958, 703, NULL, 3, 1850, 941, 3150, NULL, NULL, 3150, NULL, 83, '03108290000941', 270),
(959, 704, NULL, 3, 1850, 942, 3150, NULL, NULL, 3150, NULL, 83, '03108310000942', 270),
(960, 709, NULL, 4, 1850, 943, 3150, NULL, NULL, 3150, NULL, 83, '03108320000943', 270),
(961, 702, NULL, 2, 1850, 944, 3150, NULL, NULL, 3150, NULL, 83, '03108280000944', 270),
(962, 710, NULL, 1, 1850, 945, 3150, NULL, NULL, 3150, NULL, 83, '03106320000945', 270),
(963, 707, NULL, 1, 1850, 946, 3150, NULL, NULL, 3150, NULL, 83, '03106310000946', 270),
(964, 711, NULL, 1, 1850, 947, 3150, NULL, NULL, 3150, NULL, 83, '03106290000947', 270),
(965, 712, NULL, 1, 1850, 948, 3150, NULL, NULL, 3150, NULL, 83, '03106300000948', 270),
(966, 713, NULL, 1, 1850, 949, 3150, NULL, NULL, 3150, NULL, 83, '03106280000949', 270),
(967, 714, NULL, 2, 140, 950, 210, NULL, NULL, 210, NULL, 84, '02908140000950', 271),
(968, 715, NULL, 1, 140, 951, 210, NULL, NULL, 210, NULL, 84, '02924140000951', 271),
(969, 716, NULL, 3, 140, 952, 210, NULL, NULL, 210, NULL, 84, '02910140000952', 271),
(970, 717, NULL, 2, 140, 953, 210, NULL, NULL, 210, NULL, 84, '02909140000953', 271),
(971, 718, NULL, 2, 140, 954, 210, NULL, NULL, 210, NULL, 84, '02902140000954', 271),
(972, 719, NULL, 1, 190, 955, 350, NULL, NULL, 350, NULL, 84, '02923140000955', 272),
(973, 714, NULL, 3, 190, 956, 350, NULL, NULL, 350, NULL, 84, '02908140000956', 272),
(974, 720, NULL, 4, 190, 957, 350, NULL, NULL, 350, NULL, 84, '02928140000957', 272),
(975, 719, NULL, 2, 140, 958, 210, NULL, NULL, 210, NULL, 84, '02923140000958', 271),
(976, 718, NULL, 1, 190, 959, 350, NULL, NULL, 350, NULL, 84, '02902140000959', 272),
(977, 721, NULL, 1, 1450, 960, 2050, NULL, NULL, 2050, NULL, 85, '02805130000960', 273),
(978, 722, NULL, 2, 1450, 961, 2050, NULL, NULL, 2050, NULL, 85, '02805210000961', 273),
(979, 723, NULL, 1, 1520, 962, 2200, NULL, NULL, 2200, NULL, 85, '02804210000962', 274),
(980, 724, NULL, 1, 1550, 963, 2250, NULL, NULL, 2250, NULL, 85, '02806210000963', 275),
(981, 725, NULL, 1, 1650, 964, 2050, NULL, NULL, 2050, NULL, 85, '02828210000964', 276),
(982, 725, NULL, 1, 1630, 965, 2300, NULL, NULL, 2300, NULL, 85, '02828210000965', 277),
(983, 726, NULL, 1, 1000, 966, 1450, NULL, NULL, 1450, NULL, 85, '02808140000966', 278),
(984, 727, NULL, 2, 1500, 967, 2250, NULL, NULL, 2250, NULL, 85, '02807140000967', 279),
(985, 728, NULL, 1, 1000, 968, 1450, NULL, NULL, 1450, NULL, 85, '02809140000968', 278),
(986, 729, NULL, 2, 250, 969, 550, NULL, NULL, 550, NULL, 86, '03206220000969', 280),
(987, 730, NULL, 3, 250, 970, 550, NULL, NULL, 550, NULL, 86, '03208280000970', 280),
(988, 731, NULL, 1, 250, 971, 550, NULL, NULL, 550, NULL, 86, '03208200000971', 280),
(989, 732, NULL, 1, 160, 972, 550, NULL, NULL, 550, NULL, 73, '03206320000972', 281),
(990, 733, NULL, 2, 160, 973, 550, NULL, NULL, 550, NULL, 74, '03206400000973', 282),
(991, 734, NULL, 2, 160, 974, 550, NULL, NULL, 550, NULL, 74, '03206290000974', 282),
(992, 735, NULL, 4, 160, 975, 550, NULL, NULL, 550, NULL, 74, '03206410000975', 282),
(993, 736, NULL, 1, 160, 976, 550, NULL, NULL, 550, NULL, 74, '03206420000976', 282),
(994, 737, NULL, 1, 160, 977, 550, NULL, NULL, 550, NULL, 74, '03206350000977', 282),
(995, 738, NULL, 1, 160, 978, 550, NULL, NULL, 550, NULL, 74, '03206280000978', 282),
(996, 732, NULL, 2, 160, 979, 550, NULL, NULL, 550, NULL, 74, '03206320000979', 282),
(997, 739, NULL, 2, 160, 980, 550, NULL, NULL, 550, NULL, 74, '03216170000980', 282),
(998, 740, NULL, 3, 160, 981, 550, NULL, NULL, 550, NULL, 74, '03203300000981', 282),
(999, 741, NULL, 3, 160, 982, 550, NULL, NULL, 550, NULL, 74, '03203170000982', 282),
(1000, 742, NULL, 1, 160, 983, 550, NULL, NULL, 550, NULL, 74, '03203190000983', 282),
(1001, 743, NULL, 1, 160, 984, 550, NULL, NULL, 550, NULL, 74, '03203250000984', 282),
(1002, 744, NULL, 1, 400, 985, 900, NULL, NULL, 900, NULL, 87, '03308140000985', 283),
(1003, 745, NULL, 2, 400, 986, 900, NULL, NULL, 900, NULL, 88, '03320140000986', 284),
(1004, 746, NULL, 1, 400, 987, 850, NULL, NULL, 850, NULL, 88, '03302140000987', 284),
(1005, 747, NULL, 1, 400, 988, 850, NULL, NULL, 850, NULL, 88, '03301140000988', 284),
(1006, 748, NULL, 1, 400, 989, 850, NULL, NULL, 850, NULL, 88, '03314140000989', 284),
(1007, 749, NULL, 1, 400, 990, 900, NULL, NULL, 900, NULL, 88, '03303140000990', 284),
(1008, 750, NULL, 2, 400, 991, 900, NULL, NULL, 900, NULL, 88, '03313140000991', 284),
(1009, 751, NULL, 2, 400, 992, 850, NULL, NULL, 850, NULL, 88, '03304140000992', 284),
(1010, 752, NULL, 1, 400, 993, 850, NULL, NULL, 850, NULL, 88, '03323140000993', 284),
(1011, 753, NULL, 1, 160, 994, 550, NULL, NULL, 550, NULL, 74, '03403300000994', 285),
(1012, 754, NULL, 1, 160, 995, 550, NULL, NULL, 550, NULL, 74, '03406220000995', 285),
(1013, 755, NULL, 2, 160, 996, 550, NULL, NULL, 550, NULL, 74, '03406300000996', 285),
(1014, 756, NULL, 1, 130, 997, 350, NULL, NULL, 350, NULL, 74, '03513140000997', 286),
(1015, 757, NULL, 4, 130, 998, 350, NULL, NULL, 350, NULL, 74, '03508140000998', 286),
(1016, 758, NULL, 10, 130, 999, 350, NULL, NULL, 350, NULL, 74, '03506140000999', 286),
(1017, 759, NULL, 1, 130, 1000, 350, NULL, NULL, 350, NULL, 74, '03511140001000', 286),
(1018, 760, NULL, 3, 130, 1001, 350, NULL, NULL, 350, NULL, 74, '03523140001001', 286),
(1019, 761, NULL, 9, 130, 1002, 450, NULL, NULL, 450, NULL, 74, '03503140001002', 286),
(1020, 762, NULL, 1, 130, 1003, 350, NULL, NULL, 350, NULL, 74, '03507140001003', 286),
(1021, 763, NULL, 1, 120, 1004, 280, NULL, NULL, 280, NULL, 89, '03520140001004', 287),
(1022, 764, NULL, 4, 120, 1005, 280, NULL, NULL, 280, NULL, 89, '03506140001005', 287),
(1023, 765, NULL, 5, 120, 1006, 280, NULL, NULL, 280, NULL, 89, '03507140001006', 287),
(1024, 766, NULL, 4, 120, 1007, 280, NULL, NULL, 280, NULL, 89, '03504140001007', 287),
(1025, 767, NULL, 2, 120, 1008, 280, NULL, NULL, 280, NULL, 89, '03502140001008', 287),
(1026, 768, NULL, 4, 120, 1009, 280, NULL, NULL, 280, NULL, 89, '03501140001009', 287),
(1027, 769, NULL, 2, 120, 1010, 280, NULL, NULL, 280, NULL, 89, '03508140001010', 287),
(1028, 770, NULL, 3, 120, 1011, 280, NULL, NULL, 280, NULL, 89, '03523140001011', 287),
(1029, 771, NULL, 1, 120, 1012, 280, NULL, NULL, 280, NULL, 89, '03503140001012', 287),
(1030, 772, NULL, 2, 220, 1013, 550, NULL, NULL, 550, NULL, 74, '03602140001013', 288),
(1031, 773, NULL, 1, 220, 1014, 550, NULL, NULL, 550, NULL, 74, '03601140001014', 288),
(1032, 774, NULL, 4, 220, 1015, 450, NULL, NULL, 450, NULL, 74, '03603140001015', 288),
(1033, 775, NULL, 3, 220, 1016, 550, NULL, NULL, 550, NULL, 74, '03607140001016', 288),
(1034, 776, NULL, 1, 220, 1017, 550, NULL, NULL, 550, NULL, 74, '03603120001017', 288),
(1035, 777, NULL, 1, 173, 1018, 375, NULL, NULL, 375, NULL, 64, '03526140001018', 289),
(1036, 778, NULL, 2, 173, 1019, 375, NULL, NULL, 375, NULL, 64, '03508140001019', 289),
(1037, 779, NULL, 1, 173, 1020, 375, NULL, NULL, 375, NULL, 64, '03503140001020', 289),
(1038, 780, NULL, 1, 2043, 1021, 3250, NULL, NULL, 3250, NULL, 90, '03718110001021', 290),
(1039, 781, NULL, 1, 2045, 1022, 3250, NULL, NULL, 3250, NULL, 90, '03718120001022', 291),
(1040, 782, NULL, 1, 2045, 1023, 3250, NULL, NULL, 3250, NULL, 90, '03718130001023', 291),
(1041, 783, NULL, 1, 1950, 1024, 3850, NULL, NULL, 3850, NULL, 90, '03716120001024', 292),
(1042, 784, NULL, 1, 1950, 1025, 3850, NULL, NULL, 3850, NULL, 90, '03716130001025', 292),
(1043, 785, NULL, 1, 1220, 1026, 2450, NULL, NULL, 2450, NULL, 90, '03716110001026', 293),
(1044, 786, NULL, 1, 1050, 1027, 2050, NULL, NULL, 2050, NULL, 90, '03709110001027', 294),
(1045, 787, NULL, 1, 1050, 1028, 2050, NULL, NULL, 2050, NULL, 90, '03709130001028', 294),
(1046, 788, NULL, 1, 1050, 1029, 2050, NULL, NULL, 2050, NULL, 90, '03709120001029', 294),
(1047, 789, NULL, 1, 1040, 1030, 1950, NULL, NULL, 1950, NULL, 90, '03711120001030', 295),
(1048, 790, NULL, 1, 1040, 1031, 1950, NULL, NULL, 1950, NULL, 90, '03708110001031', 295),
(1049, 791, NULL, 1, 1040, 1032, 1950, NULL, NULL, 1950, NULL, 90, '03708120001032', 295),
(1050, 792, NULL, 1, 1040, 1033, 1950, NULL, NULL, 1950, NULL, 90, '03711130001033', 295),
(1051, 793, NULL, 1, 1040, 1034, 1950, NULL, NULL, 1950, NULL, 90, '03711110001034', 295),
(1052, 794, NULL, 1, 1125, 1035, 2100, NULL, NULL, 2100, NULL, 90, '03704110001035', 296),
(1053, 795, NULL, 1, 1125, 1036, 2100, NULL, NULL, 2100, NULL, 90, '03704130001036', 296),
(1054, 796, NULL, 1, 1125, 1037, 2100, NULL, NULL, 2100, NULL, 90, '03704120001037', 296),
(1055, 797, NULL, 1, 1800, 1038, 3200, NULL, NULL, 3200, NULL, 90, '03707110001038', 297),
(1056, 798, NULL, 9, 700, 1039, 1350, NULL, NULL, 1350, NULL, 91, '03805140001039', 298),
(1057, 799, NULL, 1, 700, 1040, 1350, NULL, NULL, 1350, NULL, 91, '03806140001040', 298),
(1058, 800, NULL, 3, 700, 1041, 1350, NULL, NULL, 1350, NULL, 91, '03801140001041', 298),
(1059, 801, NULL, 2, 700, 1042, 1350, NULL, NULL, 1350, NULL, 91, '03809140001042', 298),
(1060, 802, NULL, 4, 700, 1043, 1350, NULL, NULL, 1350, NULL, 91, '03807140001043', 298),
(1061, 803, NULL, 1, 700, 1044, 1350, NULL, NULL, 1350, NULL, 91, '03803140001044', 298),
(1062, 804, NULL, 1, 360, 1045, 850, NULL, NULL, 850, NULL, 92, '03908140001045', 299),
(1063, 805, NULL, 1, 360, 1046, 850, NULL, NULL, 850, NULL, 92, '03903140001046', 299),
(1064, 806, NULL, 1, 360, 1047, 850, NULL, NULL, 850, NULL, 92, '03911140001047', 299),
(1065, 807, NULL, 1, 320, 1048, 850, NULL, NULL, 850, NULL, 17, '03905140001048', 300),
(1066, 808, NULL, 3, 320, 1049, 850, NULL, NULL, 850, NULL, 17, '03918140001049', 300),
(1067, 804, NULL, 1, 350, 1050, 850, NULL, NULL, 850, NULL, 17, '03908140001050', 301),
(1068, 809, NULL, 1, 380, 1051, 950, NULL, NULL, 950, NULL, 17, '04004140001051', 302),
(1069, 810, NULL, 3, 380, 1052, 950, NULL, NULL, 950, NULL, 17, '04006140001052', 302),
(1070, 811, NULL, 1, 380, 1053, 950, NULL, NULL, 950, NULL, 17, '04023140001053', 302),
(1071, 812, NULL, 1, 380, 1054, 950, NULL, NULL, 950, NULL, 17, '04009140001054', 302),
(1072, 813, NULL, 1, 380, 1055, 950, NULL, NULL, 950, NULL, 17, '04008140001055', 302),
(1073, 814, NULL, 5, 300, 1056, 750, NULL, NULL, 750, NULL, 93, '04005140001056', 303),
(1074, 815, NULL, 4, 990, 1057, 1750, NULL, NULL, 1750, NULL, 25, '04105140001057', 304),
(1075, 816, NULL, 1, 1200, 1058, 2050, NULL, NULL, 2050, NULL, 94, '04105200001058', 305),
(1076, 817, NULL, 1, 1200, 1059, 2050, NULL, NULL, 2050, NULL, 94, '04105330001059', 305),
(1077, 818, NULL, 1, 1200, 1060, 2050, NULL, NULL, 2050, NULL, 94, '04105190001060', 305),
(1078, 819, NULL, 2, 1200, 1061, 1650, NULL, NULL, 1650, NULL, 94, '04105220001061', 305),
(1079, 820, NULL, 4, 2000, 1062, 3350, NULL, NULL, 3350, NULL, 25, '04205140001062', 306),
(1080, 821, NULL, 1, 675, 1063, 1250, NULL, NULL, 1250, NULL, 80, '04306140001063', 307),
(1081, 821, NULL, 11, 675, 1064, 1250, NULL, NULL, 1250, NULL, 81, '04306140001064', 308),
(1082, 822, NULL, 2, 675, 1065, 1250, NULL, NULL, 1250, NULL, 81, '04318140001065', 308),
(1083, 823, NULL, 5, 675, 1066, 1250, NULL, NULL, 1250, NULL, 81, '04307140001066', 308),
(1084, 824, NULL, 2, 675, 1067, 1250, NULL, NULL, 1250, NULL, 81, '04303140001067', 308),
(1085, 825, NULL, 8, 675, 1068, 1250, NULL, NULL, 1250, NULL, 81, '04305140001068', 308),
(1086, 826, NULL, 1, 675, 1069, 1250, NULL, NULL, 1250, NULL, 81, '04301140001069', 308),
(1087, 827, NULL, 2, 675, 1070, 1250, NULL, NULL, 1250, NULL, 81, '04302140001070', 308),
(1088, 828, NULL, 1, 675, 1071, 1250, NULL, NULL, 1250, NULL, 81, '04310140001071', 308),
(1089, 829, NULL, 1, 675, 1072, 1250, NULL, NULL, 1250, NULL, 81, '04316140001072', 308),
(1090, 830, NULL, 1, 675, 1073, 1250, NULL, NULL, 1250, NULL, 81, '04304140001073', 308),
(1091, 831, NULL, 1, 675, 1074, 1550, NULL, NULL, 1550, NULL, 81, '04320140001074', 308),
(1092, 832, NULL, 7, 1150, 1075, 2050, NULL, NULL, 2050, NULL, 95, '04407130001075', 309),
(1093, 833, NULL, 1, 1150, 1076, 2050, NULL, NULL, 2050, NULL, 95, '04406130001076', 309),
(1094, 834, NULL, 2, 1150, 1077, 2050, NULL, NULL, 2050, NULL, 95, '04407120001077', 309),
(1095, 835, NULL, 1, 1150, 1078, 2050, NULL, NULL, 2050, NULL, 95, '04404120001078', 309),
(1096, 836, NULL, 2, 1150, 1079, 2050, NULL, NULL, 2050, NULL, 95, '04402120001079', 309),
(1097, 837, NULL, 1, 1150, 1080, 1850, NULL, NULL, 1850, NULL, 96, '04307140001080', 310),
(1098, 838, NULL, 1, 1150, 1081, 1850, NULL, NULL, 1850, NULL, 96, '04306140001081', 310),
(1099, 839, NULL, 1, 1150, 1082, 1950, NULL, NULL, 1950, NULL, 96, '04326140001082', 310),
(1100, 840, NULL, 1, 1150, 1083, 1950, NULL, NULL, 1950, NULL, 96, '04328140001083', 310),
(1101, 841, NULL, 1, 1150, 1084, 1850, NULL, NULL, 1850, NULL, 96, '04303140001084', 310),
(1102, 842, NULL, 1, 1150, 1085, 1850, NULL, NULL, 1850, NULL, 96, '04320140001085', 310),
(1103, 843, NULL, 2, 700, 1086, 1350, NULL, NULL, 1350, NULL, 81, '04516140001086', 311),
(1104, 844, NULL, 2, 700, 1087, 1350, NULL, NULL, 1350, NULL, 81, '04529140001087', 311),
(1105, 845, NULL, 1, 700, 1088, 1350, NULL, NULL, 1350, NULL, 81, '04520140001088', 311),
(1106, 846, NULL, 1, 230, 1089, 680, NULL, NULL, 680, NULL, 97, '01506130001089', 312),
(1107, 847, NULL, 1, 230, 1090, 680, NULL, NULL, 680, NULL, 97, '01508130001090', 312),
(1108, 848, NULL, 1, 230, 1091, 680, NULL, NULL, 680, NULL, 97, '01506120001091', 312),
(1109, 849, NULL, 1, 230, 1092, 680, NULL, NULL, 680, NULL, 97, '01508110001092', 312),
(1110, 850, NULL, 1, 230, 1093, 680, NULL, NULL, 680, NULL, 97, '01508120001093', 312),
(1111, 851, NULL, 1, 230, 1094, 680, NULL, NULL, 680, NULL, 97, '01506150001094', 312),
(1112, 852, NULL, 1, 230, 1095, 680, NULL, NULL, 680, NULL, 97, '01518130001095', 312),
(1113, 853, NULL, 3, 230, 1096, 680, NULL, NULL, 680, NULL, 97, '01518110001096', 312),
(1114, 854, NULL, 1, 230, 1097, 680, NULL, NULL, 680, NULL, 97, '01518120001097', 312),
(1115, 855, NULL, 1, 230, 1098, 680, NULL, NULL, 680, NULL, 97, '01514130001098', 312),
(1116, 856, NULL, 1, 230, 1099, 680, NULL, NULL, 680, NULL, 97, '01514120001099', 312),
(1117, 857, NULL, 1, 230, 1100, 680, NULL, NULL, 680, NULL, 97, '01507150001100', 312),
(1118, 858, NULL, 1, 230, 1101, 680, NULL, NULL, 680, NULL, 97, '01508150001101', 312),
(1119, 859, NULL, 1, 230, 1102, 680, NULL, NULL, 680, NULL, 97, '01506110001102', 312),
(1120, 860, NULL, 7, 110, 1103, 280, NULL, NULL, 280, NULL, 98, '01507110001103', 313),
(1121, 861, NULL, 2, 110, 1104, 280, NULL, NULL, 280, NULL, 98, '01518110001104', 313),
(1122, 862, NULL, 2, 110, 1105, 280, NULL, NULL, 280, NULL, 98, '01518150001105', 313),
(1123, 863, NULL, 2, 110, 1106, 280, NULL, NULL, 280, NULL, 98, '01507120001106', 313),
(1124, 864, NULL, 1, 110, 1107, 280, NULL, NULL, 280, NULL, 98, '01506130001107', 313),
(1125, 865, NULL, 1, 110, 1108, 280, NULL, NULL, 280, NULL, 98, '01507130001108', 313),
(1126, 866, NULL, 2, 110, 1109, 280, NULL, NULL, 280, NULL, 98, '01508110001109', 313),
(1127, 867, NULL, 2, 110, 1110, 280, NULL, NULL, 280, NULL, 98, '01510110001110', 313),
(1128, 868, NULL, 3, 110, 1111, 280, NULL, NULL, 280, NULL, 98, '01503110001111', 313),
(1129, 869, NULL, 1, 110, 1112, 280, NULL, NULL, 280, NULL, 98, '01508130001112', 313),
(1130, 870, NULL, 1, 110, 1113, 280, NULL, NULL, 280, NULL, 98, '01506110001113', 313),
(1131, 871, NULL, 5, 110, 1114, 280, NULL, NULL, 280, NULL, 98, '01505140001114', 313),
(1132, 872, NULL, 1, 110, 1115, 280, NULL, NULL, 280, NULL, 98, '01506120001115', 313),
(1133, 873, NULL, 1, 110, 1116, 280, NULL, NULL, 280, NULL, 98, '01503120001116', 313),
(1134, 874, NULL, 1, 110, 1117, 450, NULL, NULL, 450, NULL, 98, '00707110001117', 314),
(1135, 875, NULL, 2, 230, 1118, 780, NULL, NULL, 780, NULL, 99, '00708110001118', 315),
(1136, 876, NULL, 1, 230, 1119, 780, NULL, NULL, 780, NULL, 99, '00708150001119', 315),
(1137, 877, NULL, 1, 230, 1120, 780, NULL, NULL, 780, NULL, 99, '00708130001120', 315),
(1138, 878, NULL, 1, 230, 1121, 780, NULL, NULL, 780, NULL, 99, '00706130001121', 315),
(1139, 879, NULL, 1, 230, 1122, 780, NULL, NULL, 780, NULL, 99, '00710150001122', 315),
(1140, 880, NULL, 1, 230, 1123, 780, NULL, NULL, 780, NULL, 99, '00704110001123', 315),
(1141, 881, NULL, 3, 230, 1124, 570, NULL, NULL, 570, NULL, 99, '00705140001124', 315),
(1142, 882, NULL, 4, 230, 1125, 570, NULL, NULL, 570, NULL, 99, '00703140001125', 315),
(1143, 883, NULL, 1, 150, 1126, 280, NULL, NULL, 280, NULL, 99, '01523110001126', 316),
(1144, 884, NULL, 2, 150, 1127, 280, NULL, NULL, 280, NULL, 99, '01523130001127', 316),
(1145, 885, NULL, 1, 150, 1128, 280, NULL, NULL, 280, NULL, 99, '01518110001128', 316),
(1146, 886, NULL, 1, 150, 1129, 280, NULL, NULL, 280, NULL, 99, '01510110001129', 316),
(1147, 887, NULL, 4, 150, 1130, 280, NULL, NULL, 280, NULL, 99, '01507110001130', 316),
(1148, 888, NULL, 3, 160, 1131, 350, NULL, NULL, 350, NULL, 100, '01518130001131', 317),
(1149, 889, NULL, 4, 160, 1132, 350, NULL, NULL, 350, NULL, 100, '01518120001132', 317),
(1150, 890, NULL, 2, 160, 1133, 350, NULL, NULL, 350, NULL, 100, '01504120001133', 317),
(1151, 891, NULL, 2, 160, 1134, 350, NULL, NULL, 350, NULL, 100, '01504130001134', 317),
(1152, 892, NULL, 1, 160, 1135, 350, NULL, NULL, 350, NULL, 100, '01508110001135', 317),
(1153, 893, NULL, 2, 110, 1136, 280, NULL, NULL, 280, NULL, 101, '01518110001136', 318),
(1154, 894, NULL, 2, 110, 1137, 280, NULL, NULL, 280, NULL, 101, '01508110001137', 318),
(1155, 895, NULL, 1, 175, 1138, 390, NULL, NULL, 390, NULL, 64, '01506130001138', 319),
(1156, 896, NULL, 1, 175, 1139, 390, NULL, NULL, 390, NULL, 64, '01507130001139', 319),
(1157, 903, NULL, 10, 2500, 1, 3000, NULL, NULL, 3000, NULL, 102, '00101010000001', 320),
(1158, 904, NULL, 5, 3000, 2, 5000, NULL, NULL, 5000, NULL, 103, '00202020000002', 321),
(1159, 905, NULL, 10, 2500, 1, 3000, NULL, NULL, 3000, NULL, 104, '001010000001', 322),
(1160, 906, NULL, 5, 3000, 2, 5000, NULL, NULL, 5000, NULL, 105, '002020000002', 323),
(1161, 905, NULL, 3, 100, 3, 250, NULL, NULL, NULL, NULL, 106, '001010000003', 325),
(1162, 906, NULL, 2, 100, 4, 250, NULL, NULL, NULL, NULL, 106, '002020000004', 325),
(1163, 905, NULL, 5, 100, 5, 200, NULL, NULL, NULL, NULL, 106, '001010000005', 324),
(1166, 22, NULL, 2, 100, 1140, 150, NULL, NULL, NULL, NULL, 109, '00104030001140', 330),
(1167, 18, NULL, 2, 100, 1141, 150, NULL, NULL, NULL, NULL, 109, '00101020001141', 330);
INSERT INTO `PurchaseItem` (`id`, `item_id`, `name`, `quantity`, `purchasePrice`, `code`, `salesPrice`, `purchaseSubTotal`, `salesSubTotal`, `webPrice`, `webSubTotal`, `purchase_id`, `barcode`, `purchaseVendorItem_id`) VALUES
(1168, 900, NULL, 1, 100, 1142, 150, NULL, NULL, NULL, NULL, 109, '01411240001142', 330),
(1169, 20, NULL, 2, 100, 1143, 150, NULL, NULL, NULL, NULL, 109, '00103020001143', 329),
(1170, 897, NULL, 3, 100, 1144, 150, NULL, NULL, NULL, NULL, 109, '03111210001144', 329);

-- --------------------------------------------------------

--
-- Table structure for table `PurchaseOrder`
--

CREATE TABLE IF NOT EXISTS `PurchaseOrder` (
  `id` int(11) NOT NULL,
  `invoice` varchar(255) COLLATE utf8_unicode_ci DEFAULT NULL,
  `chalan` varchar(255) COLLATE utf8_unicode_ci DEFAULT NULL,
  `memo` varchar(255) COLLATE utf8_unicode_ci DEFAULT NULL,
  `paymentType` varchar(255) COLLATE utf8_unicode_ci DEFAULT NULL,
  `receiveDate` datetime DEFAULT NULL,
  `created` datetime NOT NULL,
  `paymentAmount` double DEFAULT NULL,
  `dueAmount` double DEFAULT NULL,
  `advanceAmount` double DEFAULT NULL,
  `vatAmount` double DEFAULT NULL,
  `taxAmount` double DEFAULT NULL,
  `totalQnt` int(11) DEFAULT NULL,
  `totalItem` int(11) DEFAULT NULL,
  `paymentMethod` varchar(255) COLLATE utf8_unicode_ci DEFAULT NULL,
  `totalAmount` double DEFAULT NULL,
  `commissionAmount` double DEFAULT NULL,
  `path` varchar(255) COLLATE utf8_unicode_ci DEFAULT NULL,
  `status` tinyint(1) NOT NULL
) ENGINE=InnoDB AUTO_INCREMENT=2 DEFAULT CHARSET=utf8 COLLATE=utf8_unicode_ci;

--
-- Dumping data for table `PurchaseOrder`
--

INSERT INTO `PurchaseOrder` (`id`, `invoice`, `chalan`, `memo`, `paymentType`, `receiveDate`, `created`, `paymentAmount`, `dueAmount`, `advanceAmount`, `vatAmount`, `taxAmount`, `totalQnt`, `totalItem`, `paymentMethod`, `totalAmount`, `commissionAmount`, `path`, `status`) VALUES
(1, '22', NULL, '22', NULL, '2011-01-01 00:00:00', '2016-01-03 22:53:13', 22, 2, NULL, NULL, NULL, 2, 2, NULL, 22, 22, 'ACFrOgBbW7Oy39oQzF9muTBNOIqkCJIzFkjBCusQMJ088H6vWP6MVd11VrhSN50Z-vxB3Cp486DMoQ3lC2H-1DDDf53I3bpKTqsK3SfgO_35pVcMdK8-d3XJ_sqTfqg=_print=true&nonce=mjq1f6j7gkj3c&user=14662235397777372877&hash=g0demsu3ij7489au7d5tct2prbko0uuh.pdf', 0);

-- --------------------------------------------------------

--
-- Table structure for table `PurchaseReturn`
--

CREATE TABLE IF NOT EXISTS `PurchaseReturn` (
  `id` int(11) NOT NULL,
  `vendor_id` int(11) DEFAULT NULL,
  `inventoryConfig_id` int(11) DEFAULT NULL,
  `created` datetime NOT NULL,
  `updated` datetime NOT NULL,
  `totalQuantity` int(11) DEFAULT NULL,
  `totalItem` int(11) DEFAULT NULL,
  `total` double DEFAULT NULL,
  `code` varchar(100) COLLATE utf8_unicode_ci DEFAULT NULL,
  `createdBy_id` int(11) DEFAULT NULL,
  `process` varchar(255) COLLATE utf8_unicode_ci DEFAULT NULL,
  `approvedBy_id` int(11) DEFAULT NULL,
  `invoice` varchar(255) COLLATE utf8_unicode_ci DEFAULT NULL
) ENGINE=InnoDB DEFAULT CHARSET=utf8 COLLATE=utf8_unicode_ci;

-- --------------------------------------------------------

--
-- Table structure for table `PurchaseReturnItem`
--

CREATE TABLE IF NOT EXISTS `PurchaseReturnItem` (
  `id` int(11) NOT NULL,
  `quantity` int(11) DEFAULT NULL,
  `price` double DEFAULT NULL,
  `purchaseReturn_id` int(11) DEFAULT NULL,
  `purchaseItem_id` int(11) DEFAULT NULL,
  `subTotal` double DEFAULT NULL,
  `replaceQuantity` int(11) DEFAULT NULL,
  `replaceSubTotal` double DEFAULT NULL
) ENGINE=InnoDB DEFAULT CHARSET=utf8 COLLATE=utf8_unicode_ci;

-- --------------------------------------------------------

--
-- Table structure for table `PurchaseVendorItem`
--

CREATE TABLE IF NOT EXISTS `PurchaseVendorItem` (
  `id` int(11) NOT NULL,
  `purchase_id` int(11) DEFAULT NULL,
  `name` varchar(255) COLLATE utf8_unicode_ci DEFAULT NULL,
  `quantity` int(11) DEFAULT NULL,
  `purchasePrice` decimal(10,0) DEFAULT NULL,
  `salesPrice` decimal(10,0) DEFAULT NULL,
  `webPrice` decimal(10,0) DEFAULT NULL,
  `subTotalPurchasePrice` decimal(10,0) DEFAULT NULL,
  `subTotalSalesPrice` decimal(10,0) DEFAULT NULL,
  `subTotalWebPrice` decimal(10,0) DEFAULT NULL,
  `isWeb` tinyint(1) DEFAULT NULL,
  `masterItem_id` int(11) DEFAULT NULL,
  `country_id` int(11) DEFAULT NULL,
  `brand_id` int(11) DEFAULT NULL,
  `ageGroup` varchar(255) COLLATE utf8_unicode_ci DEFAULT NULL,
  `gender` varchar(255) COLLATE utf8_unicode_ci DEFAULT NULL,
  `source` varchar(255) COLLATE utf8_unicode_ci DEFAULT NULL,
  `content` longtext COLLATE utf8_unicode_ci,
  `webName` varchar(255) COLLATE utf8_unicode_ci DEFAULT NULL,
  `slug` varchar(255) COLLATE utf8_unicode_ci NOT NULL,
  `created` datetime NOT NULL,
  `updated` datetime NOT NULL,
  `path` varchar(255) COLLATE utf8_unicode_ci DEFAULT NULL,
  `category_id` int(11) DEFAULT NULL,
  `inventoryConfig_id` int(11) DEFAULT NULL,
  `unit_id` int(11) DEFAULT NULL,
  `subProduct` tinyint(1) DEFAULT NULL,
  `color_id` int(11) DEFAULT NULL,
  `size_id` int(11) DEFAULT NULL
) ENGINE=InnoDB AUTO_INCREMENT=341 DEFAULT CHARSET=utf8 COLLATE=utf8_unicode_ci;

--
-- Dumping data for table `PurchaseVendorItem`
--

INSERT INTO `PurchaseVendorItem` (`id`, `purchase_id`, `name`, `quantity`, `purchasePrice`, `salesPrice`, `webPrice`, `subTotalPurchasePrice`, `subTotalSalesPrice`, `subTotalWebPrice`, `isWeb`, `masterItem_id`, `country_id`, `brand_id`, `ageGroup`, `gender`, `source`, `content`, `webName`, `slug`, `created`, `updated`, `path`, `category_id`, `inventoryConfig_id`, `unit_id`, `subProduct`, `color_id`, `size_id`) VALUES
(1, 1, 'Formal Shirt', 2, '850', '1250', '1250', NULL, NULL, NULL, NULL, NULL, NULL, NULL, NULL, NULL, NULL, NULL, NULL, '', '0000-00-00 00:00:00', '0000-00-00 00:00:00', NULL, NULL, 2, NULL, NULL, NULL, NULL),
(2, 1, 'Formal Shirt', 2, '650', '1050', '1050', NULL, NULL, NULL, NULL, NULL, NULL, NULL, NULL, NULL, NULL, NULL, NULL, '', '0000-00-00 00:00:00', '0000-00-00 00:00:00', NULL, NULL, 2, NULL, NULL, NULL, NULL),
(3, 2, 'Formal Shirt', 5, '850', '1550', '1550', NULL, NULL, NULL, NULL, NULL, NULL, NULL, NULL, NULL, NULL, NULL, NULL, '', '0000-00-00 00:00:00', '0000-00-00 00:00:00', NULL, NULL, 2, NULL, NULL, NULL, NULL),
(4, 3, 'Tshirt', 3, '195', '350', '350', NULL, NULL, NULL, NULL, NULL, NULL, NULL, NULL, NULL, NULL, NULL, NULL, '', '0000-00-00 00:00:00', '0000-00-00 00:00:00', NULL, NULL, 2, NULL, NULL, NULL, NULL),
(5, 4, 'Jeans Pant', 4, '550', '1070', '1070', NULL, NULL, NULL, NULL, NULL, NULL, NULL, NULL, NULL, NULL, NULL, NULL, '', '0000-00-00 00:00:00', '0000-00-00 00:00:00', NULL, NULL, 2, NULL, NULL, NULL, NULL),
(6, 4, 'Jeans Pant', 1, '460', '1070', '1070', NULL, NULL, NULL, NULL, NULL, NULL, NULL, NULL, NULL, NULL, NULL, NULL, '', '0000-00-00 00:00:00', '0000-00-00 00:00:00', NULL, NULL, 2, NULL, NULL, NULL, NULL),
(7, 4, 'Jeans Pant', 1, '450', '1050', '1050', NULL, NULL, NULL, NULL, NULL, NULL, NULL, NULL, NULL, NULL, NULL, NULL, '', '0000-00-00 00:00:00', '0000-00-00 00:00:00', NULL, NULL, 2, NULL, NULL, NULL, NULL),
(8, 4, 'Jeans Pant', 1, '560', '1570', '1570', NULL, NULL, NULL, NULL, NULL, NULL, NULL, NULL, NULL, NULL, NULL, NULL, '', '0000-00-00 00:00:00', '0000-00-00 00:00:00', NULL, NULL, 2, NULL, NULL, NULL, NULL),
(9, 5, 'Formal Shirt', 3, '850', '1250', '1250', NULL, NULL, NULL, NULL, NULL, NULL, NULL, NULL, NULL, NULL, NULL, NULL, '', '0000-00-00 00:00:00', '0000-00-00 00:00:00', NULL, NULL, 2, NULL, NULL, NULL, NULL),
(10, 5, 'Formal Shirt', 2, '650', '1050', '1050', NULL, NULL, NULL, NULL, NULL, NULL, NULL, NULL, NULL, NULL, NULL, NULL, '', '0000-00-00 00:00:00', '0000-00-00 00:00:00', NULL, NULL, 2, NULL, NULL, NULL, NULL),
(11, 6, 'Formal Shirt', 6, '850', '1550', '1550', NULL, NULL, NULL, NULL, NULL, NULL, NULL, NULL, NULL, NULL, NULL, NULL, '', '0000-00-00 00:00:00', '0000-00-00 00:00:00', NULL, NULL, 2, NULL, NULL, NULL, NULL),
(12, 7, 'Formal Shirt', 3, '850', '1250', '1250', NULL, NULL, NULL, NULL, 17, NULL, NULL, NULL, NULL, NULL, NULL, NULL, '', '0000-00-00 00:00:00', '0000-00-00 00:00:00', NULL, NULL, 2, NULL, NULL, NULL, NULL),
(13, 7, 'Formal Shirt', 5, '750', '1550', '1550', NULL, NULL, NULL, NULL, NULL, NULL, NULL, NULL, NULL, NULL, NULL, NULL, '', '0000-00-00 00:00:00', '0000-00-00 00:00:00', NULL, NULL, 2, NULL, NULL, NULL, NULL),
(14, 5, 'Formal Shirt', 1, '680', '1150', '1150', NULL, NULL, NULL, NULL, NULL, NULL, NULL, NULL, NULL, NULL, NULL, NULL, '', '0000-00-00 00:00:00', '0000-00-00 00:00:00', NULL, NULL, 2, NULL, NULL, NULL, NULL),
(15, 7, 'Formal Shirt', 1, '950', '1550', '1550', NULL, NULL, NULL, 1, 39, 4, 8, NULL, NULL, 'sdasda', 'adsas', 'Doremon', '', '0000-00-00 00:00:00', '0000-00-00 00:00:00', NULL, NULL, 2, NULL, NULL, NULL, NULL),
(16, 8, 'Formal Shirt', 2, '850', '1280', '1280', NULL, NULL, NULL, NULL, NULL, NULL, NULL, NULL, NULL, NULL, NULL, NULL, '', '0000-00-00 00:00:00', '0000-00-00 00:00:00', NULL, NULL, 2, NULL, NULL, NULL, NULL),
(17, 7, 'Formal Shirt', 2, '550', '1050', '1050', NULL, NULL, NULL, NULL, NULL, NULL, NULL, NULL, NULL, NULL, NULL, NULL, '', '0000-00-00 00:00:00', '0000-00-00 00:00:00', NULL, NULL, 2, NULL, NULL, NULL, NULL),
(18, 9, 'Formal Shirt', 2, '600', '1050', '1050', NULL, NULL, NULL, 1, 4, 4, 8, 'Kids', 'Male', NULL, NULL, NULL, '', '0000-00-00 00:00:00', '2016-06-08 09:08:17', NULL, NULL, 2, NULL, NULL, NULL, NULL),
(19, 9, 'Formal Shirt', 1, '680', '1150', '1150', NULL, NULL, NULL, NULL, NULL, NULL, NULL, NULL, NULL, NULL, NULL, NULL, '', '0000-00-00 00:00:00', '0000-00-00 00:00:00', NULL, NULL, 2, NULL, NULL, NULL, NULL),
(20, 10, 'Formal Shirt', 6, '650', '975', '975', NULL, NULL, NULL, NULL, NULL, NULL, NULL, NULL, NULL, NULL, NULL, NULL, '', '0000-00-00 00:00:00', '0000-00-00 00:00:00', NULL, NULL, 2, NULL, NULL, NULL, NULL),
(21, 10, 'Formal Shirt', 16, '850', '1270', '1270', NULL, NULL, NULL, NULL, NULL, NULL, NULL, NULL, NULL, NULL, NULL, NULL, '', '0000-00-00 00:00:00', '0000-00-00 00:00:00', NULL, NULL, 2, NULL, NULL, NULL, NULL),
(22, 10, 'Formal Shirt', 5, '580', '1050', '1050', NULL, NULL, NULL, NULL, NULL, NULL, NULL, NULL, NULL, NULL, NULL, NULL, '', '0000-00-00 00:00:00', '0000-00-00 00:00:00', NULL, NULL, 2, NULL, NULL, NULL, NULL),
(23, 11, 'Formal Shirt', 15, '480', '1050', '1050', NULL, NULL, NULL, NULL, NULL, NULL, NULL, NULL, NULL, NULL, NULL, NULL, '', '0000-00-00 00:00:00', '0000-00-00 00:00:00', NULL, NULL, 2, NULL, NULL, NULL, NULL),
(24, 11, 'Formal Shirt', 5, '570', '1050', '1050', NULL, NULL, NULL, NULL, NULL, NULL, NULL, NULL, NULL, NULL, NULL, NULL, '', '0000-00-00 00:00:00', '0000-00-00 00:00:00', NULL, NULL, 2, NULL, NULL, NULL, NULL),
(25, 11, 'Formal Shirt', 3, '650', '1150', '1150', NULL, NULL, NULL, 1, 4, 19, 8, 'Kids', 'Male', 'Genuine Leather', 'Genuine Leather', 'Leather', '', '0000-00-00 00:00:00', '0000-00-00 00:00:00', NULL, NULL, 2, NULL, NULL, NULL, NULL),
(26, 12, 'Formal Shirt', 2, '710', '1450', '1450', NULL, NULL, NULL, NULL, NULL, NULL, NULL, NULL, NULL, NULL, NULL, NULL, '', '0000-00-00 00:00:00', '0000-00-00 00:00:00', NULL, NULL, 2, NULL, NULL, NULL, NULL),
(27, 12, 'Formal Shirt', 2, '750', '1450', '1450', NULL, NULL, NULL, NULL, NULL, NULL, NULL, NULL, NULL, NULL, NULL, NULL, '', '0000-00-00 00:00:00', '0000-00-00 00:00:00', NULL, NULL, 2, NULL, NULL, NULL, NULL),
(28, 12, 'Formal Shirt', 3, '725', '1550', '1550', NULL, NULL, NULL, NULL, NULL, NULL, NULL, NULL, NULL, NULL, NULL, NULL, '', '0000-00-00 00:00:00', '0000-00-00 00:00:00', NULL, NULL, 2, NULL, NULL, NULL, NULL),
(29, 12, 'Formal Shirt', 2, '790', '1550', '1550', NULL, NULL, NULL, NULL, NULL, NULL, NULL, NULL, NULL, NULL, NULL, NULL, '', '0000-00-00 00:00:00', '0000-00-00 00:00:00', NULL, NULL, 2, NULL, NULL, NULL, NULL),
(30, 13, 'Casual Shirt', 1, '850', '1275', '1275', NULL, NULL, NULL, NULL, NULL, NULL, NULL, NULL, NULL, NULL, NULL, NULL, '', '0000-00-00 00:00:00', '0000-00-00 00:00:00', NULL, NULL, 2, NULL, NULL, NULL, NULL),
(31, 14, 'Casual Shirt', 8, '850', '1275', '1275', NULL, NULL, NULL, NULL, NULL, NULL, NULL, NULL, NULL, NULL, NULL, NULL, '', '0000-00-00 00:00:00', '0000-00-00 00:00:00', NULL, NULL, 2, NULL, NULL, NULL, NULL),
(32, 14, 'Casual Shirt', 2, '780', '1170', '1170', NULL, NULL, NULL, NULL, NULL, NULL, NULL, NULL, NULL, NULL, NULL, NULL, '', '0000-00-00 00:00:00', '0000-00-00 00:00:00', NULL, NULL, 2, NULL, NULL, NULL, NULL),
(33, 14, 'Casual Shirt', 1, '750', '1125', '1125', NULL, NULL, NULL, NULL, NULL, NULL, NULL, NULL, NULL, NULL, NULL, NULL, '', '0000-00-00 00:00:00', '0000-00-00 00:00:00', NULL, NULL, 2, NULL, NULL, NULL, NULL),
(34, 15, 'Casual Shirt', 1, '850', '1275', '1275', NULL, NULL, NULL, NULL, NULL, NULL, NULL, NULL, NULL, NULL, NULL, NULL, '', '0000-00-00 00:00:00', '0000-00-00 00:00:00', NULL, NULL, 2, NULL, NULL, NULL, NULL),
(35, 16, 'Casual Shirt', 3, '650', '975', '975', NULL, NULL, NULL, NULL, NULL, NULL, NULL, NULL, NULL, NULL, NULL, NULL, '', '0000-00-00 00:00:00', '0000-00-00 00:00:00', NULL, NULL, 2, NULL, NULL, NULL, NULL),
(36, 8, 'Casual Shirt', 3, '800', '1280', '1280', NULL, NULL, NULL, NULL, NULL, NULL, NULL, NULL, NULL, NULL, NULL, NULL, '', '0000-00-00 00:00:00', '0000-00-00 00:00:00', NULL, NULL, 2, NULL, NULL, NULL, NULL),
(37, 8, 'Casual Shirt', 6, '700', '1150', '1150', NULL, NULL, NULL, NULL, NULL, NULL, NULL, NULL, NULL, NULL, NULL, NULL, '', '0000-00-00 00:00:00', '0000-00-00 00:00:00', NULL, NULL, 2, NULL, NULL, NULL, NULL),
(38, 8, 'Casual Shirt', 3, '550', '950', '950', NULL, NULL, NULL, NULL, NULL, NULL, NULL, NULL, NULL, NULL, NULL, NULL, '', '0000-00-00 00:00:00', '0000-00-00 00:00:00', NULL, NULL, 2, NULL, NULL, NULL, NULL),
(39, 7, 'Casual Shirt', 2, '650', '1050', '1050', NULL, NULL, NULL, NULL, 12, NULL, NULL, NULL, NULL, NULL, NULL, NULL, '', '0000-00-00 00:00:00', '0000-00-00 00:00:00', NULL, NULL, 2, NULL, NULL, NULL, NULL),
(40, 7, 'Casual Shirt', 1, '750', '1150', '1150', NULL, NULL, NULL, NULL, NULL, NULL, NULL, NULL, NULL, NULL, NULL, NULL, '', '0000-00-00 00:00:00', '0000-00-00 00:00:00', NULL, NULL, 2, NULL, NULL, NULL, NULL),
(41, 9, 'Casual Shirt', 3, '750', '1050', '1050', NULL, NULL, NULL, NULL, NULL, NULL, NULL, NULL, NULL, NULL, NULL, NULL, '', '0000-00-00 00:00:00', '0000-00-00 00:00:00', NULL, NULL, 2, NULL, NULL, NULL, NULL),
(42, 8, 'Casual Shirt', 1, '850', '1250', '1250', NULL, NULL, NULL, NULL, NULL, NULL, NULL, NULL, NULL, NULL, NULL, NULL, '', '0000-00-00 00:00:00', '0000-00-00 00:00:00', NULL, NULL, 2, NULL, NULL, NULL, NULL),
(43, 7, 'Casual Shirt', 1, '850', '1350', '1350', NULL, NULL, NULL, NULL, NULL, NULL, NULL, NULL, NULL, NULL, NULL, NULL, '', '0000-00-00 00:00:00', '0000-00-00 00:00:00', NULL, NULL, 2, NULL, NULL, NULL, NULL),
(44, 17, 'Full Tshirt', 5, '320', '650', '650', NULL, NULL, NULL, NULL, NULL, NULL, NULL, NULL, NULL, NULL, NULL, NULL, '', '0000-00-00 00:00:00', '0000-00-00 00:00:00', NULL, NULL, 2, NULL, NULL, NULL, NULL),
(45, 17, 'Full Tshirt', 4, '260', '650', '650', NULL, NULL, NULL, NULL, NULL, NULL, NULL, NULL, NULL, NULL, NULL, NULL, '', '0000-00-00 00:00:00', '0000-00-00 00:00:00', NULL, NULL, 2, NULL, NULL, NULL, NULL),
(46, 18, 'Full Tshirt', 4, '250', '650', '650', NULL, NULL, NULL, NULL, NULL, NULL, NULL, NULL, NULL, NULL, NULL, NULL, '', '0000-00-00 00:00:00', '0000-00-00 00:00:00', NULL, NULL, 2, NULL, NULL, NULL, NULL),
(47, 18, 'Full Tshirt', 3, '240', '640', '640', NULL, NULL, NULL, NULL, NULL, NULL, NULL, NULL, NULL, NULL, NULL, NULL, '', '0000-00-00 00:00:00', '0000-00-00 00:00:00', NULL, NULL, 2, NULL, NULL, NULL, NULL),
(48, 19, 'Full Tshirt', 2, '120', '350', '350', NULL, NULL, NULL, NULL, NULL, NULL, NULL, NULL, NULL, NULL, NULL, NULL, '', '0000-00-00 00:00:00', '0000-00-00 00:00:00', NULL, NULL, 2, NULL, NULL, NULL, NULL),
(49, 18, 'Full Tshirt', 2, '280', '650', '650', NULL, NULL, NULL, NULL, NULL, NULL, NULL, NULL, NULL, NULL, NULL, NULL, '', '0000-00-00 00:00:00', '0000-00-00 00:00:00', NULL, NULL, 2, NULL, NULL, NULL, NULL),
(50, 17, 'Full Tshirt', 1, '350', '750', '750', NULL, NULL, NULL, NULL, NULL, NULL, NULL, NULL, NULL, NULL, NULL, NULL, '', '0000-00-00 00:00:00', '0000-00-00 00:00:00', NULL, NULL, 2, NULL, NULL, NULL, NULL),
(51, 20, 'Full Tshirt', 1, '150', '380', '380', NULL, NULL, NULL, NULL, 9, NULL, NULL, NULL, NULL, NULL, NULL, NULL, '', '0000-00-00 00:00:00', '0000-00-00 00:00:00', NULL, NULL, 2, NULL, NULL, NULL, NULL),
(52, 21, 'Full Polo Tshirt', 10, '330', '750', '750', NULL, NULL, NULL, NULL, NULL, NULL, NULL, NULL, NULL, NULL, NULL, NULL, '', '0000-00-00 00:00:00', '0000-00-00 00:00:00', NULL, NULL, 2, NULL, NULL, NULL, NULL),
(53, 18, 'Full Polo Tshirt', 3, '300', '850', '850', NULL, NULL, NULL, NULL, NULL, NULL, NULL, NULL, NULL, NULL, NULL, NULL, '', '0000-00-00 00:00:00', '0000-00-00 00:00:00', NULL, NULL, 2, NULL, NULL, NULL, NULL),
(54, 18, 'Full Polo Tshirt', 5, '250', '750', '750', NULL, NULL, NULL, NULL, NULL, NULL, NULL, NULL, NULL, NULL, NULL, NULL, '', '0000-00-00 00:00:00', '0000-00-00 00:00:00', NULL, NULL, 2, NULL, NULL, NULL, NULL),
(55, 18, 'Full Polo Tshirt', 1, '280', '650', '650', NULL, NULL, NULL, NULL, NULL, NULL, NULL, NULL, NULL, NULL, NULL, NULL, '', '0000-00-00 00:00:00', '0000-00-00 00:00:00', NULL, NULL, 2, NULL, NULL, NULL, NULL),
(56, 22, 'Full Polo Tshirt', 30, '730', '1150', '1150', NULL, NULL, NULL, NULL, NULL, NULL, NULL, NULL, NULL, NULL, NULL, NULL, '', '0000-00-00 00:00:00', '0000-00-00 00:00:00', NULL, NULL, 2, NULL, NULL, NULL, NULL),
(57, 23, 'Panjabi', 5, '1150', '2350', '2350', NULL, NULL, NULL, NULL, NULL, NULL, NULL, NULL, NULL, NULL, NULL, NULL, '', '0000-00-00 00:00:00', '0000-00-00 00:00:00', NULL, NULL, 2, NULL, NULL, NULL, NULL),
(58, 23, 'Panjabi', 3, '880', '2050', '2050', NULL, NULL, NULL, NULL, NULL, NULL, NULL, NULL, NULL, NULL, NULL, NULL, '', '0000-00-00 00:00:00', '0000-00-00 00:00:00', NULL, NULL, 2, NULL, NULL, NULL, NULL),
(59, 23, 'Panjabi', 3, '1500', '4400', '4400', NULL, NULL, NULL, NULL, NULL, NULL, NULL, NULL, NULL, NULL, NULL, NULL, '', '0000-00-00 00:00:00', '0000-00-00 00:00:00', NULL, NULL, 2, NULL, NULL, NULL, NULL),
(60, 23, 'Panjabi', 2, '1450', '2750', '2750', NULL, NULL, NULL, NULL, NULL, NULL, NULL, NULL, NULL, NULL, NULL, NULL, '', '0000-00-00 00:00:00', '0000-00-00 00:00:00', NULL, NULL, 2, NULL, NULL, NULL, NULL),
(61, 23, 'Panjabi', 3, '900', '2050', '2050', NULL, NULL, NULL, NULL, NULL, NULL, NULL, NULL, NULL, NULL, NULL, NULL, '', '0000-00-00 00:00:00', '0000-00-00 00:00:00', NULL, NULL, 2, NULL, NULL, NULL, NULL),
(62, 23, 'Panjabi', 4, '890', '1700', '1700', NULL, NULL, NULL, NULL, NULL, NULL, NULL, NULL, NULL, NULL, NULL, NULL, '', '0000-00-00 00:00:00', '0000-00-00 00:00:00', NULL, NULL, 2, NULL, NULL, NULL, NULL),
(63, 23, 'Panjabi', 7, '820', '1480', '1480', NULL, NULL, NULL, NULL, NULL, NULL, NULL, NULL, NULL, NULL, NULL, NULL, '', '0000-00-00 00:00:00', '0000-00-00 00:00:00', NULL, NULL, 2, NULL, NULL, NULL, NULL),
(64, 23, 'Panjabi', 1, '1200', '2550', '2550', NULL, NULL, NULL, NULL, NULL, NULL, NULL, NULL, NULL, NULL, NULL, NULL, '', '0000-00-00 00:00:00', '0000-00-00 00:00:00', NULL, NULL, 2, NULL, NULL, NULL, NULL),
(65, 24, 'Casual Shirt', 3, '1050', '1680', '1680', NULL, NULL, NULL, NULL, NULL, NULL, NULL, NULL, NULL, NULL, NULL, NULL, '', '0000-00-00 00:00:00', '0000-00-00 00:00:00', NULL, NULL, 2, NULL, NULL, NULL, NULL),
(66, 24, 'Casual Shirt', 2, '1240', '2050', '2050', NULL, NULL, NULL, NULL, NULL, NULL, NULL, NULL, NULL, NULL, NULL, NULL, '', '0000-00-00 00:00:00', '0000-00-00 00:00:00', NULL, NULL, 2, NULL, NULL, NULL, NULL),
(67, 24, 'Casual Shirt', 5, '1175', '1760', '1760', NULL, NULL, NULL, NULL, NULL, NULL, NULL, NULL, NULL, NULL, NULL, NULL, '', '0000-00-00 00:00:00', '0000-00-00 00:00:00', NULL, NULL, 2, NULL, NULL, NULL, NULL),
(68, 24, 'Casual Shirt', 2, '850', '1550', '1550', NULL, NULL, NULL, NULL, NULL, NULL, NULL, NULL, NULL, NULL, NULL, NULL, '', '0000-00-00 00:00:00', '0000-00-00 00:00:00', NULL, NULL, 2, NULL, NULL, NULL, NULL),
(69, 24, 'Casual Shirt', 1, '1120', '1760', '1760', NULL, NULL, NULL, NULL, NULL, NULL, NULL, NULL, NULL, NULL, NULL, NULL, '', '0000-00-00 00:00:00', '0000-00-00 00:00:00', NULL, NULL, 2, NULL, NULL, NULL, NULL),
(70, 25, 'Casual Shirt', 3, '820', '1550', '1550', NULL, NULL, NULL, 1, 11, NULL, NULL, NULL, NULL, NULL, NULL, NULL, '', '0000-00-00 00:00:00', '0000-00-00 00:00:00', NULL, NULL, 2, NULL, NULL, NULL, NULL),
(71, 25, 'Casual Shirt', 2, '950', '1650', '1650', NULL, NULL, NULL, NULL, NULL, NULL, NULL, NULL, NULL, NULL, NULL, NULL, '', '0000-00-00 00:00:00', '0000-00-00 00:00:00', NULL, NULL, 2, NULL, NULL, NULL, NULL),
(72, 25, 'Casual Shirt', 5, '1090', '1850', '1850', NULL, NULL, NULL, NULL, NULL, NULL, NULL, NULL, NULL, NULL, NULL, NULL, '', '0000-00-00 00:00:00', '0000-00-00 00:00:00', NULL, NULL, 2, NULL, NULL, NULL, NULL),
(73, 25, 'Casual Shirt', 2, '1020', '1850', '1850', NULL, NULL, NULL, NULL, NULL, NULL, NULL, NULL, NULL, NULL, NULL, NULL, '', '0000-00-00 00:00:00', '0000-00-00 00:00:00', NULL, NULL, 2, NULL, NULL, NULL, NULL),
(74, 25, 'Casual Shirt', 1, '750', '1700', '1700', NULL, NULL, NULL, NULL, NULL, NULL, NULL, NULL, NULL, NULL, NULL, NULL, '', '0000-00-00 00:00:00', '0000-00-00 00:00:00', NULL, NULL, 2, NULL, NULL, NULL, NULL),
(75, 26, 'Casual Shirt', 3, '1075', '1600', '1600', NULL, NULL, NULL, NULL, NULL, NULL, NULL, NULL, NULL, NULL, NULL, NULL, '', '0000-00-00 00:00:00', '0000-00-00 00:00:00', NULL, NULL, 2, NULL, NULL, NULL, NULL),
(76, 26, 'Casual Shirt', 1, '1090', '1850', '1850', NULL, NULL, NULL, NULL, NULL, NULL, NULL, NULL, NULL, NULL, NULL, NULL, '', '0000-00-00 00:00:00', '0000-00-00 00:00:00', NULL, NULL, 2, NULL, NULL, NULL, NULL),
(77, 27, 'Casual Shirt', 4, '885', '1600', '1600', NULL, NULL, NULL, NULL, NULL, NULL, NULL, NULL, NULL, NULL, NULL, NULL, '', '0000-00-00 00:00:00', '0000-00-00 00:00:00', NULL, NULL, 2, NULL, NULL, NULL, NULL),
(78, 27, 'Casual Shirt', 2, '1110', '1950', '1950', NULL, NULL, NULL, NULL, NULL, NULL, NULL, NULL, NULL, NULL, NULL, NULL, '', '0000-00-00 00:00:00', '0000-00-00 00:00:00', NULL, NULL, 2, NULL, NULL, NULL, NULL),
(79, 28, 'Casual Shirt', 5, '885', '1650', '1650', NULL, NULL, NULL, NULL, NULL, NULL, NULL, NULL, NULL, NULL, NULL, NULL, '', '0000-00-00 00:00:00', '0000-00-00 00:00:00', NULL, NULL, 2, NULL, NULL, NULL, NULL),
(80, 29, 'Panjabi', 2, '1000', '1400', '1400', NULL, NULL, NULL, NULL, NULL, NULL, NULL, NULL, NULL, NULL, NULL, NULL, '', '0000-00-00 00:00:00', '0000-00-00 00:00:00', NULL, NULL, 2, NULL, NULL, NULL, NULL),
(81, 29, 'Panjabi', 6, '890', '1300', '1300', NULL, NULL, NULL, NULL, NULL, NULL, NULL, NULL, NULL, NULL, NULL, NULL, '', '0000-00-00 00:00:00', '0000-00-00 00:00:00', NULL, NULL, 2, NULL, NULL, NULL, NULL),
(82, 29, 'Panjabi', 1, '835', '1170', '1170', NULL, NULL, NULL, NULL, NULL, NULL, NULL, NULL, NULL, NULL, NULL, NULL, '', '0000-00-00 00:00:00', '0000-00-00 00:00:00', NULL, NULL, 2, NULL, NULL, NULL, NULL),
(83, 29, 'Panjabi', 1, '355', '1170', '1170', NULL, NULL, NULL, NULL, NULL, NULL, NULL, NULL, NULL, NULL, NULL, NULL, '', '0000-00-00 00:00:00', '0000-00-00 00:00:00', NULL, NULL, 2, NULL, NULL, NULL, NULL),
(84, 8, 'Panjabi', 2, '750', '1250', '1250', NULL, NULL, NULL, 1, NULL, NULL, NULL, NULL, NULL, NULL, NULL, NULL, '', '0000-00-00 00:00:00', '0000-00-00 00:00:00', NULL, NULL, 2, NULL, NULL, NULL, NULL),
(85, 30, 'Polo Tshirt', 7, '580', '870', '870', NULL, NULL, NULL, NULL, NULL, NULL, NULL, NULL, NULL, NULL, NULL, NULL, '', '0000-00-00 00:00:00', '0000-00-00 00:00:00', NULL, NULL, 2, NULL, NULL, NULL, NULL),
(86, 31, 'Polo Tshirt', 2, '550', '870', '870', NULL, NULL, NULL, NULL, NULL, NULL, NULL, NULL, NULL, NULL, NULL, NULL, '', '0000-00-00 00:00:00', '0000-00-00 00:00:00', NULL, NULL, 2, NULL, NULL, NULL, NULL),
(87, 32, 'Polo Tshirt', 1, '580', '870', '870', NULL, NULL, NULL, 1, 43, NULL, NULL, NULL, NULL, NULL, NULL, NULL, '', '0000-00-00 00:00:00', '0000-00-00 00:00:00', NULL, NULL, 2, NULL, NULL, NULL, NULL),
(88, 30, 'Polo Tshirt', 1, '550', '870', '870', NULL, NULL, NULL, NULL, NULL, NULL, NULL, NULL, NULL, NULL, NULL, NULL, '', '0000-00-00 00:00:00', '0000-00-00 00:00:00', NULL, NULL, 2, NULL, NULL, NULL, NULL),
(89, 33, 'Polo Tshirt', 14, '550', '870', '870', NULL, NULL, NULL, NULL, NULL, NULL, NULL, NULL, NULL, NULL, NULL, NULL, '', '0000-00-00 00:00:00', '0000-00-00 00:00:00', NULL, NULL, 2, NULL, NULL, NULL, NULL),
(90, 34, 'Polo Tshirt', 5, '580', '870', '870', NULL, NULL, NULL, NULL, NULL, NULL, NULL, NULL, NULL, NULL, NULL, NULL, '', '0000-00-00 00:00:00', '0000-00-00 00:00:00', NULL, NULL, 2, NULL, NULL, NULL, NULL),
(91, 34, 'Polo Tshirt', 13, '750', '1150', '1150', NULL, NULL, NULL, NULL, NULL, NULL, NULL, NULL, NULL, NULL, NULL, NULL, '', '0000-00-00 00:00:00', '0000-00-00 00:00:00', NULL, NULL, 2, NULL, NULL, NULL, NULL),
(92, 21, 'Casual Shirt', 9, '400', '1050', '1050', NULL, NULL, NULL, NULL, NULL, NULL, NULL, NULL, NULL, NULL, NULL, NULL, '', '0000-00-00 00:00:00', '0000-00-00 00:00:00', NULL, NULL, 2, NULL, NULL, NULL, NULL),
(93, 35, 'Polo Tshirt', 23, '290', '580', '580', NULL, NULL, NULL, NULL, NULL, NULL, NULL, NULL, NULL, NULL, NULL, NULL, '', '0000-00-00 00:00:00', '0000-00-00 00:00:00', NULL, NULL, 2, NULL, NULL, NULL, NULL),
(94, 36, 'Polo Tshirt', 1, '290', '580', '580', NULL, NULL, NULL, NULL, NULL, NULL, NULL, NULL, NULL, NULL, NULL, NULL, '', '0000-00-00 00:00:00', '0000-00-00 00:00:00', NULL, NULL, 2, NULL, NULL, NULL, NULL),
(95, 37, 'Body Spray', 6, '190', '320', '320', NULL, NULL, NULL, NULL, NULL, NULL, NULL, NULL, NULL, NULL, NULL, NULL, '', '0000-00-00 00:00:00', '0000-00-00 00:00:00', NULL, NULL, 2, NULL, NULL, NULL, NULL),
(96, 37, 'Body Spray', 5, '235', '390', '390', NULL, NULL, NULL, NULL, NULL, NULL, NULL, NULL, NULL, NULL, NULL, NULL, '', '0000-00-00 00:00:00', '0000-00-00 00:00:00', NULL, NULL, 2, NULL, NULL, NULL, NULL),
(97, 37, 'Body Spray', 3, '155', '280', '280', NULL, NULL, NULL, NULL, NULL, NULL, NULL, NULL, NULL, NULL, NULL, NULL, '', '0000-00-00 00:00:00', '0000-00-00 00:00:00', NULL, NULL, 2, NULL, NULL, NULL, NULL),
(98, 37, 'Body Spray', 5, '170', '360', '360', NULL, NULL, NULL, 0, NULL, NULL, NULL, NULL, NULL, NULL, NULL, NULL, '', '0000-00-00 00:00:00', '0000-00-00 00:00:00', NULL, NULL, 2, NULL, NULL, NULL, NULL),
(99, 37, 'Body Spray', 3, '270', '510', '510', NULL, NULL, NULL, NULL, NULL, NULL, NULL, NULL, NULL, NULL, NULL, NULL, '', '0000-00-00 00:00:00', '0000-00-00 00:00:00', NULL, NULL, 2, NULL, NULL, NULL, NULL),
(100, 37, 'Body Spray', 1, '185', '295', '295', NULL, NULL, NULL, NULL, NULL, NULL, NULL, NULL, NULL, NULL, NULL, NULL, '', '0000-00-00 00:00:00', '0000-00-00 00:00:00', NULL, NULL, 2, NULL, NULL, NULL, NULL),
(101, 37, 'Body Spray', 2, '215', '340', '340', NULL, NULL, NULL, NULL, NULL, NULL, NULL, NULL, NULL, NULL, NULL, NULL, '', '0000-00-00 00:00:00', '0000-00-00 00:00:00', NULL, NULL, 2, NULL, NULL, NULL, NULL),
(102, 38, 'Belt', 2, '370', '740', '740', NULL, NULL, NULL, NULL, NULL, NULL, NULL, NULL, NULL, NULL, NULL, NULL, '', '0000-00-00 00:00:00', '0000-00-00 00:00:00', NULL, NULL, 2, NULL, NULL, NULL, NULL),
(103, 38, 'Belt', 1, '420', '840', '840', NULL, NULL, NULL, NULL, NULL, NULL, NULL, NULL, NULL, NULL, NULL, NULL, '', '0000-00-00 00:00:00', '0000-00-00 00:00:00', NULL, NULL, 2, NULL, NULL, NULL, NULL),
(104, 38, 'Belt', 1, '360', '750', '750', NULL, NULL, NULL, NULL, NULL, NULL, NULL, NULL, NULL, NULL, NULL, NULL, '', '0000-00-00 00:00:00', '0000-00-00 00:00:00', NULL, NULL, 2, NULL, NULL, NULL, NULL),
(105, 38, 'Belt', 1, '500', '950', '950', NULL, NULL, NULL, NULL, NULL, NULL, NULL, NULL, NULL, NULL, NULL, NULL, '', '0000-00-00 00:00:00', '0000-00-00 00:00:00', NULL, NULL, 2, NULL, NULL, NULL, NULL),
(106, 38, 'Belt', 1, '390', '780', '780', NULL, NULL, NULL, NULL, NULL, NULL, NULL, NULL, NULL, NULL, NULL, NULL, '', '0000-00-00 00:00:00', '0000-00-00 00:00:00', NULL, NULL, 2, NULL, NULL, NULL, NULL),
(107, 38, 'Belt', 1, '450', '880', '880', NULL, NULL, NULL, NULL, NULL, NULL, NULL, NULL, NULL, NULL, NULL, NULL, '', '0000-00-00 00:00:00', '0000-00-00 00:00:00', NULL, NULL, 2, NULL, NULL, NULL, NULL),
(108, 38, 'Belt', 3, '340', '680', '680', NULL, NULL, NULL, NULL, NULL, NULL, NULL, NULL, NULL, NULL, NULL, NULL, '', '0000-00-00 00:00:00', '0000-00-00 00:00:00', NULL, NULL, 2, NULL, NULL, NULL, NULL),
(109, 39, 'Belt', 1, '430', '850', '850', NULL, NULL, NULL, NULL, NULL, NULL, NULL, NULL, NULL, NULL, NULL, NULL, '', '0000-00-00 00:00:00', '0000-00-00 00:00:00', NULL, NULL, 2, NULL, NULL, NULL, NULL),
(110, 39, 'Belt', 3, '340', '680', '680', NULL, NULL, NULL, NULL, NULL, NULL, NULL, NULL, NULL, NULL, NULL, NULL, '', '0000-00-00 00:00:00', '0000-00-00 00:00:00', NULL, NULL, 2, NULL, NULL, NULL, NULL),
(111, 39, 'Belt', 1, '370', '740', '740', NULL, NULL, NULL, NULL, NULL, NULL, NULL, NULL, NULL, NULL, NULL, NULL, '', '0000-00-00 00:00:00', '0000-00-00 00:00:00', NULL, NULL, 2, NULL, NULL, NULL, NULL),
(112, 39, 'Belt', 1, '360', '720', '720', NULL, NULL, NULL, NULL, NULL, NULL, NULL, NULL, NULL, NULL, NULL, NULL, '', '0000-00-00 00:00:00', '0000-00-00 00:00:00', NULL, NULL, 2, NULL, NULL, NULL, NULL),
(113, 39, 'Wallet', 1, '550', '825', '825', NULL, NULL, NULL, NULL, NULL, NULL, NULL, NULL, NULL, NULL, NULL, NULL, '', '0000-00-00 00:00:00', '0000-00-00 00:00:00', NULL, NULL, 2, NULL, NULL, NULL, NULL),
(114, 39, 'Wallet', 1, '450', '775', '775', NULL, NULL, NULL, NULL, NULL, NULL, NULL, NULL, NULL, NULL, NULL, NULL, '', '0000-00-00 00:00:00', '0000-00-00 00:00:00', NULL, NULL, 2, NULL, NULL, NULL, NULL),
(115, 39, 'Wallet', 1, '520', '940', '940', NULL, NULL, NULL, NULL, NULL, NULL, NULL, NULL, NULL, NULL, NULL, NULL, '', '0000-00-00 00:00:00', '0000-00-00 00:00:00', NULL, NULL, 2, NULL, NULL, NULL, NULL),
(116, 40, 'Wallet', 4, '320', '730', '730', NULL, NULL, NULL, NULL, NULL, NULL, NULL, NULL, NULL, NULL, NULL, NULL, '', '0000-00-00 00:00:00', '0000-00-00 00:00:00', NULL, NULL, 2, NULL, NULL, NULL, NULL),
(117, 40, 'Wallet', 2, '370', '840', '840', NULL, NULL, NULL, NULL, NULL, NULL, NULL, NULL, NULL, NULL, NULL, NULL, '', '0000-00-00 00:00:00', '0000-00-00 00:00:00', NULL, NULL, 2, NULL, NULL, NULL, NULL),
(118, 40, 'Wallet', 1, '460', '950', '950', NULL, NULL, NULL, NULL, NULL, NULL, NULL, NULL, NULL, NULL, NULL, NULL, '', '0000-00-00 00:00:00', '0000-00-00 00:00:00', NULL, NULL, 2, NULL, NULL, NULL, NULL),
(119, 40, 'Wallet', 1, '450', '1050', '1050', NULL, NULL, NULL, NULL, NULL, NULL, NULL, NULL, NULL, NULL, NULL, NULL, '', '0000-00-00 00:00:00', '0000-00-00 00:00:00', NULL, NULL, 2, NULL, NULL, NULL, NULL),
(120, 40, 'Wallet', 1, '150', '350', '350', NULL, NULL, NULL, NULL, NULL, NULL, NULL, NULL, NULL, NULL, NULL, NULL, '', '0000-00-00 00:00:00', '0000-00-00 00:00:00', NULL, NULL, 2, NULL, NULL, NULL, NULL),
(121, 41, 'Tai', 4, '350', '525', '525', NULL, NULL, NULL, NULL, NULL, NULL, NULL, NULL, NULL, NULL, NULL, NULL, '', '0000-00-00 00:00:00', '0000-00-00 00:00:00', NULL, NULL, 2, NULL, NULL, NULL, NULL),
(122, 41, 'Tai', 1, '250', '420', '420', NULL, NULL, NULL, NULL, NULL, NULL, NULL, NULL, NULL, NULL, NULL, NULL, '', '0000-00-00 00:00:00', '0000-00-00 00:00:00', NULL, NULL, 2, NULL, NULL, NULL, NULL),
(123, 42, 'Tai Pin', 5, '180', '277', '277', NULL, NULL, NULL, NULL, NULL, NULL, NULL, NULL, NULL, NULL, NULL, NULL, '', '0000-00-00 00:00:00', '0000-00-00 00:00:00', NULL, NULL, 2, NULL, NULL, NULL, NULL),
(124, 42, ' Culflen', 2, '450', '650', '650', NULL, NULL, NULL, NULL, NULL, NULL, NULL, NULL, NULL, NULL, NULL, NULL, '', '0000-00-00 00:00:00', '0000-00-00 00:00:00', NULL, NULL, 2, NULL, NULL, NULL, NULL),
(125, 41, ' Culflen', 8, '480', '650', '650', NULL, NULL, NULL, NULL, NULL, NULL, NULL, NULL, NULL, NULL, NULL, NULL, '', '0000-00-00 00:00:00', '0000-00-00 00:00:00', NULL, NULL, 2, NULL, NULL, NULL, NULL),
(126, 25, 'Polo Tshirt', 16, '950', '1650', '1650', NULL, NULL, NULL, NULL, NULL, NULL, NULL, NULL, NULL, NULL, NULL, NULL, '', '0000-00-00 00:00:00', '0000-00-00 00:00:00', NULL, NULL, 2, NULL, NULL, NULL, NULL),
(127, 25, 'Tshirt', 6, '750', '1350', '1350', NULL, NULL, NULL, NULL, NULL, NULL, NULL, NULL, NULL, NULL, NULL, NULL, '', '0000-00-00 00:00:00', '0000-00-00 00:00:00', NULL, NULL, 2, NULL, NULL, NULL, NULL),
(128, 43, 'Polo Tshirt', 3, '750', '1450', '1450', NULL, NULL, NULL, NULL, NULL, NULL, NULL, NULL, NULL, NULL, NULL, NULL, '', '0000-00-00 00:00:00', '0000-00-00 00:00:00', NULL, NULL, 2, NULL, NULL, NULL, NULL),
(129, 42, 'Tshirt', 5, '650', '950', '950', NULL, NULL, NULL, NULL, NULL, NULL, NULL, NULL, NULL, NULL, NULL, NULL, '', '0000-00-00 00:00:00', '0000-00-00 00:00:00', NULL, NULL, 2, NULL, NULL, NULL, NULL),
(130, 44, 'Tshirt', 1, '550', '825', '825', NULL, NULL, NULL, NULL, NULL, NULL, NULL, NULL, NULL, NULL, NULL, NULL, '', '0000-00-00 00:00:00', '0000-00-00 00:00:00', NULL, NULL, 2, NULL, NULL, NULL, NULL),
(131, 45, 'Short Pant', 10, '310', '650', '650', NULL, NULL, NULL, NULL, NULL, NULL, NULL, NULL, NULL, NULL, NULL, NULL, '', '0000-00-00 00:00:00', '0000-00-00 00:00:00', NULL, NULL, 2, NULL, NULL, NULL, NULL),
(132, 46, 'Blezar', 7, '2175', '3650', '3650', NULL, NULL, NULL, NULL, NULL, NULL, NULL, NULL, NULL, NULL, NULL, NULL, '', '0000-00-00 00:00:00', '0000-00-00 00:00:00', NULL, NULL, 2, NULL, NULL, NULL, NULL),
(133, 46, 'Blezar', 4, '1950', '3450', '3450', NULL, NULL, NULL, NULL, NULL, NULL, NULL, NULL, NULL, NULL, NULL, NULL, '', '0000-00-00 00:00:00', '0000-00-00 00:00:00', NULL, NULL, 2, NULL, NULL, NULL, NULL),
(134, 47, 'Coti', 1, '950', '1850', '1850', NULL, NULL, NULL, NULL, NULL, NULL, NULL, NULL, NULL, NULL, NULL, NULL, '', '0000-00-00 00:00:00', '0000-00-00 00:00:00', NULL, NULL, 2, NULL, NULL, NULL, NULL),
(135, 48, 'Coti', 4, '950', '1850', '1850', NULL, NULL, NULL, NULL, NULL, NULL, NULL, NULL, NULL, NULL, NULL, NULL, '', '0000-00-00 00:00:00', '0000-00-00 00:00:00', NULL, NULL, 2, NULL, NULL, NULL, NULL),
(136, 48, 'Coti', 16, '900', '1850', '1850', NULL, NULL, NULL, NULL, NULL, NULL, NULL, NULL, NULL, NULL, NULL, NULL, '', '0000-00-00 00:00:00', '0000-00-00 00:00:00', NULL, NULL, 2, NULL, NULL, NULL, NULL),
(137, 49, 'Half Polo Tshirt', 25, '290', '430', '430', NULL, NULL, NULL, NULL, NULL, NULL, NULL, NULL, NULL, NULL, NULL, NULL, '', '0000-00-00 00:00:00', '0000-00-00 00:00:00', NULL, NULL, 2, NULL, NULL, NULL, NULL),
(138, 49, 'Half Polo Tshirt', 2, '250', '550', '550', NULL, NULL, NULL, NULL, NULL, NULL, NULL, NULL, NULL, NULL, NULL, NULL, '', '0000-00-00 00:00:00', '0000-00-00 00:00:00', NULL, NULL, 2, NULL, NULL, NULL, NULL),
(139, 49, 'Half Polo Tshirt', 6, '240', '480', '480', NULL, NULL, NULL, NULL, NULL, NULL, NULL, NULL, NULL, NULL, NULL, NULL, '', '0000-00-00 00:00:00', '0000-00-00 00:00:00', NULL, NULL, 2, NULL, NULL, NULL, NULL),
(140, 49, 'Half Polo Tshirt', 5, '260', '520', '520', NULL, NULL, NULL, NULL, NULL, NULL, NULL, NULL, NULL, NULL, NULL, NULL, '', '0000-00-00 00:00:00', '0000-00-00 00:00:00', NULL, NULL, 2, NULL, NULL, NULL, NULL),
(141, 21, 'Tshirt', 10, '195', '350', '350', NULL, NULL, NULL, NULL, NULL, NULL, NULL, NULL, NULL, NULL, NULL, NULL, '', '0000-00-00 00:00:00', '0000-00-00 00:00:00', NULL, NULL, 2, NULL, NULL, NULL, NULL),
(142, 50, 'Jeans Pant', 23, '550', '1550', '1550', NULL, NULL, NULL, NULL, NULL, NULL, NULL, NULL, NULL, NULL, NULL, NULL, '', '0000-00-00 00:00:00', '0000-00-00 00:00:00', NULL, NULL, 2, NULL, NULL, NULL, NULL),
(143, 50, 'Jeans Pant', 1, '460', '1070', '1070', NULL, NULL, NULL, NULL, NULL, NULL, NULL, NULL, NULL, NULL, NULL, NULL, '', '0000-00-00 00:00:00', '0000-00-00 00:00:00', NULL, NULL, 2, NULL, NULL, NULL, NULL),
(144, 50, 'Jeans Pant', 1, '450', '1050', '1050', NULL, NULL, NULL, NULL, NULL, NULL, NULL, NULL, NULL, NULL, NULL, NULL, '', '0000-00-00 00:00:00', '0000-00-00 00:00:00', NULL, NULL, 2, NULL, NULL, NULL, NULL),
(145, 50, 'Jeans Pant', 9, '560', '1570', '1570', NULL, NULL, NULL, NULL, NULL, NULL, NULL, NULL, NULL, NULL, NULL, NULL, '', '0000-00-00 00:00:00', '0000-00-00 00:00:00', NULL, NULL, 2, NULL, NULL, NULL, NULL),
(146, 51, 'Jeans Pant', 2, '550', '1550', '1550', NULL, NULL, NULL, NULL, NULL, NULL, NULL, NULL, NULL, NULL, NULL, NULL, '', '0000-00-00 00:00:00', '0000-00-00 00:00:00', NULL, NULL, 2, NULL, NULL, NULL, NULL),
(147, 51, 'Jeans Pant', 2, '430', '1050', '1050', NULL, NULL, NULL, NULL, NULL, NULL, NULL, NULL, NULL, NULL, NULL, NULL, '', '0000-00-00 00:00:00', '0000-00-00 00:00:00', NULL, NULL, 2, NULL, NULL, NULL, NULL),
(148, 51, 'Jeans Pant', 19, '350', '1070', '1070', NULL, NULL, NULL, NULL, NULL, NULL, NULL, NULL, NULL, NULL, NULL, NULL, '', '0000-00-00 00:00:00', '0000-00-00 00:00:00', NULL, NULL, 2, NULL, NULL, NULL, NULL),
(149, 51, 'Jeans Pant', 6, '450', '1050', '1050', NULL, NULL, NULL, 1, NULL, NULL, NULL, NULL, NULL, NULL, NULL, NULL, '', '0000-00-00 00:00:00', '0000-00-00 00:00:00', NULL, NULL, 2, NULL, NULL, NULL, NULL),
(150, 51, 'Jeans Pant', 3, '460', '1070', '1070', NULL, NULL, NULL, NULL, NULL, NULL, NULL, NULL, NULL, NULL, NULL, NULL, '', '0000-00-00 00:00:00', '0000-00-00 00:00:00', NULL, NULL, 2, NULL, NULL, NULL, NULL),
(151, 52, 'Jeans Pant', 2, '525', '1150', '1150', NULL, NULL, NULL, NULL, NULL, NULL, NULL, NULL, NULL, NULL, NULL, NULL, '', '0000-00-00 00:00:00', '0000-00-00 00:00:00', NULL, NULL, 2, NULL, NULL, NULL, NULL),
(152, 53, 'Jeans Pant', 10, '1600', '2350', '2350', NULL, NULL, NULL, NULL, NULL, NULL, NULL, NULL, NULL, NULL, NULL, NULL, '', '0000-00-00 00:00:00', '0000-00-00 00:00:00', NULL, NULL, 2, NULL, NULL, NULL, NULL),
(153, 53, 'Jeans Pant', 6, '1350', '2050', '2050', NULL, NULL, NULL, NULL, NULL, NULL, NULL, NULL, NULL, NULL, NULL, NULL, '', '0000-00-00 00:00:00', '0000-00-00 00:00:00', NULL, NULL, 2, NULL, NULL, NULL, NULL),
(154, 53, 'Jeans Pant', 2, '1800', '2650', '2650', NULL, NULL, NULL, NULL, NULL, NULL, NULL, NULL, NULL, NULL, NULL, NULL, '', '0000-00-00 00:00:00', '0000-00-00 00:00:00', NULL, NULL, 2, NULL, NULL, NULL, NULL),
(155, 54, 'Gavadin Pant', 1, '1200', '1850', '1850', NULL, NULL, NULL, NULL, NULL, NULL, NULL, NULL, NULL, NULL, NULL, NULL, '', '0000-00-00 00:00:00', '0000-00-00 00:00:00', NULL, NULL, 2, NULL, NULL, NULL, NULL),
(156, 55, 'Gavadin Pant', 17, '1200', '1850', '1850', NULL, NULL, NULL, NULL, NULL, NULL, NULL, NULL, NULL, NULL, NULL, NULL, '', '0000-00-00 00:00:00', '0000-00-00 00:00:00', NULL, NULL, 2, NULL, NULL, NULL, NULL),
(157, 51, 'Gavadin Pant', 17, '400', '1150', '1150', NULL, NULL, NULL, NULL, NULL, NULL, NULL, NULL, NULL, NULL, NULL, NULL, '', '0000-00-00 00:00:00', '0000-00-00 00:00:00', NULL, NULL, 2, NULL, NULL, NULL, NULL),
(158, 51, 'Gavadin Pant', 1, '350', '1050', '1050', NULL, NULL, NULL, NULL, NULL, NULL, NULL, NULL, NULL, NULL, NULL, NULL, '', '0000-00-00 00:00:00', '0000-00-00 00:00:00', NULL, NULL, 2, NULL, NULL, NULL, NULL),
(159, 53, 'Gavadin Pant', 2, '1800', '2650', '2650', NULL, NULL, NULL, NULL, NULL, NULL, NULL, NULL, NULL, NULL, NULL, NULL, '', '0000-00-00 00:00:00', '0000-00-00 00:00:00', NULL, NULL, 2, NULL, NULL, NULL, NULL),
(160, 51, 'Gavadin Pant', 2, '470', '1050', '1050', NULL, NULL, NULL, NULL, NULL, NULL, NULL, NULL, NULL, NULL, NULL, NULL, '', '0000-00-00 00:00:00', '0000-00-00 00:00:00', NULL, NULL, 2, NULL, NULL, NULL, NULL),
(161, 56, 'Gavadin Pant', 1, '1200', '1850', '1850', NULL, NULL, NULL, NULL, NULL, NULL, NULL, NULL, NULL, NULL, NULL, NULL, '', '0000-00-00 00:00:00', '0000-00-00 00:00:00', NULL, NULL, 2, NULL, NULL, NULL, NULL),
(162, 51, 'Gavadin Pant', 1, '1200', '1850', '1850', NULL, NULL, NULL, NULL, NULL, NULL, NULL, NULL, NULL, NULL, NULL, NULL, '', '0000-00-00 00:00:00', '0000-00-00 00:00:00', NULL, NULL, 2, NULL, NULL, NULL, NULL),
(163, 57, 'Gavadin Pant', 3, '1550', '2050', '2050', NULL, NULL, NULL, NULL, NULL, NULL, NULL, NULL, NULL, NULL, NULL, NULL, '', '0000-00-00 00:00:00', '0000-00-00 00:00:00', NULL, NULL, 2, NULL, NULL, NULL, NULL),
(164, 57, 'Gavadin Pant', 6, '1250', '2050', '2050', NULL, NULL, NULL, NULL, NULL, NULL, NULL, NULL, NULL, NULL, NULL, NULL, '', '0000-00-00 00:00:00', '0000-00-00 00:00:00', NULL, NULL, 2, NULL, NULL, NULL, NULL),
(165, 58, 'Gavadin Pant', 4, '1800', '2750', '2750', NULL, NULL, NULL, NULL, NULL, NULL, NULL, NULL, NULL, NULL, NULL, NULL, '', '0000-00-00 00:00:00', '0000-00-00 00:00:00', NULL, NULL, 2, NULL, NULL, NULL, NULL),
(166, 59, 'Gavadin Pant', 1, '1200', '1850', '1850', NULL, NULL, NULL, NULL, NULL, NULL, NULL, NULL, NULL, NULL, NULL, NULL, '', '0000-00-00 00:00:00', '0000-00-00 00:00:00', NULL, NULL, 2, NULL, NULL, NULL, NULL),
(167, 34, 'Gavadin Pant', 10, '1300', '1950', '1950', NULL, NULL, NULL, NULL, NULL, NULL, NULL, NULL, NULL, NULL, NULL, NULL, '', '0000-00-00 00:00:00', '0000-00-00 00:00:00', NULL, NULL, 2, NULL, NULL, NULL, NULL),
(168, 34, 'Gavadin Pant', 3, '1550', '2550', '2550', NULL, NULL, NULL, NULL, NULL, NULL, NULL, NULL, NULL, NULL, NULL, NULL, '', '0000-00-00 00:00:00', '0000-00-00 00:00:00', NULL, NULL, 2, NULL, NULL, NULL, NULL),
(169, 60, 'Formal Pant', 11, '800', '1180', '1180', NULL, NULL, NULL, NULL, NULL, NULL, NULL, NULL, NULL, NULL, NULL, NULL, '', '0000-00-00 00:00:00', '0000-00-00 00:00:00', NULL, NULL, 2, NULL, NULL, NULL, NULL),
(170, 61, 'Under Wear', 23, '250', '400', '400', NULL, NULL, NULL, NULL, NULL, NULL, NULL, NULL, NULL, NULL, NULL, NULL, '', '0000-00-00 00:00:00', '0000-00-00 00:00:00', NULL, NULL, 2, NULL, NULL, NULL, NULL),
(171, 61, 'Under Wear', 3, '190', '400', '400', NULL, NULL, NULL, NULL, NULL, NULL, NULL, NULL, NULL, NULL, NULL, NULL, '', '0000-00-00 00:00:00', '0000-00-00 00:00:00', NULL, NULL, 2, NULL, NULL, NULL, NULL),
(172, 61, 'Under Wear', 14, '200', '400', '400', NULL, NULL, NULL, NULL, NULL, NULL, NULL, NULL, NULL, NULL, NULL, NULL, '', '0000-00-00 00:00:00', '0000-00-00 00:00:00', NULL, NULL, 2, NULL, NULL, NULL, NULL),
(173, 61, 'Under Wear', 12, '133', '300', '300', NULL, NULL, NULL, NULL, NULL, NULL, NULL, NULL, NULL, NULL, NULL, NULL, '', '0000-00-00 00:00:00', '0000-00-00 00:00:00', NULL, NULL, 2, NULL, NULL, NULL, NULL),
(174, 61, 'Under Wear', 6, '220', '480', '480', NULL, NULL, NULL, NULL, NULL, NULL, NULL, NULL, NULL, NULL, NULL, NULL, '', '0000-00-00 00:00:00', '0000-00-00 00:00:00', NULL, NULL, 2, NULL, NULL, NULL, NULL),
(175, 61, 'Under Wear', 6, '260', '550', '550', NULL, NULL, NULL, NULL, NULL, NULL, NULL, NULL, NULL, NULL, NULL, NULL, '', '0000-00-00 00:00:00', '0000-00-00 00:00:00', NULL, NULL, 2, NULL, NULL, NULL, NULL),
(176, 61, 'Under Wear', 6, '235', '550', '550', NULL, NULL, NULL, NULL, NULL, NULL, NULL, NULL, NULL, NULL, NULL, NULL, '', '0000-00-00 00:00:00', '0000-00-00 00:00:00', NULL, NULL, 2, NULL, NULL, NULL, NULL),
(177, 61, 'Under Wear', 5, '230', '550', '550', NULL, NULL, NULL, NULL, NULL, NULL, NULL, NULL, NULL, NULL, NULL, NULL, '', '0000-00-00 00:00:00', '0000-00-00 00:00:00', NULL, NULL, 2, NULL, NULL, NULL, NULL),
(178, 61, 'Under Wear', 3, '290', '400', '400', NULL, NULL, NULL, NULL, NULL, NULL, NULL, NULL, NULL, NULL, NULL, NULL, '', '0000-00-00 00:00:00', '0000-00-00 00:00:00', NULL, NULL, 2, NULL, NULL, NULL, NULL),
(179, 61, 'Under Wear', 1, '340', '480', '480', NULL, NULL, NULL, NULL, NULL, NULL, NULL, NULL, NULL, NULL, NULL, NULL, '', '0000-00-00 00:00:00', '0000-00-00 00:00:00', NULL, NULL, 2, NULL, NULL, NULL, NULL),
(180, 62, 'Sando Genji', 11, '85', '170', '170', NULL, NULL, NULL, NULL, NULL, NULL, NULL, NULL, NULL, NULL, NULL, NULL, '', '0000-00-00 00:00:00', '0000-00-00 00:00:00', NULL, NULL, 2, NULL, NULL, NULL, NULL),
(181, 63, 'Under Wear', 1, '85', '160', '160', NULL, NULL, NULL, NULL, NULL, NULL, NULL, NULL, NULL, NULL, NULL, NULL, '', '0000-00-00 00:00:00', '0000-00-00 00:00:00', NULL, NULL, 2, NULL, NULL, NULL, NULL),
(182, 64, 'Under Wear', 13, '85', '160', '160', NULL, NULL, NULL, NULL, NULL, NULL, NULL, NULL, NULL, NULL, NULL, NULL, '', '0000-00-00 00:00:00', '0000-00-00 00:00:00', NULL, NULL, 2, NULL, NULL, NULL, NULL),
(183, 65, 'Three Pics', 5, '1500', '2100', '2100', NULL, NULL, NULL, NULL, NULL, NULL, NULL, NULL, NULL, NULL, NULL, NULL, '', '0000-00-00 00:00:00', '0000-00-00 00:00:00', NULL, NULL, 2, NULL, NULL, NULL, NULL),
(184, 65, 'Three Pics', 5, '1400', '1980', '1980', NULL, NULL, NULL, NULL, NULL, NULL, NULL, NULL, NULL, NULL, NULL, NULL, '', '0000-00-00 00:00:00', '0000-00-00 00:00:00', NULL, NULL, 2, NULL, NULL, NULL, NULL),
(185, 65, 'Three Pics', 10, '1050', '1470', '1470', NULL, NULL, NULL, NULL, NULL, NULL, NULL, NULL, NULL, NULL, NULL, NULL, '', '0000-00-00 00:00:00', '0000-00-00 00:00:00', NULL, NULL, 2, NULL, NULL, NULL, NULL),
(186, 65, 'Three Pics', 4, '1200', '1680', '1680', NULL, NULL, NULL, NULL, NULL, NULL, NULL, NULL, NULL, NULL, NULL, NULL, '', '0000-00-00 00:00:00', '0000-00-00 00:00:00', NULL, NULL, 2, NULL, NULL, NULL, NULL),
(187, 66, 'Three Pics', 2, '1900', '2660', '2660', NULL, NULL, NULL, NULL, NULL, NULL, NULL, NULL, NULL, NULL, NULL, NULL, '', '0000-00-00 00:00:00', '0000-00-00 00:00:00', NULL, NULL, 2, NULL, NULL, NULL, NULL),
(188, 67, 'Three Pics', 1, '1200', '1950', '1950', NULL, NULL, NULL, NULL, NULL, NULL, NULL, NULL, NULL, NULL, NULL, NULL, '', '0000-00-00 00:00:00', '0000-00-00 00:00:00', NULL, NULL, 2, NULL, NULL, NULL, NULL),
(189, 65, 'Three Pics', 4, '1150', '1610', '1610', NULL, NULL, NULL, NULL, NULL, NULL, NULL, NULL, NULL, NULL, NULL, NULL, '', '0000-00-00 00:00:00', '0000-00-00 00:00:00', NULL, NULL, 2, NULL, NULL, NULL, NULL),
(190, 65, 'Three Pics', 2, '1100', '1550', '1550', NULL, NULL, NULL, NULL, NULL, NULL, NULL, NULL, NULL, NULL, NULL, NULL, '', '0000-00-00 00:00:00', '0000-00-00 00:00:00', NULL, NULL, 2, NULL, NULL, NULL, NULL),
(191, 66, 'Three Pics', 3, '2400', '3250', '3250', NULL, NULL, NULL, NULL, NULL, NULL, NULL, NULL, NULL, NULL, NULL, NULL, '', '0000-00-00 00:00:00', '0000-00-00 00:00:00', NULL, NULL, 2, NULL, NULL, NULL, NULL),
(192, 66, 'Three Pics', 14, '1500', '2100', '2100', NULL, NULL, NULL, NULL, NULL, NULL, NULL, NULL, NULL, NULL, NULL, NULL, '', '0000-00-00 00:00:00', '0000-00-00 00:00:00', NULL, NULL, 2, NULL, NULL, NULL, NULL),
(193, 66, 'Three Pics', 17, '1100', '2250', '2250', NULL, NULL, NULL, NULL, NULL, NULL, NULL, NULL, NULL, NULL, NULL, NULL, '', '0000-00-00 00:00:00', '0000-00-00 00:00:00', NULL, NULL, 2, NULL, NULL, NULL, NULL),
(194, 65, 'Three Pics', 3, '650', '980', '980', NULL, NULL, NULL, NULL, NULL, NULL, NULL, NULL, NULL, NULL, NULL, NULL, '', '0000-00-00 00:00:00', '0000-00-00 00:00:00', NULL, NULL, 2, NULL, NULL, NULL, NULL),
(195, 66, 'Three Pics', 2, '1400', '2100', '2100', NULL, NULL, NULL, NULL, NULL, NULL, NULL, NULL, NULL, NULL, NULL, NULL, '', '0000-00-00 00:00:00', '0000-00-00 00:00:00', NULL, NULL, 2, NULL, NULL, NULL, NULL),
(196, 66, 'Three Pics', 2, '1000', '2100', '2100', NULL, NULL, NULL, NULL, NULL, NULL, NULL, NULL, NULL, NULL, NULL, NULL, '', '0000-00-00 00:00:00', '0000-00-00 00:00:00', NULL, NULL, 2, NULL, NULL, NULL, NULL),
(197, 66, 'Three Pics', 3, '1050', '1650', '1650', NULL, NULL, NULL, NULL, NULL, NULL, NULL, NULL, NULL, NULL, NULL, NULL, '', '0000-00-00 00:00:00', '0000-00-00 00:00:00', NULL, NULL, 2, NULL, NULL, NULL, NULL),
(198, 68, 'Three Pics', 11, '1100', '1550', '1550', NULL, NULL, NULL, NULL, NULL, NULL, NULL, NULL, NULL, NULL, NULL, NULL, '', '0000-00-00 00:00:00', '0000-00-00 00:00:00', NULL, NULL, 2, NULL, NULL, NULL, NULL),
(199, 68, 'Three Pics', 3, '1500', '2250', '2250', NULL, NULL, NULL, NULL, NULL, NULL, NULL, NULL, NULL, NULL, NULL, NULL, '', '0000-00-00 00:00:00', '0000-00-00 00:00:00', NULL, NULL, 2, NULL, NULL, NULL, NULL),
(200, 68, 'Three Pics', 1, '1550', '2170', '2170', NULL, NULL, NULL, NULL, NULL, NULL, NULL, NULL, NULL, NULL, NULL, NULL, '', '0000-00-00 00:00:00', '0000-00-00 00:00:00', NULL, NULL, 2, NULL, NULL, NULL, NULL),
(201, 67, 'Three Pics', 2, '1400', '1950', '1950', NULL, NULL, NULL, NULL, NULL, NULL, NULL, NULL, NULL, NULL, NULL, NULL, '', '0000-00-00 00:00:00', '0000-00-00 00:00:00', NULL, NULL, 2, NULL, NULL, NULL, NULL),
(202, 67, 'Three Pics', 2, '1100', '1450', '1450', NULL, NULL, NULL, NULL, NULL, NULL, NULL, NULL, NULL, NULL, NULL, NULL, '', '0000-00-00 00:00:00', '0000-00-00 00:00:00', NULL, NULL, 2, NULL, NULL, NULL, NULL),
(203, 67, 'Three Pics', 1, '1500', '2450', '2450', NULL, NULL, NULL, NULL, NULL, NULL, NULL, NULL, NULL, NULL, NULL, NULL, '', '0000-00-00 00:00:00', '0000-00-00 00:00:00', NULL, NULL, 2, NULL, NULL, NULL, NULL),
(204, 66, 'Three Pics', 3, '1600', '2350', '2350', NULL, NULL, NULL, NULL, NULL, NULL, NULL, NULL, NULL, NULL, NULL, NULL, '', '0000-00-00 00:00:00', '0000-00-00 00:00:00', NULL, NULL, 2, NULL, NULL, NULL, NULL),
(205, 66, 'Three Pics', 2, '1550', '2170', '2170', NULL, NULL, NULL, NULL, NULL, NULL, NULL, NULL, NULL, NULL, NULL, NULL, '', '0000-00-00 00:00:00', '0000-00-00 00:00:00', NULL, NULL, 2, NULL, NULL, NULL, NULL),
(206, 65, 'Three Pics', 3, '1000', '1400', '1400', NULL, NULL, NULL, NULL, NULL, NULL, NULL, NULL, NULL, NULL, NULL, NULL, '', '0000-00-00 00:00:00', '0000-00-00 00:00:00', NULL, NULL, 2, NULL, NULL, NULL, NULL),
(207, 65, 'Three Pics', 1, '1550', '2600', '2600', NULL, NULL, NULL, NULL, NULL, NULL, NULL, NULL, NULL, NULL, NULL, NULL, '', '0000-00-00 00:00:00', '0000-00-00 00:00:00', NULL, NULL, 2, NULL, NULL, NULL, NULL),
(208, 69, 'Three Pics', 2, '1300', '1950', '1950', NULL, NULL, NULL, NULL, NULL, NULL, NULL, NULL, NULL, NULL, NULL, NULL, '', '0000-00-00 00:00:00', '0000-00-00 00:00:00', NULL, NULL, 2, NULL, NULL, NULL, NULL),
(209, 69, 'Three Pics', 3, '1050', '1575', '1575', NULL, NULL, NULL, NULL, NULL, NULL, NULL, NULL, NULL, NULL, NULL, NULL, '', '0000-00-00 00:00:00', '0000-00-00 00:00:00', NULL, NULL, 2, NULL, NULL, NULL, NULL),
(210, 69, 'Three Pics', 5, '1200', '1800', '1800', NULL, NULL, NULL, NULL, NULL, NULL, NULL, NULL, NULL, NULL, NULL, NULL, '', '0000-00-00 00:00:00', '0000-00-00 00:00:00', NULL, NULL, 2, NULL, NULL, NULL, NULL),
(211, 70, 'Three Pics', 3, '950', '1450', '1450', NULL, NULL, NULL, NULL, NULL, NULL, NULL, NULL, NULL, NULL, NULL, NULL, '', '0000-00-00 00:00:00', '0000-00-00 00:00:00', NULL, NULL, 2, NULL, NULL, NULL, NULL),
(212, 70, 'Three Pics', 4, '1400', '1950', '1950', NULL, NULL, NULL, NULL, NULL, NULL, NULL, NULL, NULL, NULL, NULL, NULL, '', '0000-00-00 00:00:00', '0000-00-00 00:00:00', NULL, NULL, 2, NULL, NULL, NULL, NULL),
(213, 70, 'Three Pics', 3, '1250', '1875', '1875', NULL, NULL, NULL, NULL, NULL, NULL, NULL, NULL, NULL, NULL, NULL, NULL, '', '0000-00-00 00:00:00', '0000-00-00 00:00:00', NULL, NULL, 2, NULL, NULL, NULL, NULL),
(214, 69, 'Three Pics', 2, '1150', '1750', '1750', NULL, NULL, NULL, NULL, NULL, NULL, NULL, NULL, NULL, NULL, NULL, NULL, '', '0000-00-00 00:00:00', '0000-00-00 00:00:00', NULL, NULL, 2, NULL, NULL, NULL, NULL),
(215, 69, 'Three Pics', 3, '950', '1650', '1650', NULL, NULL, NULL, NULL, NULL, NULL, NULL, NULL, NULL, NULL, NULL, NULL, '', '0000-00-00 00:00:00', '0000-00-00 00:00:00', NULL, NULL, 2, NULL, NULL, NULL, NULL),
(216, 71, 'Three Pics', 15, '1500', '1850', '1850', NULL, NULL, NULL, NULL, NULL, NULL, NULL, NULL, NULL, NULL, NULL, NULL, '', '0000-00-00 00:00:00', '0000-00-00 00:00:00', NULL, NULL, 2, NULL, NULL, NULL, NULL),
(217, 71, 'Three Pics', 15, '1400', '1980', '1980', NULL, NULL, NULL, NULL, NULL, NULL, NULL, NULL, NULL, NULL, NULL, NULL, '', '0000-00-00 00:00:00', '0000-00-00 00:00:00', NULL, NULL, 2, NULL, NULL, NULL, NULL),
(218, 71, 'Three Pics', 5, '1200', '1650', '1650', NULL, NULL, NULL, NULL, NULL, NULL, NULL, NULL, NULL, NULL, NULL, NULL, '', '0000-00-00 00:00:00', '0000-00-00 00:00:00', NULL, NULL, 2, NULL, NULL, NULL, NULL),
(219, 71, 'Three Pics', 5, '1600', '2150', '2150', NULL, NULL, NULL, NULL, NULL, NULL, NULL, NULL, NULL, NULL, NULL, NULL, '', '0000-00-00 00:00:00', '0000-00-00 00:00:00', NULL, NULL, 2, NULL, NULL, NULL, NULL),
(220, 71, 'Three Pics', 7, '1300', '1850', '1850', NULL, NULL, NULL, NULL, NULL, NULL, NULL, NULL, NULL, NULL, NULL, NULL, '', '0000-00-00 00:00:00', '0000-00-00 00:00:00', NULL, NULL, 2, NULL, NULL, NULL, NULL),
(221, 72, 'Three Pics', 6, '1200', '1750', '1750', NULL, NULL, NULL, NULL, NULL, NULL, NULL, NULL, NULL, NULL, NULL, NULL, '', '0000-00-00 00:00:00', '0000-00-00 00:00:00', NULL, NULL, 2, NULL, NULL, NULL, NULL),
(222, 72, 'Three Pics', 10, '1400', '2100', '2100', NULL, NULL, NULL, NULL, NULL, NULL, NULL, NULL, NULL, NULL, NULL, NULL, '', '0000-00-00 00:00:00', '0000-00-00 00:00:00', NULL, NULL, 2, NULL, NULL, NULL, NULL),
(223, 72, 'Three Pics', 15, '1300', '1950', '1950', NULL, NULL, NULL, NULL, NULL, NULL, NULL, NULL, NULL, NULL, NULL, NULL, '', '0000-00-00 00:00:00', '0000-00-00 00:00:00', NULL, NULL, 2, NULL, NULL, NULL, NULL),
(224, 72, 'Three Pics', 24, '1000', '1550', '1550', NULL, NULL, NULL, NULL, NULL, NULL, NULL, NULL, NULL, NULL, NULL, NULL, '', '0000-00-00 00:00:00', '0000-00-00 00:00:00', NULL, NULL, 2, NULL, NULL, NULL, NULL),
(225, 72, 'Three Pics', 3, '1600', '2250', '2250', NULL, NULL, NULL, NULL, NULL, NULL, NULL, NULL, NULL, NULL, NULL, NULL, '', '0000-00-00 00:00:00', '0000-00-00 00:00:00', NULL, NULL, 2, NULL, NULL, NULL, NULL),
(226, 72, 'Three Pics', 3, '1100', '1650', '1650', NULL, NULL, NULL, NULL, NULL, NULL, NULL, NULL, NULL, NULL, NULL, NULL, '', '0000-00-00 00:00:00', '0000-00-00 00:00:00', NULL, NULL, 2, NULL, NULL, NULL, NULL),
(227, 72, 'Three Pics', 2, '900', '1450', '1450', NULL, NULL, NULL, NULL, NULL, NULL, NULL, NULL, NULL, NULL, NULL, NULL, '', '0000-00-00 00:00:00', '0000-00-00 00:00:00', NULL, NULL, 2, NULL, NULL, NULL, NULL),
(228, 73, 'Ladies Shirt', 1, '190', '550', '550', NULL, NULL, NULL, NULL, NULL, NULL, NULL, NULL, NULL, NULL, NULL, NULL, '', '0000-00-00 00:00:00', '0000-00-00 00:00:00', NULL, NULL, 2, NULL, NULL, NULL, NULL),
(229, 74, 'Ladies Shirt', 88, '190', '850', '850', NULL, NULL, NULL, NULL, NULL, NULL, NULL, NULL, NULL, NULL, NULL, NULL, '', '0000-00-00 00:00:00', '0000-00-00 00:00:00', NULL, NULL, 2, NULL, NULL, NULL, NULL),
(230, 73, 'Slipping Set', 1, '250', '750', '750', NULL, NULL, NULL, NULL, NULL, NULL, NULL, NULL, NULL, NULL, NULL, NULL, '', '0000-00-00 00:00:00', '0000-00-00 00:00:00', NULL, NULL, 2, NULL, NULL, NULL, NULL),
(231, 74, 'Slipping Set', 36, '250', '750', '750', NULL, NULL, NULL, NULL, NULL, NULL, NULL, NULL, NULL, NULL, NULL, NULL, '', '0000-00-00 00:00:00', '0000-00-00 00:00:00', NULL, NULL, 2, NULL, NULL, NULL, NULL),
(232, 75, 'Ladies Tops', 1, '1050', '1750', '1750', NULL, NULL, NULL, NULL, NULL, NULL, NULL, NULL, NULL, NULL, NULL, NULL, '', '0000-00-00 00:00:00', '0000-00-00 00:00:00', NULL, NULL, 2, NULL, NULL, NULL, NULL),
(233, 75, 'Ladies Tops', 2, '1150', '1650', '1650', NULL, NULL, NULL, NULL, NULL, NULL, NULL, NULL, NULL, NULL, NULL, NULL, '', '0000-00-00 00:00:00', '0000-00-00 00:00:00', NULL, NULL, 2, NULL, NULL, NULL, NULL),
(234, 75, 'Ladies Tops', 1, '850', '1450', '1450', NULL, NULL, NULL, NULL, NULL, NULL, NULL, NULL, NULL, NULL, NULL, NULL, '', '0000-00-00 00:00:00', '0000-00-00 00:00:00', NULL, NULL, 2, NULL, NULL, NULL, NULL),
(235, 75, 'Ladies Tops', 1, '750', '1150', '1150', NULL, NULL, NULL, NULL, NULL, NULL, NULL, NULL, NULL, NULL, NULL, NULL, '', '0000-00-00 00:00:00', '0000-00-00 00:00:00', NULL, NULL, 2, NULL, NULL, NULL, NULL),
(236, 76, 'Ladies Tops', 1, '1000', '1650', '1650', NULL, NULL, NULL, NULL, NULL, NULL, NULL, NULL, NULL, NULL, NULL, NULL, '', '0000-00-00 00:00:00', '0000-00-00 00:00:00', NULL, NULL, 2, NULL, NULL, NULL, NULL);
INSERT INTO `PurchaseVendorItem` (`id`, `purchase_id`, `name`, `quantity`, `purchasePrice`, `salesPrice`, `webPrice`, `subTotalPurchasePrice`, `subTotalSalesPrice`, `subTotalWebPrice`, `isWeb`, `masterItem_id`, `country_id`, `brand_id`, `ageGroup`, `gender`, `source`, `content`, `webName`, `slug`, `created`, `updated`, `path`, `category_id`, `inventoryConfig_id`, `unit_id`, `subProduct`, `color_id`, `size_id`) VALUES
(237, 77, 'Ladies Tops', 1, '850', '1650', '1650', NULL, NULL, NULL, NULL, NULL, NULL, NULL, NULL, NULL, NULL, NULL, NULL, '', '0000-00-00 00:00:00', '0000-00-00 00:00:00', NULL, NULL, 2, NULL, NULL, NULL, NULL),
(238, 78, 'Ladies Tops', 1, '1100', '1850', '1850', NULL, NULL, NULL, NULL, NULL, NULL, NULL, NULL, NULL, NULL, NULL, NULL, '', '0000-00-00 00:00:00', '0000-00-00 00:00:00', NULL, NULL, 2, NULL, NULL, NULL, NULL),
(239, 78, 'Ladies Tops', 5, '1150', '2550', '2550', NULL, NULL, NULL, NULL, NULL, NULL, NULL, NULL, NULL, NULL, NULL, NULL, '', '0000-00-00 00:00:00', '0000-00-00 00:00:00', NULL, NULL, 2, NULL, NULL, NULL, NULL),
(240, 78, 'Ladies Tops', 3, '1000', '1550', '1550', NULL, NULL, NULL, NULL, NULL, NULL, NULL, NULL, NULL, NULL, NULL, NULL, '', '0000-00-00 00:00:00', '0000-00-00 00:00:00', NULL, NULL, 2, NULL, NULL, NULL, NULL),
(241, 78, 'Ladies Tops', 9, '1050', '1850', '1850', NULL, NULL, NULL, NULL, NULL, NULL, NULL, NULL, NULL, NULL, NULL, NULL, '', '0000-00-00 00:00:00', '0000-00-00 00:00:00', NULL, NULL, 2, NULL, NULL, NULL, NULL),
(242, 78, 'Ladies Tops', 2, '750', '1150', '1150', NULL, NULL, NULL, NULL, NULL, NULL, NULL, NULL, NULL, NULL, NULL, NULL, '', '0000-00-00 00:00:00', '0000-00-00 00:00:00', NULL, NULL, 2, NULL, NULL, NULL, NULL),
(243, 79, 'Ladies Tops', 1, '1200', '1950', '1950', NULL, NULL, NULL, NULL, NULL, NULL, NULL, NULL, NULL, NULL, NULL, NULL, '', '0000-00-00 00:00:00', '0000-00-00 00:00:00', NULL, NULL, 2, NULL, NULL, NULL, NULL),
(244, 79, 'Ladies Tops', 5, '1100', '1800', '1800', NULL, NULL, NULL, NULL, NULL, NULL, NULL, NULL, NULL, NULL, NULL, NULL, '', '0000-00-00 00:00:00', '0000-00-00 00:00:00', NULL, NULL, 2, NULL, NULL, NULL, NULL),
(245, 79, 'Ladies Tops', 8, '550', '1050', '1050', NULL, NULL, NULL, NULL, NULL, NULL, NULL, NULL, NULL, NULL, NULL, NULL, '', '0000-00-00 00:00:00', '0000-00-00 00:00:00', NULL, NULL, 2, NULL, NULL, NULL, NULL),
(246, 79, 'Ladies Tops', 3, '600', '1050', '1050', NULL, NULL, NULL, NULL, NULL, NULL, NULL, NULL, NULL, NULL, NULL, NULL, '', '0000-00-00 00:00:00', '0000-00-00 00:00:00', NULL, NULL, 2, NULL, NULL, NULL, NULL),
(247, 79, 'Ladies Tops', 10, '1300', '1950', '1950', NULL, NULL, NULL, NULL, NULL, NULL, NULL, NULL, NULL, NULL, NULL, NULL, '', '0000-00-00 00:00:00', '0000-00-00 00:00:00', NULL, NULL, 2, NULL, NULL, NULL, NULL),
(248, 79, 'Ladies Tops', 3, '1250', '1850', '1850', NULL, NULL, NULL, NULL, NULL, NULL, NULL, NULL, NULL, NULL, NULL, NULL, '', '0000-00-00 00:00:00', '0000-00-00 00:00:00', NULL, NULL, 2, NULL, NULL, NULL, NULL),
(249, 79, 'Ladies Tops', 1, '800', '1650', '1650', NULL, NULL, NULL, NULL, NULL, NULL, NULL, NULL, NULL, NULL, NULL, NULL, '', '0000-00-00 00:00:00', '0000-00-00 00:00:00', NULL, NULL, 2, NULL, NULL, NULL, NULL),
(250, 79, 'Ladies Tops', 1, '1000', '1650', '1650', NULL, NULL, NULL, NULL, NULL, NULL, NULL, NULL, NULL, NULL, NULL, NULL, '', '0000-00-00 00:00:00', '0000-00-00 00:00:00', NULL, NULL, 2, NULL, NULL, NULL, NULL),
(251, 80, 'Ladies Tops', 1, '512', '1150', '1150', NULL, NULL, NULL, NULL, NULL, NULL, NULL, NULL, NULL, NULL, NULL, NULL, '', '0000-00-00 00:00:00', '0000-00-00 00:00:00', NULL, NULL, 2, NULL, NULL, NULL, NULL),
(252, 81, 'Ladies Tops', 9, '512', '1150', '1150', NULL, NULL, NULL, NULL, NULL, NULL, NULL, NULL, NULL, NULL, NULL, NULL, '', '0000-00-00 00:00:00', '0000-00-00 00:00:00', NULL, NULL, 2, NULL, NULL, NULL, NULL),
(253, 81, 'Ladies Tops', 4, '793', '1550', '1550', NULL, NULL, NULL, NULL, NULL, NULL, NULL, NULL, NULL, NULL, NULL, NULL, '', '0000-00-00 00:00:00', '0000-00-00 00:00:00', NULL, NULL, 2, NULL, NULL, NULL, NULL),
(254, 81, 'Ladies Tops', 3, '575', '1250', '1250', NULL, NULL, NULL, NULL, NULL, NULL, NULL, NULL, NULL, NULL, NULL, NULL, '', '0000-00-00 00:00:00', '0000-00-00 00:00:00', NULL, NULL, 2, NULL, NULL, NULL, NULL),
(255, 81, 'Ladies Tops', 1, '638', '1250', '1250', NULL, NULL, NULL, NULL, NULL, NULL, NULL, NULL, NULL, NULL, NULL, NULL, '', '0000-00-00 00:00:00', '0000-00-00 00:00:00', NULL, NULL, 2, NULL, NULL, NULL, NULL),
(256, 81, 'Ladies Tops', 6, '481', '1090', '1090', NULL, NULL, NULL, NULL, NULL, NULL, NULL, NULL, NULL, NULL, NULL, NULL, '', '0000-00-00 00:00:00', '0000-00-00 00:00:00', NULL, NULL, 2, NULL, NULL, NULL, NULL),
(257, 81, 'Ladies Tops', 10, '606', '1250', '1250', NULL, NULL, NULL, NULL, NULL, NULL, NULL, NULL, NULL, NULL, NULL, NULL, '', '0000-00-00 00:00:00', '0000-00-00 00:00:00', NULL, NULL, 2, NULL, NULL, NULL, NULL),
(258, 81, 'Ladies Tops', 8, '837', '1350', '1350', NULL, NULL, NULL, NULL, NULL, NULL, NULL, NULL, NULL, NULL, NULL, NULL, '', '0000-00-00 00:00:00', '0000-00-00 00:00:00', NULL, NULL, 2, NULL, NULL, NULL, NULL),
(259, 81, 'Ladies Tops', 2, '562', '1250', '1250', NULL, NULL, NULL, 0, 11, 6, 8, 'Kids', 'Male', NULL, NULL, 'FR1400 flush-mount slave fingerprint and prox card reader', '', '0000-00-00 00:00:00', '2016-08-16 18:33:16', '20160610110648_2.jpg', NULL, 2, NULL, NULL, NULL, NULL),
(260, 81, 'Ladies Tops', 12, '600', '1250', '1250', NULL, NULL, NULL, NULL, NULL, NULL, NULL, NULL, NULL, NULL, NULL, NULL, '', '0000-00-00 00:00:00', '0000-00-00 00:00:00', NULL, NULL, 2, NULL, NULL, NULL, NULL),
(261, 81, 'Ladies Tops', 7, '890', '2000', '2000', NULL, NULL, NULL, NULL, NULL, NULL, NULL, NULL, NULL, NULL, NULL, NULL, '', '0000-00-00 00:00:00', '0000-00-00 00:00:00', NULL, NULL, 2, NULL, NULL, NULL, NULL),
(262, 81, 'Ladies Tops', 1, '880', '2000', '2000', NULL, NULL, NULL, NULL, NULL, NULL, NULL, NULL, NULL, NULL, NULL, NULL, '', '0000-00-00 00:00:00', '0000-00-00 00:00:00', NULL, NULL, 2, NULL, NULL, NULL, NULL),
(263, 82, 'Ladies Tops', 15, '800', '1650', '1650', NULL, NULL, NULL, NULL, NULL, NULL, NULL, NULL, NULL, NULL, NULL, NULL, '', '0000-00-00 00:00:00', '0000-00-00 00:00:00', NULL, NULL, 2, NULL, NULL, NULL, NULL),
(264, 81, 'Ladies Palazzo', 31, '570', '1100', '1100', NULL, NULL, NULL, NULL, NULL, NULL, NULL, NULL, NULL, NULL, NULL, NULL, '', '0000-00-00 00:00:00', '0000-00-00 00:00:00', NULL, NULL, 2, NULL, NULL, NULL, NULL),
(265, 83, 'Gents Gavadin Pants', 8, '1815', '3050', '3050', NULL, NULL, NULL, NULL, NULL, NULL, NULL, NULL, NULL, NULL, NULL, NULL, '', '0000-00-00 00:00:00', '0000-00-00 00:00:00', NULL, NULL, 2, NULL, NULL, NULL, NULL),
(266, 83, 'Gents Gavadin Pants', 12, '1560', '2850', '2850', NULL, NULL, NULL, NULL, NULL, NULL, NULL, NULL, NULL, NULL, NULL, NULL, '', '0000-00-00 00:00:00', '0000-00-00 00:00:00', NULL, NULL, 2, NULL, NULL, NULL, NULL),
(267, 83, 'Gents Gavadin Pants', 9, '1585', '2880', '2880', NULL, NULL, NULL, NULL, NULL, NULL, NULL, NULL, NULL, NULL, NULL, NULL, '', '0000-00-00 00:00:00', '0000-00-00 00:00:00', NULL, NULL, 2, NULL, NULL, NULL, NULL),
(268, 83, 'Gents Jeans Pants', 6, '1815', '3150', '3150', NULL, NULL, NULL, NULL, NULL, NULL, NULL, NULL, NULL, NULL, NULL, NULL, '', '0000-00-00 00:00:00', '0000-00-00 00:00:00', NULL, NULL, 2, NULL, NULL, NULL, NULL),
(269, 83, 'Gents Jeans Pants', 7, '1890', '3250', '3250', NULL, NULL, NULL, NULL, NULL, NULL, NULL, NULL, NULL, NULL, NULL, NULL, '', '0000-00-00 00:00:00', '0000-00-00 00:00:00', NULL, NULL, 2, NULL, NULL, NULL, NULL),
(270, 83, 'Gents Jeans Pants', 17, '1850', '3150', '3150', NULL, NULL, NULL, NULL, NULL, NULL, NULL, NULL, NULL, NULL, NULL, NULL, '', '0000-00-00 00:00:00', '0000-00-00 00:00:00', NULL, NULL, 2, NULL, NULL, NULL, NULL),
(271, 84, 'Ladies Palazzo', 12, '140', '210', '210', NULL, NULL, NULL, NULL, NULL, NULL, NULL, NULL, NULL, NULL, NULL, NULL, '', '0000-00-00 00:00:00', '0000-00-00 00:00:00', NULL, NULL, 2, NULL, NULL, NULL, NULL),
(272, 84, 'Ladies Palazzo', 9, '190', '350', '350', NULL, NULL, NULL, NULL, NULL, NULL, NULL, NULL, NULL, NULL, NULL, NULL, '', '0000-00-00 00:00:00', '0000-00-00 00:00:00', NULL, NULL, 2, NULL, NULL, NULL, NULL),
(273, 85, 'Ladies Tops', 3, '1450', '2050', '2050', NULL, NULL, NULL, NULL, NULL, NULL, NULL, NULL, NULL, NULL, NULL, NULL, '', '0000-00-00 00:00:00', '0000-00-00 00:00:00', NULL, NULL, 2, NULL, NULL, NULL, NULL),
(274, 85, 'Ladies Tops', 1, '1520', '2200', '2200', NULL, NULL, NULL, NULL, NULL, NULL, NULL, NULL, NULL, NULL, NULL, NULL, '', '0000-00-00 00:00:00', '0000-00-00 00:00:00', NULL, NULL, 2, NULL, NULL, NULL, NULL),
(275, 85, 'Ladies Tops', 1, '1550', '2250', '2250', NULL, NULL, NULL, NULL, NULL, NULL, NULL, NULL, NULL, NULL, NULL, NULL, '', '0000-00-00 00:00:00', '0000-00-00 00:00:00', NULL, NULL, 2, NULL, NULL, NULL, NULL),
(276, 85, 'Ladies Tops', 1, '1650', '2050', '2050', NULL, NULL, NULL, NULL, NULL, NULL, NULL, NULL, NULL, NULL, NULL, NULL, '', '0000-00-00 00:00:00', '0000-00-00 00:00:00', NULL, NULL, 2, NULL, NULL, NULL, NULL),
(277, 85, 'Ladies Tops', 1, '1630', '2300', '2300', NULL, NULL, NULL, NULL, NULL, NULL, NULL, NULL, NULL, NULL, NULL, NULL, '', '0000-00-00 00:00:00', '0000-00-00 00:00:00', NULL, NULL, 2, NULL, NULL, NULL, NULL),
(278, 85, 'Ladies Tops', 2, '1000', '1450', '1450', NULL, NULL, NULL, NULL, NULL, NULL, NULL, NULL, NULL, NULL, NULL, NULL, '', '0000-00-00 00:00:00', '0000-00-00 00:00:00', NULL, NULL, 2, NULL, NULL, NULL, NULL),
(279, 85, 'Ladies Tops', 2, '1500', '2250', '2250', NULL, NULL, NULL, NULL, NULL, NULL, NULL, NULL, NULL, NULL, NULL, NULL, '', '0000-00-00 00:00:00', '0000-00-00 00:00:00', NULL, NULL, 2, NULL, NULL, NULL, NULL),
(280, 86, 'Ladies Jeans Pants', 6, '250', '550', '550', NULL, NULL, NULL, NULL, NULL, NULL, NULL, NULL, NULL, NULL, NULL, NULL, '', '0000-00-00 00:00:00', '0000-00-00 00:00:00', NULL, NULL, 2, NULL, NULL, NULL, NULL),
(281, 73, 'Ladies Jeans Pants', 1, '160', '550', '550', NULL, NULL, NULL, NULL, NULL, NULL, NULL, NULL, NULL, NULL, NULL, NULL, '', '0000-00-00 00:00:00', '0000-00-00 00:00:00', NULL, NULL, 2, NULL, NULL, NULL, NULL),
(282, 74, 'Ladies Jeans Pants', 23, '160', '550', '550', NULL, NULL, NULL, NULL, NULL, NULL, NULL, NULL, NULL, NULL, NULL, NULL, '', '0000-00-00 00:00:00', '0000-00-00 00:00:00', NULL, NULL, 2, NULL, NULL, NULL, NULL),
(283, 87, 'Ladies Jagins', 1, '400', '900', '900', NULL, NULL, NULL, NULL, NULL, NULL, NULL, NULL, NULL, NULL, NULL, NULL, '', '0000-00-00 00:00:00', '0000-00-00 00:00:00', NULL, NULL, 2, NULL, NULL, NULL, NULL),
(284, 88, 'Ladies Jagins', 11, '400', '900', '900', NULL, NULL, NULL, NULL, NULL, NULL, NULL, NULL, NULL, NULL, NULL, NULL, '', '0000-00-00 00:00:00', '0000-00-00 00:00:00', NULL, NULL, 2, NULL, NULL, NULL, NULL),
(285, 74, 'Ladies Three Quater', 4, '160', '550', '550', NULL, NULL, NULL, NULL, NULL, NULL, NULL, NULL, NULL, NULL, NULL, NULL, '', '0000-00-00 00:00:00', '0000-00-00 00:00:00', NULL, NULL, 2, NULL, NULL, NULL, NULL),
(286, 74, 'Ladies Ties', 29, '130', '350', '350', NULL, NULL, NULL, NULL, NULL, NULL, NULL, NULL, NULL, NULL, NULL, NULL, '', '0000-00-00 00:00:00', '0000-00-00 00:00:00', NULL, NULL, 2, NULL, NULL, NULL, NULL),
(287, 89, 'Ladies Ties', 26, '120', '280', '280', NULL, NULL, NULL, NULL, NULL, NULL, NULL, NULL, NULL, NULL, NULL, NULL, '', '0000-00-00 00:00:00', '0000-00-00 00:00:00', NULL, NULL, 2, NULL, NULL, NULL, NULL),
(288, 74, 'Babies Tshirt ', 11, '220', '550', '550', NULL, NULL, NULL, NULL, NULL, NULL, NULL, NULL, NULL, NULL, NULL, NULL, '', '0000-00-00 00:00:00', '0000-00-00 00:00:00', NULL, NULL, 2, NULL, NULL, NULL, NULL),
(289, 64, 'Ladies Ties', 4, '173', '375', '375', NULL, NULL, NULL, NULL, NULL, NULL, NULL, NULL, NULL, NULL, NULL, NULL, '', '0000-00-00 00:00:00', '0000-00-00 00:00:00', NULL, NULL, 2, NULL, NULL, NULL, NULL),
(290, 90, 'Gents Panjabi', 1, '2043', '3250', '3250', NULL, NULL, NULL, NULL, NULL, NULL, NULL, NULL, NULL, NULL, NULL, NULL, '', '0000-00-00 00:00:00', '0000-00-00 00:00:00', NULL, NULL, 2, NULL, NULL, NULL, NULL),
(291, 90, 'Gents Panjabi', 2, '2045', '3250', '3250', NULL, NULL, NULL, NULL, NULL, NULL, NULL, NULL, NULL, NULL, NULL, NULL, '', '0000-00-00 00:00:00', '0000-00-00 00:00:00', NULL, NULL, 2, NULL, NULL, NULL, NULL),
(292, 90, 'Gents Panjabi', 2, '1950', '3850', '3850', NULL, NULL, NULL, NULL, NULL, NULL, NULL, NULL, NULL, NULL, NULL, NULL, '', '0000-00-00 00:00:00', '0000-00-00 00:00:00', NULL, NULL, 2, NULL, NULL, NULL, NULL),
(293, 90, 'Gents Panjabi', 1, '1220', '2450', '2450', NULL, NULL, NULL, NULL, NULL, NULL, NULL, NULL, NULL, NULL, NULL, NULL, '', '0000-00-00 00:00:00', '0000-00-00 00:00:00', NULL, NULL, 2, NULL, NULL, NULL, NULL),
(294, 90, 'Gents Panjabi', 3, '1050', '2050', '2050', NULL, NULL, NULL, NULL, NULL, NULL, NULL, NULL, NULL, NULL, NULL, NULL, '', '0000-00-00 00:00:00', '0000-00-00 00:00:00', NULL, NULL, 2, NULL, NULL, NULL, NULL),
(295, 90, 'Gents Panjabi', 5, '1040', '1950', '1950', NULL, NULL, NULL, NULL, NULL, NULL, NULL, NULL, NULL, NULL, NULL, NULL, '', '0000-00-00 00:00:00', '0000-00-00 00:00:00', NULL, NULL, 2, NULL, NULL, NULL, NULL),
(296, 90, 'Gents Panjabi', 3, '1125', '2100', '2100', NULL, NULL, NULL, NULL, NULL, NULL, NULL, NULL, NULL, NULL, NULL, NULL, '', '0000-00-00 00:00:00', '0000-00-00 00:00:00', NULL, NULL, 2, NULL, NULL, NULL, NULL),
(297, 90, 'Gents Panjabi', 1, '1800', '3200', '3200', NULL, NULL, NULL, NULL, NULL, NULL, NULL, NULL, NULL, NULL, NULL, NULL, '', '0000-00-00 00:00:00', '0000-00-00 00:00:00', NULL, NULL, 2, NULL, NULL, NULL, NULL),
(298, 91, 'Ladies Coti', 20, '700', '1350', '1350', NULL, NULL, NULL, NULL, NULL, NULL, NULL, NULL, NULL, NULL, NULL, NULL, '', '0000-00-00 00:00:00', '0000-00-00 00:00:00', NULL, NULL, 2, NULL, NULL, NULL, NULL),
(299, 92, 'Gents Huddy Half Slip', 3, '360', '850', '850', NULL, NULL, NULL, NULL, NULL, NULL, NULL, NULL, NULL, NULL, NULL, NULL, '', '0000-00-00 00:00:00', '0000-00-00 00:00:00', NULL, NULL, 2, NULL, NULL, NULL, NULL),
(300, 17, 'Gents Huddy Half Slip', 4, '320', '850', '850', NULL, NULL, NULL, NULL, NULL, NULL, NULL, NULL, NULL, NULL, NULL, NULL, '', '0000-00-00 00:00:00', '0000-00-00 00:00:00', NULL, NULL, 2, NULL, NULL, NULL, NULL),
(301, 17, 'Gents Huddy Half Slip', 1, '350', '850', '850', NULL, NULL, NULL, NULL, NULL, NULL, NULL, NULL, NULL, NULL, NULL, NULL, '', '0000-00-00 00:00:00', '0000-00-00 00:00:00', NULL, NULL, 2, NULL, NULL, NULL, NULL),
(302, 17, 'Gents Huddy Full Slip', 7, '380', '950', '950', NULL, NULL, NULL, NULL, NULL, NULL, NULL, NULL, NULL, NULL, NULL, NULL, '', '0000-00-00 00:00:00', '0000-00-00 00:00:00', NULL, NULL, 2, NULL, NULL, NULL, NULL),
(303, 93, 'Gents Huddy Full Slip', 5, '300', '750', '750', NULL, NULL, NULL, NULL, NULL, NULL, NULL, NULL, NULL, NULL, NULL, NULL, '', '0000-00-00 00:00:00', '0000-00-00 00:00:00', NULL, NULL, 2, NULL, NULL, NULL, NULL),
(304, 25, 'Soweter', 4, '990', '1750', '1750', NULL, NULL, NULL, NULL, NULL, NULL, NULL, NULL, NULL, NULL, NULL, NULL, '', '0000-00-00 00:00:00', '0000-00-00 00:00:00', NULL, NULL, 2, NULL, NULL, NULL, NULL),
(305, 94, 'Soweter', 5, '1200', '2050', '2050', NULL, NULL, NULL, NULL, NULL, NULL, NULL, NULL, NULL, NULL, NULL, NULL, '', '0000-00-00 00:00:00', '0000-00-00 00:00:00', NULL, NULL, 2, NULL, NULL, NULL, NULL),
(306, 25, 'Jacket', 4, '2000', '3350', '3350', NULL, NULL, NULL, NULL, NULL, NULL, NULL, NULL, NULL, NULL, NULL, NULL, '', '0000-00-00 00:00:00', '0000-00-00 00:00:00', NULL, NULL, 2, NULL, NULL, NULL, NULL),
(307, 80, 'Short Tops', 1, '675', '1250', '1250', NULL, NULL, NULL, NULL, NULL, NULL, NULL, NULL, NULL, NULL, NULL, NULL, '', '0000-00-00 00:00:00', '0000-00-00 00:00:00', NULL, NULL, 2, NULL, NULL, NULL, NULL),
(308, 81, 'Short Tops', 35, '675', '1250', '1250', NULL, NULL, NULL, NULL, NULL, NULL, NULL, NULL, NULL, NULL, NULL, NULL, '', '0000-00-00 00:00:00', '0000-00-00 00:00:00', NULL, NULL, 2, NULL, NULL, NULL, NULL),
(309, 95, 'Long Tops', 13, '1150', '2050', '2050', NULL, NULL, NULL, NULL, NULL, NULL, NULL, NULL, NULL, NULL, NULL, NULL, '', '0000-00-00 00:00:00', '0000-00-00 00:00:00', NULL, NULL, 2, NULL, NULL, NULL, NULL),
(310, 96, 'Short Tops', 6, '1150', '1850', '1850', NULL, NULL, NULL, NULL, NULL, NULL, NULL, NULL, NULL, NULL, NULL, NULL, '', '0000-00-00 00:00:00', '0000-00-00 00:00:00', NULL, NULL, 2, NULL, NULL, NULL, NULL),
(311, 81, 'Coti', 5, '700', '1350', '1350', NULL, NULL, NULL, NULL, NULL, NULL, NULL, NULL, NULL, NULL, NULL, NULL, '', '0000-00-00 00:00:00', '0000-00-00 00:00:00', NULL, NULL, 2, NULL, NULL, NULL, NULL),
(312, 97, 'Tshirt', 16, '230', '680', '680', NULL, NULL, NULL, NULL, NULL, NULL, NULL, NULL, NULL, NULL, NULL, NULL, '', '0000-00-00 00:00:00', '0000-00-00 00:00:00', NULL, NULL, 2, NULL, NULL, NULL, NULL),
(313, 98, 'Tshirt', 31, '110', '280', '280', NULL, NULL, NULL, NULL, NULL, NULL, NULL, NULL, NULL, NULL, NULL, NULL, '', '0000-00-00 00:00:00', '0000-00-00 00:00:00', NULL, NULL, 2, NULL, NULL, NULL, NULL),
(314, 98, 'Polo Tshirt', 1, '110', '450', '450', NULL, NULL, NULL, NULL, NULL, NULL, NULL, NULL, NULL, NULL, NULL, NULL, '', '0000-00-00 00:00:00', '0000-00-00 00:00:00', NULL, NULL, 2, NULL, NULL, NULL, NULL),
(315, 99, 'Polo Tshirt', 14, '230', '780', '780', NULL, NULL, NULL, NULL, NULL, NULL, NULL, NULL, NULL, NULL, NULL, NULL, '', '0000-00-00 00:00:00', '0000-00-00 00:00:00', NULL, NULL, 2, NULL, NULL, NULL, NULL),
(316, 99, 'Tshirt', 9, '150', '280', '280', NULL, NULL, NULL, NULL, NULL, NULL, NULL, NULL, NULL, NULL, NULL, NULL, '', '0000-00-00 00:00:00', '0000-00-00 00:00:00', NULL, NULL, 2, NULL, NULL, NULL, NULL),
(317, 100, 'Tshirt', 12, '160', '350', '350', NULL, NULL, NULL, NULL, NULL, NULL, NULL, NULL, NULL, NULL, NULL, NULL, '', '0000-00-00 00:00:00', '0000-00-00 00:00:00', NULL, NULL, 2, NULL, NULL, NULL, NULL),
(318, 101, 'Tshirt', 4, '110', '280', '280', NULL, NULL, NULL, NULL, NULL, NULL, NULL, NULL, NULL, NULL, NULL, NULL, '', '0000-00-00 00:00:00', '0000-00-00 00:00:00', NULL, NULL, 2, NULL, NULL, NULL, NULL),
(319, 64, 'Tshirt', 2, '175', '390', '390', NULL, NULL, NULL, NULL, NULL, NULL, NULL, NULL, NULL, NULL, NULL, NULL, '', '0000-00-00 00:00:00', '0000-00-00 00:00:00', NULL, NULL, 2, NULL, NULL, NULL, NULL),
(320, 102, 'Foundation', 10, '2500', '3000', '3000', NULL, NULL, NULL, NULL, NULL, NULL, NULL, NULL, NULL, NULL, NULL, NULL, '', '0000-00-00 00:00:00', '0000-00-00 00:00:00', NULL, NULL, 2, NULL, NULL, NULL, NULL),
(321, 103, 'Make Up Box', 5, '3000', '5000', '5000', NULL, NULL, NULL, NULL, NULL, NULL, NULL, NULL, NULL, NULL, NULL, NULL, '', '0000-00-00 00:00:00', '0000-00-00 00:00:00', NULL, NULL, 2, NULL, NULL, NULL, NULL),
(322, 104, 'Foundation', 10, '2500', '3000', '3000', NULL, NULL, NULL, NULL, NULL, NULL, NULL, NULL, NULL, NULL, NULL, NULL, '', '0000-00-00 00:00:00', '0000-00-00 00:00:00', NULL, NULL, 2, NULL, NULL, NULL, NULL),
(323, 105, 'Make Up Box', 5, '3000', '5000', '5000', NULL, NULL, NULL, NULL, NULL, NULL, NULL, NULL, NULL, NULL, NULL, NULL, '', '0000-00-00 00:00:00', '0000-00-00 00:00:00', NULL, NULL, 2, NULL, NULL, NULL, NULL),
(324, 106, 'Test Item-1', 5, '100', '200', NULL, '500', '1000', NULL, NULL, NULL, NULL, NULL, NULL, NULL, NULL, NULL, NULL, '', '0000-00-00 00:00:00', '0000-00-00 00:00:00', NULL, NULL, 2, NULL, NULL, NULL, NULL),
(325, 106, 'Test Item-2', 5, '100', '250', NULL, '500', '1250', NULL, NULL, NULL, NULL, NULL, NULL, NULL, NULL, NULL, NULL, '', '0000-00-00 00:00:00', '0000-00-00 00:00:00', NULL, NULL, 2, NULL, NULL, NULL, NULL),
(327, 108, 'Test Item-4', 2, '500', '800', NULL, '1000', '1600', NULL, 0, 20, NULL, NULL, NULL, NULL, NULL, NULL, NULL, 'test-item-4', '2016-06-08 09:36:57', '2016-06-08 09:36:57', NULL, NULL, 2, NULL, NULL, NULL, NULL),
(329, 109, 'Test Item-1', 5, '100', '150', NULL, '500', '750', NULL, 0, 9, NULL, NULL, NULL, NULL, NULL, NULL, NULL, 'test-item-1', '2016-06-10 15:44:48', '2016-06-10 15:44:48', NULL, NULL, 2, NULL, NULL, NULL, NULL),
(330, 109, 'Test Item-2', 5, '100', '150', NULL, '500', '750', NULL, 0, 25, 19, 8, 'Kids', 'Male', 'food', 'There are many variations of passages of Lorem Ipsum available, but the majority have suffered alteration in some form, by injected humour, or randomised words which don''t look even slightly believable. If you are going to use a passage of Lorem Ipsum, you need to be sure there isn''t anything', 'Modern Casual Slim Shirt', 'test-item-2', '2016-06-10 15:45:27', '2016-07-21 22:13:37', '20160721210749_85082e57d33dd62d5821f9f6ea12c9b8-Gulen.jpg', NULL, 2, NULL, NULL, NULL, NULL),
(331, NULL, 'Checken Vegitable', NULL, NULL, '295', '300', NULL, NULL, NULL, 1, NULL, NULL, NULL, NULL, NULL, 'food', 'Chicken,Gazor & Others', NULL, 'checken-vegitable', '2016-07-30 08:50:40', '2016-07-30 08:50:40', '20160730080750_Fried-Vegetables-Salad-Recipe.jpg', 26, 11, 3, 1, NULL, NULL),
(332, NULL, 'Checken Vegitable', NULL, NULL, '295', '300', NULL, NULL, NULL, 1, NULL, NULL, NULL, NULL, NULL, 'food', 'Chicken,Gazor & Others', NULL, 'checken-vegitable-1', '2016-07-30 08:51:39', '2016-07-30 08:51:39', '20160730080751_Fried-Vegetables-Salad-Recipe.jpg', 26, 11, 3, 1, NULL, NULL),
(333, NULL, 'Checken Vegitable', NULL, NULL, '295', '300', NULL, NULL, NULL, 1, NULL, NULL, NULL, NULL, NULL, 'food', 'Chicken,Gazor & Others', NULL, 'checken-vegitable-2', '2016-07-30 08:54:14', '2016-07-30 08:54:14', '20160730080754_recipe_image_482_0.jpg', 26, 11, 3, 1, NULL, NULL),
(334, NULL, 'Checken Vegitable', NULL, NULL, '295', '300', NULL, NULL, NULL, 1, NULL, NULL, NULL, NULL, NULL, 'food', 'Chicken,Gazor & Others', NULL, 'checken-vegitable-3', '2016-07-30 08:58:43', '2016-07-30 08:58:43', '20160730080758_recipe_image_482_0.jpg', 26, 11, 3, 1, NULL, NULL),
(335, NULL, 'Checken Vegitable', NULL, NULL, '295', '300', NULL, NULL, NULL, 1, NULL, NULL, NULL, NULL, NULL, 'food', 'Chicken,Gazor & Others', NULL, 'checken-vegitable-4', '2016-07-30 08:59:00', '2016-08-01 23:41:41', '20160801230841_3084.full.jpg', 26, 11, 3, 1, NULL, NULL),
(336, NULL, 'Bread Crumbs Soup', NULL, NULL, '295', '300', NULL, NULL, NULL, 1, NULL, NULL, NULL, NULL, NULL, 'food', 'Chicken,Gazor & Others', NULL, 'bread-crumbs-soup', '2016-07-30 09:25:20', '2016-08-01 00:49:31', '20160801000849_Fried-Vegetables-Salad-Recipe.jpg', 28, 11, 3, 1, NULL, NULL),
(337, NULL, 'Devilled Beef', NULL, NULL, '295', '300', NULL, NULL, NULL, 1, NULL, NULL, NULL, NULL, NULL, 'food', 'Devilled - a sweet, spicy, tangy sauce cooked with capsicum, onions, tomatoes and beef', NULL, 'devilled-beef', '2016-07-30 09:27:45', '2016-07-31 20:24:07', '20160730090730_3084.full.jpg', 26, 11, 3, 1, NULL, NULL),
(338, NULL, 'Luxy Shop', 100, '5000', '6000', '6000', NULL, NULL, NULL, 1, NULL, 19, 13, NULL, NULL, 'goods', 'Refresh your home desktop without breaking the bank by investing in this slim and sleek all-in-one PC from Lenovo. Elegant and efficient, the C20 has a space-saving design with 19.5-inch display.\r\nPlay, watch, listen and store\r\nIntegrated DVD/CD reader and writer, 2 built-in stereo speakers and integrated graphics card to meet all your entertainment needs. Play music and watch films when your offline and make a hard copy of all your media to keep it safe and your PC uncluttered.\r\nIntel Processor\r\nThe quad-core Intel Pentium processor and 4GB RAM keeps everything ticking along, allowing you to get through your everyday tasks, from browsing, writing documents and emailing friends and family.\r\nAmple hard drive\r\nStore all your photos, video, music and more on the 500GB hard drive. There is plenty of room for multiple users to store data for convenient access.\r\nWebcam\r\nThe built in webcam with HD 720p resolution let you enjoy video calls in greater clarity.\r\nExcellent connections\r\nUse the HDMI output for connecting other HD devices while a variety of USB 2.0 and USB 3.0 ports will help you connect a multitude of devices.', NULL, 'luxy-shop', '2016-08-27 23:12:53', '2016-09-10 11:56:01', '20160829050836_12002753_1636888016580765_5846522745413655277_n.jpg', 19, 12, 7, 1, 43, 68),
(339, NULL, 'Formal Shirt', 100, '1500', '2000', '2000', NULL, NULL, NULL, 0, NULL, 19, 14, NULL, NULL, 'goods', NULL, NULL, 'formal-shirt', '2016-08-29 23:51:22', '2016-08-29 23:51:22', '20160829230851_0d18185c0a8c2da118f97122f13eb405-1.jpg', 19, 12, 7, 1, NULL, NULL),
(340, NULL, 'Luxy Shop', NULL, '4000', '50000', '30000', NULL, NULL, NULL, 0, NULL, 3, 14, NULL, NULL, 'goods', NULL, NULL, 'luxy-shop-1', '2016-08-30 15:37:06', '2016-09-01 05:19:14', '20160901050919_1.jpg', 19, 12, 7, 0, 42, 67);

-- --------------------------------------------------------

--
-- Table structure for table `ReturnPurchase`
--

CREATE TABLE IF NOT EXISTS `ReturnPurchase` (
  `id` int(11) NOT NULL
) ENGINE=InnoDB DEFAULT CHARSET=utf8 COLLATE=utf8_unicode_ci;

-- --------------------------------------------------------

--
-- Table structure for table `SalarySetting`
--

CREATE TABLE IF NOT EXISTS `SalarySetting` (
  `id` int(11) NOT NULL,
  `user_id` int(11) DEFAULT NULL,
  `name` varchar(255) COLLATE utf8_unicode_ci NOT NULL,
  `basicAmount` double DEFAULT NULL,
  `bonusAmount` double DEFAULT NULL,
  `otherAmount` double DEFAULT NULL,
  `status` tinyint(1) NOT NULL,
  `created` datetime NOT NULL,
  `updated` datetime NOT NULL,
  `globalOption_id` int(11) DEFAULT NULL,
  `createdBy_id` int(11) DEFAULT NULL,
  `approvedBy_id` int(11) DEFAULT NULL,
  `process` varchar(50) COLLATE utf8_unicode_ci DEFAULT NULL,
  `totalAmount` double DEFAULT NULL,
  `salaryInfo` longtext COLLATE utf8_unicode_ci,
  `effectedMonth` datetime DEFAULT NULL
) ENGINE=InnoDB AUTO_INCREMENT=5 DEFAULT CHARSET=utf8 COLLATE=utf8_unicode_ci;

--
-- Dumping data for table `SalarySetting`
--

INSERT INTO `SalarySetting` (`id`, `user_id`, `name`, `basicAmount`, `bonusAmount`, `otherAmount`, `status`, `created`, `updated`, `globalOption_id`, `createdBy_id`, `approvedBy_id`, `process`, `totalAmount`, `salaryInfo`, `effectedMonth`) VALUES
(1, 33, 'Monthly Salary', 2000, NULL, NULL, 1, '2016-04-20 17:50:45', '2016-04-22 10:01:52', 32, 32, 32, 'approved', 2000, NULL, NULL),
(2, 32, 'Payment Salary', 50000, 100, 1000, 0, '2016-04-22 09:40:07', '2016-04-22 10:02:11', 32, 32, 32, 'approved', 51100, NULL, NULL),
(3, 33, 'Eid Bonus with salary', 20000, 1000, 5000, 0, '2016-04-22 22:02:00', '2016-04-23 14:03:12', 32, 32, 32, 'approved', 26000, 'Eid Bonus with salary Effected date: 22-04-2016 Total amount: 26000', NULL),
(4, 16, 'Monthly Salary', 20000, 3000, 2000, 1, '2016-08-16 18:18:38', '2016-08-16 18:22:56', 10, 16, 16, 'approved', 25000, 'Monthly Salary Effected date: 01-11-2016 Total amount: 25000', '2016-11-20 00:00:00');

-- --------------------------------------------------------

--
-- Table structure for table `Sales`
--

CREATE TABLE IF NOT EXISTS `Sales` (
  `id` int(11) NOT NULL,
  `paymentMethod` varchar(50) COLLATE utf8_unicode_ci DEFAULT NULL,
  `subTotal` decimal(10,0) DEFAULT NULL,
  `discount` decimal(10,0) DEFAULT NULL,
  `vat` decimal(10,0) DEFAULT NULL,
  `total` decimal(10,0) DEFAULT NULL,
  `due` decimal(10,0) DEFAULT NULL,
  `mobile` longtext COLLATE utf8_unicode_ci,
  `inventoryConfig_id` int(11) DEFAULT NULL,
  `customer_id` int(11) DEFAULT NULL,
  `paymentStatus` varchar(50) COLLATE utf8_unicode_ci DEFAULT NULL,
  `salesBy_id` int(11) DEFAULT NULL,
  `invoice` varchar(50) COLLATE utf8_unicode_ci DEFAULT NULL,
  `created` datetime NOT NULL,
  `updated` datetime NOT NULL,
  `totalItem` smallint(6) DEFAULT NULL,
  `bank_id` int(11) DEFAULT NULL,
  `chequeCardNo` varchar(100) COLLATE utf8_unicode_ci DEFAULT NULL,
  `paymentCard_id` int(11) DEFAULT NULL,
  `createdBy_id` int(11) DEFAULT NULL,
  `code` int(11) DEFAULT NULL,
  `payment` decimal(10,0) DEFAULT NULL,
  `comment` longtext COLLATE utf8_unicode_ci,
  `salesImport_id` int(11) DEFAULT NULL,
  `approvedBy_id` int(11) DEFAULT NULL
) ENGINE=InnoDB AUTO_INCREMENT=31 DEFAULT CHARSET=utf8 COLLATE=utf8_unicode_ci;

--
-- Dumping data for table `Sales`
--

INSERT INTO `Sales` (`id`, `paymentMethod`, `subTotal`, `discount`, `vat`, `total`, `due`, `mobile`, `inventoryConfig_id`, `customer_id`, `paymentStatus`, `salesBy_id`, `invoice`, `created`, `updated`, `totalItem`, `bank_id`, `chequeCardNo`, `paymentCard_id`, `createdBy_id`, `code`, `payment`, `comment`, `salesImport_id`, `approvedBy_id`) VALUES
(1, 'Cash', '4900', '0', '0', '4900', '0', NULL, 2, NULL, 'Paid', 17, '201605300001', '2016-05-30 17:16:55', '2016-05-30 17:56:56', 2, NULL, NULL, NULL, 16, 1, '4900', NULL, NULL, 16),
(3, 'Cash', '3000', NULL, NULL, '3000', NULL, NULL, 2, NULL, 'Paid', NULL, '201605300003', '2016-05-30 17:57:51', '2016-05-30 17:58:21', 3, NULL, NULL, NULL, 16, 3, '3000', NULL, 7, 16),
(4, 'Cash', '4800', '0', '0', '4800', '0', NULL, 2, 4, 'Paid', 17, '201606010001', '2016-06-01 06:54:15', '2016-06-01 06:55:55', 2, NULL, NULL, NULL, 16, 1, '4800', NULL, NULL, 16),
(5, 'Cash', '2050', '0', '0', '2050', '1050', NULL, 2, 5, 'Due', 17, '201606010002', '2016-06-01 06:55:56', '2016-06-01 06:56:27', 1, NULL, NULL, NULL, 16, 2, '1000', NULL, NULL, 16),
(8, 'Cash', '1550', NULL, NULL, '1550', NULL, NULL, 2, NULL, 'Paid', NULL, '201606020002', '2016-06-02 16:11:39', '2016-06-17 14:28:43', 1, NULL, NULL, NULL, 16, 2, '1550', NULL, 8, 16),
(10, 'Cash', '1550', NULL, NULL, '1550', NULL, NULL, 2, NULL, 'Paid', NULL, '201606020003', '2016-06-02 23:21:40', '2016-06-02 23:27:32', 1, NULL, NULL, NULL, 16, 3, '1550', NULL, 11, 16),
(11, 'Cash', '10400', '0', '0', '10400', '0', NULL, 6, 6, 'Paid', 34, '201606040001', '2016-06-04 01:04:52', '2016-06-04 08:41:42', 2, NULL, NULL, NULL, 34, 1, '10400', NULL, NULL, 34),
(12, 'Cash', NULL, NULL, NULL, NULL, NULL, NULL, 6, NULL, 'Pending', 34, '201606040002', '2016-06-04 08:41:43', '2016-06-04 08:41:43', NULL, NULL, NULL, NULL, 34, 2, NULL, NULL, NULL, NULL),
(14, 'Cash', '3200', '0', '0', '3200', '0', NULL, 2, NULL, 'Paid', NULL, '201606080001', '2016-06-08 20:24:53', '2016-06-08 20:25:25', 2, NULL, NULL, NULL, 16, 1, '3200', NULL, NULL, 16),
(17, 'Cash', '850', '0', '0', '850', '0', NULL, 2, NULL, 'Paid', 18, '201606100001', '2016-06-10 15:53:41', '2016-06-10 15:55:30', 1, NULL, NULL, NULL, 16, 1, '850', NULL, NULL, 16),
(22, 'Cash', NULL, NULL, NULL, NULL, NULL, NULL, 2, NULL, 'Pending', 16, '201606100003', '2016-06-10 23:15:33', '2016-06-10 23:15:33', NULL, NULL, NULL, NULL, 16, 3, NULL, NULL, NULL, NULL),
(23, 'Cash', '2050', '0', '0', '2050', '0', NULL, 2, NULL, 'Paid', 20, '201606100004', '2016-06-10 23:15:52', '2016-06-10 23:17:29', 1, NULL, NULL, NULL, 16, 4, '2050', NULL, NULL, 16),
(24, 'Cash', NULL, NULL, NULL, NULL, NULL, NULL, 2, NULL, 'Pending', 16, '201606100005', '2016-06-10 23:17:30', '2016-06-10 23:17:30', NULL, NULL, NULL, NULL, 16, 5, NULL, NULL, NULL, NULL),
(25, 'Payment Card', '2050', '0', '0', '2050', '0', NULL, 2, NULL, 'Paid', 17, '201606100006', '2016-06-10 23:31:31', '2016-06-10 23:32:40', 1, 3, NULL, 1, 16, 6, '2050', NULL, NULL, 16),
(26, 'Cash', NULL, NULL, NULL, NULL, NULL, NULL, 2, NULL, 'Pending', 16, '201606100007', '2016-06-10 23:32:41', '2016-06-10 23:32:41', NULL, NULL, NULL, NULL, 16, 7, NULL, NULL, NULL, NULL),
(27, 'Cash', NULL, NULL, NULL, NULL, NULL, NULL, 2, NULL, 'Pending', 16, '201606110001', '2016-06-11 00:08:40', '2016-06-11 00:08:40', NULL, NULL, NULL, NULL, 16, 1, NULL, NULL, NULL, NULL),
(28, 'Cash', NULL, NULL, NULL, NULL, NULL, NULL, 2, NULL, 'Pending', NULL, '201606170003', '2016-06-17 14:30:06', '2016-06-17 14:30:16', 0, NULL, NULL, NULL, 16, 3, NULL, NULL, 16, NULL),
(29, 'Cash', NULL, NULL, NULL, NULL, NULL, NULL, 10, NULL, 'Pending', 46, '201606250001', '2016-06-25 11:31:31', '2016-06-25 11:31:31', NULL, NULL, NULL, NULL, 46, 1, NULL, NULL, NULL, NULL),
(30, 'Cash', '350', NULL, NULL, '350', NULL, NULL, 2, NULL, 'Pending', 16, '201609040001', '2016-09-04 20:29:14', '2016-09-04 20:30:14', 1, NULL, NULL, NULL, 16, 1, NULL, NULL, NULL, NULL);

-- --------------------------------------------------------

--
-- Table structure for table `salesImport`
--

CREATE TABLE IF NOT EXISTS `salesImport` (
  `id` int(11) NOT NULL,
  `created` datetime NOT NULL,
  `updated` datetime NOT NULL,
  `status` tinyint(1) NOT NULL,
  `progress` varchar(255) COLLATE utf8_unicode_ci DEFAULT NULL,
  `path` varchar(255) COLLATE utf8_unicode_ci DEFAULT NULL,
  `inventoryConfig_id` int(11) DEFAULT NULL,
  `createdBy_id` int(11) DEFAULT NULL
) ENGINE=InnoDB AUTO_INCREMENT=17 DEFAULT CHARSET=utf8 COLLATE=utf8_unicode_ci;

--
-- Dumping data for table `salesImport`
--

INSERT INTO `salesImport` (`id`, `created`, `updated`, `status`, `progress`, `path`, `inventoryConfig_id`, `createdBy_id`) VALUES
(1, '2016-04-25 20:37:34', '2016-04-25 20:37:34', 0, 'created', 'salesimport.xls', 5, 25),
(4, '2016-05-09 19:13:07', '2016-05-12 19:29:52', 0, 'updated', 'salesimport.xls', 2, 1),
(5, '2016-05-12 22:32:31', '2016-05-12 22:32:53', 0, 'updated', 'salesimport.xls', 2, 2),
(6, '2016-05-22 20:30:20', '2016-05-22 20:30:34', 0, 'updated', 'salesimport (1).xls', 2, 4),
(7, '2016-05-30 17:57:46', '2016-05-30 17:57:55', 0, 'updated', 'salesimport.xls', 2, 8),
(8, '2016-06-02 01:19:12', '2016-06-02 16:20:48', 0, 'updated', 'salesimport.xls', 2, 20),
(10, '2016-06-02 20:32:31', '2016-06-02 20:32:31', 0, 'created', 'salesimport.xls', 9, 16),
(11, '2016-06-02 22:34:32', '2016-06-02 23:21:47', 0, 'updated', 'salesimport.xls', 2, 16),
(12, '2016-06-02 22:34:48', '2016-06-02 22:34:48', 0, 'created', 'Nahar-Fashio-Product.xls', 2, 16),
(13, '2016-06-02 23:05:59', '2016-06-02 23:05:59', 0, 'created', 'f4107d6a08fd3a73c4f6a7803e07a2e4fa884f7e-Nahar-Fashio-Product.xls', 2, 16),
(15, '2016-06-05 18:38:44', '2016-06-05 18:38:44', 0, 'created', '20160605180638_salesimport.xls', 2, 16),
(16, '2016-06-17 14:29:26', '2016-06-17 14:30:16', 0, 'updated', '20160617140629_salesimport (3).xls', 2, 16);

-- --------------------------------------------------------

--
-- Table structure for table `SalesItem`
--

CREATE TABLE IF NOT EXISTS `SalesItem` (
  `id` int(11) NOT NULL,
  `item_id` int(11) DEFAULT NULL,
  `sales_id` int(11) DEFAULT NULL,
  `quantity` int(11) NOT NULL,
  `salesPrice` decimal(10,0) NOT NULL,
  `purchasePrice` decimal(10,0) NOT NULL,
  `estimatePrice` decimal(10,0) NOT NULL,
  `customPrice` tinyint(1) NOT NULL,
  `purchaseItem_id` int(11) DEFAULT NULL,
  `subTotal` decimal(10,0) NOT NULL
) ENGINE=InnoDB AUTO_INCREMENT=24 DEFAULT CHARSET=utf8 COLLATE=utf8_unicode_ci;

--
-- Dumping data for table `SalesItem`
--

INSERT INTO `SalesItem` (`id`, `item_id`, `sales_id`, `quantity`, `salesPrice`, `purchasePrice`, `estimatePrice`, `customPrice`, `purchaseItem_id`, `subTotal`) VALUES
(1, 786, 1, 1, '2050', '1050', '2050', 0, 1044, '2050'),
(2, 697, 1, 1, '2850', '1560', '2850', 0, 934, '2850'),
(3, 19, 3, 1, '1000', '650', '650', 0, 20, '1000'),
(4, 23, 3, 1, '850', '850', '850', 0, 24, '850'),
(5, 21, 3, 1, '1150', '850', '850', 0, 22, '1150'),
(6, 604, 4, 1, '1550', '1000', '1550', 0, 784, '1550'),
(7, 782, 4, 1, '3250', '2045', '3250', 0, 1040, '3250'),
(8, 832, 5, 1, '2050', '1150', '2050', 0, 1092, '2050'),
(9, 23, 8, 1, '1550', '850', '850', 0, 24, '1550'),
(11, 23, 10, 1, '1550', '850', '850', 0, 24, '1550'),
(16, 905, 11, 2, '200', '100', '200', 0, 1163, '400'),
(17, 906, 11, 2, '5000', '3000', '5000', 0, 1160, '10000'),
(18, 843, 14, 1, '1350', '700', '1350', 0, 1103, '1350'),
(19, 367, 14, 1, '1850', '1200', '1850', 0, 452, '1850'),
(20, 746, 17, 1, '850', '400', '850', 0, 1004, '850'),
(21, 833, 23, 1, '2050', '1150', '2050', 0, 1093, '2050'),
(22, 832, 25, 1, '2050', '1150', '2050', 0, 1092, '2050'),
(23, 757, 30, 1, '350', '130', '350', 0, 1015, '350');

-- --------------------------------------------------------

--
-- Table structure for table `SalesReturn`
--

CREATE TABLE IF NOT EXISTS `SalesReturn` (
  `id` int(11) NOT NULL,
  `sales_id` int(11) DEFAULT NULL,
  `inventoryConfig_id` int(11) DEFAULT NULL,
  `created` datetime NOT NULL,
  `updated` datetime NOT NULL,
  `createdBy_id` int(11) DEFAULT NULL,
  `code` int(11) DEFAULT NULL,
  `totalQuantity` int(11) DEFAULT NULL,
  `totalItem` int(11) DEFAULT NULL,
  `total` double DEFAULT NULL,
  `process` varchar(100) COLLATE utf8_unicode_ci DEFAULT NULL,
  `invoice` varchar(100) COLLATE utf8_unicode_ci DEFAULT NULL
) ENGINE=InnoDB DEFAULT CHARSET=utf8 COLLATE=utf8_unicode_ci;

-- --------------------------------------------------------

--
-- Table structure for table `SalesReturnItem`
--

CREATE TABLE IF NOT EXISTS `SalesReturnItem` (
  `id` int(11) NOT NULL,
  `quantity` int(11) NOT NULL,
  `price` double NOT NULL,
  `salesReturn_id` int(11) DEFAULT NULL,
  `salesItem_id` int(11) DEFAULT NULL,
  `subTotal` double NOT NULL
) ENGINE=InnoDB DEFAULT CHARSET=utf8 COLLATE=utf8_unicode_ci;

-- --------------------------------------------------------

--
-- Table structure for table `Scholarship`
--

CREATE TABLE IF NOT EXISTS `Scholarship` (
  `id` int(11) NOT NULL,
  `location_id` int(11) DEFAULT NULL,
  `establishment` date DEFAULT NULL,
  `registrationNo` varchar(255) COLLATE utf8_unicode_ci DEFAULT NULL,
  `content` longtext COLLATE utf8_unicode_ci,
  `organizationName` varchar(255) COLLATE utf8_unicode_ci DEFAULT NULL,
  `slug` varchar(255) COLLATE utf8_unicode_ci NOT NULL,
  `address` varchar(255) COLLATE utf8_unicode_ci DEFAULT NULL,
  `mobile` varchar(255) COLLATE utf8_unicode_ci DEFAULT NULL,
  `phone` varchar(255) COLLATE utf8_unicode_ci DEFAULT NULL,
  `fax` varchar(255) COLLATE utf8_unicode_ci DEFAULT NULL,
  `email` varchar(255) COLLATE utf8_unicode_ci DEFAULT NULL,
  `website` varchar(255) COLLATE utf8_unicode_ci DEFAULT NULL,
  `postalCode` varchar(255) COLLATE utf8_unicode_ci DEFAULT NULL,
  `contactPerson` varchar(255) COLLATE utf8_unicode_ci DEFAULT NULL,
  `contactPersonDesignation` varchar(255) COLLATE utf8_unicode_ci DEFAULT NULL,
  `skypeId` varchar(255) COLLATE utf8_unicode_ci DEFAULT NULL,
  `created` datetime NOT NULL,
  `status` tinyint(1) NOT NULL,
  `path` varchar(255) COLLATE utf8_unicode_ci DEFAULT NULL
) ENGINE=InnoDB DEFAULT CHARSET=utf8 COLLATE=utf8_unicode_ci;

-- --------------------------------------------------------

--
-- Table structure for table `scholarship_syndicate`
--

CREATE TABLE IF NOT EXISTS `scholarship_syndicate` (
  `scholarship_id` int(11) NOT NULL,
  `syndicate_id` int(11) NOT NULL
) ENGINE=InnoDB DEFAULT CHARSET=utf8 COLLATE=utf8_unicode_ci;

-- --------------------------------------------------------

--
-- Table structure for table `Service`
--

CREATE TABLE IF NOT EXISTS `Service` (
  `id` int(11) NOT NULL,
  `name` varchar(255) COLLATE utf8_unicode_ci NOT NULL,
  `slug` varchar(255) COLLATE utf8_unicode_ci NOT NULL,
  `content` longtext COLLATE utf8_unicode_ci NOT NULL,
  `status` tinyint(1) NOT NULL,
  `path` varchar(255) COLLATE utf8_unicode_ci DEFAULT NULL,
  `globalOption_id` int(11) DEFAULT NULL,
  `moduleCategory_id` int(11) DEFAULT NULL,
  `icon_id` int(11) DEFAULT NULL
) ENGINE=InnoDB AUTO_INCREMENT=6 DEFAULT CHARSET=utf8 COLLATE=utf8_unicode_ci;

--
-- Dumping data for table `Service`
--

INSERT INTO `Service` (`id`, `name`, `slug`, `content`, `status`, `path`, `globalOption_id`, `moduleCategory_id`, `icon_id`) VALUES
(1, 'Strategy', 'orchecd-palaza-strategy', 'Lorem ipsum dolor sit amet, consectetur adipiscing elit. Nam viverra euismod odio, gravida pellentesque urna varius vitae. Lorem ipsum dolor sit amet, consectetur adipiscing elit.', 1, '20160809220833_blog-photo2.jpg', 50, 1, 1),
(2, 'User Friendly', 'orchecd-palaza-user-friendly', 'Lorem ipsum dolor sit amet, consectetur adipiscing elit. Nam viverra euismod odio, gravida pellentesque urna varius vitae. Lorem ipsum dolor sit amet, consectetur adipiscing elit.', 1, '20160810190838_blog-photo1.jpg', 50, NULL, 7),
(3, 'Production', 'orchecd-palaza-production', 'Suspendisse dictum quam tortor, et dapibus lacus. quisque euismod lacus in mi consequat sed pulvinar elit ultricies. Nam eu ligula ut massa lobortis scelerisque.Curabitur at rhoncus quam. In in tortor quis sem tempor ultricies in eu risus. Fusce posuere justo et metus semper molestie.', 1, '20160810190840_blog3.jpg', 50, NULL, 4),
(4, 'Analysis', 'orchecd-palaza-analysis', '<h3>Nam eu ligula ut massa lobortis scelerisque. Suspendisse dictum quam tortor Curabitur at rhoncus quam. In in tortor quis sem tempor ultricies in eu risus.Fusce posuere justo et metus semper molestie. Fusce posuere justo et metus semper molestie.</h3>', 1, NULL, 50, NULL, 8),
(5, 'Planning', 'orchecd-palaza-planning', 'Curabitur at rhoncus quam. In in tortor quis sem tempor ultricies in eu risus. Fusce posuere justo et metus semper molestie.Suspendisse dictum quam tortor, et dapibus lacus. quisque euismod lacus in mi consequat sed pulvinar elit ultricies. Nam eu ligula ut massa lobortis scelerisque.Curabitur at rhoncus quam. In in tortor quis sem tempor ultricies in eu risus. Fusce posuere justo et metus semper molestie.Suspendisse dictum quam tortor, et dapibus lacus. quisque euismod lacus in mi consequat sed pulvinar elit ultricies. Nam eu ligula ut massa lobortis scelerisque.Curabitur at rhoncus quam. In in tortor quis sem tempor ultricies in eu risus. Fusce posuere justo et metus semper molestie.Suspendisse dictum quam tortor, et dapibus lacus. quisque euismod lacus in mi consequat sed pulvinar elit ultricies. Nam eu ligula ut massa lobortis scelerisque.Curabitur at rhoncus quam. In in tortor quis sem tempor ultricies in eu risus. Fusce posuere justo et metus semper molestie.Suspendisse dictum quam tortor, et dapibus lacus. quisque euismod lacus in mi consequat sed pulvinar elit ultricies. Nam eu ligula ut massa lobortis scelerisque.Curabitur at rhoncus quam. In in tortor quis sem tempor ultricies in eu risus. Fusce posuere justo et metus semper molestie.Suspendisse dictum quam tortor, et dapibus lacus. quisque euismod lacus in mi consequat sed pulvinar elit ultricies. Nam eu ligula ut massa lobortis scelerisque.Curabitur at rhoncus quam. In in tortor quis sem tempor ultricies in eu risus. Fusce posuere justo et metus semper molestie.Suspendisse dictum quam tortor, et dapibus lacus. quisque euismod lacus in mi consequat sed pulvinar elit ultricies. Nam eu ligula ut massa lobortis scelerisque.', 1, '20160810190845_blog-photo3.jpg', 50, NULL, 5);

-- --------------------------------------------------------

--
-- Table structure for table `Setting`
--

CREATE TABLE IF NOT EXISTS `Setting` (
  `id` int(11) NOT NULL
) ENGINE=InnoDB DEFAULT CHARSET=utf8 COLLATE=utf8_unicode_ci;

-- --------------------------------------------------------

--
-- Table structure for table `SiteContent`
--

CREATE TABLE IF NOT EXISTS `SiteContent` (
  `id` int(11) NOT NULL,
  `parent` int(11) DEFAULT NULL,
  `name` varchar(255) COLLATE utf8_unicode_ci NOT NULL,
  `content` longtext COLLATE utf8_unicode_ci,
  `slug` varchar(255) COLLATE utf8_unicode_ci NOT NULL,
  `isPage` tinyint(1) NOT NULL,
  `status` tinyint(1) NOT NULL,
  `created` datetime NOT NULL,
  `path` varchar(255) COLLATE utf8_unicode_ci DEFAULT NULL
) ENGINE=InnoDB AUTO_INCREMENT=4 DEFAULT CHARSET=utf8 COLLATE=utf8_unicode_ci;

--
-- Dumping data for table `SiteContent`
--

INSERT INTO `SiteContent` (`id`, `parent`, `name`, `content`, `slug`, `isPage`, `status`, `created`, `path`) VALUES
(1, NULL, 'About us', 'Fifteen years ago, we launched salesforce.com \r\nwith a vision to reinvent CRM in the cloud. \r\n\r\nAnd a new technology model was born.\r\nWe also put aside 1% of our equity, 1% of our employees time, and 1% of our product, and formed Salesforce.org. These two key decisions have fueled our incredible growth, made us the global leader in CRM, defined the era of cloud computing, and inspired a new philanthropic model for all to follow.\r\n\r\nToday, thanks to our dedicated employees, partners, and the customers we serve, our industry-leading CRM platform has become the world''s leading enterprise cloud ecosystem. Industries and companies of all sizes can connect to their customers in a whole new way using the latest innovations in mobile, social, and cloud technology to sell, service, market, and succeed like never before.', 'about-us', 0, 1, '0000-00-00 00:00:00', NULL),
(2, NULL, 'Terms of Service', '     ,           - ,   -      -                              <br>     ,                                                               ,            &nbsp;<br>     ,                         <br>   ,        ,                         ,                     &nbsp;<br>       -          ,                                    -  &nbsp;<br>   -                        ,                     ,                 <br>               ,                                ,             &nbsp;<br>    ,                  ,  ,  ,             , ,     -      &nbsp;<br> , , , , , ,                                       ,           -           &nbsp;<br>         ,  -        ,           ,        ', 'terms-of-service', 1, 1, '0000-00-00 00:00:00', NULL),
(3, NULL, 'Privacy & Policy', 'privacy-policy', 'privacy-policy', 0, 0, '0000-00-00 00:00:00', NULL);

-- --------------------------------------------------------

--
-- Table structure for table `SiteSetting`
--

CREATE TABLE IF NOT EXISTS `SiteSetting` (
  `id` int(11) NOT NULL,
  `user_id` int(11) DEFAULT NULL,
  `theme_id` int(11) DEFAULT NULL,
  `uniqueCode` varchar(255) COLLATE utf8_unicode_ci DEFAULT NULL,
  `globalOption_id` int(11) DEFAULT NULL,
  `webTheme_id` int(11) DEFAULT NULL,
  `mobileTheme_id` int(11) DEFAULT NULL
) ENGINE=InnoDB AUTO_INCREMENT=31 DEFAULT CHARSET=utf8 COLLATE=utf8_unicode_ci;

--
-- Dumping data for table `SiteSetting`
--

INSERT INTO `SiteSetting` (`id`, `user_id`, `theme_id`, `uniqueCode`, `globalOption_id`, `webTheme_id`, `mobileTheme_id`) VALUES
(2, 11, 1, NULL, 8, NULL, NULL),
(3, 13, 1, NULL, 9, NULL, NULL),
(4, 16, 1, NULL, 10, NULL, NULL),
(5, 17, 1, NULL, 11, NULL, NULL),
(6, 23, 1, NULL, 22, NULL, NULL),
(7, 24, 1, NULL, 24, NULL, NULL),
(8, 25, 1, NULL, 25, NULL, NULL),
(9, 26, 1, NULL, 26, NULL, NULL),
(10, 27, 1, NULL, 27, NULL, NULL),
(11, 28, 1, NULL, 28, NULL, NULL),
(12, 29, 1, NULL, 29, NULL, NULL),
(13, 30, 1, NULL, 30, NULL, NULL),
(14, 31, 1, NULL, 31, NULL, NULL),
(15, 32, 1, NULL, 32, NULL, NULL),
(16, 34, 1, NULL, 38, NULL, NULL),
(18, 37, 1, NULL, 43, NULL, NULL),
(19, 38, 1, NULL, 44, NULL, NULL),
(20, 40, 1, NULL, 45, NULL, NULL),
(21, 41, 1, NULL, 46, NULL, NULL),
(22, 42, 1, NULL, 47, NULL, NULL),
(25, 4, 1, NULL, 4, NULL, NULL),
(26, 43, 1, NULL, 48, NULL, NULL),
(27, 44, 1, NULL, 49, NULL, NULL),
(28, 22, 1, NULL, 6, NULL, NULL),
(29, 10, 4, NULL, 13, NULL, NULL),
(30, 50, 6, NULL, 50, NULL, NULL);

-- --------------------------------------------------------

--
-- Table structure for table `sitesetting_appmodule`
--

CREATE TABLE IF NOT EXISTS `sitesetting_appmodule` (
  `sitesetting_id` int(11) NOT NULL,
  `app_module_id` int(11) NOT NULL
) ENGINE=InnoDB DEFAULT CHARSET=utf8 COLLATE=utf8_unicode_ci;

--
-- Dumping data for table `sitesetting_appmodule`
--

INSERT INTO `sitesetting_appmodule` (`sitesetting_id`, `app_module_id`) VALUES
(4, 2),
(4, 3),
(4, 4),
(4, 5),
(4, 11),
(5, 2),
(11, 11),
(13, 2),
(13, 3),
(15, 2),
(16, 2),
(16, 3),
(16, 4),
(16, 5),
(18, 2),
(18, 3),
(18, 5),
(18, 9),
(19, 2),
(19, 9),
(21, 9),
(22, 4),
(22, 5),
(22, 9),
(28, 2),
(28, 3),
(28, 4),
(28, 7),
(28, 9),
(30, 4),
(30, 10);

-- --------------------------------------------------------

--
-- Table structure for table `sitesetting_module`
--

CREATE TABLE IF NOT EXISTS `sitesetting_module` (
  `sitesetting_id` int(11) NOT NULL,
  `module_id` int(11) NOT NULL
) ENGINE=InnoDB DEFAULT CHARSET=utf8 COLLATE=utf8_unicode_ci;

--
-- Dumping data for table `sitesetting_module`
--

INSERT INTO `sitesetting_module` (`sitesetting_id`, `module_id`) VALUES
(4, 1),
(4, 2),
(4, 3),
(4, 4),
(4, 5),
(4, 6),
(4, 7),
(4, 8),
(4, 10),
(4, 11),
(4, 13),
(5, 12),
(11, 1),
(11, 2),
(11, 10),
(13, 2),
(13, 3),
(13, 4),
(13, 5),
(13, 6),
(13, 7),
(13, 8),
(13, 10),
(18, 1),
(18, 2),
(18, 3),
(18, 6),
(18, 12),
(19, 1),
(19, 2),
(19, 3),
(19, 6),
(22, 1),
(22, 6),
(28, 1),
(28, 12),
(29, 2),
(29, 6),
(29, 7),
(29, 10),
(30, 1),
(30, 2),
(30, 3),
(30, 6),
(30, 7),
(30, 8),
(30, 10),
(30, 11),
(30, 13),
(30, 14),
(30, 15),
(30, 16),
(30, 17),
(30, 19);

-- --------------------------------------------------------

--
-- Table structure for table `sitesetting_syndicate`
--

CREATE TABLE IF NOT EXISTS `sitesetting_syndicate` (
  `sitesetting_id` int(11) NOT NULL,
  `syndicate_id` int(11) NOT NULL
) ENGINE=InnoDB DEFAULT CHARSET=utf8 COLLATE=utf8_unicode_ci;

-- --------------------------------------------------------

--
-- Table structure for table `sitesetting_syndicatemodule`
--

CREATE TABLE IF NOT EXISTS `sitesetting_syndicatemodule` (
  `sitesetting_id` int(11) NOT NULL,
  `syndicate_module_id` int(11) NOT NULL
) ENGINE=InnoDB DEFAULT CHARSET=utf8 COLLATE=utf8_unicode_ci;

--
-- Dumping data for table `sitesetting_syndicatemodule`
--

INSERT INTO `sitesetting_syndicatemodule` (`sitesetting_id`, `syndicate_module_id`) VALUES
(29, 8);

-- --------------------------------------------------------

--
-- Table structure for table `SiteSlider`
--

CREATE TABLE IF NOT EXISTS `SiteSlider` (
  `id` int(11) NOT NULL,
  `name` varchar(255) COLLATE utf8_unicode_ci NOT NULL,
  `content` longtext COLLATE utf8_unicode_ci,
  `path` varchar(255) COLLATE utf8_unicode_ci DEFAULT NULL,
  `status` tinyint(1) NOT NULL,
  `businessSector` varchar(255) COLLATE utf8_unicode_ci NOT NULL
) ENGINE=InnoDB AUTO_INCREMENT=6 DEFAULT CHARSET=utf8 COLLATE=utf8_unicode_ci;

--
-- Dumping data for table `SiteSlider`
--

INSERT INTO `SiteSlider` (`id`, `name`, `content`, `path`, `status`, `businessSector`) VALUES
(1, 'fgdfgfdg', 'dfgdfg', '1.jpg', 1, 'ecommerce'),
(2, 'Test -1', 'Test -1', 'Content-Creation-2.jpg', 1, ''),
(3, 'casdfasd', 'asdasdasdasd', 'business-location.jpg', 1, ''),
(4, 'Test -2', NULL, 'web-bulder.jpg', 1, ''),
(5, 'Test -3', 'Test -30', 'syndication2.png', 1, '');

-- --------------------------------------------------------

--
-- Table structure for table `SmsEmailPricing`
--

CREATE TABLE IF NOT EXISTS `SmsEmailPricing` (
  `id` int(11) NOT NULL,
  `name` varchar(255) COLLATE utf8_unicode_ci NOT NULL,
  `quantity` int(11) NOT NULL,
  `price` double NOT NULL,
  `amount` double NOT NULL,
  `type` varchar(255) COLLATE utf8_unicode_ci NOT NULL,
  `status` tinyint(1) NOT NULL,
  `created` datetime NOT NULL,
  `updated` datetime NOT NULL
) ENGINE=InnoDB AUTO_INCREMENT=5 DEFAULT CHARSET=utf8 COLLATE=utf8_unicode_ci;

--
-- Dumping data for table `SmsEmailPricing`
--

INSERT INTO `SmsEmailPricing` (`id`, `name`, `quantity`, `price`, `amount`, `type`, `status`, `created`, `updated`) VALUES
(2, 'Sliver', 1000, 0.8, 800, 'SMS', 1, '2016-05-20 22:54:10', '2016-05-20 22:54:10'),
(3, 'Gold', 10000, 0.75, 7500, 'SMS', 1, '2016-05-20 22:56:21', '2016-05-20 22:56:21'),
(4, 'Diamond', 20000, 0.75, 15000, 'SMS', 1, '2016-05-20 22:57:08', '2016-05-20 22:57:08');

-- --------------------------------------------------------

--
-- Table structure for table `StockItem`
--

CREATE TABLE IF NOT EXISTS `StockItem` (
  `id` int(11) NOT NULL,
  `item_id` int(11) DEFAULT NULL,
  `vendor_id` int(11) DEFAULT NULL,
  `category_id` int(11) DEFAULT NULL,
  `quantity` int(11) NOT NULL,
  `created` datetime NOT NULL,
  `country_id` int(11) DEFAULT NULL,
  `process` varchar(255) COLLATE utf8_unicode_ci NOT NULL,
  `inventoryConfig_id` int(11) DEFAULT NULL,
  `purchaseItem_id` int(11) DEFAULT NULL,
  `salesItem_id` int(11) DEFAULT NULL,
  `purchaseReturnItem_id` int(11) DEFAULT NULL,
  `salesReturnItem_id` int(11) DEFAULT NULL,
  `purchaseReplaceItem_id` int(11) DEFAULT NULL,
  `salesItemReplace_id` int(11) DEFAULT NULL,
  `damage_id` int(11) DEFAULT NULL,
  `createdBy_id` int(11) DEFAULT NULL
) ENGINE=InnoDB AUTO_INCREMENT=1189 DEFAULT CHARSET=utf8 COLLATE=utf8_unicode_ci;

--
-- Dumping data for table `StockItem`
--

INSERT INTO `StockItem` (`id`, `item_id`, `vendor_id`, `category_id`, `quantity`, `created`, `country_id`, `process`, `inventoryConfig_id`, `purchaseItem_id`, `salesItem_id`, `purchaseReturnItem_id`, `salesReturnItem_id`, `purchaseReplaceItem_id`, `salesItemReplace_id`, `damage_id`, `createdBy_id`) VALUES
(1, 1, NULL, NULL, 1, '2016-05-27 12:33:02', NULL, 'purchase', 7, 1, NULL, NULL, NULL, NULL, NULL, NULL, NULL),
(2, 2, NULL, NULL, 1, '2016-05-27 12:33:02', NULL, 'purchase', 7, 2, NULL, NULL, NULL, NULL, NULL, NULL, NULL),
(3, 3, NULL, NULL, 1, '2016-05-27 12:33:03', NULL, 'purchase', 7, 3, NULL, NULL, NULL, NULL, NULL, NULL, NULL),
(4, 4, NULL, NULL, 1, '2016-05-27 12:33:03', NULL, 'purchase', 7, 4, NULL, NULL, NULL, NULL, NULL, NULL, NULL),
(5, 5, NULL, NULL, 1, '2016-05-27 12:33:03', NULL, 'purchase', 7, 5, NULL, NULL, NULL, NULL, NULL, NULL, NULL),
(6, 6, NULL, NULL, 2, '2016-05-27 12:33:03', NULL, 'purchase', 7, 6, NULL, NULL, NULL, NULL, NULL, NULL, NULL),
(7, 7, NULL, NULL, 1, '2016-05-27 12:33:03', NULL, 'purchase', 7, 7, NULL, NULL, NULL, NULL, NULL, NULL, NULL),
(8, 2, NULL, NULL, 1, '2016-05-27 12:33:03', NULL, 'purchase', 7, 8, NULL, NULL, NULL, NULL, NULL, NULL, NULL),
(9, 8, NULL, NULL, 2, '2016-05-27 12:33:04', NULL, 'purchase', 7, 9, NULL, NULL, NULL, NULL, NULL, NULL, NULL),
(10, 9, NULL, NULL, 1, '2016-05-27 12:33:04', NULL, 'purchase', 7, 10, NULL, NULL, NULL, NULL, NULL, NULL, NULL),
(11, 10, NULL, NULL, 1, '2016-05-27 12:33:04', NULL, 'purchase', 7, 11, NULL, NULL, NULL, NULL, NULL, NULL, NULL),
(12, 11, NULL, NULL, 1, '2016-05-27 12:33:05', NULL, 'purchase', 7, 12, NULL, NULL, NULL, NULL, NULL, NULL, NULL),
(13, 12, NULL, NULL, 1, '2016-05-27 12:33:05', NULL, 'purchase', 7, 13, NULL, NULL, NULL, NULL, NULL, NULL, NULL),
(14, 12, NULL, NULL, 1, '2016-05-27 12:33:05', NULL, 'purchase', 7, 14, NULL, NULL, NULL, NULL, NULL, NULL, NULL),
(15, 13, NULL, NULL, 1, '2016-05-27 12:33:05', NULL, 'purchase', 7, 15, NULL, NULL, NULL, NULL, NULL, NULL, NULL),
(16, 14, NULL, NULL, 1, '2016-05-27 12:33:05', NULL, 'purchase', 7, 16, NULL, NULL, NULL, NULL, NULL, NULL, NULL),
(17, 15, NULL, NULL, 1, '2016-05-27 12:33:05', NULL, 'purchase', 7, 17, NULL, NULL, NULL, NULL, NULL, NULL, NULL),
(18, 17, NULL, NULL, 1, '2016-05-30 13:51:52', NULL, 'purchase', 2, 18, NULL, NULL, NULL, NULL, NULL, NULL, NULL),
(19, 18, NULL, NULL, 1, '2016-05-30 13:51:52', NULL, 'purchase', 2, 19, NULL, NULL, NULL, NULL, NULL, NULL, NULL),
(20, 19, NULL, NULL, 1, '2016-05-30 13:51:52', NULL, 'purchase', 2, 20, NULL, NULL, NULL, NULL, NULL, NULL, NULL),
(21, 20, NULL, NULL, 1, '2016-05-30 13:51:52', NULL, 'purchase', 2, 21, NULL, NULL, NULL, NULL, NULL, NULL, NULL),
(22, 21, NULL, NULL, 1, '2016-05-30 13:51:52', NULL, 'purchase', 2, 22, NULL, NULL, NULL, NULL, NULL, NULL, NULL),
(23, 22, NULL, NULL, 2, '2016-05-30 13:51:52', NULL, 'purchase', 2, 23, NULL, NULL, NULL, NULL, NULL, NULL, NULL),
(24, 23, NULL, NULL, 1, '2016-05-30 13:51:53', NULL, 'purchase', 2, 24, NULL, NULL, NULL, NULL, NULL, NULL, NULL),
(25, 18, NULL, NULL, 1, '2016-05-30 13:51:53', NULL, 'purchase', 2, 25, NULL, NULL, NULL, NULL, NULL, NULL, NULL),
(26, 24, NULL, NULL, 1, '2016-05-30 13:51:53', NULL, 'purchase', 2, 26, NULL, NULL, NULL, NULL, NULL, NULL, NULL),
(27, 24, NULL, NULL, 1, '2016-05-30 13:51:53', NULL, 'purchase', 2, 27, NULL, NULL, NULL, NULL, NULL, NULL, NULL),
(28, 25, NULL, NULL, 1, '2016-05-30 13:51:53', NULL, 'purchase', 2, 28, NULL, NULL, NULL, NULL, NULL, NULL, NULL),
(29, 26, NULL, NULL, 1, '2016-05-30 13:51:53', NULL, 'purchase', 2, 29, NULL, NULL, NULL, NULL, NULL, NULL, NULL),
(30, 27, NULL, NULL, 1, '2016-05-30 13:51:53', NULL, 'purchase', 2, 30, NULL, NULL, NULL, NULL, NULL, NULL, NULL),
(31, 28, NULL, NULL, 3, '2016-05-30 13:51:53', NULL, 'purchase', 2, 31, NULL, NULL, NULL, NULL, NULL, NULL, NULL),
(32, 29, NULL, NULL, 1, '2016-05-30 13:51:53', NULL, 'purchase', 2, 32, NULL, NULL, NULL, NULL, NULL, NULL, NULL),
(33, 30, NULL, NULL, 1, '2016-05-30 13:51:53', NULL, 'purchase', 2, 33, NULL, NULL, NULL, NULL, NULL, NULL, NULL),
(34, 31, NULL, NULL, 1, '2016-05-30 13:51:54', NULL, 'purchase', 2, 34, NULL, NULL, NULL, NULL, NULL, NULL, NULL),
(35, 32, NULL, NULL, 1, '2016-05-30 13:51:54', NULL, 'purchase', 2, 35, NULL, NULL, NULL, NULL, NULL, NULL, NULL),
(36, 33, NULL, NULL, 1, '2016-05-30 13:51:54', NULL, 'purchase', 2, 36, NULL, NULL, NULL, NULL, NULL, NULL, NULL),
(37, 34, NULL, NULL, 1, '2016-05-30 13:51:54', NULL, 'purchase', 2, 37, NULL, NULL, NULL, NULL, NULL, NULL, NULL),
(38, 35, NULL, NULL, 1, '2016-05-30 13:51:54', NULL, 'purchase', 2, 38, NULL, NULL, NULL, NULL, NULL, NULL, NULL),
(39, 36, NULL, NULL, 1, '2016-05-30 13:51:55', NULL, 'purchase', 2, 39, NULL, NULL, NULL, NULL, NULL, NULL, NULL),
(40, 37, NULL, NULL, 1, '2016-05-30 13:51:55', NULL, 'purchase', 2, 40, NULL, NULL, NULL, NULL, NULL, NULL, NULL),
(41, 38, NULL, NULL, 1, '2016-05-30 13:51:55', NULL, 'purchase', 2, 41, NULL, NULL, NULL, NULL, NULL, NULL, NULL),
(42, 39, NULL, NULL, 1, '2016-05-30 13:51:55', NULL, 'purchase', 2, 42, NULL, NULL, NULL, NULL, NULL, NULL, NULL),
(43, 40, NULL, NULL, 1, '2016-05-30 13:51:55', NULL, 'purchase', 2, 43, NULL, NULL, NULL, NULL, NULL, NULL, NULL),
(44, 41, NULL, NULL, 1, '2016-05-30 13:51:56', NULL, 'purchase', 2, 44, NULL, NULL, NULL, NULL, NULL, NULL, NULL),
(45, 42, NULL, NULL, 3, '2016-05-30 13:51:56', NULL, 'purchase', 2, 45, NULL, NULL, NULL, NULL, NULL, NULL, NULL),
(46, 43, NULL, NULL, 4, '2016-05-30 13:51:56', NULL, 'purchase', 2, 46, NULL, NULL, NULL, NULL, NULL, NULL, NULL),
(47, 44, NULL, NULL, 2, '2016-05-30 13:51:56', NULL, 'purchase', 2, 47, NULL, NULL, NULL, NULL, NULL, NULL, NULL),
(48, 45, NULL, NULL, 1, '2016-05-30 13:51:56', NULL, 'purchase', 2, 48, NULL, NULL, NULL, NULL, NULL, NULL, NULL),
(49, 46, NULL, NULL, 3, '2016-05-30 13:51:56', NULL, 'purchase', 2, 49, NULL, NULL, NULL, NULL, NULL, NULL, NULL),
(50, 47, NULL, NULL, 1, '2016-05-30 13:51:56', NULL, 'purchase', 2, 50, NULL, NULL, NULL, NULL, NULL, NULL, NULL),
(51, 48, NULL, NULL, 1, '2016-05-30 13:51:57', NULL, 'purchase', 2, 51, NULL, NULL, NULL, NULL, NULL, NULL, NULL),
(52, 49, NULL, NULL, 1, '2016-05-30 13:51:57', NULL, 'purchase', 2, 52, NULL, NULL, NULL, NULL, NULL, NULL, NULL),
(53, 50, NULL, NULL, 1, '2016-05-30 13:51:57', NULL, 'purchase', 2, 53, NULL, NULL, NULL, NULL, NULL, NULL, NULL),
(54, 51, NULL, NULL, 3, '2016-05-30 13:51:57', NULL, 'purchase', 2, 54, NULL, NULL, NULL, NULL, NULL, NULL, NULL),
(55, 43, NULL, NULL, 1, '2016-05-30 13:51:57', NULL, 'purchase', 2, 55, NULL, NULL, NULL, NULL, NULL, NULL, NULL),
(56, 50, NULL, NULL, 1, '2016-05-30 13:51:57', NULL, 'purchase', 2, 56, NULL, NULL, NULL, NULL, NULL, NULL, NULL),
(57, 51, NULL, NULL, 1, '2016-05-30 13:51:57', NULL, 'purchase', 2, 57, NULL, NULL, NULL, NULL, NULL, NULL, NULL),
(58, 42, NULL, NULL, 1, '2016-05-30 13:51:57', NULL, 'purchase', 2, 58, NULL, NULL, NULL, NULL, NULL, NULL, NULL),
(59, 52, NULL, NULL, 1, '2016-05-30 13:51:57', NULL, 'purchase', 2, 59, NULL, NULL, NULL, NULL, NULL, NULL, NULL),
(60, 53, NULL, NULL, 1, '2016-05-30 13:51:58', NULL, 'purchase', 2, 60, NULL, NULL, NULL, NULL, NULL, NULL, NULL),
(61, 54, NULL, NULL, 1, '2016-05-30 13:51:58', NULL, 'purchase', 2, 61, NULL, NULL, NULL, NULL, NULL, NULL, NULL),
(62, 55, NULL, NULL, 1, '2016-05-30 13:51:58', NULL, 'purchase', 2, 62, NULL, NULL, NULL, NULL, NULL, NULL, NULL),
(63, 56, NULL, NULL, 1, '2016-05-30 13:51:58', NULL, 'purchase', 2, 63, NULL, NULL, NULL, NULL, NULL, NULL, NULL),
(64, 57, NULL, NULL, 1, '2016-05-30 13:51:58', NULL, 'purchase', 2, 64, NULL, NULL, NULL, NULL, NULL, NULL, NULL),
(65, 58, NULL, NULL, 1, '2016-05-30 13:51:58', NULL, 'purchase', 2, 65, NULL, NULL, NULL, NULL, NULL, NULL, NULL),
(66, 59, NULL, NULL, 2, '2016-05-30 13:51:59', NULL, 'purchase', 2, 66, NULL, NULL, NULL, NULL, NULL, NULL, NULL),
(67, 60, NULL, NULL, 1, '2016-05-30 13:51:59', NULL, 'purchase', 2, 67, NULL, NULL, NULL, NULL, NULL, NULL, NULL),
(68, 61, NULL, NULL, 1, '2016-05-30 13:51:59', NULL, 'purchase', 2, 68, NULL, NULL, NULL, NULL, NULL, NULL, NULL),
(69, 62, NULL, NULL, 1, '2016-05-30 13:51:59', NULL, 'purchase', 2, 69, NULL, NULL, NULL, NULL, NULL, NULL, NULL),
(70, 63, NULL, NULL, 1, '2016-05-30 13:51:59', NULL, 'purchase', 2, 70, NULL, NULL, NULL, NULL, NULL, NULL, NULL),
(71, 64, NULL, NULL, 2, '2016-05-30 13:51:59', NULL, 'purchase', 2, 71, NULL, NULL, NULL, NULL, NULL, NULL, NULL),
(72, 65, NULL, NULL, 1, '2016-05-30 13:52:00', NULL, 'purchase', 2, 72, NULL, NULL, NULL, NULL, NULL, NULL, NULL),
(73, 66, NULL, NULL, 1, '2016-05-30 13:52:00', NULL, 'purchase', 2, 73, NULL, NULL, NULL, NULL, NULL, NULL, NULL),
(74, 67, NULL, NULL, 1, '2016-05-30 13:52:01', NULL, 'purchase', 2, 74, NULL, NULL, NULL, NULL, NULL, NULL, NULL),
(75, 68, NULL, NULL, 1, '2016-05-30 13:52:01', NULL, 'purchase', 2, 75, NULL, NULL, NULL, NULL, NULL, NULL, NULL),
(76, 69, NULL, NULL, 1, '2016-05-30 13:52:01', NULL, 'purchase', 2, 76, NULL, NULL, NULL, NULL, NULL, NULL, NULL),
(77, 70, NULL, NULL, 1, '2016-05-30 13:52:01', NULL, 'purchase', 2, 77, NULL, NULL, NULL, NULL, NULL, NULL, NULL),
(78, 71, NULL, NULL, 1, '2016-05-30 13:52:01', NULL, 'purchase', 2, 78, NULL, NULL, NULL, NULL, NULL, NULL, NULL),
(79, 72, NULL, NULL, 1, '2016-05-30 13:52:01', NULL, 'purchase', 2, 79, NULL, NULL, NULL, NULL, NULL, NULL, NULL),
(80, 73, NULL, NULL, 1, '2016-05-30 13:52:02', NULL, 'purchase', 2, 80, NULL, NULL, NULL, NULL, NULL, NULL, NULL),
(81, 74, NULL, NULL, 1, '2016-05-30 13:52:02', NULL, 'purchase', 2, 81, NULL, NULL, NULL, NULL, NULL, NULL, NULL),
(82, 75, NULL, NULL, 1, '2016-05-30 13:52:02', NULL, 'purchase', 2, 82, NULL, NULL, NULL, NULL, NULL, NULL, NULL),
(83, 76, NULL, NULL, 1, '2016-05-30 13:52:02', NULL, 'purchase', 2, 83, NULL, NULL, NULL, NULL, NULL, NULL, NULL),
(84, 77, NULL, NULL, 1, '2016-05-30 13:52:02', NULL, 'purchase', 2, 84, NULL, NULL, NULL, NULL, NULL, NULL, NULL),
(85, 78, NULL, NULL, 1, '2016-05-30 13:52:02', NULL, 'purchase', 2, 85, NULL, NULL, NULL, NULL, NULL, NULL, NULL),
(86, 79, NULL, NULL, 1, '2016-05-30 13:52:03', NULL, 'purchase', 2, 86, NULL, NULL, NULL, NULL, NULL, NULL, NULL),
(87, 80, NULL, NULL, 1, '2016-05-30 13:52:03', NULL, 'purchase', 2, 87, NULL, NULL, NULL, NULL, NULL, NULL, NULL),
(88, 81, NULL, NULL, 1, '2016-05-30 13:52:03', NULL, 'purchase', 2, 88, NULL, NULL, NULL, NULL, NULL, NULL, NULL),
(89, 82, NULL, NULL, 1, '2016-05-30 13:52:03', NULL, 'purchase', 2, 89, NULL, NULL, NULL, NULL, NULL, NULL, NULL),
(90, 83, NULL, NULL, 1, '2016-05-30 13:52:04', NULL, 'purchase', 2, 90, NULL, NULL, NULL, NULL, NULL, NULL, NULL),
(91, 84, NULL, NULL, 1, '2016-05-30 13:52:04', NULL, 'purchase', 2, 91, NULL, NULL, NULL, NULL, NULL, NULL, NULL),
(92, 85, NULL, NULL, 1, '2016-05-30 13:52:04', NULL, 'purchase', 2, 92, NULL, NULL, NULL, NULL, NULL, NULL, NULL),
(93, 86, NULL, NULL, 1, '2016-05-30 13:52:04', NULL, 'purchase', 2, 93, NULL, NULL, NULL, NULL, NULL, NULL, NULL),
(94, 86, NULL, NULL, 1, '2016-05-30 13:52:04', NULL, 'purchase', 2, 94, NULL, NULL, NULL, NULL, NULL, NULL, NULL),
(95, 87, NULL, NULL, 1, '2016-05-30 13:52:05', NULL, 'purchase', 2, 95, NULL, NULL, NULL, NULL, NULL, NULL, NULL),
(96, 88, NULL, NULL, 1, '2016-05-30 13:52:05', NULL, 'purchase', 2, 96, NULL, NULL, NULL, NULL, NULL, NULL, NULL),
(97, 89, NULL, NULL, 1, '2016-05-30 13:52:05', NULL, 'purchase', 2, 97, NULL, NULL, NULL, NULL, NULL, NULL, NULL),
(98, 88, NULL, NULL, 1, '2016-05-30 13:52:05', NULL, 'purchase', 2, 98, NULL, NULL, NULL, NULL, NULL, NULL, NULL),
(99, 90, NULL, NULL, 1, '2016-05-30 13:52:05', NULL, 'purchase', 2, 99, NULL, NULL, NULL, NULL, NULL, NULL, NULL),
(100, 91, NULL, NULL, 1, '2016-05-30 13:52:05', NULL, 'purchase', 2, 100, NULL, NULL, NULL, NULL, NULL, NULL, NULL),
(101, 92, NULL, NULL, 1, '2016-05-30 13:52:06', NULL, 'purchase', 2, 101, NULL, NULL, NULL, NULL, NULL, NULL, NULL),
(102, 93, NULL, NULL, 1, '2016-05-30 13:52:06', NULL, 'purchase', 2, 102, NULL, NULL, NULL, NULL, NULL, NULL, NULL),
(103, 94, NULL, NULL, 1, '2016-05-30 13:52:06', NULL, 'purchase', 2, 103, NULL, NULL, NULL, NULL, NULL, NULL, NULL),
(104, 95, NULL, NULL, 2, '2016-05-30 13:52:06', NULL, 'purchase', 2, 104, NULL, NULL, NULL, NULL, NULL, NULL, NULL),
(105, 96, NULL, NULL, 1, '2016-05-30 13:52:06', NULL, 'purchase', 2, 105, NULL, NULL, NULL, NULL, NULL, NULL, NULL),
(106, 97, NULL, NULL, 1, '2016-05-30 13:52:06', NULL, 'purchase', 2, 106, NULL, NULL, NULL, NULL, NULL, NULL, NULL),
(107, 95, NULL, NULL, 1, '2016-05-30 13:52:07', NULL, 'purchase', 2, 107, NULL, NULL, NULL, NULL, NULL, NULL, NULL),
(108, 95, NULL, NULL, 1, '2016-05-30 13:52:07', NULL, 'purchase', 2, 108, NULL, NULL, NULL, NULL, NULL, NULL, NULL),
(109, 96, NULL, NULL, 1, '2016-05-30 13:52:07', NULL, 'purchase', 2, 109, NULL, NULL, NULL, NULL, NULL, NULL, NULL),
(110, 98, NULL, NULL, 1, '2016-05-30 13:52:07', NULL, 'purchase', 2, 110, NULL, NULL, NULL, NULL, NULL, NULL, NULL),
(111, 99, NULL, NULL, 1, '2016-05-30 13:52:07', NULL, 'purchase', 2, 111, NULL, NULL, NULL, NULL, NULL, NULL, NULL),
(112, 100, NULL, NULL, 1, '2016-05-30 13:52:07', NULL, 'purchase', 2, 112, NULL, NULL, NULL, NULL, NULL, NULL, NULL),
(113, 101, NULL, NULL, 1, '2016-05-30 13:52:07', NULL, 'purchase', 2, 113, NULL, NULL, NULL, NULL, NULL, NULL, NULL),
(114, 98, NULL, NULL, 1, '2016-05-30 13:52:07', NULL, 'purchase', 2, 114, NULL, NULL, NULL, NULL, NULL, NULL, NULL),
(115, 101, NULL, NULL, 1, '2016-05-30 13:52:08', NULL, 'purchase', 2, 115, NULL, NULL, NULL, NULL, NULL, NULL, NULL),
(116, 102, NULL, NULL, 1, '2016-05-30 13:52:08', NULL, 'purchase', 2, 116, NULL, NULL, NULL, NULL, NULL, NULL, NULL),
(117, 103, NULL, NULL, 1, '2016-05-30 13:52:08', NULL, 'purchase', 2, 117, NULL, NULL, NULL, NULL, NULL, NULL, NULL),
(118, 104, NULL, NULL, 1, '2016-05-30 13:52:08', NULL, 'purchase', 2, 118, NULL, NULL, NULL, NULL, NULL, NULL, NULL),
(119, 97, NULL, NULL, 1, '2016-05-30 13:52:08', NULL, 'purchase', 2, 119, NULL, NULL, NULL, NULL, NULL, NULL, NULL),
(120, 105, NULL, NULL, 1, '2016-05-30 13:52:08', NULL, 'purchase', 2, 120, NULL, NULL, NULL, NULL, NULL, NULL, NULL),
(121, 106, NULL, NULL, 1, '2016-05-30 13:52:09', NULL, 'purchase', 2, 121, NULL, NULL, NULL, NULL, NULL, NULL, NULL),
(122, 107, NULL, NULL, 1, '2016-05-30 13:52:09', NULL, 'purchase', 2, 122, NULL, NULL, NULL, NULL, NULL, NULL, NULL),
(123, 108, NULL, NULL, 1, '2016-05-30 13:52:09', NULL, 'purchase', 2, 123, NULL, NULL, NULL, NULL, NULL, NULL, NULL),
(124, 109, NULL, NULL, 1, '2016-05-30 13:52:09', NULL, 'purchase', 2, 124, NULL, NULL, NULL, NULL, NULL, NULL, NULL),
(125, 110, NULL, NULL, 1, '2016-05-30 13:52:10', NULL, 'purchase', 2, 125, NULL, NULL, NULL, NULL, NULL, NULL, NULL),
(126, 111, NULL, NULL, 4, '2016-05-30 13:52:10', NULL, 'purchase', 2, 126, NULL, NULL, NULL, NULL, NULL, NULL, NULL),
(127, 112, NULL, NULL, 1, '2016-05-30 13:52:10', NULL, 'purchase', 2, 127, NULL, NULL, NULL, NULL, NULL, NULL, NULL),
(128, 113, NULL, NULL, 1, '2016-05-30 13:52:11', NULL, 'purchase', 2, 128, NULL, NULL, NULL, NULL, NULL, NULL, NULL),
(129, 114, NULL, NULL, 1, '2016-05-30 13:52:12', NULL, 'purchase', 2, 129, NULL, NULL, NULL, NULL, NULL, NULL, NULL),
(130, 115, NULL, NULL, 1, '2016-05-30 13:52:12', NULL, 'purchase', 2, 130, NULL, NULL, NULL, NULL, NULL, NULL, NULL),
(131, 111, NULL, NULL, 4, '2016-05-30 13:52:12', NULL, 'purchase', 2, 131, NULL, NULL, NULL, NULL, NULL, NULL, NULL),
(132, 111, NULL, NULL, 1, '2016-05-30 13:52:12', NULL, 'purchase', 2, 132, NULL, NULL, NULL, NULL, NULL, NULL, NULL),
(133, 116, NULL, NULL, 1, '2016-05-30 13:52:12', NULL, 'purchase', 2, 133, NULL, NULL, NULL, NULL, NULL, NULL, NULL),
(134, 117, NULL, NULL, 1, '2016-05-30 13:52:12', NULL, 'purchase', 2, 134, NULL, NULL, NULL, NULL, NULL, NULL, NULL),
(135, 117, NULL, NULL, 2, '2016-05-30 13:52:13', NULL, 'purchase', 2, 135, NULL, NULL, NULL, NULL, NULL, NULL, NULL),
(136, 118, NULL, NULL, 1, '2016-05-30 13:52:13', NULL, 'purchase', 2, 136, NULL, NULL, NULL, NULL, NULL, NULL, NULL),
(137, 119, NULL, NULL, 1, '2016-05-30 13:52:13', NULL, 'purchase', 2, 137, NULL, NULL, NULL, NULL, NULL, NULL, NULL),
(138, 120, NULL, NULL, 1, '2016-05-30 13:52:13', NULL, 'purchase', 2, 138, NULL, NULL, NULL, NULL, NULL, NULL, NULL),
(139, 121, NULL, NULL, 1, '2016-05-30 13:52:13', NULL, 'purchase', 2, 139, NULL, NULL, NULL, NULL, NULL, NULL, NULL),
(140, 122, NULL, NULL, 2, '2016-05-30 13:52:14', NULL, 'purchase', 2, 140, NULL, NULL, NULL, NULL, NULL, NULL, NULL),
(141, 123, NULL, NULL, 1, '2016-05-30 13:52:14', NULL, 'purchase', 2, 141, NULL, NULL, NULL, NULL, NULL, NULL, NULL),
(142, 124, NULL, NULL, 1, '2016-05-30 13:52:14', NULL, 'purchase', 2, 142, NULL, NULL, NULL, NULL, NULL, NULL, NULL),
(143, 125, NULL, NULL, 2, '2016-05-30 13:52:14', NULL, 'purchase', 2, 143, NULL, NULL, NULL, NULL, NULL, NULL, NULL),
(144, 126, NULL, NULL, 1, '2016-05-30 13:52:14', NULL, 'purchase', 2, 144, NULL, NULL, NULL, NULL, NULL, NULL, NULL),
(145, 127, NULL, NULL, 1, '2016-05-30 13:52:15', NULL, 'purchase', 2, 145, NULL, NULL, NULL, NULL, NULL, NULL, NULL),
(146, 128, NULL, NULL, 1, '2016-05-30 13:52:15', NULL, 'purchase', 2, 146, NULL, NULL, NULL, NULL, NULL, NULL, NULL),
(147, 129, NULL, NULL, 2, '2016-05-30 13:52:15', NULL, 'purchase', 2, 147, NULL, NULL, NULL, NULL, NULL, NULL, NULL),
(148, 130, NULL, NULL, 5, '2016-05-30 13:52:15', NULL, 'purchase', 2, 148, NULL, NULL, NULL, NULL, NULL, NULL, NULL),
(149, 131, NULL, NULL, 1, '2016-05-30 13:52:15', NULL, 'purchase', 2, 149, NULL, NULL, NULL, NULL, NULL, NULL, NULL),
(150, 132, NULL, NULL, 1, '2016-05-30 13:52:16', NULL, 'purchase', 2, 150, NULL, NULL, NULL, NULL, NULL, NULL, NULL),
(151, 133, NULL, NULL, 2, '2016-05-30 13:52:16', NULL, 'purchase', 2, 151, NULL, NULL, NULL, NULL, NULL, NULL, NULL),
(152, 134, NULL, NULL, 1, '2016-05-30 13:52:16', NULL, 'purchase', 2, 152, NULL, NULL, NULL, NULL, NULL, NULL, NULL),
(153, 135, NULL, NULL, 27, '2016-05-30 13:52:16', NULL, 'purchase', 2, 153, NULL, NULL, NULL, NULL, NULL, NULL, NULL),
(154, 136, NULL, NULL, 1, '2016-05-30 13:52:17', NULL, 'purchase', 2, 154, NULL, NULL, NULL, NULL, NULL, NULL, NULL),
(155, 137, NULL, NULL, 1, '2016-05-30 13:52:17', NULL, 'purchase', 2, 155, NULL, NULL, NULL, NULL, NULL, NULL, NULL),
(156, 138, NULL, NULL, 1, '2016-05-30 13:52:18', NULL, 'purchase', 2, 156, NULL, NULL, NULL, NULL, NULL, NULL, NULL),
(157, 139, NULL, NULL, 1, '2016-05-30 13:52:18', NULL, 'purchase', 2, 157, NULL, NULL, NULL, NULL, NULL, NULL, NULL),
(158, 140, NULL, NULL, 1, '2016-05-30 13:52:18', NULL, 'purchase', 2, 158, NULL, NULL, NULL, NULL, NULL, NULL, NULL),
(159, 141, NULL, NULL, 1, '2016-05-30 13:52:18', NULL, 'purchase', 2, 159, NULL, NULL, NULL, NULL, NULL, NULL, NULL),
(160, 142, NULL, NULL, 1, '2016-05-30 13:52:19', NULL, 'purchase', 2, 160, NULL, NULL, NULL, NULL, NULL, NULL, NULL),
(161, 143, NULL, NULL, 1, '2016-05-30 13:52:19', NULL, 'purchase', 2, 161, NULL, NULL, NULL, NULL, NULL, NULL, NULL),
(162, 144, NULL, NULL, 1, '2016-05-30 13:52:19', NULL, 'purchase', 2, 162, NULL, NULL, NULL, NULL, NULL, NULL, NULL),
(163, 145, NULL, NULL, 1, '2016-05-30 13:52:19', NULL, 'purchase', 2, 163, NULL, NULL, NULL, NULL, NULL, NULL, NULL),
(164, 146, NULL, NULL, 1, '2016-05-30 13:52:19', NULL, 'purchase', 2, 164, NULL, NULL, NULL, NULL, NULL, NULL, NULL),
(165, 147, NULL, NULL, 1, '2016-05-30 13:52:20', NULL, 'purchase', 2, 165, NULL, NULL, NULL, NULL, NULL, NULL, NULL),
(166, 140, NULL, NULL, 2, '2016-05-30 13:52:20', NULL, 'purchase', 2, 166, NULL, NULL, NULL, NULL, NULL, NULL, NULL),
(167, 148, NULL, NULL, 1, '2016-05-30 13:52:20', NULL, 'purchase', 2, 167, NULL, NULL, NULL, NULL, NULL, NULL, NULL),
(168, 149, NULL, NULL, 1, '2016-05-30 13:52:20', NULL, 'purchase', 2, 168, NULL, NULL, NULL, NULL, NULL, NULL, NULL),
(169, 150, NULL, NULL, 1, '2016-05-30 13:52:21', NULL, 'purchase', 2, 169, NULL, NULL, NULL, NULL, NULL, NULL, NULL),
(170, 151, NULL, NULL, 1, '2016-05-30 13:52:21', NULL, 'purchase', 2, 170, NULL, NULL, NULL, NULL, NULL, NULL, NULL),
(171, 152, NULL, NULL, 1, '2016-05-30 13:52:21', NULL, 'purchase', 2, 171, NULL, NULL, NULL, NULL, NULL, NULL, NULL),
(172, 137, NULL, NULL, 1, '2016-05-30 13:52:21', NULL, 'purchase', 2, 172, NULL, NULL, NULL, NULL, NULL, NULL, NULL),
(173, 153, NULL, NULL, 1, '2016-05-30 13:52:22', NULL, 'purchase', 2, 173, NULL, NULL, NULL, NULL, NULL, NULL, NULL),
(174, 154, NULL, NULL, 1, '2016-05-30 13:52:22', NULL, 'purchase', 2, 174, NULL, NULL, NULL, NULL, NULL, NULL, NULL),
(175, 155, NULL, NULL, 1, '2016-05-30 13:52:22', NULL, 'purchase', 2, 175, NULL, NULL, NULL, NULL, NULL, NULL, NULL),
(176, 156, NULL, NULL, 1, '2016-05-30 13:52:23', NULL, 'purchase', 2, 176, NULL, NULL, NULL, NULL, NULL, NULL, NULL),
(177, 157, NULL, NULL, 1, '2016-05-30 13:52:23', NULL, 'purchase', 2, 177, NULL, NULL, NULL, NULL, NULL, NULL, NULL),
(178, 158, NULL, NULL, 1, '2016-05-30 13:52:23', NULL, 'purchase', 2, 178, NULL, NULL, NULL, NULL, NULL, NULL, NULL),
(179, 152, NULL, NULL, 1, '2016-05-30 13:52:23', NULL, 'purchase', 2, 179, NULL, NULL, NULL, NULL, NULL, NULL, NULL),
(180, 159, NULL, NULL, 1, '2016-05-30 13:52:23', NULL, 'purchase', 2, 180, NULL, NULL, NULL, NULL, NULL, NULL, NULL),
(181, 160, NULL, NULL, 1, '2016-05-30 13:52:24', NULL, 'purchase', 2, 181, NULL, NULL, NULL, NULL, NULL, NULL, NULL),
(182, 161, NULL, NULL, 1, '2016-05-30 13:52:24', NULL, 'purchase', 2, 182, NULL, NULL, NULL, NULL, NULL, NULL, NULL),
(183, 162, NULL, NULL, 1, '2016-05-30 13:52:24', NULL, 'purchase', 2, 183, NULL, NULL, NULL, NULL, NULL, NULL, NULL),
(184, 163, NULL, NULL, 1, '2016-05-30 13:52:24', NULL, 'purchase', 2, 184, NULL, NULL, NULL, NULL, NULL, NULL, NULL),
(185, 164, NULL, NULL, 1, '2016-05-30 13:52:25', NULL, 'purchase', 2, 185, NULL, NULL, NULL, NULL, NULL, NULL, NULL),
(186, 165, NULL, NULL, 2, '2016-05-30 13:52:25', NULL, 'purchase', 2, 186, NULL, NULL, NULL, NULL, NULL, NULL, NULL),
(187, 166, NULL, NULL, 1, '2016-05-30 13:52:25', NULL, 'purchase', 2, 187, NULL, NULL, NULL, NULL, NULL, NULL, NULL),
(188, 167, NULL, NULL, 1, '2016-05-30 13:52:25', NULL, 'purchase', 2, 188, NULL, NULL, NULL, NULL, NULL, NULL, NULL),
(189, 168, NULL, NULL, 1, '2016-05-30 13:52:26', NULL, 'purchase', 2, 189, NULL, NULL, NULL, NULL, NULL, NULL, NULL),
(190, 169, NULL, NULL, 1, '2016-05-30 13:52:26', NULL, 'purchase', 2, 190, NULL, NULL, NULL, NULL, NULL, NULL, NULL),
(191, 170, NULL, NULL, 1, '2016-05-30 13:52:26', NULL, 'purchase', 2, 191, NULL, NULL, NULL, NULL, NULL, NULL, NULL),
(192, 171, NULL, NULL, 1, '2016-05-30 13:52:26', NULL, 'purchase', 2, 192, NULL, NULL, NULL, NULL, NULL, NULL, NULL),
(193, 172, NULL, NULL, 1, '2016-05-30 13:52:26', NULL, 'purchase', 2, 193, NULL, NULL, NULL, NULL, NULL, NULL, NULL),
(194, 173, NULL, NULL, 1, '2016-05-30 13:52:27', NULL, 'purchase', 2, 194, NULL, NULL, NULL, NULL, NULL, NULL, NULL),
(195, 174, NULL, NULL, 1, '2016-05-30 13:52:27', NULL, 'purchase', 2, 195, NULL, NULL, NULL, NULL, NULL, NULL, NULL),
(196, 175, NULL, NULL, 1, '2016-05-30 13:52:27', NULL, 'purchase', 2, 196, NULL, NULL, NULL, NULL, NULL, NULL, NULL),
(197, 176, NULL, NULL, 1, '2016-05-30 13:52:27', NULL, 'purchase', 2, 197, NULL, NULL, NULL, NULL, NULL, NULL, NULL),
(198, 177, NULL, NULL, 1, '2016-05-30 13:52:28', NULL, 'purchase', 2, 198, NULL, NULL, NULL, NULL, NULL, NULL, NULL),
(199, 174, NULL, NULL, 1, '2016-05-30 13:52:28', NULL, 'purchase', 2, 199, NULL, NULL, NULL, NULL, NULL, NULL, NULL),
(200, 178, NULL, NULL, 1, '2016-05-30 13:52:28', NULL, 'purchase', 2, 200, NULL, NULL, NULL, NULL, NULL, NULL, NULL),
(201, 173, NULL, NULL, 1, '2016-05-30 13:52:28', NULL, 'purchase', 2, 201, NULL, NULL, NULL, NULL, NULL, NULL, NULL),
(202, 179, NULL, NULL, 1, '2016-05-30 13:52:28', NULL, 'purchase', 2, 202, NULL, NULL, NULL, NULL, NULL, NULL, NULL),
(203, 180, NULL, NULL, 1, '2016-05-30 13:52:29', NULL, 'purchase', 2, 203, NULL, NULL, NULL, NULL, NULL, NULL, NULL),
(204, 181, NULL, NULL, 1, '2016-05-30 13:52:29', NULL, 'purchase', 2, 204, NULL, NULL, NULL, NULL, NULL, NULL, NULL),
(205, 182, NULL, NULL, 1, '2016-05-30 13:52:29', NULL, 'purchase', 2, 205, NULL, NULL, NULL, NULL, NULL, NULL, NULL),
(206, 183, NULL, NULL, 1, '2016-05-30 13:52:30', NULL, 'purchase', 2, 206, NULL, NULL, NULL, NULL, NULL, NULL, NULL),
(207, 184, NULL, NULL, 1, '2016-05-30 13:52:30', NULL, 'purchase', 2, 207, NULL, NULL, NULL, NULL, NULL, NULL, NULL),
(208, 185, NULL, NULL, 1, '2016-05-30 13:52:30', NULL, 'purchase', 2, 208, NULL, NULL, NULL, NULL, NULL, NULL, NULL),
(209, 186, NULL, NULL, 1, '2016-05-30 13:52:31', NULL, 'purchase', 2, 209, NULL, NULL, NULL, NULL, NULL, NULL, NULL),
(210, 187, NULL, NULL, 1, '2016-05-30 13:52:31', NULL, 'purchase', 2, 210, NULL, NULL, NULL, NULL, NULL, NULL, NULL),
(211, 188, NULL, NULL, 2, '2016-05-30 13:52:31', NULL, 'purchase', 2, 211, NULL, NULL, NULL, NULL, NULL, NULL, NULL),
(212, 182, NULL, NULL, 2, '2016-05-30 13:52:32', NULL, 'purchase', 2, 212, NULL, NULL, NULL, NULL, NULL, NULL, NULL),
(213, 189, NULL, NULL, 1, '2016-05-30 13:52:32', NULL, 'purchase', 2, 213, NULL, NULL, NULL, NULL, NULL, NULL, NULL),
(214, 190, NULL, NULL, 1, '2016-05-30 13:52:32', NULL, 'purchase', 2, 214, NULL, NULL, NULL, NULL, NULL, NULL, NULL),
(215, 191, NULL, NULL, 1, '2016-05-30 13:52:33', NULL, 'purchase', 2, 215, NULL, NULL, NULL, NULL, NULL, NULL, NULL),
(216, 192, NULL, NULL, 1, '2016-05-30 13:52:33', NULL, 'purchase', 2, 216, NULL, NULL, NULL, NULL, NULL, NULL, NULL),
(217, 193, NULL, NULL, 1, '2016-05-30 13:52:34', NULL, 'purchase', 2, 217, NULL, NULL, NULL, NULL, NULL, NULL, NULL),
(218, 189, NULL, NULL, 1, '2016-05-30 13:52:34', NULL, 'purchase', 2, 218, NULL, NULL, NULL, NULL, NULL, NULL, NULL),
(219, 182, NULL, NULL, 1, '2016-05-30 13:52:34', NULL, 'purchase', 2, 219, NULL, NULL, NULL, NULL, NULL, NULL, NULL),
(220, 194, NULL, NULL, 1, '2016-05-30 13:52:34', NULL, 'purchase', 2, 220, NULL, NULL, NULL, NULL, NULL, NULL, NULL),
(221, 195, NULL, NULL, 1, '2016-05-30 13:52:35', NULL, 'purchase', 2, 221, NULL, NULL, NULL, NULL, NULL, NULL, NULL),
(222, 196, NULL, NULL, 1, '2016-05-30 13:52:35', NULL, 'purchase', 2, 222, NULL, NULL, NULL, NULL, NULL, NULL, NULL),
(223, 197, NULL, NULL, 1, '2016-05-30 13:52:36', NULL, 'purchase', 2, 223, NULL, NULL, NULL, NULL, NULL, NULL, NULL),
(224, 198, NULL, NULL, 1, '2016-05-30 13:52:36', NULL, 'purchase', 2, 224, NULL, NULL, NULL, NULL, NULL, NULL, NULL),
(225, 199, NULL, NULL, 1, '2016-05-30 13:52:36', NULL, 'purchase', 2, 225, NULL, NULL, NULL, NULL, NULL, NULL, NULL),
(226, 200, NULL, NULL, 1, '2016-05-30 13:52:36', NULL, 'purchase', 2, 226, NULL, NULL, NULL, NULL, NULL, NULL, NULL),
(227, 194, NULL, NULL, 1, '2016-05-30 13:52:37', NULL, 'purchase', 2, 227, NULL, NULL, NULL, NULL, NULL, NULL, NULL),
(228, 201, NULL, NULL, 1, '2016-05-30 13:52:37', NULL, 'purchase', 2, 228, NULL, NULL, NULL, NULL, NULL, NULL, NULL),
(229, 202, NULL, NULL, 1, '2016-05-30 13:52:37', NULL, 'purchase', 2, 229, NULL, NULL, NULL, NULL, NULL, NULL, NULL),
(230, 203, NULL, NULL, 1, '2016-05-30 13:52:37', NULL, 'purchase', 2, 230, NULL, NULL, NULL, NULL, NULL, NULL, NULL),
(231, 204, NULL, NULL, 1, '2016-05-30 13:52:38', NULL, 'purchase', 2, 231, NULL, NULL, NULL, NULL, NULL, NULL, NULL),
(232, 205, NULL, NULL, 2, '2016-05-30 13:52:38', NULL, 'purchase', 2, 232, NULL, NULL, NULL, NULL, NULL, NULL, NULL),
(233, 206, NULL, NULL, 1, '2016-05-30 13:52:39', NULL, 'purchase', 2, 233, NULL, NULL, NULL, NULL, NULL, NULL, NULL),
(234, 207, NULL, NULL, 1, '2016-05-30 13:52:39', NULL, 'purchase', 2, 234, NULL, NULL, NULL, NULL, NULL, NULL, NULL),
(235, 208, NULL, NULL, 1, '2016-05-30 13:52:40', NULL, 'purchase', 2, 235, NULL, NULL, NULL, NULL, NULL, NULL, NULL),
(236, 209, NULL, NULL, 1, '2016-05-30 13:52:40', NULL, 'purchase', 2, 236, NULL, NULL, NULL, NULL, NULL, NULL, NULL),
(237, 210, NULL, NULL, 1, '2016-05-30 13:52:40', NULL, 'purchase', 2, 237, NULL, NULL, NULL, NULL, NULL, NULL, NULL),
(238, 211, NULL, NULL, 2, '2016-05-30 13:52:41', NULL, 'purchase', 2, 238, NULL, NULL, NULL, NULL, NULL, NULL, NULL),
(239, 212, NULL, NULL, 3, '2016-05-30 13:52:41', NULL, 'purchase', 2, 239, NULL, NULL, NULL, NULL, NULL, NULL, NULL),
(240, 213, NULL, NULL, 1, '2016-05-30 13:52:41', NULL, 'purchase', 2, 240, NULL, NULL, NULL, NULL, NULL, NULL, NULL),
(241, 214, NULL, NULL, 1, '2016-05-30 13:52:41', NULL, 'purchase', 2, 241, NULL, NULL, NULL, NULL, NULL, NULL, NULL),
(242, 215, NULL, NULL, 1, '2016-05-30 13:52:42', NULL, 'purchase', 2, 242, NULL, NULL, NULL, NULL, NULL, NULL, NULL),
(243, 216, NULL, NULL, 2, '2016-05-30 13:52:42', NULL, 'purchase', 2, 243, NULL, NULL, NULL, NULL, NULL, NULL, NULL),
(244, 217, NULL, NULL, 1, '2016-05-30 13:52:42', NULL, 'purchase', 2, 244, NULL, NULL, NULL, NULL, NULL, NULL, NULL),
(245, 217, NULL, NULL, 1, '2016-05-30 13:52:42', NULL, 'purchase', 2, 245, NULL, NULL, NULL, NULL, NULL, NULL, NULL),
(246, 218, NULL, NULL, 1, '2016-05-30 13:52:43', NULL, 'purchase', 2, 246, NULL, NULL, NULL, NULL, NULL, NULL, NULL),
(247, 219, NULL, NULL, 1, '2016-05-30 13:52:43', NULL, 'purchase', 2, 247, NULL, NULL, NULL, NULL, NULL, NULL, NULL),
(248, 218, NULL, NULL, 1, '2016-05-30 13:52:43', NULL, 'purchase', 2, 248, NULL, NULL, NULL, NULL, NULL, NULL, NULL),
(249, 219, NULL, NULL, 1, '2016-05-30 13:52:43', NULL, 'purchase', 2, 249, NULL, NULL, NULL, NULL, NULL, NULL, NULL),
(250, 220, NULL, NULL, 2, '2016-05-30 13:52:44', NULL, 'purchase', 2, 250, NULL, NULL, NULL, NULL, NULL, NULL, NULL),
(251, 221, NULL, NULL, 1, '2016-05-30 13:52:44', NULL, 'purchase', 2, 251, NULL, NULL, NULL, NULL, NULL, NULL, NULL),
(252, 221, NULL, NULL, 1, '2016-05-30 13:52:45', NULL, 'purchase', 2, 252, NULL, NULL, NULL, NULL, NULL, NULL, NULL),
(253, 222, NULL, NULL, 1, '2016-05-30 13:52:45', NULL, 'purchase', 2, 253, NULL, NULL, NULL, NULL, NULL, NULL, NULL),
(254, 223, NULL, NULL, 1, '2016-05-30 13:52:45', NULL, 'purchase', 2, 254, NULL, NULL, NULL, NULL, NULL, NULL, NULL),
(255, 224, NULL, NULL, 1, '2016-05-30 13:52:45', NULL, 'purchase', 2, 255, NULL, NULL, NULL, NULL, NULL, NULL, NULL),
(256, 225, NULL, NULL, 5, '2016-05-30 13:52:46', NULL, 'purchase', 2, 256, NULL, NULL, NULL, NULL, NULL, NULL, NULL),
(257, 226, NULL, NULL, 2, '2016-05-30 13:52:46', NULL, 'purchase', 2, 257, NULL, NULL, NULL, NULL, NULL, NULL, NULL),
(258, 209, NULL, NULL, 1, '2016-05-30 13:52:46', NULL, 'purchase', 2, 258, NULL, NULL, NULL, NULL, NULL, NULL, NULL),
(259, 227, NULL, NULL, 2, '2016-05-30 13:52:46', NULL, 'purchase', 2, 259, NULL, NULL, NULL, NULL, NULL, NULL, NULL),
(260, 216, NULL, NULL, 1, '2016-05-30 13:52:47', NULL, 'purchase', 2, 260, NULL, NULL, NULL, NULL, NULL, NULL, NULL),
(261, 208, NULL, NULL, 1, '2016-05-30 13:52:47', NULL, 'purchase', 2, 261, NULL, NULL, NULL, NULL, NULL, NULL, NULL),
(262, 228, NULL, NULL, 1, '2016-05-30 13:52:47', NULL, 'purchase', 2, 262, NULL, NULL, NULL, NULL, NULL, NULL, NULL),
(263, 229, NULL, NULL, 1, '2016-05-30 13:52:47', NULL, 'purchase', 2, 263, NULL, NULL, NULL, NULL, NULL, NULL, NULL),
(264, 230, NULL, NULL, 1, '2016-05-30 13:52:48', NULL, 'purchase', 2, 264, NULL, NULL, NULL, NULL, NULL, NULL, NULL),
(265, 231, NULL, NULL, 1, '2016-05-30 13:52:48', NULL, 'purchase', 2, 265, NULL, NULL, NULL, NULL, NULL, NULL, NULL),
(266, 232, NULL, NULL, 1, '2016-05-30 13:52:48', NULL, 'purchase', 2, 266, NULL, NULL, NULL, NULL, NULL, NULL, NULL),
(267, 233, NULL, NULL, 1, '2016-05-30 13:52:48', NULL, 'purchase', 2, 267, NULL, NULL, NULL, NULL, NULL, NULL, NULL),
(268, 234, NULL, NULL, 1, '2016-05-30 13:52:49', NULL, 'purchase', 2, 268, NULL, NULL, NULL, NULL, NULL, NULL, NULL),
(269, 235, NULL, NULL, 1, '2016-05-30 13:52:49', NULL, 'purchase', 2, 269, NULL, NULL, NULL, NULL, NULL, NULL, NULL),
(270, 236, NULL, NULL, 1, '2016-05-30 13:52:49', NULL, 'purchase', 2, 270, NULL, NULL, NULL, NULL, NULL, NULL, NULL),
(271, 237, NULL, NULL, 1, '2016-05-30 13:52:49', NULL, 'purchase', 2, 271, NULL, NULL, NULL, NULL, NULL, NULL, NULL),
(272, 238, NULL, NULL, 1, '2016-05-30 13:52:50', NULL, 'purchase', 2, 272, NULL, NULL, NULL, NULL, NULL, NULL, NULL),
(273, 239, NULL, NULL, 1, '2016-05-30 13:52:50', NULL, 'purchase', 2, 273, NULL, NULL, NULL, NULL, NULL, NULL, NULL),
(274, 240, NULL, NULL, 1, '2016-05-30 13:52:50', NULL, 'purchase', 2, 274, NULL, NULL, NULL, NULL, NULL, NULL, NULL),
(275, 241, NULL, NULL, 2, '2016-05-30 13:52:50', NULL, 'purchase', 2, 275, NULL, NULL, NULL, NULL, NULL, NULL, NULL),
(276, 242, NULL, NULL, 2, '2016-05-30 13:52:51', NULL, 'purchase', 2, 276, NULL, NULL, NULL, NULL, NULL, NULL, NULL),
(277, 243, NULL, NULL, 2, '2016-05-30 13:52:51', NULL, 'purchase', 2, 277, NULL, NULL, NULL, NULL, NULL, NULL, NULL),
(278, 244, NULL, NULL, 2, '2016-05-30 13:52:51', NULL, 'purchase', 2, 278, NULL, NULL, NULL, NULL, NULL, NULL, NULL),
(279, 245, NULL, NULL, 2, '2016-05-30 13:52:51', NULL, 'purchase', 2, 279, NULL, NULL, NULL, NULL, NULL, NULL, NULL),
(280, 246, NULL, NULL, 1, '2016-05-30 13:52:52', NULL, 'purchase', 2, 280, NULL, NULL, NULL, NULL, NULL, NULL, NULL),
(281, 247, NULL, NULL, 1, '2016-05-30 13:52:52', NULL, 'purchase', 2, 281, NULL, NULL, NULL, NULL, NULL, NULL, NULL),
(282, 248, NULL, NULL, 1, '2016-05-30 13:52:52', NULL, 'purchase', 2, 282, NULL, NULL, NULL, NULL, NULL, NULL, NULL),
(283, 249, NULL, NULL, 1, '2016-05-30 13:52:52', NULL, 'purchase', 2, 283, NULL, NULL, NULL, NULL, NULL, NULL, NULL),
(284, 250, NULL, NULL, 2, '2016-05-30 13:52:53', NULL, 'purchase', 2, 284, NULL, NULL, NULL, NULL, NULL, NULL, NULL),
(285, 251, NULL, NULL, 2, '2016-05-30 13:52:53', NULL, 'purchase', 2, 285, NULL, NULL, NULL, NULL, NULL, NULL, NULL),
(286, 252, NULL, NULL, 1, '2016-05-30 13:52:53', NULL, 'purchase', 2, 286, NULL, NULL, NULL, NULL, NULL, NULL, NULL),
(287, 253, NULL, NULL, 1, '2016-05-30 13:52:53', NULL, 'purchase', 2, 287, NULL, NULL, NULL, NULL, NULL, NULL, NULL),
(288, 254, NULL, NULL, 1, '2016-05-30 13:52:53', NULL, 'purchase', 2, 288, NULL, NULL, NULL, NULL, NULL, NULL, NULL),
(289, 255, NULL, NULL, 6, '2016-05-30 13:52:54', NULL, 'purchase', 2, 289, NULL, NULL, NULL, NULL, NULL, NULL, NULL),
(290, 255, NULL, NULL, 5, '2016-05-30 13:52:55', NULL, 'purchase', 2, 290, NULL, NULL, NULL, NULL, NULL, NULL, NULL),
(291, 256, NULL, NULL, 3, '2016-05-30 13:52:56', NULL, 'purchase', 2, 291, NULL, NULL, NULL, NULL, NULL, NULL, NULL),
(292, 255, NULL, NULL, 5, '2016-05-30 13:52:56', NULL, 'purchase', 2, 292, NULL, NULL, NULL, NULL, NULL, NULL, NULL),
(293, 255, NULL, NULL, 3, '2016-05-30 13:52:56', NULL, 'purchase', 2, 293, NULL, NULL, NULL, NULL, NULL, NULL, NULL),
(294, 255, NULL, NULL, 1, '2016-05-30 13:52:56', NULL, 'purchase', 2, 294, NULL, NULL, NULL, NULL, NULL, NULL, NULL),
(295, 255, NULL, NULL, 2, '2016-05-30 13:52:56', NULL, 'purchase', 2, 295, NULL, NULL, NULL, NULL, NULL, NULL, NULL),
(296, 257, NULL, NULL, 2, '2016-05-30 13:52:57', NULL, 'purchase', 2, 296, NULL, NULL, NULL, NULL, NULL, NULL, NULL),
(297, 257, NULL, NULL, 1, '2016-05-30 13:52:57', NULL, 'purchase', 2, 297, NULL, NULL, NULL, NULL, NULL, NULL, NULL),
(298, 257, NULL, NULL, 1, '2016-05-30 13:52:58', NULL, 'purchase', 2, 298, NULL, NULL, NULL, NULL, NULL, NULL, NULL),
(299, 257, NULL, NULL, 1, '2016-05-30 13:52:58', NULL, 'purchase', 2, 299, NULL, NULL, NULL, NULL, NULL, NULL, NULL),
(300, 257, NULL, NULL, 1, '2016-05-30 13:52:58', NULL, 'purchase', 2, 300, NULL, NULL, NULL, NULL, NULL, NULL, NULL),
(301, 257, NULL, NULL, 1, '2016-05-30 13:52:58', NULL, 'purchase', 2, 301, NULL, NULL, NULL, NULL, NULL, NULL, NULL),
(302, 257, NULL, NULL, 3, '2016-05-30 13:52:58', NULL, 'purchase', 2, 302, NULL, NULL, NULL, NULL, NULL, NULL, NULL),
(303, 257, NULL, NULL, 1, '2016-05-30 13:52:59', NULL, 'purchase', 2, 303, NULL, NULL, NULL, NULL, NULL, NULL, NULL),
(304, 257, NULL, NULL, 3, '2016-05-30 13:52:59', NULL, 'purchase', 2, 304, NULL, NULL, NULL, NULL, NULL, NULL, NULL),
(305, 257, NULL, NULL, 1, '2016-05-30 13:52:59', NULL, 'purchase', 2, 305, NULL, NULL, NULL, NULL, NULL, NULL, NULL),
(306, 257, NULL, NULL, 1, '2016-05-30 13:53:00', NULL, 'purchase', 2, 306, NULL, NULL, NULL, NULL, NULL, NULL, NULL),
(307, 258, NULL, NULL, 1, '2016-05-30 13:53:00', NULL, 'purchase', 2, 307, NULL, NULL, NULL, NULL, NULL, NULL, NULL),
(308, 258, NULL, NULL, 1, '2016-05-30 13:53:00', NULL, 'purchase', 2, 308, NULL, NULL, NULL, NULL, NULL, NULL, NULL),
(309, 258, NULL, NULL, 1, '2016-05-30 13:53:01', NULL, 'purchase', 2, 309, NULL, NULL, NULL, NULL, NULL, NULL, NULL),
(310, 258, NULL, NULL, 4, '2016-05-30 13:53:01', NULL, 'purchase', 2, 310, NULL, NULL, NULL, NULL, NULL, NULL, NULL),
(311, 258, NULL, NULL, 2, '2016-05-30 13:53:01', NULL, 'purchase', 2, 311, NULL, NULL, NULL, NULL, NULL, NULL, NULL),
(312, 258, NULL, NULL, 1, '2016-05-30 13:53:01', NULL, 'purchase', 2, 312, NULL, NULL, NULL, NULL, NULL, NULL, NULL),
(313, 258, NULL, NULL, 1, '2016-05-30 13:53:02', NULL, 'purchase', 2, 313, NULL, NULL, NULL, NULL, NULL, NULL, NULL),
(314, 258, NULL, NULL, 1, '2016-05-30 13:53:02', NULL, 'purchase', 2, 314, NULL, NULL, NULL, NULL, NULL, NULL, NULL),
(315, 259, NULL, NULL, 1, '2016-05-30 13:53:03', NULL, 'purchase', 2, 315, NULL, NULL, NULL, NULL, NULL, NULL, NULL),
(316, 260, NULL, NULL, 1, '2016-05-30 13:53:03', NULL, 'purchase', 2, 316, NULL, NULL, NULL, NULL, NULL, NULL, NULL),
(317, 261, NULL, NULL, 1, '2016-05-30 13:53:03', NULL, 'purchase', 2, 317, NULL, NULL, NULL, NULL, NULL, NULL, NULL),
(318, 262, NULL, NULL, 1, '2016-05-30 13:53:03', NULL, 'purchase', 2, 318, NULL, NULL, NULL, NULL, NULL, NULL, NULL),
(319, 263, NULL, NULL, 1, '2016-05-30 13:53:04', NULL, 'purchase', 2, 319, NULL, NULL, NULL, NULL, NULL, NULL, NULL),
(320, 264, NULL, NULL, 4, '2016-05-30 13:53:04', NULL, 'purchase', 2, 320, NULL, NULL, NULL, NULL, NULL, NULL, NULL),
(321, 265, NULL, NULL, 1, '2016-05-30 13:53:05', NULL, 'purchase', 2, 321, NULL, NULL, NULL, NULL, NULL, NULL, NULL),
(322, 266, NULL, NULL, 1, '2016-05-30 13:53:05', NULL, 'purchase', 2, 322, NULL, NULL, NULL, NULL, NULL, NULL, NULL),
(323, 266, NULL, NULL, 4, '2016-05-30 13:53:05', NULL, 'purchase', 2, 323, NULL, NULL, NULL, NULL, NULL, NULL, NULL),
(324, 267, NULL, NULL, 4, '2016-05-30 13:53:06', NULL, 'purchase', 2, 324, NULL, NULL, NULL, NULL, NULL, NULL, NULL),
(325, 268, NULL, NULL, 1, '2016-05-30 13:53:06', NULL, 'purchase', 2, 325, NULL, NULL, NULL, NULL, NULL, NULL, NULL),
(326, 269, NULL, NULL, 14, '2016-05-30 13:53:06', NULL, 'purchase', 2, 326, NULL, NULL, NULL, NULL, NULL, NULL, NULL),
(327, 270, NULL, NULL, 1, '2016-05-30 13:53:07', NULL, 'purchase', 2, 327, NULL, NULL, NULL, NULL, NULL, NULL, NULL),
(328, 271, NULL, NULL, 1, '2016-05-30 13:53:07', NULL, 'purchase', 2, 328, NULL, NULL, NULL, NULL, NULL, NULL, NULL),
(329, 272, NULL, NULL, 2, '2016-05-30 13:53:07', NULL, 'purchase', 2, 329, NULL, NULL, NULL, NULL, NULL, NULL, NULL),
(330, 273, NULL, NULL, 2, '2016-05-30 13:53:08', NULL, 'purchase', 2, 330, NULL, NULL, NULL, NULL, NULL, NULL, NULL),
(331, 274, NULL, NULL, 1, '2016-05-30 13:53:08', NULL, 'purchase', 2, 331, NULL, NULL, NULL, NULL, NULL, NULL, NULL),
(332, 275, NULL, NULL, 1, '2016-05-30 13:53:08', NULL, 'purchase', 2, 332, NULL, NULL, NULL, NULL, NULL, NULL, NULL),
(333, 276, NULL, NULL, 1, '2016-05-30 13:53:09', NULL, 'purchase', 2, 333, NULL, NULL, NULL, NULL, NULL, NULL, NULL),
(334, 277, NULL, NULL, 1, '2016-05-30 13:53:09', NULL, 'purchase', 2, 334, NULL, NULL, NULL, NULL, NULL, NULL, NULL),
(335, 278, NULL, NULL, 1, '2016-05-30 13:53:10', NULL, 'purchase', 2, 335, NULL, NULL, NULL, NULL, NULL, NULL, NULL),
(336, 279, NULL, NULL, 1, '2016-05-30 13:53:10', NULL, 'purchase', 2, 336, NULL, NULL, NULL, NULL, NULL, NULL, NULL),
(337, 280, NULL, NULL, 1, '2016-05-30 13:53:11', NULL, 'purchase', 2, 337, NULL, NULL, NULL, NULL, NULL, NULL, NULL),
(338, 281, NULL, NULL, 1, '2016-05-30 13:53:11', NULL, 'purchase', 2, 338, NULL, NULL, NULL, NULL, NULL, NULL, NULL),
(339, 282, NULL, NULL, 2, '2016-05-30 13:53:11', NULL, 'purchase', 2, 339, NULL, NULL, NULL, NULL, NULL, NULL, NULL),
(340, 283, NULL, NULL, 1, '2016-05-30 13:53:12', NULL, 'purchase', 2, 340, NULL, NULL, NULL, NULL, NULL, NULL, NULL),
(341, 284, NULL, NULL, 1, '2016-05-30 13:53:13', NULL, 'purchase', 2, 341, NULL, NULL, NULL, NULL, NULL, NULL, NULL),
(342, 285, NULL, NULL, 2, '2016-05-30 13:53:13', NULL, 'purchase', 2, 342, NULL, NULL, NULL, NULL, NULL, NULL, NULL),
(343, 286, NULL, NULL, 1, '2016-05-30 13:53:13', NULL, 'purchase', 2, 343, NULL, NULL, NULL, NULL, NULL, NULL, NULL),
(344, 287, NULL, NULL, 3, '2016-05-30 13:53:13', NULL, 'purchase', 2, 344, NULL, NULL, NULL, NULL, NULL, NULL, NULL),
(345, 288, NULL, NULL, 1, '2016-05-30 13:53:14', NULL, 'purchase', 2, 345, NULL, NULL, NULL, NULL, NULL, NULL, NULL),
(346, 289, NULL, NULL, 2, '2016-05-30 13:53:14', NULL, 'purchase', 2, 346, NULL, NULL, NULL, NULL, NULL, NULL, NULL),
(347, 290, NULL, NULL, 1, '2016-05-30 13:53:15', NULL, 'purchase', 2, 347, NULL, NULL, NULL, NULL, NULL, NULL, NULL),
(348, 291, NULL, NULL, 1, '2016-05-30 13:53:15', NULL, 'purchase', 2, 348, NULL, NULL, NULL, NULL, NULL, NULL, NULL),
(349, 292, NULL, NULL, 1, '2016-05-30 13:53:15', NULL, 'purchase', 2, 349, NULL, NULL, NULL, NULL, NULL, NULL, NULL),
(350, 293, NULL, NULL, 1, '2016-05-30 13:53:16', NULL, 'purchase', 2, 350, NULL, NULL, NULL, NULL, NULL, NULL, NULL),
(351, 294, NULL, NULL, 1, '2016-05-30 13:53:16', NULL, 'purchase', 2, 351, NULL, NULL, NULL, NULL, NULL, NULL, NULL),
(352, 295, NULL, NULL, 1, '2016-05-30 13:53:17', NULL, 'purchase', 2, 352, NULL, NULL, NULL, NULL, NULL, NULL, NULL),
(353, 296, NULL, NULL, 1, '2016-05-30 13:53:17', NULL, 'purchase', 2, 353, NULL, NULL, NULL, NULL, NULL, NULL, NULL),
(354, 297, NULL, NULL, 2, '2016-05-30 13:53:17', NULL, 'purchase', 2, 354, NULL, NULL, NULL, NULL, NULL, NULL, NULL),
(355, 296, NULL, NULL, 1, '2016-05-30 13:53:18', NULL, 'purchase', 2, 355, NULL, NULL, NULL, NULL, NULL, NULL, NULL),
(356, 298, NULL, NULL, 1, '2016-05-30 13:53:18', NULL, 'purchase', 2, 356, NULL, NULL, NULL, NULL, NULL, NULL, NULL),
(357, 299, NULL, NULL, 1, '2016-05-30 13:53:18', NULL, 'purchase', 2, 357, NULL, NULL, NULL, NULL, NULL, NULL, NULL),
(358, 300, NULL, NULL, 1, '2016-05-30 13:53:19', NULL, 'purchase', 2, 358, NULL, NULL, NULL, NULL, NULL, NULL, NULL),
(359, 299, NULL, NULL, 1, '2016-05-30 13:53:19', NULL, 'purchase', 2, 359, NULL, NULL, NULL, NULL, NULL, NULL, NULL),
(360, 301, NULL, NULL, 1, '2016-05-30 13:53:19', NULL, 'purchase', 2, 360, NULL, NULL, NULL, NULL, NULL, NULL, NULL),
(361, 302, NULL, NULL, 1, '2016-05-30 13:53:20', NULL, 'purchase', 2, 361, NULL, NULL, NULL, NULL, NULL, NULL, NULL),
(362, 303, NULL, NULL, 2, '2016-05-30 13:53:20', NULL, 'purchase', 2, 362, NULL, NULL, NULL, NULL, NULL, NULL, NULL),
(363, 304, NULL, NULL, 2, '2016-05-30 13:53:20', NULL, 'purchase', 2, 363, NULL, NULL, NULL, NULL, NULL, NULL, NULL),
(364, 305, NULL, NULL, 2, '2016-05-30 13:53:21', NULL, 'purchase', 2, 364, NULL, NULL, NULL, NULL, NULL, NULL, NULL),
(365, 306, NULL, NULL, 1, '2016-05-30 13:53:21', NULL, 'purchase', 2, 365, NULL, NULL, NULL, NULL, NULL, NULL, NULL),
(366, 307, NULL, NULL, 1, '2016-05-30 13:53:21', NULL, 'purchase', 2, 366, NULL, NULL, NULL, NULL, NULL, NULL, NULL),
(367, 308, NULL, NULL, 1, '2016-05-30 13:53:21', NULL, 'purchase', 2, 367, NULL, NULL, NULL, NULL, NULL, NULL, NULL),
(368, 309, NULL, NULL, 1, '2016-05-30 13:53:22', NULL, 'purchase', 2, 368, NULL, NULL, NULL, NULL, NULL, NULL, NULL),
(369, 310, NULL, NULL, 1, '2016-05-30 13:53:22', NULL, 'purchase', 2, 369, NULL, NULL, NULL, NULL, NULL, NULL, NULL),
(370, 311, NULL, NULL, 1, '2016-05-30 13:53:22', NULL, 'purchase', 2, 370, NULL, NULL, NULL, NULL, NULL, NULL, NULL),
(371, 312, NULL, NULL, 1, '2016-05-30 13:53:22', NULL, 'purchase', 2, 371, NULL, NULL, NULL, NULL, NULL, NULL, NULL),
(372, 313, NULL, NULL, 1, '2016-05-30 13:53:23', NULL, 'purchase', 2, 372, NULL, NULL, NULL, NULL, NULL, NULL, NULL),
(373, 314, NULL, NULL, 1, '2016-05-30 13:53:23', NULL, 'purchase', 2, 373, NULL, NULL, NULL, NULL, NULL, NULL, NULL),
(374, 315, NULL, NULL, 1, '2016-05-30 13:53:23', NULL, 'purchase', 2, 374, NULL, NULL, NULL, NULL, NULL, NULL, NULL),
(375, 316, NULL, NULL, 18, '2016-05-30 13:53:24', NULL, 'purchase', 2, 375, NULL, NULL, NULL, NULL, NULL, NULL, NULL),
(376, 317, NULL, NULL, 1, '2016-05-30 13:53:24', NULL, 'purchase', 2, 376, NULL, NULL, NULL, NULL, NULL, NULL, NULL),
(377, 318, NULL, NULL, 2, '2016-05-30 13:53:25', NULL, 'purchase', 2, 377, NULL, NULL, NULL, NULL, NULL, NULL, NULL),
(378, 316, NULL, NULL, 2, '2016-05-30 13:53:25', NULL, 'purchase', 2, 378, NULL, NULL, NULL, NULL, NULL, NULL, NULL),
(379, 319, NULL, NULL, 2, '2016-05-30 13:53:25', NULL, 'purchase', 2, 379, NULL, NULL, NULL, NULL, NULL, NULL, NULL),
(380, 316, NULL, NULL, 5, '2016-05-30 13:53:25', NULL, 'purchase', 2, 380, NULL, NULL, NULL, NULL, NULL, NULL, NULL),
(381, 320, NULL, NULL, 1, '2016-05-30 13:53:26', NULL, 'purchase', 2, 381, NULL, NULL, NULL, NULL, NULL, NULL, NULL),
(382, 321, NULL, NULL, 1, '2016-05-30 13:53:26', NULL, 'purchase', 2, 382, NULL, NULL, NULL, NULL, NULL, NULL, NULL),
(383, 316, NULL, NULL, 3, '2016-05-30 13:53:26', NULL, 'purchase', 2, 383, NULL, NULL, NULL, NULL, NULL, NULL, NULL),
(384, 322, NULL, NULL, 1, '2016-05-30 13:53:27', NULL, 'purchase', 2, 384, NULL, NULL, NULL, NULL, NULL, NULL, NULL),
(385, 323, NULL, NULL, 1, '2016-05-30 13:53:27', NULL, 'purchase', 2, 385, NULL, NULL, NULL, NULL, NULL, NULL, NULL),
(386, 324, NULL, NULL, 1, '2016-05-30 13:53:28', NULL, 'purchase', 2, 386, NULL, NULL, NULL, NULL, NULL, NULL, NULL),
(387, 325, NULL, NULL, 1, '2016-05-30 13:53:28', NULL, 'purchase', 2, 387, NULL, NULL, NULL, NULL, NULL, NULL, NULL),
(388, 326, NULL, NULL, 1, '2016-05-30 13:53:28', NULL, 'purchase', 2, 388, NULL, NULL, NULL, NULL, NULL, NULL, NULL),
(389, 327, NULL, NULL, 1, '2016-05-30 13:53:29', NULL, 'purchase', 2, 389, NULL, NULL, NULL, NULL, NULL, NULL, NULL),
(390, 328, NULL, NULL, 1, '2016-05-30 13:53:29', NULL, 'purchase', 2, 390, NULL, NULL, NULL, NULL, NULL, NULL, NULL),
(391, 329, NULL, NULL, 2, '2016-05-30 13:53:29', NULL, 'purchase', 2, 391, NULL, NULL, NULL, NULL, NULL, NULL, NULL),
(392, 330, NULL, NULL, 1, '2016-05-30 13:53:29', NULL, 'purchase', 2, 392, NULL, NULL, NULL, NULL, NULL, NULL, NULL),
(393, 331, NULL, NULL, 1, '2016-05-30 13:53:30', NULL, 'purchase', 2, 393, NULL, NULL, NULL, NULL, NULL, NULL, NULL),
(394, 332, NULL, NULL, 2, '2016-05-30 13:53:30', NULL, 'purchase', 2, 394, NULL, NULL, NULL, NULL, NULL, NULL, NULL),
(395, 333, NULL, NULL, 4, '2016-05-30 13:53:31', NULL, 'purchase', 2, 395, NULL, NULL, NULL, NULL, NULL, NULL, NULL),
(396, 334, NULL, NULL, 1, '2016-05-30 13:53:31', NULL, 'purchase', 2, 396, NULL, NULL, NULL, NULL, NULL, NULL, NULL),
(397, 335, NULL, NULL, 1, '2016-05-30 13:53:32', NULL, 'purchase', 2, 397, NULL, NULL, NULL, NULL, NULL, NULL, NULL),
(398, 335, NULL, NULL, 2, '2016-05-30 13:53:32', NULL, 'purchase', 2, 398, NULL, NULL, NULL, NULL, NULL, NULL, NULL),
(399, 336, NULL, NULL, 2, '2016-05-30 13:53:32', NULL, 'purchase', 2, 399, NULL, NULL, NULL, NULL, NULL, NULL, NULL),
(400, 337, NULL, NULL, 2, '2016-05-30 13:53:32', NULL, 'purchase', 2, 400, NULL, NULL, NULL, NULL, NULL, NULL, NULL),
(401, 338, NULL, NULL, 4, '2016-05-30 13:53:33', NULL, 'purchase', 2, 401, NULL, NULL, NULL, NULL, NULL, NULL, NULL),
(402, 333, NULL, NULL, 1, '2016-05-30 13:53:33', NULL, 'purchase', 2, 402, NULL, NULL, NULL, NULL, NULL, NULL, NULL),
(403, 339, NULL, NULL, 4, '2016-05-30 13:53:33', NULL, 'purchase', 2, 403, NULL, NULL, NULL, NULL, NULL, NULL, NULL),
(404, 340, NULL, NULL, 2, '2016-05-30 13:53:34', NULL, 'purchase', 2, 404, NULL, NULL, NULL, NULL, NULL, NULL, NULL),
(405, 341, NULL, NULL, 2, '2016-05-30 13:53:34', NULL, 'purchase', 2, 405, NULL, NULL, NULL, NULL, NULL, NULL, NULL),
(406, 334, NULL, NULL, 2, '2016-05-30 13:53:34', NULL, 'purchase', 2, 406, NULL, NULL, NULL, NULL, NULL, NULL, NULL),
(407, 342, NULL, NULL, 1, '2016-05-30 13:53:34', NULL, 'purchase', 2, 407, NULL, NULL, NULL, NULL, NULL, NULL, NULL),
(408, 335, NULL, NULL, 1, '2016-05-30 13:53:34', NULL, 'purchase', 2, 408, NULL, NULL, NULL, NULL, NULL, NULL, NULL),
(409, 337, NULL, NULL, 2, '2016-05-30 13:53:35', NULL, 'purchase', 2, 409, NULL, NULL, NULL, NULL, NULL, NULL, NULL),
(410, 341, NULL, NULL, 2, '2016-05-30 13:53:35', NULL, 'purchase', 2, 410, NULL, NULL, NULL, NULL, NULL, NULL, NULL),
(411, 334, NULL, NULL, 1, '2016-05-30 13:53:35', NULL, 'purchase', 2, 411, NULL, NULL, NULL, NULL, NULL, NULL, NULL),
(412, 336, NULL, NULL, 1, '2016-05-30 13:53:35', NULL, 'purchase', 2, 412, NULL, NULL, NULL, NULL, NULL, NULL, NULL),
(413, 335, NULL, NULL, 2, '2016-05-30 13:53:36', NULL, 'purchase', 2, 413, NULL, NULL, NULL, NULL, NULL, NULL, NULL),
(414, 334, NULL, NULL, 3, '2016-05-30 13:53:36', NULL, 'purchase', 2, 414, NULL, NULL, NULL, NULL, NULL, NULL, NULL),
(415, 333, NULL, NULL, 1, '2016-05-30 13:53:36', NULL, 'purchase', 2, 415, NULL, NULL, NULL, NULL, NULL, NULL, NULL),
(416, 341, NULL, NULL, 2, '2016-05-30 13:53:36', NULL, 'purchase', 2, 416, NULL, NULL, NULL, NULL, NULL, NULL, NULL),
(417, 335, NULL, NULL, 1, '2016-05-30 13:53:36', NULL, 'purchase', 2, 417, NULL, NULL, NULL, NULL, NULL, NULL, NULL),
(418, 343, NULL, NULL, 2, '2016-05-30 13:53:37', NULL, 'purchase', 2, 418, NULL, NULL, NULL, NULL, NULL, NULL, NULL),
(419, 344, NULL, NULL, 1, '2016-05-30 13:53:37', NULL, 'purchase', 2, 419, NULL, NULL, NULL, NULL, NULL, NULL, NULL),
(420, 345, NULL, NULL, 2, '2016-05-30 13:53:37', NULL, 'purchase', 2, 420, NULL, NULL, NULL, NULL, NULL, NULL, NULL),
(421, 346, NULL, NULL, 3, '2016-05-30 13:53:38', NULL, 'purchase', 2, 421, NULL, NULL, NULL, NULL, NULL, NULL, NULL),
(422, 347, NULL, NULL, 1, '2016-05-30 13:53:38', NULL, 'purchase', 2, 422, NULL, NULL, NULL, NULL, NULL, NULL, NULL),
(423, 348, NULL, NULL, 2, '2016-05-30 13:53:39', NULL, 'purchase', 2, 423, NULL, NULL, NULL, NULL, NULL, NULL, NULL),
(424, 349, NULL, NULL, 1, '2016-05-30 13:53:39', NULL, 'purchase', 2, 424, NULL, NULL, NULL, NULL, NULL, NULL, NULL),
(425, 337, NULL, NULL, 2, '2016-05-30 13:53:39', NULL, 'purchase', 2, 425, NULL, NULL, NULL, NULL, NULL, NULL, NULL),
(426, 334, NULL, NULL, 2, '2016-05-30 13:53:39', NULL, 'purchase', 2, 426, NULL, NULL, NULL, NULL, NULL, NULL, NULL),
(427, 335, NULL, NULL, 1, '2016-05-30 13:53:40', NULL, 'purchase', 2, 427, NULL, NULL, NULL, NULL, NULL, NULL, NULL),
(428, 341, NULL, NULL, 1, '2016-05-30 13:53:40', NULL, 'purchase', 2, 428, NULL, NULL, NULL, NULL, NULL, NULL, NULL),
(429, 350, NULL, NULL, 1, '2016-05-30 13:53:40', NULL, 'purchase', 2, 429, NULL, NULL, NULL, NULL, NULL, NULL, NULL),
(430, 341, NULL, NULL, 2, '2016-05-30 13:53:40', NULL, 'purchase', 2, 430, NULL, NULL, NULL, NULL, NULL, NULL, NULL),
(431, 339, NULL, NULL, 1, '2016-05-30 13:53:40', NULL, 'purchase', 2, 431, NULL, NULL, NULL, NULL, NULL, NULL, NULL);
INSERT INTO `StockItem` (`id`, `item_id`, `vendor_id`, `category_id`, `quantity`, `created`, `country_id`, `process`, `inventoryConfig_id`, `purchaseItem_id`, `salesItem_id`, `purchaseReturnItem_id`, `salesReturnItem_id`, `purchaseReplaceItem_id`, `salesItemReplace_id`, `damage_id`, `createdBy_id`) VALUES
(432, 351, NULL, NULL, 1, '2016-05-30 13:53:41', NULL, 'purchase', 2, 432, NULL, NULL, NULL, NULL, NULL, NULL, NULL),
(433, 352, NULL, NULL, 1, '2016-05-30 13:53:41', NULL, 'purchase', 2, 433, NULL, NULL, NULL, NULL, NULL, NULL, NULL),
(434, 353, NULL, NULL, 2, '2016-05-30 13:53:42', NULL, 'purchase', 2, 434, NULL, NULL, NULL, NULL, NULL, NULL, NULL),
(435, 354, NULL, NULL, 2, '2016-05-30 13:53:43', NULL, 'purchase', 2, 435, NULL, NULL, NULL, NULL, NULL, NULL, NULL),
(436, 353, NULL, NULL, 2, '2016-05-30 13:53:43', NULL, 'purchase', 2, 436, NULL, NULL, NULL, NULL, NULL, NULL, NULL),
(437, 355, NULL, NULL, 1, '2016-05-30 13:53:43', NULL, 'purchase', 2, 437, NULL, NULL, NULL, NULL, NULL, NULL, NULL),
(438, 356, NULL, NULL, 1, '2016-05-30 13:53:44', NULL, 'purchase', 2, 438, NULL, NULL, NULL, NULL, NULL, NULL, NULL),
(439, 357, NULL, NULL, 1, '2016-05-30 13:53:44', NULL, 'purchase', 2, 439, NULL, NULL, NULL, NULL, NULL, NULL, NULL),
(440, 357, NULL, NULL, 1, '2016-05-30 13:53:44', NULL, 'purchase', 2, 440, NULL, NULL, NULL, NULL, NULL, NULL, NULL),
(441, 358, NULL, NULL, 1, '2016-05-30 13:53:44', NULL, 'purchase', 2, 441, NULL, NULL, NULL, NULL, NULL, NULL, NULL),
(442, 359, NULL, NULL, 1, '2016-05-30 13:53:45', NULL, 'purchase', 2, 442, NULL, NULL, NULL, NULL, NULL, NULL, NULL),
(443, 354, NULL, NULL, 1, '2016-05-30 13:53:45', NULL, 'purchase', 2, 443, NULL, NULL, NULL, NULL, NULL, NULL, NULL),
(444, 360, NULL, NULL, 1, '2016-05-30 13:53:45', NULL, 'purchase', 2, 444, NULL, NULL, NULL, NULL, NULL, NULL, NULL),
(445, 361, NULL, NULL, 1, '2016-05-30 13:53:46', NULL, 'purchase', 2, 445, NULL, NULL, NULL, NULL, NULL, NULL, NULL),
(446, 361, NULL, NULL, 1, '2016-05-30 13:53:46', NULL, 'purchase', 2, 446, NULL, NULL, NULL, NULL, NULL, NULL, NULL),
(447, 362, NULL, NULL, 1, '2016-05-30 13:53:46', NULL, 'purchase', 2, 447, NULL, NULL, NULL, NULL, NULL, NULL, NULL),
(448, 363, NULL, NULL, 1, '2016-05-30 13:53:47', NULL, 'purchase', 2, 448, NULL, NULL, NULL, NULL, NULL, NULL, NULL),
(449, 364, NULL, NULL, 1, '2016-05-30 13:53:47', NULL, 'purchase', 2, 449, NULL, NULL, NULL, NULL, NULL, NULL, NULL),
(450, 365, NULL, NULL, 1, '2016-05-30 13:53:48', NULL, 'purchase', 2, 450, NULL, NULL, NULL, NULL, NULL, NULL, NULL),
(451, 366, NULL, NULL, 1, '2016-05-30 13:53:48', NULL, 'purchase', 2, 451, NULL, NULL, NULL, NULL, NULL, NULL, NULL),
(452, 367, NULL, NULL, 1, '2016-05-30 13:53:49', NULL, 'purchase', 2, 452, NULL, NULL, NULL, NULL, NULL, NULL, NULL),
(453, 368, NULL, NULL, 1, '2016-05-30 13:53:49', NULL, 'purchase', 2, 453, NULL, NULL, NULL, NULL, NULL, NULL, NULL),
(454, 369, NULL, NULL, 2, '2016-05-30 13:53:50', NULL, 'purchase', 2, 454, NULL, NULL, NULL, NULL, NULL, NULL, NULL),
(455, 370, NULL, NULL, 1, '2016-05-30 13:53:50', NULL, 'purchase', 2, 455, NULL, NULL, NULL, NULL, NULL, NULL, NULL),
(456, 371, NULL, NULL, 1, '2016-05-30 13:53:50', NULL, 'purchase', 2, 456, NULL, NULL, NULL, NULL, NULL, NULL, NULL),
(457, 372, NULL, NULL, 1, '2016-05-30 13:53:51', NULL, 'purchase', 2, 457, NULL, NULL, NULL, NULL, NULL, NULL, NULL),
(458, 373, NULL, NULL, 2, '2016-05-30 13:53:51', NULL, 'purchase', 2, 458, NULL, NULL, NULL, NULL, NULL, NULL, NULL),
(459, 374, NULL, NULL, 1, '2016-05-30 13:53:51', NULL, 'purchase', 2, 459, NULL, NULL, NULL, NULL, NULL, NULL, NULL),
(460, 375, NULL, NULL, 1, '2016-05-30 13:53:52', NULL, 'purchase', 2, 460, NULL, NULL, NULL, NULL, NULL, NULL, NULL),
(461, 376, NULL, NULL, 1, '2016-05-30 13:53:52', NULL, 'purchase', 2, 461, NULL, NULL, NULL, NULL, NULL, NULL, NULL),
(462, 377, NULL, NULL, 1, '2016-05-30 13:53:52', NULL, 'purchase', 2, 462, NULL, NULL, NULL, NULL, NULL, NULL, NULL),
(463, 378, NULL, NULL, 1, '2016-05-30 13:53:53', NULL, 'purchase', 2, 463, NULL, NULL, NULL, NULL, NULL, NULL, NULL),
(464, 379, NULL, NULL, 1, '2016-05-30 13:53:53', NULL, 'purchase', 2, 464, NULL, NULL, NULL, NULL, NULL, NULL, NULL),
(465, 380, NULL, NULL, 1, '2016-05-30 13:53:53', NULL, 'purchase', 2, 465, NULL, NULL, NULL, NULL, NULL, NULL, NULL),
(466, 381, NULL, NULL, 1, '2016-05-30 13:53:54', NULL, 'purchase', 2, 466, NULL, NULL, NULL, NULL, NULL, NULL, NULL),
(467, 382, NULL, NULL, 1, '2016-05-30 13:53:54', NULL, 'purchase', 2, 467, NULL, NULL, NULL, NULL, NULL, NULL, NULL),
(468, 383, NULL, NULL, 1, '2016-05-30 13:53:55', NULL, 'purchase', 2, 468, NULL, NULL, NULL, NULL, NULL, NULL, NULL),
(469, 384, NULL, NULL, 1, '2016-05-30 13:53:55', NULL, 'purchase', 2, 469, NULL, NULL, NULL, NULL, NULL, NULL, NULL),
(470, 385, NULL, NULL, 1, '2016-05-30 13:53:55', NULL, 'purchase', 2, 470, NULL, NULL, NULL, NULL, NULL, NULL, NULL),
(471, 386, NULL, NULL, 1, '2016-05-30 13:53:56', NULL, 'purchase', 2, 471, NULL, NULL, NULL, NULL, NULL, NULL, NULL),
(472, 387, NULL, NULL, 1, '2016-05-30 13:53:56', NULL, 'purchase', 2, 472, NULL, NULL, NULL, NULL, NULL, NULL, NULL),
(473, 385, NULL, NULL, 1, '2016-05-30 13:53:56', NULL, 'purchase', 2, 473, NULL, NULL, NULL, NULL, NULL, NULL, NULL),
(474, 388, NULL, NULL, 1, '2016-05-30 13:53:57', NULL, 'purchase', 2, 474, NULL, NULL, NULL, NULL, NULL, NULL, NULL),
(475, 389, NULL, NULL, 1, '2016-05-30 13:53:57', NULL, 'purchase', 2, 475, NULL, NULL, NULL, NULL, NULL, NULL, NULL),
(476, 390, NULL, NULL, 1, '2016-05-30 13:53:57', NULL, 'purchase', 2, 476, NULL, NULL, NULL, NULL, NULL, NULL, NULL),
(477, 391, NULL, NULL, 1, '2016-05-30 13:53:58', NULL, 'purchase', 2, 477, NULL, NULL, NULL, NULL, NULL, NULL, NULL),
(478, 389, NULL, NULL, 1, '2016-05-30 13:53:58', NULL, 'purchase', 2, 478, NULL, NULL, NULL, NULL, NULL, NULL, NULL),
(479, 392, NULL, NULL, 1, '2016-05-30 13:53:58', NULL, 'purchase', 2, 479, NULL, NULL, NULL, NULL, NULL, NULL, NULL),
(480, 393, NULL, NULL, 1, '2016-05-30 13:53:59', NULL, 'purchase', 2, 480, NULL, NULL, NULL, NULL, NULL, NULL, NULL),
(481, 394, NULL, NULL, 1, '2016-05-30 13:53:59', NULL, 'purchase', 2, 481, NULL, NULL, NULL, NULL, NULL, NULL, NULL),
(482, 395, NULL, NULL, 1, '2016-05-30 13:53:59', NULL, 'purchase', 2, 482, NULL, NULL, NULL, NULL, NULL, NULL, NULL),
(483, 396, NULL, NULL, 1, '2016-05-30 13:54:00', NULL, 'purchase', 2, 483, NULL, NULL, NULL, NULL, NULL, NULL, NULL),
(484, 397, NULL, NULL, 1, '2016-05-30 13:54:00', NULL, 'purchase', 2, 484, NULL, NULL, NULL, NULL, NULL, NULL, NULL),
(485, 393, NULL, NULL, 1, '2016-05-30 13:54:01', NULL, 'purchase', 2, 485, NULL, NULL, NULL, NULL, NULL, NULL, NULL),
(486, 398, NULL, NULL, 1, '2016-05-30 13:54:01', NULL, 'purchase', 2, 486, NULL, NULL, NULL, NULL, NULL, NULL, NULL),
(487, 399, NULL, NULL, 1, '2016-05-30 13:54:01', NULL, 'purchase', 2, 487, NULL, NULL, NULL, NULL, NULL, NULL, NULL),
(488, 400, NULL, NULL, 1, '2016-05-30 13:54:02', NULL, 'purchase', 2, 488, NULL, NULL, NULL, NULL, NULL, NULL, NULL),
(489, 401, NULL, NULL, 1, '2016-05-30 13:54:03', NULL, 'purchase', 2, 489, NULL, NULL, NULL, NULL, NULL, NULL, NULL),
(490, 402, NULL, NULL, 1, '2016-05-30 13:54:03', NULL, 'purchase', 2, 490, NULL, NULL, NULL, NULL, NULL, NULL, NULL),
(491, 403, NULL, NULL, 2, '2016-05-30 13:54:04', NULL, 'purchase', 2, 491, NULL, NULL, NULL, NULL, NULL, NULL, NULL),
(492, 404, NULL, NULL, 1, '2016-05-30 13:54:04', NULL, 'purchase', 2, 492, NULL, NULL, NULL, NULL, NULL, NULL, NULL),
(493, 405, NULL, NULL, 2, '2016-05-30 13:54:04', NULL, 'purchase', 2, 493, NULL, NULL, NULL, NULL, NULL, NULL, NULL),
(494, 406, NULL, NULL, 1, '2016-05-30 13:54:05', NULL, 'purchase', 2, 494, NULL, NULL, NULL, NULL, NULL, NULL, NULL),
(495, 407, NULL, NULL, 1, '2016-05-30 13:54:05', NULL, 'purchase', 2, 495, NULL, NULL, NULL, NULL, NULL, NULL, NULL),
(496, 408, NULL, NULL, 1, '2016-05-30 13:54:06', NULL, 'purchase', 2, 496, NULL, NULL, NULL, NULL, NULL, NULL, NULL),
(497, 409, NULL, NULL, 1, '2016-05-30 13:54:07', NULL, 'purchase', 2, 497, NULL, NULL, NULL, NULL, NULL, NULL, NULL),
(498, 410, NULL, NULL, 1, '2016-05-30 13:54:07', NULL, 'purchase', 2, 498, NULL, NULL, NULL, NULL, NULL, NULL, NULL),
(499, 411, NULL, NULL, 1, '2016-05-30 13:54:08', NULL, 'purchase', 2, 499, NULL, NULL, NULL, NULL, NULL, NULL, NULL),
(500, 412, NULL, NULL, 1, '2016-05-30 13:54:08', NULL, 'purchase', 2, 500, NULL, NULL, NULL, NULL, NULL, NULL, NULL),
(501, 413, NULL, NULL, 3, '2016-05-30 13:54:09', NULL, 'purchase', 2, 501, NULL, NULL, NULL, NULL, NULL, NULL, NULL),
(502, 414, NULL, NULL, 3, '2016-05-30 13:54:10', NULL, 'purchase', 2, 502, NULL, NULL, NULL, NULL, NULL, NULL, NULL),
(503, 415, NULL, NULL, 2, '2016-05-30 13:54:10', NULL, 'purchase', 2, 503, NULL, NULL, NULL, NULL, NULL, NULL, NULL),
(504, 416, NULL, NULL, 1, '2016-05-30 13:54:10', NULL, 'purchase', 2, 504, NULL, NULL, NULL, NULL, NULL, NULL, NULL),
(505, 417, NULL, NULL, 1, '2016-05-30 13:54:11', NULL, 'purchase', 2, 505, NULL, NULL, NULL, NULL, NULL, NULL, NULL),
(506, 404, NULL, NULL, 1, '2016-05-30 13:54:11', NULL, 'purchase', 2, 506, NULL, NULL, NULL, NULL, NULL, NULL, NULL),
(507, 418, NULL, NULL, 1, '2016-05-30 13:54:12', NULL, 'purchase', 2, 507, NULL, NULL, NULL, NULL, NULL, NULL, NULL),
(508, 419, NULL, NULL, 1, '2016-05-30 13:54:12', NULL, 'purchase', 2, 508, NULL, NULL, NULL, NULL, NULL, NULL, NULL),
(509, 420, NULL, NULL, 1, '2016-05-30 13:54:13', NULL, 'purchase', 2, 509, NULL, NULL, NULL, NULL, NULL, NULL, NULL),
(510, 421, NULL, NULL, 1, '2016-05-30 13:54:14', NULL, 'purchase', 2, 510, NULL, NULL, NULL, NULL, NULL, NULL, NULL),
(511, 422, NULL, NULL, 2, '2016-05-30 13:54:14', NULL, 'purchase', 2, 511, NULL, NULL, NULL, NULL, NULL, NULL, NULL),
(512, 423, NULL, NULL, 1, '2016-05-30 13:54:14', NULL, 'purchase', 2, 512, NULL, NULL, NULL, NULL, NULL, NULL, NULL),
(513, 424, NULL, NULL, 1, '2016-05-30 13:54:15', NULL, 'purchase', 2, 513, NULL, NULL, NULL, NULL, NULL, NULL, NULL),
(514, 425, NULL, NULL, 1, '2016-05-30 13:54:15', NULL, 'purchase', 2, 514, NULL, NULL, NULL, NULL, NULL, NULL, NULL),
(515, 426, NULL, NULL, 2, '2016-05-30 13:54:15', NULL, 'purchase', 2, 515, NULL, NULL, NULL, NULL, NULL, NULL, NULL),
(516, 427, NULL, NULL, 1, '2016-05-30 13:54:16', NULL, 'purchase', 2, 516, NULL, NULL, NULL, NULL, NULL, NULL, NULL),
(517, 428, NULL, NULL, 1, '2016-05-30 13:54:17', NULL, 'purchase', 2, 517, NULL, NULL, NULL, NULL, NULL, NULL, NULL),
(518, 429, NULL, NULL, 1, '2016-05-30 13:54:18', NULL, 'purchase', 2, 518, NULL, NULL, NULL, NULL, NULL, NULL, NULL),
(519, 430, NULL, NULL, 1, '2016-05-30 13:54:19', NULL, 'purchase', 2, 519, NULL, NULL, NULL, NULL, NULL, NULL, NULL),
(520, 429, NULL, NULL, 1, '2016-05-30 13:54:19', NULL, 'purchase', 2, 520, NULL, NULL, NULL, NULL, NULL, NULL, NULL),
(521, 430, NULL, NULL, 1, '2016-05-30 13:54:19', NULL, 'purchase', 2, 521, NULL, NULL, NULL, NULL, NULL, NULL, NULL),
(522, 431, NULL, NULL, 2, '2016-05-30 13:54:19', NULL, 'purchase', 2, 522, NULL, NULL, NULL, NULL, NULL, NULL, NULL),
(523, 432, NULL, NULL, 1, '2016-05-30 13:54:20', NULL, 'purchase', 2, 523, NULL, NULL, NULL, NULL, NULL, NULL, NULL),
(524, 433, NULL, NULL, 1, '2016-05-30 13:54:20', NULL, 'purchase', 2, 524, NULL, NULL, NULL, NULL, NULL, NULL, NULL),
(525, 434, NULL, NULL, 1, '2016-05-30 13:54:21', NULL, 'purchase', 2, 525, NULL, NULL, NULL, NULL, NULL, NULL, NULL),
(526, 435, NULL, NULL, 3, '2016-05-30 13:54:21', NULL, 'purchase', 2, 526, NULL, NULL, NULL, NULL, NULL, NULL, NULL),
(527, 436, NULL, NULL, 1, '2016-05-30 13:54:22', NULL, 'purchase', 2, 527, NULL, NULL, NULL, NULL, NULL, NULL, NULL),
(528, 437, NULL, NULL, 1, '2016-05-30 13:54:22', NULL, 'purchase', 2, 528, NULL, NULL, NULL, NULL, NULL, NULL, NULL),
(529, 438, NULL, NULL, 1, '2016-05-30 13:54:22', NULL, 'purchase', 2, 529, NULL, NULL, NULL, NULL, NULL, NULL, NULL),
(530, 439, NULL, NULL, 1, '2016-05-30 13:54:23', NULL, 'purchase', 2, 530, NULL, NULL, NULL, NULL, NULL, NULL, NULL),
(531, 439, NULL, NULL, 2, '2016-05-30 13:54:23', NULL, 'purchase', 2, 531, NULL, NULL, NULL, NULL, NULL, NULL, NULL),
(532, 440, NULL, NULL, 1, '2016-05-30 13:54:23', NULL, 'purchase', 2, 532, NULL, NULL, NULL, NULL, NULL, NULL, NULL),
(533, 433, NULL, NULL, 3, '2016-05-30 13:54:24', NULL, 'purchase', 2, 533, NULL, NULL, NULL, NULL, NULL, NULL, NULL),
(534, 441, NULL, NULL, 1, '2016-05-30 13:54:24', NULL, 'purchase', 2, 534, NULL, NULL, NULL, NULL, NULL, NULL, NULL),
(535, 442, NULL, NULL, 2, '2016-05-30 13:54:24', NULL, 'purchase', 2, 535, NULL, NULL, NULL, NULL, NULL, NULL, NULL),
(536, 430, NULL, NULL, 3, '2016-05-30 13:54:24', NULL, 'purchase', 2, 536, NULL, NULL, NULL, NULL, NULL, NULL, NULL),
(537, 443, NULL, NULL, 1, '2016-05-30 13:54:25', NULL, 'purchase', 2, 537, NULL, NULL, NULL, NULL, NULL, NULL, NULL),
(538, 444, NULL, NULL, 2, '2016-05-30 13:54:25', NULL, 'purchase', 2, 538, NULL, NULL, NULL, NULL, NULL, NULL, NULL),
(539, 445, NULL, NULL, 1, '2016-05-30 13:54:26', NULL, 'purchase', 2, 539, NULL, NULL, NULL, NULL, NULL, NULL, NULL),
(540, 446, NULL, NULL, 1, '2016-05-30 13:54:26', NULL, 'purchase', 2, 540, NULL, NULL, NULL, NULL, NULL, NULL, NULL),
(541, 435, NULL, NULL, 1, '2016-05-30 13:54:26', NULL, 'purchase', 2, 541, NULL, NULL, NULL, NULL, NULL, NULL, NULL),
(542, 447, NULL, NULL, 1, '2016-05-30 13:54:27', NULL, 'purchase', 2, 542, NULL, NULL, NULL, NULL, NULL, NULL, NULL),
(543, 448, NULL, NULL, 1, '2016-05-30 13:54:27', NULL, 'purchase', 2, 543, NULL, NULL, NULL, NULL, NULL, NULL, NULL),
(544, 449, NULL, NULL, 3, '2016-05-30 13:54:28', NULL, 'purchase', 2, 544, NULL, NULL, NULL, NULL, NULL, NULL, NULL),
(545, 436, NULL, NULL, 1, '2016-05-30 13:54:28', NULL, 'purchase', 2, 545, NULL, NULL, NULL, NULL, NULL, NULL, NULL),
(546, 448, NULL, NULL, 1, '2016-05-30 13:54:28', NULL, 'purchase', 2, 546, NULL, NULL, NULL, NULL, NULL, NULL, NULL),
(547, 443, NULL, NULL, 1, '2016-05-30 13:54:28', NULL, 'purchase', 2, 547, NULL, NULL, NULL, NULL, NULL, NULL, NULL),
(548, 450, NULL, NULL, 6, '2016-05-30 13:54:28', NULL, 'purchase', 2, 548, NULL, NULL, NULL, NULL, NULL, NULL, NULL),
(549, 451, NULL, NULL, 4, '2016-05-30 13:54:29', NULL, 'purchase', 2, 549, NULL, NULL, NULL, NULL, NULL, NULL, NULL),
(550, 452, NULL, NULL, 3, '2016-05-30 13:54:29', NULL, 'purchase', 2, 550, NULL, NULL, NULL, NULL, NULL, NULL, NULL),
(551, 451, NULL, NULL, 2, '2016-05-30 13:54:29', NULL, 'purchase', 2, 551, NULL, NULL, NULL, NULL, NULL, NULL, NULL),
(552, 452, NULL, NULL, 2, '2016-05-30 13:54:30', NULL, 'purchase', 2, 552, NULL, NULL, NULL, NULL, NULL, NULL, NULL),
(553, 450, NULL, NULL, 2, '2016-05-30 13:54:30', NULL, 'purchase', 2, 553, NULL, NULL, NULL, NULL, NULL, NULL, NULL),
(554, 439, NULL, NULL, 1, '2016-05-30 13:54:30', NULL, 'purchase', 2, 554, NULL, NULL, NULL, NULL, NULL, NULL, NULL),
(555, 446, NULL, NULL, 1, '2016-05-30 13:54:30', NULL, 'purchase', 2, 555, NULL, NULL, NULL, NULL, NULL, NULL, NULL),
(556, 442, NULL, NULL, 1, '2016-05-30 13:54:31', NULL, 'purchase', 2, 556, NULL, NULL, NULL, NULL, NULL, NULL, NULL),
(557, 431, NULL, NULL, 1, '2016-05-30 13:54:31', NULL, 'purchase', 2, 557, NULL, NULL, NULL, NULL, NULL, NULL, NULL),
(558, 444, NULL, NULL, 1, '2016-05-30 13:54:31', NULL, 'purchase', 2, 558, NULL, NULL, NULL, NULL, NULL, NULL, NULL),
(559, 443, NULL, NULL, 1, '2016-05-30 13:54:31', NULL, 'purchase', 2, 559, NULL, NULL, NULL, NULL, NULL, NULL, NULL),
(560, 446, NULL, NULL, 1, '2016-05-30 13:54:31', NULL, 'purchase', 2, 560, NULL, NULL, NULL, NULL, NULL, NULL, NULL),
(561, 439, NULL, NULL, 1, '2016-05-30 13:54:32', NULL, 'purchase', 2, 561, NULL, NULL, NULL, NULL, NULL, NULL, NULL),
(562, 447, NULL, NULL, 1, '2016-05-30 13:54:32', NULL, 'purchase', 2, 562, NULL, NULL, NULL, NULL, NULL, NULL, NULL),
(563, 444, NULL, NULL, 1, '2016-05-30 13:54:32', NULL, 'purchase', 2, 563, NULL, NULL, NULL, NULL, NULL, NULL, NULL),
(564, 453, NULL, NULL, 1, '2016-05-30 13:54:33', NULL, 'purchase', 2, 564, NULL, NULL, NULL, NULL, NULL, NULL, NULL),
(565, 454, NULL, NULL, 1, '2016-05-30 13:54:33', NULL, 'purchase', 2, 565, NULL, NULL, NULL, NULL, NULL, NULL, NULL),
(566, 455, NULL, NULL, 1, '2016-05-30 13:54:33', NULL, 'purchase', 2, 566, NULL, NULL, NULL, NULL, NULL, NULL, NULL),
(567, 450, NULL, NULL, 1, '2016-05-30 13:54:34', NULL, 'purchase', 2, 567, NULL, NULL, NULL, NULL, NULL, NULL, NULL),
(568, 451, NULL, NULL, 2, '2016-05-30 13:54:34', NULL, 'purchase', 2, 568, NULL, NULL, NULL, NULL, NULL, NULL, NULL),
(569, 450, NULL, NULL, 1, '2016-05-30 13:54:34', NULL, 'purchase', 2, 569, NULL, NULL, NULL, NULL, NULL, NULL, NULL),
(570, 454, NULL, NULL, 1, '2016-05-30 13:54:34', NULL, 'purchase', 2, 570, NULL, NULL, NULL, NULL, NULL, NULL, NULL),
(571, 456, NULL, NULL, 2, '2016-05-30 13:54:35', NULL, 'purchase', 2, 571, NULL, NULL, NULL, NULL, NULL, NULL, NULL),
(572, 457, NULL, NULL, 1, '2016-05-30 13:54:36', NULL, 'purchase', 2, 572, NULL, NULL, NULL, NULL, NULL, NULL, NULL),
(573, 458, NULL, NULL, 2, '2016-05-30 13:54:36', NULL, 'purchase', 2, 573, NULL, NULL, NULL, NULL, NULL, NULL, NULL),
(574, 459, NULL, NULL, 6, '2016-05-30 13:54:36', NULL, 'purchase', 2, 574, NULL, NULL, NULL, NULL, NULL, NULL, NULL),
(575, 460, NULL, NULL, 1, '2016-05-30 13:54:37', NULL, 'purchase', 2, 575, NULL, NULL, NULL, NULL, NULL, NULL, NULL),
(576, 460, NULL, NULL, 2, '2016-05-30 13:54:38', NULL, 'purchase', 2, 576, NULL, NULL, NULL, NULL, NULL, NULL, NULL),
(577, 461, NULL, NULL, 1, '2016-05-30 13:54:38', NULL, 'purchase', 2, 577, NULL, NULL, NULL, NULL, NULL, NULL, NULL),
(578, 462, NULL, NULL, 2, '2016-05-30 13:54:39', NULL, 'purchase', 2, 578, NULL, NULL, NULL, NULL, NULL, NULL, NULL),
(579, 463, NULL, NULL, 1, '2016-05-30 13:54:39', NULL, 'purchase', 2, 579, NULL, NULL, NULL, NULL, NULL, NULL, NULL),
(580, 464, NULL, NULL, 1, '2016-05-30 13:54:39', NULL, 'purchase', 2, 580, NULL, NULL, NULL, NULL, NULL, NULL, NULL),
(581, 465, NULL, NULL, 2, '2016-05-30 13:54:40', NULL, 'purchase', 2, 581, NULL, NULL, NULL, NULL, NULL, NULL, NULL),
(582, 466, NULL, NULL, 1, '2016-05-30 13:54:40', NULL, 'purchase', 2, 582, NULL, NULL, NULL, NULL, NULL, NULL, NULL),
(583, 467, NULL, NULL, 1, '2016-05-30 13:54:41', NULL, 'purchase', 2, 583, NULL, NULL, NULL, NULL, NULL, NULL, NULL),
(584, 468, NULL, NULL, 2, '2016-05-30 13:54:41', NULL, 'purchase', 2, 584, NULL, NULL, NULL, NULL, NULL, NULL, NULL),
(585, 469, NULL, NULL, 1, '2016-05-30 13:54:42', NULL, 'purchase', 2, 585, NULL, NULL, NULL, NULL, NULL, NULL, NULL),
(586, 470, NULL, NULL, 1, '2016-05-30 13:54:43', NULL, 'purchase', 2, 586, NULL, NULL, NULL, NULL, NULL, NULL, NULL),
(587, 471, NULL, NULL, 1, '2016-05-30 13:54:44', NULL, 'purchase', 2, 587, NULL, NULL, NULL, NULL, NULL, NULL, NULL),
(588, 472, NULL, NULL, 1, '2016-05-30 13:54:45', NULL, 'purchase', 2, 588, NULL, NULL, NULL, NULL, NULL, NULL, NULL),
(589, 473, NULL, NULL, 1, '2016-05-30 13:54:46', NULL, 'purchase', 2, 589, NULL, NULL, NULL, NULL, NULL, NULL, NULL),
(590, 474, NULL, NULL, 1, '2016-05-30 13:54:46', NULL, 'purchase', 2, 590, NULL, NULL, NULL, NULL, NULL, NULL, NULL),
(591, 475, NULL, NULL, 1, '2016-05-30 13:54:47', NULL, 'purchase', 2, 591, NULL, NULL, NULL, NULL, NULL, NULL, NULL),
(592, 476, NULL, NULL, 1, '2016-05-30 13:54:48', NULL, 'purchase', 2, 592, NULL, NULL, NULL, NULL, NULL, NULL, NULL),
(593, 477, NULL, NULL, 1, '2016-05-30 13:54:49', NULL, 'purchase', 2, 593, NULL, NULL, NULL, NULL, NULL, NULL, NULL),
(594, 478, NULL, NULL, 1, '2016-05-30 13:54:49', NULL, 'purchase', 2, 594, NULL, NULL, NULL, NULL, NULL, NULL, NULL),
(595, 479, NULL, NULL, 1, '2016-05-30 13:54:50', NULL, 'purchase', 2, 595, NULL, NULL, NULL, NULL, NULL, NULL, NULL),
(596, 471, NULL, NULL, 3, '2016-05-30 13:54:51', NULL, 'purchase', 2, 596, NULL, NULL, NULL, NULL, NULL, NULL, NULL),
(597, 480, NULL, NULL, 1, '2016-05-30 13:54:51', NULL, 'purchase', 2, 597, NULL, NULL, NULL, NULL, NULL, NULL, NULL),
(598, 481, NULL, NULL, 1, '2016-05-30 13:54:52', NULL, 'purchase', 2, 598, NULL, NULL, NULL, NULL, NULL, NULL, NULL),
(599, 482, NULL, NULL, 1, '2016-05-30 13:54:52', NULL, 'purchase', 2, 599, NULL, NULL, NULL, NULL, NULL, NULL, NULL),
(600, 483, NULL, NULL, 1, '2016-05-30 13:54:53', NULL, 'purchase', 2, 600, NULL, NULL, NULL, NULL, NULL, NULL, NULL),
(601, 471, NULL, NULL, 1, '2016-05-30 13:54:53', NULL, 'purchase', 2, 601, NULL, NULL, NULL, NULL, NULL, NULL, NULL),
(602, 476, NULL, NULL, 1, '2016-05-30 13:54:53', NULL, 'purchase', 2, 602, NULL, NULL, NULL, NULL, NULL, NULL, NULL),
(603, 484, NULL, NULL, 1, '2016-05-30 13:54:54', NULL, 'purchase', 2, 603, NULL, NULL, NULL, NULL, NULL, NULL, NULL),
(604, 485, NULL, NULL, 1, '2016-05-30 13:54:54', NULL, 'purchase', 2, 604, NULL, NULL, NULL, NULL, NULL, NULL, NULL),
(605, 486, NULL, NULL, 1, '2016-05-30 13:54:55', NULL, 'purchase', 2, 605, NULL, NULL, NULL, NULL, NULL, NULL, NULL),
(606, 476, NULL, NULL, 2, '2016-05-30 13:54:55', NULL, 'purchase', 2, 606, NULL, NULL, NULL, NULL, NULL, NULL, NULL),
(607, 487, NULL, NULL, 1, '2016-05-30 13:54:56', NULL, 'purchase', 2, 607, NULL, NULL, NULL, NULL, NULL, NULL, NULL),
(608, 476, NULL, NULL, 1, '2016-05-30 13:54:56', NULL, 'purchase', 2, 608, NULL, NULL, NULL, NULL, NULL, NULL, NULL),
(609, 488, NULL, NULL, 1, '2016-05-30 13:54:57', NULL, 'purchase', 2, 609, NULL, NULL, NULL, NULL, NULL, NULL, NULL),
(610, 489, NULL, NULL, 1, '2016-05-30 13:54:57', NULL, 'purchase', 2, 610, NULL, NULL, NULL, NULL, NULL, NULL, NULL),
(611, 472, NULL, NULL, 2, '2016-05-30 13:54:57', NULL, 'purchase', 2, 611, NULL, NULL, NULL, NULL, NULL, NULL, NULL),
(612, 490, NULL, NULL, 1, '2016-05-30 13:54:58', NULL, 'purchase', 2, 612, NULL, NULL, NULL, NULL, NULL, NULL, NULL),
(613, 491, NULL, NULL, 1, '2016-05-30 13:54:58', NULL, 'purchase', 2, 613, NULL, NULL, NULL, NULL, NULL, NULL, NULL),
(614, 492, NULL, NULL, 1, '2016-05-30 13:54:59', NULL, 'purchase', 2, 614, NULL, NULL, NULL, NULL, NULL, NULL, NULL),
(615, 487, NULL, NULL, 1, '2016-05-30 13:54:59', NULL, 'purchase', 2, 615, NULL, NULL, NULL, NULL, NULL, NULL, NULL),
(616, 493, NULL, NULL, 2, '2016-05-30 13:55:00', NULL, 'purchase', 2, 616, NULL, NULL, NULL, NULL, NULL, NULL, NULL),
(617, 472, NULL, NULL, 1, '2016-05-30 13:55:00', NULL, 'purchase', 2, 617, NULL, NULL, NULL, NULL, NULL, NULL, NULL),
(618, 490, NULL, NULL, 1, '2016-05-30 13:55:00', NULL, 'purchase', 2, 618, NULL, NULL, NULL, NULL, NULL, NULL, NULL),
(619, 471, NULL, NULL, 1, '2016-05-30 13:55:01', NULL, 'purchase', 2, 619, NULL, NULL, NULL, NULL, NULL, NULL, NULL),
(620, 478, NULL, NULL, 1, '2016-05-30 13:55:01', NULL, 'purchase', 2, 620, NULL, NULL, NULL, NULL, NULL, NULL, NULL),
(621, 490, NULL, NULL, 1, '2016-05-30 13:55:02', NULL, 'purchase', 2, 621, NULL, NULL, NULL, NULL, NULL, NULL, NULL),
(622, 494, NULL, NULL, 1, '2016-05-30 13:55:02', NULL, 'purchase', 2, 622, NULL, NULL, NULL, NULL, NULL, NULL, NULL),
(623, 495, NULL, NULL, 1, '2016-05-30 13:55:03', NULL, 'purchase', 2, 623, NULL, NULL, NULL, NULL, NULL, NULL, NULL),
(624, 494, NULL, NULL, 1, '2016-05-30 13:55:03', NULL, 'purchase', 2, 624, NULL, NULL, NULL, NULL, NULL, NULL, NULL),
(625, 470, NULL, NULL, 1, '2016-05-30 13:55:03', NULL, 'purchase', 2, 625, NULL, NULL, NULL, NULL, NULL, NULL, NULL),
(626, 496, NULL, NULL, 1, '2016-05-30 13:55:04', NULL, 'purchase', 2, 626, NULL, NULL, NULL, NULL, NULL, NULL, NULL),
(627, 497, NULL, NULL, 1, '2016-05-30 13:55:04', NULL, 'purchase', 2, 627, NULL, NULL, NULL, NULL, NULL, NULL, NULL),
(628, 498, NULL, NULL, 1, '2016-05-30 13:55:05', NULL, 'purchase', 2, 628, NULL, NULL, NULL, NULL, NULL, NULL, NULL),
(629, 499, NULL, NULL, 1, '2016-05-30 13:55:05', NULL, 'purchase', 2, 629, NULL, NULL, NULL, NULL, NULL, NULL, NULL),
(630, 500, NULL, NULL, 1, '2016-05-30 13:55:06', NULL, 'purchase', 2, 630, NULL, NULL, NULL, NULL, NULL, NULL, NULL),
(631, 501, NULL, NULL, 1, '2016-05-30 13:55:06', NULL, 'purchase', 2, 631, NULL, NULL, NULL, NULL, NULL, NULL, NULL),
(632, 502, NULL, NULL, 1, '2016-05-30 13:55:07', NULL, 'purchase', 2, 632, NULL, NULL, NULL, NULL, NULL, NULL, NULL),
(633, 503, NULL, NULL, 1, '2016-05-30 13:55:07', NULL, 'purchase', 2, 633, NULL, NULL, NULL, NULL, NULL, NULL, NULL),
(634, 504, NULL, NULL, 1, '2016-05-30 13:55:08', NULL, 'purchase', 2, 634, NULL, NULL, NULL, NULL, NULL, NULL, NULL),
(635, 505, NULL, NULL, 1, '2016-05-30 13:55:08', NULL, 'purchase', 2, 635, NULL, NULL, NULL, NULL, NULL, NULL, NULL),
(636, 506, NULL, NULL, 1, '2016-05-30 13:55:08', NULL, 'purchase', 2, 636, NULL, NULL, NULL, NULL, NULL, NULL, NULL),
(637, 507, NULL, NULL, 1, '2016-05-30 13:55:09', NULL, 'purchase', 2, 637, NULL, NULL, NULL, NULL, NULL, NULL, NULL),
(638, 478, NULL, NULL, 1, '2016-05-30 13:55:09', NULL, 'purchase', 2, 638, NULL, NULL, NULL, NULL, NULL, NULL, NULL),
(639, 508, NULL, NULL, 2, '2016-05-30 13:55:09', NULL, 'purchase', 2, 639, NULL, NULL, NULL, NULL, NULL, NULL, NULL),
(640, 509, NULL, NULL, 1, '2016-05-30 13:55:10', NULL, 'purchase', 2, 640, NULL, NULL, NULL, NULL, NULL, NULL, NULL),
(641, 498, NULL, NULL, 1, '2016-05-30 13:55:10', NULL, 'purchase', 2, 641, NULL, NULL, NULL, NULL, NULL, NULL, NULL),
(642, 490, NULL, NULL, 1, '2016-05-30 13:55:10', NULL, 'purchase', 2, 642, NULL, NULL, NULL, NULL, NULL, NULL, NULL),
(643, 510, NULL, NULL, 1, '2016-05-30 13:55:11', NULL, 'purchase', 2, 643, NULL, NULL, NULL, NULL, NULL, NULL, NULL),
(644, 511, NULL, NULL, 1, '2016-05-30 13:55:11', NULL, 'purchase', 2, 644, NULL, NULL, NULL, NULL, NULL, NULL, NULL),
(645, 490, NULL, NULL, 1, '2016-05-30 13:55:11', NULL, 'purchase', 2, 645, NULL, NULL, NULL, NULL, NULL, NULL, NULL),
(646, 512, NULL, NULL, 1, '2016-05-30 13:55:12', NULL, 'purchase', 2, 646, NULL, NULL, NULL, NULL, NULL, NULL, NULL),
(647, 469, NULL, NULL, 1, '2016-05-30 13:55:12', NULL, 'purchase', 2, 647, NULL, NULL, NULL, NULL, NULL, NULL, NULL),
(648, 513, NULL, NULL, 1, '2016-05-30 13:55:13', NULL, 'purchase', 2, 648, NULL, NULL, NULL, NULL, NULL, NULL, NULL),
(649, 501, NULL, NULL, 1, '2016-05-30 13:55:13', NULL, 'purchase', 2, 649, NULL, NULL, NULL, NULL, NULL, NULL, NULL),
(650, 514, NULL, NULL, 1, '2016-05-30 13:55:13', NULL, 'purchase', 2, 650, NULL, NULL, NULL, NULL, NULL, NULL, NULL),
(651, 515, NULL, NULL, 1, '2016-05-30 13:55:14', NULL, 'purchase', 2, 651, NULL, NULL, NULL, NULL, NULL, NULL, NULL),
(652, 516, NULL, NULL, 1, '2016-05-30 13:55:14', NULL, 'purchase', 2, 652, NULL, NULL, NULL, NULL, NULL, NULL, NULL),
(653, 507, NULL, NULL, 1, '2016-05-30 13:55:14', NULL, 'purchase', 2, 653, NULL, NULL, NULL, NULL, NULL, NULL, NULL),
(654, 517, NULL, NULL, 1, '2016-05-30 13:55:15', NULL, 'purchase', 2, 654, NULL, NULL, NULL, NULL, NULL, NULL, NULL),
(655, 518, NULL, NULL, 1, '2016-05-30 13:55:15', NULL, 'purchase', 2, 655, NULL, NULL, NULL, NULL, NULL, NULL, NULL),
(656, 473, NULL, NULL, 1, '2016-05-30 13:55:16', NULL, 'purchase', 2, 656, NULL, NULL, NULL, NULL, NULL, NULL, NULL),
(657, 492, NULL, NULL, 1, '2016-05-30 13:55:16', NULL, 'purchase', 2, 657, NULL, NULL, NULL, NULL, NULL, NULL, NULL),
(658, 501, NULL, NULL, 1, '2016-05-30 13:55:16', NULL, 'purchase', 2, 658, NULL, NULL, NULL, NULL, NULL, NULL, NULL),
(659, 493, NULL, NULL, 1, '2016-05-30 13:55:16', NULL, 'purchase', 2, 659, NULL, NULL, NULL, NULL, NULL, NULL, NULL),
(660, 479, NULL, NULL, 1, '2016-05-30 13:55:16', NULL, 'purchase', 2, 660, NULL, NULL, NULL, NULL, NULL, NULL, NULL),
(661, 506, NULL, NULL, 1, '2016-05-30 13:55:17', NULL, 'purchase', 2, 661, NULL, NULL, NULL, NULL, NULL, NULL, NULL),
(662, 519, NULL, NULL, 1, '2016-05-30 13:55:17', NULL, 'purchase', 2, 662, NULL, NULL, NULL, NULL, NULL, NULL, NULL),
(663, 520, NULL, NULL, 1, '2016-05-30 13:55:17', NULL, 'purchase', 2, 663, NULL, NULL, NULL, NULL, NULL, NULL, NULL),
(664, 521, NULL, NULL, 1, '2016-05-30 13:55:18', NULL, 'purchase', 2, 664, NULL, NULL, NULL, NULL, NULL, NULL, NULL),
(665, 471, NULL, NULL, 2, '2016-05-30 13:55:18', NULL, 'purchase', 2, 665, NULL, NULL, NULL, NULL, NULL, NULL, NULL),
(666, 514, NULL, NULL, 1, '2016-05-30 13:55:18', NULL, 'purchase', 2, 666, NULL, NULL, NULL, NULL, NULL, NULL, NULL),
(667, 513, NULL, NULL, 1, '2016-05-30 13:55:18', NULL, 'purchase', 2, 667, NULL, NULL, NULL, NULL, NULL, NULL, NULL),
(668, 478, NULL, NULL, 1, '2016-05-30 13:55:19', NULL, 'purchase', 2, 668, NULL, NULL, NULL, NULL, NULL, NULL, NULL),
(669, 506, NULL, NULL, 1, '2016-05-30 13:55:19', NULL, 'purchase', 2, 669, NULL, NULL, NULL, NULL, NULL, NULL, NULL),
(670, 472, NULL, NULL, 2, '2016-05-30 13:55:19', NULL, 'purchase', 2, 670, NULL, NULL, NULL, NULL, NULL, NULL, NULL),
(671, 479, NULL, NULL, 1, '2016-05-30 13:55:19', NULL, 'purchase', 2, 671, NULL, NULL, NULL, NULL, NULL, NULL, NULL),
(672, 504, NULL, NULL, 2, '2016-05-30 13:55:20', NULL, 'purchase', 2, 672, NULL, NULL, NULL, NULL, NULL, NULL, NULL),
(673, 522, NULL, NULL, 1, '2016-05-30 13:55:20', NULL, 'purchase', 2, 673, NULL, NULL, NULL, NULL, NULL, NULL, NULL),
(674, 478, NULL, NULL, 1, '2016-05-30 13:55:20', NULL, 'purchase', 2, 674, NULL, NULL, NULL, NULL, NULL, NULL, NULL),
(675, 476, NULL, NULL, 1, '2016-05-30 13:55:20', NULL, 'purchase', 2, 675, NULL, NULL, NULL, NULL, NULL, NULL, NULL),
(676, 523, NULL, NULL, 1, '2016-05-30 13:55:21', NULL, 'purchase', 2, 676, NULL, NULL, NULL, NULL, NULL, NULL, NULL),
(677, 487, NULL, NULL, 1, '2016-05-30 13:55:21', NULL, 'purchase', 2, 677, NULL, NULL, NULL, NULL, NULL, NULL, NULL),
(678, 524, NULL, NULL, 1, '2016-05-30 13:55:21', NULL, 'purchase', 2, 678, NULL, NULL, NULL, NULL, NULL, NULL, NULL),
(679, 525, NULL, NULL, 1, '2016-05-30 13:55:22', NULL, 'purchase', 2, 679, NULL, NULL, NULL, NULL, NULL, NULL, NULL),
(680, 478, NULL, NULL, 1, '2016-05-30 13:55:22', NULL, 'purchase', 2, 680, NULL, NULL, NULL, NULL, NULL, NULL, NULL),
(681, 524, NULL, NULL, 1, '2016-05-30 13:55:22', NULL, 'purchase', 2, 681, NULL, NULL, NULL, NULL, NULL, NULL, NULL),
(682, 526, NULL, NULL, 1, '2016-05-30 13:55:23', NULL, 'purchase', 2, 682, NULL, NULL, NULL, NULL, NULL, NULL, NULL),
(683, 527, NULL, NULL, 1, '2016-05-30 13:55:24', NULL, 'purchase', 2, 683, NULL, NULL, NULL, NULL, NULL, NULL, NULL),
(684, 528, NULL, NULL, 1, '2016-05-30 13:55:24', NULL, 'purchase', 2, 684, NULL, NULL, NULL, NULL, NULL, NULL, NULL),
(685, 529, NULL, NULL, 1, '2016-05-30 13:55:25', NULL, 'purchase', 2, 685, NULL, NULL, NULL, NULL, NULL, NULL, NULL),
(686, 530, NULL, NULL, 1, '2016-05-30 13:55:25', NULL, 'purchase', 2, 686, NULL, NULL, NULL, NULL, NULL, NULL, NULL),
(687, 531, NULL, NULL, 2, '2016-05-30 13:55:26', NULL, 'purchase', 2, 687, NULL, NULL, NULL, NULL, NULL, NULL, NULL),
(688, 532, NULL, NULL, 1, '2016-05-30 13:55:27', NULL, 'purchase', 2, 688, NULL, NULL, NULL, NULL, NULL, NULL, NULL),
(689, 533, NULL, NULL, 1, '2016-05-30 13:55:27', NULL, 'purchase', 2, 689, NULL, NULL, NULL, NULL, NULL, NULL, NULL),
(690, 534, NULL, NULL, 1, '2016-05-30 13:55:27', NULL, 'purchase', 2, 690, NULL, NULL, NULL, NULL, NULL, NULL, NULL),
(691, 535, NULL, NULL, 1, '2016-05-30 13:55:28', NULL, 'purchase', 2, 691, NULL, NULL, NULL, NULL, NULL, NULL, NULL),
(692, 536, NULL, NULL, 1, '2016-05-30 13:55:29', NULL, 'purchase', 2, 692, NULL, NULL, NULL, NULL, NULL, NULL, NULL),
(693, 532, NULL, NULL, 1, '2016-05-30 13:55:29', NULL, 'purchase', 2, 693, NULL, NULL, NULL, NULL, NULL, NULL, NULL),
(694, 531, NULL, NULL, 1, '2016-05-30 13:55:29', NULL, 'purchase', 2, 694, NULL, NULL, NULL, NULL, NULL, NULL, NULL),
(695, 530, NULL, NULL, 1, '2016-05-30 13:55:29', NULL, 'purchase', 2, 695, NULL, NULL, NULL, NULL, NULL, NULL, NULL),
(696, 537, NULL, NULL, 1, '2016-05-30 13:55:30', NULL, 'purchase', 2, 696, NULL, NULL, NULL, NULL, NULL, NULL, NULL),
(697, 538, NULL, NULL, 1, '2016-05-30 13:55:30', NULL, 'purchase', 2, 697, NULL, NULL, NULL, NULL, NULL, NULL, NULL),
(698, 535, NULL, NULL, 1, '2016-05-30 13:55:31', NULL, 'purchase', 2, 698, NULL, NULL, NULL, NULL, NULL, NULL, NULL),
(699, 539, NULL, NULL, 1, '2016-05-30 13:55:31', NULL, 'purchase', 2, 699, NULL, NULL, NULL, NULL, NULL, NULL, NULL),
(700, 540, NULL, NULL, 1, '2016-05-30 13:55:32', NULL, 'purchase', 2, 700, NULL, NULL, NULL, NULL, NULL, NULL, NULL),
(701, 533, NULL, NULL, 1, '2016-05-30 13:55:32', NULL, 'purchase', 2, 701, NULL, NULL, NULL, NULL, NULL, NULL, NULL),
(702, 527, NULL, NULL, 1, '2016-05-30 13:55:32', NULL, 'purchase', 2, 702, NULL, NULL, NULL, NULL, NULL, NULL, NULL),
(703, 537, NULL, NULL, 1, '2016-05-30 13:55:33', NULL, 'purchase', 2, 703, NULL, NULL, NULL, NULL, NULL, NULL, NULL),
(704, 541, NULL, NULL, 1, '2016-05-30 13:55:33', NULL, 'purchase', 2, 704, NULL, NULL, NULL, NULL, NULL, NULL, NULL),
(705, 535, NULL, NULL, 1, '2016-05-30 13:55:33', NULL, 'purchase', 2, 705, NULL, NULL, NULL, NULL, NULL, NULL, NULL),
(706, 542, NULL, NULL, 2, '2016-05-30 13:55:34', NULL, 'purchase', 2, 706, NULL, NULL, NULL, NULL, NULL, NULL, NULL),
(707, 543, NULL, NULL, 1, '2016-05-30 13:55:35', NULL, 'purchase', 2, 707, NULL, NULL, NULL, NULL, NULL, NULL, NULL),
(708, 544, NULL, NULL, 1, '2016-05-30 13:55:35', NULL, 'purchase', 2, 708, NULL, NULL, NULL, NULL, NULL, NULL, NULL),
(709, 545, NULL, NULL, 2, '2016-05-30 13:55:35', NULL, 'purchase', 2, 709, NULL, NULL, NULL, NULL, NULL, NULL, NULL),
(710, 546, NULL, NULL, 1, '2016-05-30 13:55:36', NULL, 'purchase', 2, 710, NULL, NULL, NULL, NULL, NULL, NULL, NULL),
(711, 547, NULL, NULL, 1, '2016-05-30 13:55:37', NULL, 'purchase', 2, 711, NULL, NULL, NULL, NULL, NULL, NULL, NULL),
(712, 548, NULL, NULL, 1, '2016-05-30 13:55:37', NULL, 'purchase', 2, 712, NULL, NULL, NULL, NULL, NULL, NULL, NULL),
(713, 549, NULL, NULL, 1, '2016-05-30 13:55:38', NULL, 'purchase', 2, 713, NULL, NULL, NULL, NULL, NULL, NULL, NULL),
(714, 550, NULL, NULL, 1, '2016-05-30 13:55:38', NULL, 'purchase', 2, 714, NULL, NULL, NULL, NULL, NULL, NULL, NULL),
(715, 551, NULL, NULL, 1, '2016-05-30 13:55:39', NULL, 'purchase', 2, 715, NULL, NULL, NULL, NULL, NULL, NULL, NULL),
(716, 552, NULL, NULL, 1, '2016-05-30 13:55:39', NULL, 'purchase', 2, 716, NULL, NULL, NULL, NULL, NULL, NULL, NULL),
(717, 553, NULL, NULL, 1, '2016-05-30 13:55:40', NULL, 'purchase', 2, 717, NULL, NULL, NULL, NULL, NULL, NULL, NULL),
(718, 554, NULL, NULL, 1, '2016-05-30 13:55:40', NULL, 'purchase', 2, 718, NULL, NULL, NULL, NULL, NULL, NULL, NULL),
(719, 552, NULL, NULL, 1, '2016-05-30 13:55:41', NULL, 'purchase', 2, 719, NULL, NULL, NULL, NULL, NULL, NULL, NULL),
(720, 551, NULL, NULL, 1, '2016-05-30 13:55:41', NULL, 'purchase', 2, 720, NULL, NULL, NULL, NULL, NULL, NULL, NULL),
(721, 555, NULL, NULL, 1, '2016-05-30 13:55:41', NULL, 'purchase', 2, 721, NULL, NULL, NULL, NULL, NULL, NULL, NULL),
(722, 556, NULL, NULL, 1, '2016-05-30 13:55:42', NULL, 'purchase', 2, 722, NULL, NULL, NULL, NULL, NULL, NULL, NULL),
(723, 557, NULL, NULL, 1, '2016-05-30 13:55:42', NULL, 'purchase', 2, 723, NULL, NULL, NULL, NULL, NULL, NULL, NULL),
(724, 558, NULL, NULL, 1, '2016-05-30 13:55:43', NULL, 'purchase', 2, 724, NULL, NULL, NULL, NULL, NULL, NULL, NULL),
(725, 559, NULL, NULL, 1, '2016-05-30 13:55:43', NULL, 'purchase', 2, 725, NULL, NULL, NULL, NULL, NULL, NULL, NULL),
(726, 560, NULL, NULL, 1, '2016-05-30 13:55:43', NULL, 'purchase', 2, 726, NULL, NULL, NULL, NULL, NULL, NULL, NULL),
(727, 561, NULL, NULL, 1, '2016-05-30 13:55:44', NULL, 'purchase', 2, 727, NULL, NULL, NULL, NULL, NULL, NULL, NULL),
(728, 562, NULL, NULL, 1, '2016-05-30 13:55:44', NULL, 'purchase', 2, 728, NULL, NULL, NULL, NULL, NULL, NULL, NULL),
(729, 563, NULL, NULL, 1, '2016-05-30 13:55:45', NULL, 'purchase', 2, 729, NULL, NULL, NULL, NULL, NULL, NULL, NULL),
(730, 543, NULL, NULL, 1, '2016-05-30 13:55:45', NULL, 'purchase', 2, 730, NULL, NULL, NULL, NULL, NULL, NULL, NULL),
(731, 564, NULL, NULL, 1, '2016-05-30 13:55:45', NULL, 'purchase', 2, 731, NULL, NULL, NULL, NULL, NULL, NULL, NULL),
(732, 565, NULL, NULL, 1, '2016-05-30 13:55:46', NULL, 'purchase', 2, 732, NULL, NULL, NULL, NULL, NULL, NULL, NULL),
(733, 566, NULL, NULL, 1, '2016-05-30 13:55:46', NULL, 'purchase', 2, 733, NULL, NULL, NULL, NULL, NULL, NULL, NULL),
(734, 567, NULL, NULL, 1, '2016-05-30 13:55:47', NULL, 'purchase', 2, 734, NULL, NULL, NULL, NULL, NULL, NULL, NULL),
(735, 568, NULL, NULL, 2, '2016-05-30 13:55:47', NULL, 'purchase', 2, 735, NULL, NULL, NULL, NULL, NULL, NULL, NULL),
(736, 569, NULL, NULL, 1, '2016-05-30 13:55:48', NULL, 'purchase', 2, 736, NULL, NULL, NULL, NULL, NULL, NULL, NULL),
(737, 570, NULL, NULL, 1, '2016-05-30 13:55:48', NULL, 'purchase', 2, 737, NULL, NULL, NULL, NULL, NULL, NULL, NULL),
(738, 542, NULL, NULL, 1, '2016-05-30 13:55:48', NULL, 'purchase', 2, 738, NULL, NULL, NULL, NULL, NULL, NULL, NULL),
(739, 571, NULL, NULL, 2, '2016-05-30 13:55:49', NULL, 'purchase', 2, 739, NULL, NULL, NULL, NULL, NULL, NULL, NULL),
(740, 572, NULL, NULL, 1, '2016-05-30 13:55:49', NULL, 'purchase', 2, 740, NULL, NULL, NULL, NULL, NULL, NULL, NULL),
(741, 573, NULL, NULL, 1, '2016-05-30 13:55:50', NULL, 'purchase', 2, 741, NULL, NULL, NULL, NULL, NULL, NULL, NULL),
(742, 572, NULL, NULL, 1, '2016-05-30 13:55:50', NULL, 'purchase', 2, 742, NULL, NULL, NULL, NULL, NULL, NULL, NULL),
(743, 550, NULL, NULL, 1, '2016-05-30 13:55:50', NULL, 'purchase', 2, 743, NULL, NULL, NULL, NULL, NULL, NULL, NULL),
(744, 561, NULL, NULL, 1, '2016-05-30 13:55:50', NULL, 'purchase', 2, 744, NULL, NULL, NULL, NULL, NULL, NULL, NULL),
(745, 574, NULL, NULL, 1, '2016-05-30 13:55:51', NULL, 'purchase', 2, 745, NULL, NULL, NULL, NULL, NULL, NULL, NULL),
(746, 555, NULL, NULL, 1, '2016-05-30 13:55:51', NULL, 'purchase', 2, 746, NULL, NULL, NULL, NULL, NULL, NULL, NULL),
(747, 575, NULL, NULL, 1, '2016-05-30 13:55:52', NULL, 'purchase', 2, 747, NULL, NULL, NULL, NULL, NULL, NULL, NULL),
(748, 564, NULL, NULL, 1, '2016-05-30 13:55:52', NULL, 'purchase', 2, 748, NULL, NULL, NULL, NULL, NULL, NULL, NULL),
(749, 576, NULL, NULL, 1, '2016-05-30 13:55:53', NULL, 'purchase', 2, 749, NULL, NULL, NULL, NULL, NULL, NULL, NULL),
(750, 577, NULL, NULL, 2, '2016-05-30 13:55:53', NULL, 'purchase', 2, 750, NULL, NULL, NULL, NULL, NULL, NULL, NULL),
(751, 578, NULL, NULL, 1, '2016-05-30 13:55:54', NULL, 'purchase', 2, 751, NULL, NULL, NULL, NULL, NULL, NULL, NULL),
(752, 579, NULL, NULL, 1, '2016-05-30 13:55:54', NULL, 'purchase', 2, 752, NULL, NULL, NULL, NULL, NULL, NULL, NULL),
(753, 580, NULL, NULL, 1, '2016-05-30 13:55:55', NULL, 'purchase', 2, 753, NULL, NULL, NULL, NULL, NULL, NULL, NULL),
(754, 581, NULL, NULL, 1, '2016-05-30 13:55:55', NULL, 'purchase', 2, 754, NULL, NULL, NULL, NULL, NULL, NULL, NULL),
(755, 582, NULL, NULL, 1, '2016-05-30 13:55:56', NULL, 'purchase', 2, 755, NULL, NULL, NULL, NULL, NULL, NULL, NULL),
(756, 583, NULL, NULL, 1, '2016-05-30 13:55:56', NULL, 'purchase', 2, 756, NULL, NULL, NULL, NULL, NULL, NULL, NULL),
(757, 579, NULL, NULL, 1, '2016-05-30 13:55:57', NULL, 'purchase', 2, 757, NULL, NULL, NULL, NULL, NULL, NULL, NULL),
(758, 580, NULL, NULL, 1, '2016-05-30 13:55:57', NULL, 'purchase', 2, 758, NULL, NULL, NULL, NULL, NULL, NULL, NULL),
(759, 583, NULL, NULL, 1, '2016-05-30 13:55:57', NULL, 'purchase', 2, 759, NULL, NULL, NULL, NULL, NULL, NULL, NULL),
(760, 581, NULL, NULL, 1, '2016-05-30 13:55:57', NULL, 'purchase', 2, 760, NULL, NULL, NULL, NULL, NULL, NULL, NULL),
(761, 582, NULL, NULL, 1, '2016-05-30 13:55:57', NULL, 'purchase', 2, 761, NULL, NULL, NULL, NULL, NULL, NULL, NULL),
(762, 584, NULL, NULL, 1, '2016-05-30 13:55:58', NULL, 'purchase', 2, 762, NULL, NULL, NULL, NULL, NULL, NULL, NULL),
(763, 585, NULL, NULL, 1, '2016-05-30 13:55:59', NULL, 'purchase', 2, 763, NULL, NULL, NULL, NULL, NULL, NULL, NULL),
(764, 586, NULL, NULL, 1, '2016-05-30 13:55:59', NULL, 'purchase', 2, 764, NULL, NULL, NULL, NULL, NULL, NULL, NULL),
(765, 587, NULL, NULL, 1, '2016-05-30 13:56:00', NULL, 'purchase', 2, 765, NULL, NULL, NULL, NULL, NULL, NULL, NULL),
(766, 588, NULL, NULL, 1, '2016-05-30 13:56:00', NULL, 'purchase', 2, 766, NULL, NULL, NULL, NULL, NULL, NULL, NULL),
(767, 589, NULL, NULL, 2, '2016-05-30 13:56:01', NULL, 'purchase', 2, 767, NULL, NULL, NULL, NULL, NULL, NULL, NULL),
(768, 590, NULL, NULL, 1, '2016-05-30 13:56:01', NULL, 'purchase', 2, 768, NULL, NULL, NULL, NULL, NULL, NULL, NULL),
(769, 591, NULL, NULL, 2, '2016-05-30 13:56:02', NULL, 'purchase', 2, 769, NULL, NULL, NULL, NULL, NULL, NULL, NULL),
(770, 592, NULL, NULL, 2, '2016-05-30 13:56:02', NULL, 'purchase', 2, 770, NULL, NULL, NULL, NULL, NULL, NULL, NULL),
(771, 593, NULL, NULL, 1, '2016-05-30 13:56:03', NULL, 'purchase', 2, 771, NULL, NULL, NULL, NULL, NULL, NULL, NULL),
(772, 594, NULL, NULL, 1, '2016-05-30 13:56:03', NULL, 'purchase', 2, 772, NULL, NULL, NULL, NULL, NULL, NULL, NULL),
(773, 595, NULL, NULL, 1, '2016-05-30 13:56:03', NULL, 'purchase', 2, 773, NULL, NULL, NULL, NULL, NULL, NULL, NULL),
(774, 596, NULL, NULL, 1, '2016-05-30 13:56:04', NULL, 'purchase', 2, 774, NULL, NULL, NULL, NULL, NULL, NULL, NULL),
(775, 597, NULL, NULL, 1, '2016-05-30 13:56:04', NULL, 'purchase', 2, 775, NULL, NULL, NULL, NULL, NULL, NULL, NULL),
(776, 598, NULL, NULL, 2, '2016-05-30 13:56:05', NULL, 'purchase', 2, 776, NULL, NULL, NULL, NULL, NULL, NULL, NULL),
(777, 599, NULL, NULL, 1, '2016-05-30 13:56:05', NULL, 'purchase', 2, 777, NULL, NULL, NULL, NULL, NULL, NULL, NULL),
(778, 600, NULL, NULL, 1, '2016-05-30 13:56:06', NULL, 'purchase', 2, 778, NULL, NULL, NULL, NULL, NULL, NULL, NULL),
(779, 601, NULL, NULL, 1, '2016-05-30 13:56:06', NULL, 'purchase', 2, 779, NULL, NULL, NULL, NULL, NULL, NULL, NULL),
(780, 602, NULL, NULL, 1, '2016-05-30 13:56:07', NULL, 'purchase', 2, 780, NULL, NULL, NULL, NULL, NULL, NULL, NULL),
(781, 603, NULL, NULL, 1, '2016-05-30 13:56:07', NULL, 'purchase', 2, 781, NULL, NULL, NULL, NULL, NULL, NULL, NULL),
(782, 601, NULL, NULL, 2, '2016-05-30 13:56:07', NULL, 'purchase', 2, 782, NULL, NULL, NULL, NULL, NULL, NULL, NULL),
(783, 602, NULL, NULL, 2, '2016-05-30 13:56:08', NULL, 'purchase', 2, 783, NULL, NULL, NULL, NULL, NULL, NULL, NULL),
(784, 604, NULL, NULL, 1, '2016-05-30 13:56:08', NULL, 'purchase', 2, 784, NULL, NULL, NULL, NULL, NULL, NULL, NULL),
(785, 603, NULL, NULL, 2, '2016-05-30 13:56:08', NULL, 'purchase', 2, 785, NULL, NULL, NULL, NULL, NULL, NULL, NULL),
(786, 605, NULL, NULL, 1, '2016-05-30 13:56:09', NULL, 'purchase', 2, 786, NULL, NULL, NULL, NULL, NULL, NULL, NULL),
(787, 606, NULL, NULL, 1, '2016-05-30 13:56:10', NULL, 'purchase', 2, 787, NULL, NULL, NULL, NULL, NULL, NULL, NULL),
(788, 607, NULL, NULL, 2, '2016-05-30 13:56:10', NULL, 'purchase', 2, 788, NULL, NULL, NULL, NULL, NULL, NULL, NULL),
(789, 578, NULL, NULL, 1, '2016-05-30 13:56:11', NULL, 'purchase', 2, 789, NULL, NULL, NULL, NULL, NULL, NULL, NULL),
(790, 608, NULL, NULL, 1, '2016-05-30 13:56:11', NULL, 'purchase', 2, 790, NULL, NULL, NULL, NULL, NULL, NULL, NULL),
(791, 576, NULL, NULL, 1, '2016-05-30 13:56:11', NULL, 'purchase', 2, 791, NULL, NULL, NULL, NULL, NULL, NULL, NULL),
(792, 583, NULL, NULL, 1, '2016-05-30 13:56:12', NULL, 'purchase', 2, 792, NULL, NULL, NULL, NULL, NULL, NULL, NULL),
(793, 580, NULL, NULL, 1, '2016-05-30 13:56:12', NULL, 'purchase', 2, 793, NULL, NULL, NULL, NULL, NULL, NULL, NULL),
(794, 609, NULL, NULL, 1, '2016-05-30 13:56:12', NULL, 'purchase', 2, 794, NULL, NULL, NULL, NULL, NULL, NULL, NULL),
(795, 610, NULL, NULL, 1, '2016-05-30 13:56:13', NULL, 'purchase', 2, 795, NULL, NULL, NULL, NULL, NULL, NULL, NULL),
(796, 589, NULL, NULL, 1, '2016-05-30 13:56:13', NULL, 'purchase', 2, 796, NULL, NULL, NULL, NULL, NULL, NULL, NULL),
(797, 598, NULL, NULL, 1, '2016-05-30 13:56:14', NULL, 'purchase', 2, 797, NULL, NULL, NULL, NULL, NULL, NULL, NULL),
(798, 611, NULL, NULL, 1, '2016-05-30 13:56:14', NULL, 'purchase', 2, 798, NULL, NULL, NULL, NULL, NULL, NULL, NULL),
(799, 612, NULL, NULL, 1, '2016-05-30 13:56:15', NULL, 'purchase', 2, 799, NULL, NULL, NULL, NULL, NULL, NULL, NULL),
(800, 613, NULL, NULL, 1, '2016-05-30 13:56:15', NULL, 'purchase', 2, 800, NULL, NULL, NULL, NULL, NULL, NULL, NULL),
(801, 614, NULL, NULL, 1, '2016-05-30 13:56:15', NULL, 'purchase', 2, 801, NULL, NULL, NULL, NULL, NULL, NULL, NULL),
(802, 615, NULL, NULL, 1, '2016-05-30 13:56:16', NULL, 'purchase', 2, 802, NULL, NULL, NULL, NULL, NULL, NULL, NULL),
(803, 616, NULL, NULL, 1, '2016-05-30 13:56:17', NULL, 'purchase', 2, 803, NULL, NULL, NULL, NULL, NULL, NULL, NULL),
(804, 617, NULL, NULL, 1, '2016-05-30 13:56:18', NULL, 'purchase', 2, 804, NULL, NULL, NULL, NULL, NULL, NULL, NULL),
(805, 618, NULL, NULL, 1, '2016-05-30 13:56:19', NULL, 'purchase', 2, 805, NULL, NULL, NULL, NULL, NULL, NULL, NULL),
(806, 619, NULL, NULL, 39, '2016-05-30 13:56:19', NULL, 'purchase', 2, 806, NULL, NULL, NULL, NULL, NULL, NULL, NULL),
(807, 616, NULL, NULL, 24, '2016-05-30 13:56:20', NULL, 'purchase', 2, 807, NULL, NULL, NULL, NULL, NULL, NULL, NULL),
(808, 620, NULL, NULL, 13, '2016-05-30 13:56:20', NULL, 'purchase', 2, 808, NULL, NULL, NULL, NULL, NULL, NULL, NULL),
(809, 621, NULL, NULL, 2, '2016-05-30 13:56:21', NULL, 'purchase', 2, 809, NULL, NULL, NULL, NULL, NULL, NULL, NULL),
(810, 622, NULL, NULL, 3, '2016-05-30 13:56:21', NULL, 'purchase', 2, 810, NULL, NULL, NULL, NULL, NULL, NULL, NULL),
(811, 623, NULL, NULL, 1, '2016-05-30 13:56:22', NULL, 'purchase', 2, 811, NULL, NULL, NULL, NULL, NULL, NULL, NULL),
(812, 624, NULL, NULL, 1, '2016-05-30 13:56:22', NULL, 'purchase', 2, 812, NULL, NULL, NULL, NULL, NULL, NULL, NULL),
(813, 625, NULL, NULL, 1, '2016-05-30 13:56:23', NULL, 'purchase', 2, 813, NULL, NULL, NULL, NULL, NULL, NULL, NULL),
(814, 626, NULL, NULL, 2, '2016-05-30 13:56:23', NULL, 'purchase', 2, 814, NULL, NULL, NULL, NULL, NULL, NULL, NULL),
(815, 627, NULL, NULL, 1, '2016-05-30 13:56:24', NULL, 'purchase', 2, 815, NULL, NULL, NULL, NULL, NULL, NULL, NULL),
(816, 628, NULL, NULL, 1, '2016-05-30 13:56:25', NULL, 'purchase', 2, 816, NULL, NULL, NULL, NULL, NULL, NULL, NULL),
(817, 629, NULL, NULL, 9, '2016-05-30 13:56:26', NULL, 'purchase', 2, 817, NULL, NULL, NULL, NULL, NULL, NULL, NULL),
(818, 627, NULL, NULL, 7, '2016-05-30 13:56:26', NULL, 'purchase', 2, 818, NULL, NULL, NULL, NULL, NULL, NULL, NULL),
(819, 630, NULL, NULL, 2, '2016-05-30 13:56:26', NULL, 'purchase', 2, 819, NULL, NULL, NULL, NULL, NULL, NULL, NULL),
(820, 631, NULL, NULL, 4, '2016-05-30 13:56:27', NULL, 'purchase', 2, 820, NULL, NULL, NULL, NULL, NULL, NULL, NULL),
(821, 632, NULL, NULL, 4, '2016-05-30 13:56:27', NULL, 'purchase', 2, 821, NULL, NULL, NULL, NULL, NULL, NULL, NULL),
(822, 633, NULL, NULL, 3, '2016-05-30 13:56:28', NULL, 'purchase', 2, 822, NULL, NULL, NULL, NULL, NULL, NULL, NULL),
(823, 634, NULL, NULL, 1, '2016-05-30 13:56:29', NULL, 'purchase', 2, 823, NULL, NULL, NULL, NULL, NULL, NULL, NULL),
(824, 635, NULL, NULL, 1, '2016-05-30 13:56:29', NULL, 'purchase', 2, 824, NULL, NULL, NULL, NULL, NULL, NULL, NULL),
(825, 636, NULL, NULL, 2, '2016-05-30 13:56:30', NULL, 'purchase', 2, 825, NULL, NULL, NULL, NULL, NULL, NULL, NULL),
(826, 637, NULL, NULL, 2, '2016-05-30 13:56:30', NULL, 'purchase', 2, 826, NULL, NULL, NULL, NULL, NULL, NULL, NULL),
(827, 638, NULL, NULL, 1, '2016-05-30 13:56:32', NULL, 'purchase', 2, 827, NULL, NULL, NULL, NULL, NULL, NULL, NULL),
(828, 639, NULL, NULL, 1, '2016-05-30 13:56:33', NULL, 'purchase', 2, 828, NULL, NULL, NULL, NULL, NULL, NULL, NULL),
(829, 640, NULL, NULL, 1, '2016-05-30 13:56:33', NULL, 'purchase', 2, 829, NULL, NULL, NULL, NULL, NULL, NULL, NULL),
(830, 641, NULL, NULL, 1, '2016-05-30 13:56:34', NULL, 'purchase', 2, 830, NULL, NULL, NULL, NULL, NULL, NULL, NULL),
(831, 642, NULL, NULL, 1, '2016-05-30 13:56:35', NULL, 'purchase', 2, 831, NULL, NULL, NULL, NULL, NULL, NULL, NULL),
(832, 643, NULL, NULL, 1, '2016-05-30 13:56:36', NULL, 'purchase', 2, 832, NULL, NULL, NULL, NULL, NULL, NULL, NULL),
(833, 642, NULL, NULL, 1, '2016-05-30 13:56:37', NULL, 'purchase', 2, 833, NULL, NULL, NULL, NULL, NULL, NULL, NULL),
(834, 644, NULL, NULL, 1, '2016-05-30 13:56:38', NULL, 'purchase', 2, 834, NULL, NULL, NULL, NULL, NULL, NULL, NULL),
(835, 645, NULL, NULL, 1, '2016-05-30 13:56:39', NULL, 'purchase', 2, 835, NULL, NULL, NULL, NULL, NULL, NULL, NULL),
(836, 646, NULL, NULL, 1, '2016-05-30 13:56:40', NULL, 'purchase', 2, 836, NULL, NULL, NULL, NULL, NULL, NULL, NULL),
(837, 647, NULL, NULL, 1, '2016-05-30 13:56:40', NULL, 'purchase', 2, 837, NULL, NULL, NULL, NULL, NULL, NULL, NULL),
(838, 641, NULL, NULL, 2, '2016-05-30 13:56:41', NULL, 'purchase', 2, 838, NULL, NULL, NULL, NULL, NULL, NULL, NULL),
(839, 643, NULL, NULL, 1, '2016-05-30 13:56:41', NULL, 'purchase', 2, 839, NULL, NULL, NULL, NULL, NULL, NULL, NULL),
(840, 642, NULL, NULL, 1, '2016-05-30 13:56:42', NULL, 'purchase', 2, 840, NULL, NULL, NULL, NULL, NULL, NULL, NULL),
(841, 642, NULL, NULL, 1, '2016-05-30 13:56:42', NULL, 'purchase', 2, 841, NULL, NULL, NULL, NULL, NULL, NULL, NULL),
(842, 641, NULL, NULL, 1, '2016-05-30 13:56:42', NULL, 'purchase', 2, 842, NULL, NULL, NULL, NULL, NULL, NULL, NULL),
(843, 648, NULL, NULL, 1, '2016-05-30 13:56:43', NULL, 'purchase', 2, 843, NULL, NULL, NULL, NULL, NULL, NULL, NULL),
(844, 649, NULL, NULL, 1, '2016-05-30 13:56:44', NULL, 'purchase', 2, 844, NULL, NULL, NULL, NULL, NULL, NULL, NULL),
(845, 643, NULL, NULL, 1, '2016-05-30 13:56:44', NULL, 'purchase', 2, 845, NULL, NULL, NULL, NULL, NULL, NULL, NULL),
(846, 650, NULL, NULL, 1, '2016-05-30 13:56:45', NULL, 'purchase', 2, 846, NULL, NULL, NULL, NULL, NULL, NULL, NULL),
(847, 651, NULL, NULL, 1, '2016-05-30 13:56:45', NULL, 'purchase', 2, 847, NULL, NULL, NULL, NULL, NULL, NULL, NULL),
(848, 652, NULL, NULL, 1, '2016-05-30 13:56:46', NULL, 'purchase', 2, 848, NULL, NULL, NULL, NULL, NULL, NULL, NULL),
(849, 653, NULL, NULL, 1, '2016-05-30 13:56:47', NULL, 'purchase', 2, 849, NULL, NULL, NULL, NULL, NULL, NULL, NULL),
(850, 638, NULL, NULL, 1, '2016-05-30 13:56:47', NULL, 'purchase', 2, 850, NULL, NULL, NULL, NULL, NULL, NULL, NULL),
(851, 638, NULL, NULL, 1, '2016-05-30 13:56:48', NULL, 'purchase', 2, 851, NULL, NULL, NULL, NULL, NULL, NULL, NULL),
(852, 654, NULL, NULL, 1, '2016-05-30 13:56:48', NULL, 'purchase', 2, 852, NULL, NULL, NULL, NULL, NULL, NULL, NULL),
(853, 647, NULL, NULL, 1, '2016-05-30 13:56:49', NULL, 'purchase', 2, 853, NULL, NULL, NULL, NULL, NULL, NULL, NULL),
(854, 655, NULL, NULL, 1, '2016-05-30 13:56:50', NULL, 'purchase', 2, 854, NULL, NULL, NULL, NULL, NULL, NULL, NULL),
(855, 656, NULL, NULL, 2, '2016-05-30 13:56:51', NULL, 'purchase', 2, 855, NULL, NULL, NULL, NULL, NULL, NULL, NULL),
(856, 657, NULL, NULL, 1, '2016-05-30 13:56:52', NULL, 'purchase', 2, 856, NULL, NULL, NULL, NULL, NULL, NULL, NULL),
(857, 658, NULL, NULL, 1, '2016-05-30 13:56:53', NULL, 'purchase', 2, 857, NULL, NULL, NULL, NULL, NULL, NULL, NULL),
(858, 656, NULL, NULL, 3, '2016-05-30 13:56:53', NULL, 'purchase', 2, 858, NULL, NULL, NULL, NULL, NULL, NULL, NULL),
(859, 659, NULL, NULL, 1, '2016-05-30 13:56:54', NULL, 'purchase', 2, 859, NULL, NULL, NULL, NULL, NULL, NULL, NULL);
INSERT INTO `StockItem` (`id`, `item_id`, `vendor_id`, `category_id`, `quantity`, `created`, `country_id`, `process`, `inventoryConfig_id`, `purchaseItem_id`, `salesItem_id`, `purchaseReturnItem_id`, `salesReturnItem_id`, `purchaseReplaceItem_id`, `salesItemReplace_id`, `damage_id`, `createdBy_id`) VALUES
(860, 655, NULL, NULL, 1, '2016-05-30 13:56:54', NULL, 'purchase', 2, 860, NULL, NULL, NULL, NULL, NULL, NULL, NULL),
(861, 660, NULL, NULL, 1, '2016-05-30 13:56:55', NULL, 'purchase', 2, 861, NULL, NULL, NULL, NULL, NULL, NULL, NULL),
(862, 661, NULL, NULL, 1, '2016-05-30 13:56:56', NULL, 'purchase', 2, 862, NULL, NULL, NULL, NULL, NULL, NULL, NULL),
(863, 657, NULL, NULL, 2, '2016-05-30 13:56:56', NULL, 'purchase', 2, 863, NULL, NULL, NULL, NULL, NULL, NULL, NULL),
(864, 655, NULL, NULL, 1, '2016-05-30 13:56:56', NULL, 'purchase', 2, 864, NULL, NULL, NULL, NULL, NULL, NULL, NULL),
(865, 653, NULL, NULL, 1, '2016-05-30 13:56:57', NULL, 'purchase', 2, 865, NULL, NULL, NULL, NULL, NULL, NULL, NULL),
(866, 649, NULL, NULL, 1, '2016-05-30 13:56:57', NULL, 'purchase', 2, 866, NULL, NULL, NULL, NULL, NULL, NULL, NULL),
(867, 662, NULL, NULL, 1, '2016-05-30 13:56:58', NULL, 'purchase', 2, 867, NULL, NULL, NULL, NULL, NULL, NULL, NULL),
(868, 657, NULL, NULL, 1, '2016-05-30 13:56:58', NULL, 'purchase', 2, 868, NULL, NULL, NULL, NULL, NULL, NULL, NULL),
(869, 656, NULL, NULL, 1, '2016-05-30 13:56:59', NULL, 'purchase', 2, 869, NULL, NULL, NULL, NULL, NULL, NULL, NULL),
(870, 655, NULL, NULL, 1, '2016-05-30 13:56:59', NULL, 'purchase', 2, 870, NULL, NULL, NULL, NULL, NULL, NULL, NULL),
(871, 663, NULL, NULL, 1, '2016-05-30 13:56:59', NULL, 'purchase', 2, 871, NULL, NULL, NULL, NULL, NULL, NULL, NULL),
(872, 664, NULL, NULL, 1, '2016-05-30 13:57:00', NULL, 'purchase', 2, 872, NULL, NULL, NULL, NULL, NULL, NULL, NULL),
(873, 665, NULL, NULL, 1, '2016-05-30 13:57:01', NULL, 'purchase', 2, 873, NULL, NULL, NULL, NULL, NULL, NULL, NULL),
(874, 666, NULL, NULL, 1, '2016-05-30 13:57:02', NULL, 'purchase', 2, 874, NULL, NULL, NULL, NULL, NULL, NULL, NULL),
(875, 667, NULL, NULL, 1, '2016-05-30 13:57:03', NULL, 'purchase', 2, 875, NULL, NULL, NULL, NULL, NULL, NULL, NULL),
(876, 654, NULL, NULL, 1, '2016-05-30 13:57:03', NULL, 'purchase', 2, 876, NULL, NULL, NULL, NULL, NULL, NULL, NULL),
(877, 658, NULL, NULL, 1, '2016-05-30 13:57:03', NULL, 'purchase', 2, 877, NULL, NULL, NULL, NULL, NULL, NULL, NULL),
(878, 640, NULL, NULL, 1, '2016-05-30 13:57:04', NULL, 'purchase', 2, 878, NULL, NULL, NULL, NULL, NULL, NULL, NULL),
(879, 665, NULL, NULL, 1, '2016-05-30 13:57:04', NULL, 'purchase', 2, 879, NULL, NULL, NULL, NULL, NULL, NULL, NULL),
(880, 641, NULL, NULL, 1, '2016-05-30 13:57:05', NULL, 'purchase', 2, 880, NULL, NULL, NULL, NULL, NULL, NULL, NULL),
(881, 668, NULL, NULL, 1, '2016-05-30 13:57:07', NULL, 'purchase', 2, 881, NULL, NULL, NULL, NULL, NULL, NULL, NULL),
(882, 669, NULL, NULL, 1, '2016-05-30 13:57:08', NULL, 'purchase', 2, 882, NULL, NULL, NULL, NULL, NULL, NULL, NULL),
(883, 668, NULL, NULL, 1, '2016-05-30 13:57:08', NULL, 'purchase', 2, 883, NULL, NULL, NULL, NULL, NULL, NULL, NULL),
(884, 670, NULL, NULL, 2, '2016-05-30 13:57:09', NULL, 'purchase', 2, 884, NULL, NULL, NULL, NULL, NULL, NULL, NULL),
(885, 670, NULL, NULL, 2, '2016-05-30 13:57:10', NULL, 'purchase', 2, 885, NULL, NULL, NULL, NULL, NULL, NULL, NULL),
(886, 671, NULL, NULL, 1, '2016-05-30 13:57:10', NULL, 'purchase', 2, 886, NULL, NULL, NULL, NULL, NULL, NULL, NULL),
(887, 672, NULL, NULL, 1, '2016-05-30 13:57:11', NULL, 'purchase', 2, 887, NULL, NULL, NULL, NULL, NULL, NULL, NULL),
(888, 673, NULL, NULL, 3, '2016-05-30 13:57:12', NULL, 'purchase', 2, 888, NULL, NULL, NULL, NULL, NULL, NULL, NULL),
(889, 673, NULL, NULL, 1, '2016-05-30 13:57:13', NULL, 'purchase', 2, 889, NULL, NULL, NULL, NULL, NULL, NULL, NULL),
(890, 673, NULL, NULL, 2, '2016-05-30 13:57:13', NULL, 'purchase', 2, 890, NULL, NULL, NULL, NULL, NULL, NULL, NULL),
(891, 674, NULL, NULL, 6, '2016-05-30 13:57:14', NULL, 'purchase', 2, 891, NULL, NULL, NULL, NULL, NULL, NULL, NULL),
(892, 675, NULL, NULL, 2, '2016-05-30 13:57:15', NULL, 'purchase', 2, 892, NULL, NULL, NULL, NULL, NULL, NULL, NULL),
(893, 670, NULL, NULL, 3, '2016-05-30 13:57:15', NULL, 'purchase', 2, 893, NULL, NULL, NULL, NULL, NULL, NULL, NULL),
(894, 674, NULL, NULL, 3, '2016-05-30 13:57:16', NULL, 'purchase', 2, 894, NULL, NULL, NULL, NULL, NULL, NULL, NULL),
(895, 674, NULL, NULL, 3, '2016-05-30 13:57:16', NULL, 'purchase', 2, 895, NULL, NULL, NULL, NULL, NULL, NULL, NULL),
(896, 676, NULL, NULL, 5, '2016-05-30 13:57:17', NULL, 'purchase', 2, 896, NULL, NULL, NULL, NULL, NULL, NULL, NULL),
(897, 676, NULL, NULL, 1, '2016-05-30 13:57:17', NULL, 'purchase', 2, 897, NULL, NULL, NULL, NULL, NULL, NULL, NULL),
(898, 672, NULL, NULL, 3, '2016-05-30 13:57:18', NULL, 'purchase', 2, 898, NULL, NULL, NULL, NULL, NULL, NULL, NULL),
(899, 673, NULL, NULL, 2, '2016-05-30 13:57:18', NULL, 'purchase', 2, 899, NULL, NULL, NULL, NULL, NULL, NULL, NULL),
(900, 677, NULL, NULL, 1, '2016-05-30 13:57:19', NULL, 'purchase', 2, 900, NULL, NULL, NULL, NULL, NULL, NULL, NULL),
(901, 670, NULL, NULL, 1, '2016-05-30 13:57:20', NULL, 'purchase', 2, 901, NULL, NULL, NULL, NULL, NULL, NULL, NULL),
(902, 669, NULL, NULL, 2, '2016-05-30 13:57:20', NULL, 'purchase', 2, 902, NULL, NULL, NULL, NULL, NULL, NULL, NULL),
(903, 674, NULL, NULL, 2, '2016-05-30 13:57:21', NULL, 'purchase', 2, 903, NULL, NULL, NULL, NULL, NULL, NULL, NULL),
(904, 678, NULL, NULL, 2, '2016-05-30 13:57:21', NULL, 'purchase', 2, 904, NULL, NULL, NULL, NULL, NULL, NULL, NULL),
(905, 673, NULL, NULL, 4, '2016-05-30 13:57:22', NULL, 'purchase', 2, 905, NULL, NULL, NULL, NULL, NULL, NULL, NULL),
(906, 668, NULL, NULL, 1, '2016-05-30 13:57:22', NULL, 'purchase', 2, 906, NULL, NULL, NULL, NULL, NULL, NULL, NULL),
(907, 670, NULL, NULL, 2, '2016-05-30 13:57:23', NULL, 'purchase', 2, 907, NULL, NULL, NULL, NULL, NULL, NULL, NULL),
(908, 673, NULL, NULL, 4, '2016-05-30 13:57:23', NULL, 'purchase', 2, 908, NULL, NULL, NULL, NULL, NULL, NULL, NULL),
(909, 679, NULL, NULL, 1, '2016-05-30 13:57:24', NULL, 'purchase', 2, 909, NULL, NULL, NULL, NULL, NULL, NULL, NULL),
(910, 670, NULL, NULL, 1, '2016-05-30 13:57:25', NULL, 'purchase', 2, 910, NULL, NULL, NULL, NULL, NULL, NULL, NULL),
(911, 680, NULL, NULL, 4, '2016-05-30 13:57:26', NULL, 'purchase', 2, 911, NULL, NULL, NULL, NULL, NULL, NULL, NULL),
(912, 642, NULL, NULL, 1, '2016-05-30 13:57:26', NULL, 'purchase', 2, 912, NULL, NULL, NULL, NULL, NULL, NULL, NULL),
(913, 664, NULL, NULL, 3, '2016-05-30 13:57:27', NULL, 'purchase', 2, 913, NULL, NULL, NULL, NULL, NULL, NULL, NULL),
(914, 681, NULL, NULL, 3, '2016-05-30 13:57:27', NULL, 'purchase', 2, 914, NULL, NULL, NULL, NULL, NULL, NULL, NULL),
(915, 663, NULL, NULL, 2, '2016-05-30 13:57:28', NULL, 'purchase', 2, 915, NULL, NULL, NULL, NULL, NULL, NULL, NULL),
(916, 638, NULL, NULL, 1, '2016-05-30 13:57:28', NULL, 'purchase', 2, 916, NULL, NULL, NULL, NULL, NULL, NULL, NULL),
(917, 641, NULL, NULL, 1, '2016-05-30 13:57:28', NULL, 'purchase', 2, 917, NULL, NULL, NULL, NULL, NULL, NULL, NULL),
(918, 682, NULL, NULL, 3, '2016-05-30 13:57:30', NULL, 'purchase', 2, 918, NULL, NULL, NULL, NULL, NULL, NULL, NULL),
(919, 683, NULL, NULL, 2, '2016-05-30 13:57:30', NULL, 'purchase', 2, 919, NULL, NULL, NULL, NULL, NULL, NULL, NULL),
(920, 684, NULL, NULL, 1, '2016-05-30 13:57:31', NULL, 'purchase', 2, 920, NULL, NULL, NULL, NULL, NULL, NULL, NULL),
(921, 685, NULL, NULL, 20, '2016-05-30 13:57:32', NULL, 'purchase', 2, 921, NULL, NULL, NULL, NULL, NULL, NULL, NULL),
(922, 686, NULL, NULL, 1, '2016-05-30 13:57:32', NULL, 'purchase', 2, 922, NULL, NULL, NULL, NULL, NULL, NULL, NULL),
(923, 687, NULL, NULL, 4, '2016-05-30 13:57:33', NULL, 'purchase', 2, 923, NULL, NULL, NULL, NULL, NULL, NULL, NULL),
(924, 688, NULL, NULL, 1, '2016-05-30 13:57:35', NULL, 'purchase', 2, 924, NULL, NULL, NULL, NULL, NULL, NULL, NULL),
(925, 689, NULL, NULL, 1, '2016-05-30 13:57:36', NULL, 'purchase', 2, 925, NULL, NULL, NULL, NULL, NULL, NULL, NULL),
(926, 690, NULL, NULL, 1, '2016-05-30 13:57:37', NULL, 'purchase', 2, 926, NULL, NULL, NULL, NULL, NULL, NULL, NULL),
(927, 691, NULL, NULL, 1, '2016-05-30 13:57:37', NULL, 'purchase', 2, 927, NULL, NULL, NULL, NULL, NULL, NULL, NULL),
(928, 692, NULL, NULL, 1, '2016-05-30 13:57:38', NULL, 'purchase', 2, 928, NULL, NULL, NULL, NULL, NULL, NULL, NULL),
(929, 693, NULL, NULL, 1, '2016-05-30 13:57:39', NULL, 'purchase', 2, 929, NULL, NULL, NULL, NULL, NULL, NULL, NULL),
(930, 694, NULL, NULL, 1, '2016-05-30 13:57:40', NULL, 'purchase', 2, 930, NULL, NULL, NULL, NULL, NULL, NULL, NULL),
(931, 695, NULL, NULL, 1, '2016-05-30 13:57:40', NULL, 'purchase', 2, 931, NULL, NULL, NULL, NULL, NULL, NULL, NULL),
(932, 694, NULL, NULL, 1, '2016-05-30 13:57:41', NULL, 'purchase', 2, 932, NULL, NULL, NULL, NULL, NULL, NULL, NULL),
(933, 696, NULL, NULL, 1, '2016-05-30 13:57:42', NULL, 'purchase', 2, 933, NULL, NULL, NULL, NULL, NULL, NULL, NULL),
(934, 697, NULL, NULL, 1, '2016-05-30 13:57:42', NULL, 'purchase', 2, 934, NULL, NULL, NULL, NULL, NULL, NULL, NULL),
(935, 692, NULL, NULL, 1, '2016-05-30 13:57:43', NULL, 'purchase', 2, 935, NULL, NULL, NULL, NULL, NULL, NULL, NULL),
(936, 690, NULL, NULL, 1, '2016-05-30 13:57:43', NULL, 'purchase', 2, 936, NULL, NULL, NULL, NULL, NULL, NULL, NULL),
(937, 698, NULL, NULL, 2, '2016-05-30 13:57:44', NULL, 'purchase', 2, 937, NULL, NULL, NULL, NULL, NULL, NULL, NULL),
(938, 699, NULL, NULL, 2, '2016-05-30 13:57:45', NULL, 'purchase', 2, 938, NULL, NULL, NULL, NULL, NULL, NULL, NULL),
(939, 700, NULL, NULL, 2, '2016-05-30 13:57:45', NULL, 'purchase', 2, 939, NULL, NULL, NULL, NULL, NULL, NULL, NULL),
(940, 688, NULL, NULL, 1, '2016-05-30 13:57:46', NULL, 'purchase', 2, 940, NULL, NULL, NULL, NULL, NULL, NULL, NULL),
(941, 694, NULL, NULL, 1, '2016-05-30 13:57:46', NULL, 'purchase', 2, 941, NULL, NULL, NULL, NULL, NULL, NULL, NULL),
(942, 689, NULL, NULL, 1, '2016-05-30 13:57:47', NULL, 'purchase', 2, 942, NULL, NULL, NULL, NULL, NULL, NULL, NULL),
(943, 691, NULL, NULL, 1, '2016-05-30 13:57:47', NULL, 'purchase', 2, 943, NULL, NULL, NULL, NULL, NULL, NULL, NULL),
(944, 690, NULL, NULL, 1, '2016-05-30 13:57:47', NULL, 'purchase', 2, 944, NULL, NULL, NULL, NULL, NULL, NULL, NULL),
(945, 692, NULL, NULL, 2, '2016-05-30 13:57:48', NULL, 'purchase', 2, 945, NULL, NULL, NULL, NULL, NULL, NULL, NULL),
(946, 701, NULL, NULL, 1, '2016-05-30 13:57:49', NULL, 'purchase', 2, 946, NULL, NULL, NULL, NULL, NULL, NULL, NULL),
(947, 688, NULL, NULL, 2, '2016-05-30 13:57:49', NULL, 'purchase', 2, 947, NULL, NULL, NULL, NULL, NULL, NULL, NULL),
(948, 702, NULL, NULL, 1, '2016-05-30 13:57:50', NULL, 'purchase', 2, 948, NULL, NULL, NULL, NULL, NULL, NULL, NULL),
(949, 703, NULL, NULL, 1, '2016-05-30 13:57:51', NULL, 'purchase', 2, 949, NULL, NULL, NULL, NULL, NULL, NULL, NULL),
(950, 704, NULL, NULL, 1, '2016-05-30 13:57:52', NULL, 'purchase', 2, 950, NULL, NULL, NULL, NULL, NULL, NULL, NULL),
(951, 705, NULL, NULL, 1, '2016-05-30 13:57:52', NULL, 'purchase', 2, 951, NULL, NULL, NULL, NULL, NULL, NULL, NULL),
(952, 706, NULL, NULL, 1, '2016-05-30 13:57:53', NULL, 'purchase', 2, 952, NULL, NULL, NULL, NULL, NULL, NULL, NULL),
(953, 707, NULL, NULL, 1, '2016-05-30 13:57:54', NULL, 'purchase', 2, 953, NULL, NULL, NULL, NULL, NULL, NULL, NULL),
(954, 708, NULL, NULL, 3, '2016-05-30 13:57:55', NULL, 'purchase', 2, 954, NULL, NULL, NULL, NULL, NULL, NULL, NULL),
(955, 702, NULL, NULL, 1, '2016-05-30 13:57:56', NULL, 'purchase', 2, 955, NULL, NULL, NULL, NULL, NULL, NULL, NULL),
(956, 704, NULL, NULL, 1, '2016-05-30 13:57:56', NULL, 'purchase', 2, 956, NULL, NULL, NULL, NULL, NULL, NULL, NULL),
(957, 703, NULL, NULL, 2, '2016-05-30 13:57:56', NULL, 'purchase', 2, 957, NULL, NULL, NULL, NULL, NULL, NULL, NULL),
(958, 703, NULL, NULL, 3, '2016-05-30 13:57:57', NULL, 'purchase', 2, 958, NULL, NULL, NULL, NULL, NULL, NULL, NULL),
(959, 704, NULL, NULL, 3, '2016-05-30 13:57:57', NULL, 'purchase', 2, 959, NULL, NULL, NULL, NULL, NULL, NULL, NULL),
(960, 709, NULL, NULL, 4, '2016-05-30 13:57:58', NULL, 'purchase', 2, 960, NULL, NULL, NULL, NULL, NULL, NULL, NULL),
(961, 702, NULL, NULL, 2, '2016-05-30 13:57:59', NULL, 'purchase', 2, 961, NULL, NULL, NULL, NULL, NULL, NULL, NULL),
(962, 710, NULL, NULL, 1, '2016-05-30 13:57:59', NULL, 'purchase', 2, 962, NULL, NULL, NULL, NULL, NULL, NULL, NULL),
(963, 707, NULL, NULL, 1, '2016-05-30 13:58:00', NULL, 'purchase', 2, 963, NULL, NULL, NULL, NULL, NULL, NULL, NULL),
(964, 711, NULL, NULL, 1, '2016-05-30 13:58:00', NULL, 'purchase', 2, 964, NULL, NULL, NULL, NULL, NULL, NULL, NULL),
(965, 712, NULL, NULL, 1, '2016-05-30 13:58:01', NULL, 'purchase', 2, 965, NULL, NULL, NULL, NULL, NULL, NULL, NULL),
(966, 713, NULL, NULL, 1, '2016-05-30 13:58:02', NULL, 'purchase', 2, 966, NULL, NULL, NULL, NULL, NULL, NULL, NULL),
(967, 714, NULL, NULL, 2, '2016-05-30 13:58:04', NULL, 'purchase', 2, 967, NULL, NULL, NULL, NULL, NULL, NULL, NULL),
(968, 715, NULL, NULL, 1, '2016-05-30 13:58:04', NULL, 'purchase', 2, 968, NULL, NULL, NULL, NULL, NULL, NULL, NULL),
(969, 716, NULL, NULL, 3, '2016-05-30 13:58:05', NULL, 'purchase', 2, 969, NULL, NULL, NULL, NULL, NULL, NULL, NULL),
(970, 717, NULL, NULL, 2, '2016-05-30 13:58:06', NULL, 'purchase', 2, 970, NULL, NULL, NULL, NULL, NULL, NULL, NULL),
(971, 718, NULL, NULL, 2, '2016-05-30 13:58:06', NULL, 'purchase', 2, 971, NULL, NULL, NULL, NULL, NULL, NULL, NULL),
(972, 719, NULL, NULL, 1, '2016-05-30 13:58:08', NULL, 'purchase', 2, 972, NULL, NULL, NULL, NULL, NULL, NULL, NULL),
(973, 714, NULL, NULL, 3, '2016-05-30 13:58:08', NULL, 'purchase', 2, 973, NULL, NULL, NULL, NULL, NULL, NULL, NULL),
(974, 720, NULL, NULL, 4, '2016-05-30 13:58:09', NULL, 'purchase', 2, 974, NULL, NULL, NULL, NULL, NULL, NULL, NULL),
(975, 719, NULL, NULL, 2, '2016-05-30 13:58:09', NULL, 'purchase', 2, 975, NULL, NULL, NULL, NULL, NULL, NULL, NULL),
(976, 718, NULL, NULL, 1, '2016-05-30 13:58:09', NULL, 'purchase', 2, 976, NULL, NULL, NULL, NULL, NULL, NULL, NULL),
(977, 721, NULL, NULL, 1, '2016-05-30 13:58:11', NULL, 'purchase', 2, 977, NULL, NULL, NULL, NULL, NULL, NULL, NULL),
(978, 722, NULL, NULL, 2, '2016-05-30 13:58:12', NULL, 'purchase', 2, 978, NULL, NULL, NULL, NULL, NULL, NULL, NULL),
(979, 723, NULL, NULL, 1, '2016-05-30 13:58:13', NULL, 'purchase', 2, 979, NULL, NULL, NULL, NULL, NULL, NULL, NULL),
(980, 724, NULL, NULL, 1, '2016-05-30 13:58:14', NULL, 'purchase', 2, 980, NULL, NULL, NULL, NULL, NULL, NULL, NULL),
(981, 725, NULL, NULL, 1, '2016-05-30 13:58:15', NULL, 'purchase', 2, 981, NULL, NULL, NULL, NULL, NULL, NULL, NULL),
(982, 725, NULL, NULL, 1, '2016-05-30 13:58:16', NULL, 'purchase', 2, 982, NULL, NULL, NULL, NULL, NULL, NULL, NULL),
(983, 726, NULL, NULL, 1, '2016-05-30 13:58:17', NULL, 'purchase', 2, 983, NULL, NULL, NULL, NULL, NULL, NULL, NULL),
(984, 727, NULL, NULL, 2, '2016-05-30 13:58:19', NULL, 'purchase', 2, 984, NULL, NULL, NULL, NULL, NULL, NULL, NULL),
(985, 728, NULL, NULL, 1, '2016-05-30 13:58:19', NULL, 'purchase', 2, 985, NULL, NULL, NULL, NULL, NULL, NULL, NULL),
(986, 729, NULL, NULL, 2, '2016-05-30 13:58:21', NULL, 'purchase', 2, 986, NULL, NULL, NULL, NULL, NULL, NULL, NULL),
(987, 730, NULL, NULL, 3, '2016-05-30 13:58:22', NULL, 'purchase', 2, 987, NULL, NULL, NULL, NULL, NULL, NULL, NULL),
(988, 731, NULL, NULL, 1, '2016-05-30 13:58:23', NULL, 'purchase', 2, 988, NULL, NULL, NULL, NULL, NULL, NULL, NULL),
(989, 732, NULL, NULL, 1, '2016-05-30 13:58:24', NULL, 'purchase', 2, 989, NULL, NULL, NULL, NULL, NULL, NULL, NULL),
(990, 733, NULL, NULL, 2, '2016-05-30 13:58:25', NULL, 'purchase', 2, 990, NULL, NULL, NULL, NULL, NULL, NULL, NULL),
(991, 734, NULL, NULL, 2, '2016-05-30 13:58:26', NULL, 'purchase', 2, 991, NULL, NULL, NULL, NULL, NULL, NULL, NULL),
(992, 735, NULL, NULL, 4, '2016-05-30 13:58:28', NULL, 'purchase', 2, 992, NULL, NULL, NULL, NULL, NULL, NULL, NULL),
(993, 736, NULL, NULL, 1, '2016-05-30 13:58:29', NULL, 'purchase', 2, 993, NULL, NULL, NULL, NULL, NULL, NULL, NULL),
(994, 737, NULL, NULL, 1, '2016-05-30 13:58:30', NULL, 'purchase', 2, 994, NULL, NULL, NULL, NULL, NULL, NULL, NULL),
(995, 738, NULL, NULL, 1, '2016-05-30 13:58:30', NULL, 'purchase', 2, 995, NULL, NULL, NULL, NULL, NULL, NULL, NULL),
(996, 732, NULL, NULL, 2, '2016-05-30 13:58:31', NULL, 'purchase', 2, 996, NULL, NULL, NULL, NULL, NULL, NULL, NULL),
(997, 739, NULL, NULL, 2, '2016-05-30 13:58:31', NULL, 'purchase', 2, 997, NULL, NULL, NULL, NULL, NULL, NULL, NULL),
(998, 740, NULL, NULL, 3, '2016-05-30 13:58:32', NULL, 'purchase', 2, 998, NULL, NULL, NULL, NULL, NULL, NULL, NULL),
(999, 741, NULL, NULL, 3, '2016-05-30 13:58:33', NULL, 'purchase', 2, 999, NULL, NULL, NULL, NULL, NULL, NULL, NULL),
(1000, 742, NULL, NULL, 1, '2016-05-30 13:58:34', NULL, 'purchase', 2, 1000, NULL, NULL, NULL, NULL, NULL, NULL, NULL),
(1001, 743, NULL, NULL, 1, '2016-05-30 13:58:35', NULL, 'purchase', 2, 1001, NULL, NULL, NULL, NULL, NULL, NULL, NULL),
(1002, 744, NULL, NULL, 1, '2016-05-30 13:58:37', NULL, 'purchase', 2, 1002, NULL, NULL, NULL, NULL, NULL, NULL, NULL),
(1003, 745, NULL, NULL, 2, '2016-05-30 13:58:38', NULL, 'purchase', 2, 1003, NULL, NULL, NULL, NULL, NULL, NULL, NULL),
(1004, 746, NULL, NULL, 1, '2016-05-30 13:58:39', NULL, 'purchase', 2, 1004, NULL, NULL, NULL, NULL, NULL, NULL, NULL),
(1005, 747, NULL, NULL, 1, '2016-05-30 13:58:40', NULL, 'purchase', 2, 1005, NULL, NULL, NULL, NULL, NULL, NULL, NULL),
(1006, 748, NULL, NULL, 1, '2016-05-30 13:58:41', NULL, 'purchase', 2, 1006, NULL, NULL, NULL, NULL, NULL, NULL, NULL),
(1007, 749, NULL, NULL, 1, '2016-05-30 13:58:42', NULL, 'purchase', 2, 1007, NULL, NULL, NULL, NULL, NULL, NULL, NULL),
(1008, 750, NULL, NULL, 2, '2016-05-30 13:58:42', NULL, 'purchase', 2, 1008, NULL, NULL, NULL, NULL, NULL, NULL, NULL),
(1009, 751, NULL, NULL, 2, '2016-05-30 13:58:43', NULL, 'purchase', 2, 1009, NULL, NULL, NULL, NULL, NULL, NULL, NULL),
(1010, 752, NULL, NULL, 1, '2016-05-30 13:58:44', NULL, 'purchase', 2, 1010, NULL, NULL, NULL, NULL, NULL, NULL, NULL),
(1011, 753, NULL, NULL, 1, '2016-05-30 13:58:46', NULL, 'purchase', 2, 1011, NULL, NULL, NULL, NULL, NULL, NULL, NULL),
(1012, 754, NULL, NULL, 1, '2016-05-30 13:58:47', NULL, 'purchase', 2, 1012, NULL, NULL, NULL, NULL, NULL, NULL, NULL),
(1013, 755, NULL, NULL, 2, '2016-05-30 13:58:48', NULL, 'purchase', 2, 1013, NULL, NULL, NULL, NULL, NULL, NULL, NULL),
(1014, 756, NULL, NULL, 1, '2016-05-30 13:58:50', NULL, 'purchase', 2, 1014, NULL, NULL, NULL, NULL, NULL, NULL, NULL),
(1015, 757, NULL, NULL, 4, '2016-05-30 13:58:51', NULL, 'purchase', 2, 1015, NULL, NULL, NULL, NULL, NULL, NULL, NULL),
(1016, 758, NULL, NULL, 10, '2016-05-30 13:58:52', NULL, 'purchase', 2, 1016, NULL, NULL, NULL, NULL, NULL, NULL, NULL),
(1017, 759, NULL, NULL, 1, '2016-05-30 13:58:52', NULL, 'purchase', 2, 1017, NULL, NULL, NULL, NULL, NULL, NULL, NULL),
(1018, 760, NULL, NULL, 3, '2016-05-30 13:58:53', NULL, 'purchase', 2, 1018, NULL, NULL, NULL, NULL, NULL, NULL, NULL),
(1019, 761, NULL, NULL, 9, '2016-05-30 13:58:54', NULL, 'purchase', 2, 1019, NULL, NULL, NULL, NULL, NULL, NULL, NULL),
(1020, 762, NULL, NULL, 1, '2016-05-30 13:58:55', NULL, 'purchase', 2, 1020, NULL, NULL, NULL, NULL, NULL, NULL, NULL),
(1021, 763, NULL, NULL, 1, '2016-05-30 13:58:57', NULL, 'purchase', 2, 1021, NULL, NULL, NULL, NULL, NULL, NULL, NULL),
(1022, 764, NULL, NULL, 4, '2016-05-30 13:58:58', NULL, 'purchase', 2, 1022, NULL, NULL, NULL, NULL, NULL, NULL, NULL),
(1023, 765, NULL, NULL, 5, '2016-05-30 13:58:59', NULL, 'purchase', 2, 1023, NULL, NULL, NULL, NULL, NULL, NULL, NULL),
(1024, 766, NULL, NULL, 4, '2016-05-30 13:59:00', NULL, 'purchase', 2, 1024, NULL, NULL, NULL, NULL, NULL, NULL, NULL),
(1025, 767, NULL, NULL, 2, '2016-05-30 13:59:01', NULL, 'purchase', 2, 1025, NULL, NULL, NULL, NULL, NULL, NULL, NULL),
(1026, 768, NULL, NULL, 4, '2016-05-30 13:59:02', NULL, 'purchase', 2, 1026, NULL, NULL, NULL, NULL, NULL, NULL, NULL),
(1027, 769, NULL, NULL, 2, '2016-05-30 13:59:02', NULL, 'purchase', 2, 1027, NULL, NULL, NULL, NULL, NULL, NULL, NULL),
(1028, 770, NULL, NULL, 3, '2016-05-30 13:59:03', NULL, 'purchase', 2, 1028, NULL, NULL, NULL, NULL, NULL, NULL, NULL),
(1029, 771, NULL, NULL, 1, '2016-05-30 13:59:04', NULL, 'purchase', 2, 1029, NULL, NULL, NULL, NULL, NULL, NULL, NULL),
(1030, 772, NULL, NULL, 2, '2016-05-30 13:59:06', NULL, 'purchase', 2, 1030, NULL, NULL, NULL, NULL, NULL, NULL, NULL),
(1031, 773, NULL, NULL, 1, '2016-05-30 13:59:07', NULL, 'purchase', 2, 1031, NULL, NULL, NULL, NULL, NULL, NULL, NULL),
(1032, 774, NULL, NULL, 4, '2016-05-30 13:59:08', NULL, 'purchase', 2, 1032, NULL, NULL, NULL, NULL, NULL, NULL, NULL),
(1033, 775, NULL, NULL, 3, '2016-05-30 13:59:09', NULL, 'purchase', 2, 1033, NULL, NULL, NULL, NULL, NULL, NULL, NULL),
(1034, 776, NULL, NULL, 1, '2016-05-30 13:59:10', NULL, 'purchase', 2, 1034, NULL, NULL, NULL, NULL, NULL, NULL, NULL),
(1035, 777, NULL, NULL, 1, '2016-05-30 13:59:11', NULL, 'purchase', 2, 1035, NULL, NULL, NULL, NULL, NULL, NULL, NULL),
(1036, 778, NULL, NULL, 2, '2016-05-30 13:59:12', NULL, 'purchase', 2, 1036, NULL, NULL, NULL, NULL, NULL, NULL, NULL),
(1037, 779, NULL, NULL, 1, '2016-05-30 13:59:13', NULL, 'purchase', 2, 1037, NULL, NULL, NULL, NULL, NULL, NULL, NULL),
(1038, 780, NULL, NULL, 1, '2016-05-30 13:59:16', NULL, 'purchase', 2, 1038, NULL, NULL, NULL, NULL, NULL, NULL, NULL),
(1039, 781, NULL, NULL, 1, '2016-05-30 13:59:17', NULL, 'purchase', 2, 1039, NULL, NULL, NULL, NULL, NULL, NULL, NULL),
(1040, 782, NULL, NULL, 1, '2016-05-30 13:59:18', NULL, 'purchase', 2, 1040, NULL, NULL, NULL, NULL, NULL, NULL, NULL),
(1041, 783, NULL, NULL, 1, '2016-05-30 13:59:19', NULL, 'purchase', 2, 1041, NULL, NULL, NULL, NULL, NULL, NULL, NULL),
(1042, 784, NULL, NULL, 1, '2016-05-30 13:59:20', NULL, 'purchase', 2, 1042, NULL, NULL, NULL, NULL, NULL, NULL, NULL),
(1043, 785, NULL, NULL, 1, '2016-05-30 13:59:22', NULL, 'purchase', 2, 1043, NULL, NULL, NULL, NULL, NULL, NULL, NULL),
(1044, 786, NULL, NULL, 1, '2016-05-30 13:59:23', NULL, 'purchase', 2, 1044, NULL, NULL, NULL, NULL, NULL, NULL, NULL),
(1045, 787, NULL, NULL, 1, '2016-05-30 13:59:24', NULL, 'purchase', 2, 1045, NULL, NULL, NULL, NULL, NULL, NULL, NULL),
(1046, 788, NULL, NULL, 1, '2016-05-30 13:59:25', NULL, 'purchase', 2, 1046, NULL, NULL, NULL, NULL, NULL, NULL, NULL),
(1047, 789, NULL, NULL, 1, '2016-05-30 13:59:26', NULL, 'purchase', 2, 1047, NULL, NULL, NULL, NULL, NULL, NULL, NULL),
(1048, 790, NULL, NULL, 1, '2016-05-30 13:59:27', NULL, 'purchase', 2, 1048, NULL, NULL, NULL, NULL, NULL, NULL, NULL),
(1049, 791, NULL, NULL, 1, '2016-05-30 13:59:28', NULL, 'purchase', 2, 1049, NULL, NULL, NULL, NULL, NULL, NULL, NULL),
(1050, 792, NULL, NULL, 1, '2016-05-30 13:59:29', NULL, 'purchase', 2, 1050, NULL, NULL, NULL, NULL, NULL, NULL, NULL),
(1051, 793, NULL, NULL, 1, '2016-05-30 13:59:30', NULL, 'purchase', 2, 1051, NULL, NULL, NULL, NULL, NULL, NULL, NULL),
(1052, 794, NULL, NULL, 1, '2016-05-30 13:59:31', NULL, 'purchase', 2, 1052, NULL, NULL, NULL, NULL, NULL, NULL, NULL),
(1053, 795, NULL, NULL, 1, '2016-05-30 13:59:32', NULL, 'purchase', 2, 1053, NULL, NULL, NULL, NULL, NULL, NULL, NULL),
(1054, 796, NULL, NULL, 1, '2016-05-30 13:59:33', NULL, 'purchase', 2, 1054, NULL, NULL, NULL, NULL, NULL, NULL, NULL),
(1055, 797, NULL, NULL, 1, '2016-05-30 13:59:35', NULL, 'purchase', 2, 1055, NULL, NULL, NULL, NULL, NULL, NULL, NULL),
(1056, 798, NULL, NULL, 9, '2016-05-30 13:59:37', NULL, 'purchase', 2, 1056, NULL, NULL, NULL, NULL, NULL, NULL, NULL),
(1057, 799, NULL, NULL, 1, '2016-05-30 13:59:38', NULL, 'purchase', 2, 1057, NULL, NULL, NULL, NULL, NULL, NULL, NULL),
(1058, 800, NULL, NULL, 3, '2016-05-30 13:59:39', NULL, 'purchase', 2, 1058, NULL, NULL, NULL, NULL, NULL, NULL, NULL),
(1059, 801, NULL, NULL, 2, '2016-05-30 13:59:40', NULL, 'purchase', 2, 1059, NULL, NULL, NULL, NULL, NULL, NULL, NULL),
(1060, 802, NULL, NULL, 4, '2016-05-30 13:59:41', NULL, 'purchase', 2, 1060, NULL, NULL, NULL, NULL, NULL, NULL, NULL),
(1061, 803, NULL, NULL, 1, '2016-05-30 13:59:42', NULL, 'purchase', 2, 1061, NULL, NULL, NULL, NULL, NULL, NULL, NULL),
(1062, 804, NULL, NULL, 1, '2016-05-30 13:59:44', NULL, 'purchase', 2, 1062, NULL, NULL, NULL, NULL, NULL, NULL, NULL),
(1063, 805, NULL, NULL, 1, '2016-05-30 13:59:45', NULL, 'purchase', 2, 1063, NULL, NULL, NULL, NULL, NULL, NULL, NULL),
(1064, 806, NULL, NULL, 1, '2016-05-30 13:59:46', NULL, 'purchase', 2, 1064, NULL, NULL, NULL, NULL, NULL, NULL, NULL),
(1065, 807, NULL, NULL, 1, '2016-05-30 13:59:47', NULL, 'purchase', 2, 1065, NULL, NULL, NULL, NULL, NULL, NULL, NULL),
(1066, 808, NULL, NULL, 3, '2016-05-30 13:59:48', NULL, 'purchase', 2, 1066, NULL, NULL, NULL, NULL, NULL, NULL, NULL),
(1067, 804, NULL, NULL, 1, '2016-05-30 13:59:49', NULL, 'purchase', 2, 1067, NULL, NULL, NULL, NULL, NULL, NULL, NULL),
(1068, 809, NULL, NULL, 1, '2016-05-30 13:59:51', NULL, 'purchase', 2, 1068, NULL, NULL, NULL, NULL, NULL, NULL, NULL),
(1069, 810, NULL, NULL, 3, '2016-05-30 13:59:52', NULL, 'purchase', 2, 1069, NULL, NULL, NULL, NULL, NULL, NULL, NULL),
(1070, 811, NULL, NULL, 1, '2016-05-30 13:59:53', NULL, 'purchase', 2, 1070, NULL, NULL, NULL, NULL, NULL, NULL, NULL),
(1071, 812, NULL, NULL, 1, '2016-05-30 13:59:54', NULL, 'purchase', 2, 1071, NULL, NULL, NULL, NULL, NULL, NULL, NULL),
(1072, 813, NULL, NULL, 1, '2016-05-30 13:59:55', NULL, 'purchase', 2, 1072, NULL, NULL, NULL, NULL, NULL, NULL, NULL),
(1073, 814, NULL, NULL, 5, '2016-05-30 13:59:57', NULL, 'purchase', 2, 1073, NULL, NULL, NULL, NULL, NULL, NULL, NULL),
(1074, 815, NULL, NULL, 4, '2016-05-30 13:59:59', NULL, 'purchase', 2, 1074, NULL, NULL, NULL, NULL, NULL, NULL, NULL),
(1075, 816, NULL, NULL, 1, '2016-05-30 14:00:01', NULL, 'purchase', 2, 1075, NULL, NULL, NULL, NULL, NULL, NULL, NULL),
(1076, 817, NULL, NULL, 1, '2016-05-30 14:00:03', NULL, 'purchase', 2, 1076, NULL, NULL, NULL, NULL, NULL, NULL, NULL),
(1077, 818, NULL, NULL, 1, '2016-05-30 14:00:04', NULL, 'purchase', 2, 1077, NULL, NULL, NULL, NULL, NULL, NULL, NULL),
(1078, 819, NULL, NULL, 2, '2016-05-30 14:00:05', NULL, 'purchase', 2, 1078, NULL, NULL, NULL, NULL, NULL, NULL, NULL),
(1079, 820, NULL, NULL, 4, '2016-05-30 14:00:07', NULL, 'purchase', 2, 1079, NULL, NULL, NULL, NULL, NULL, NULL, NULL),
(1080, 821, NULL, NULL, 1, '2016-05-30 14:00:09', NULL, 'purchase', 2, 1080, NULL, NULL, NULL, NULL, NULL, NULL, NULL),
(1081, 821, NULL, NULL, 11, '2016-05-30 14:00:10', NULL, 'purchase', 2, 1081, NULL, NULL, NULL, NULL, NULL, NULL, NULL),
(1082, 822, NULL, NULL, 2, '2016-05-30 14:00:11', NULL, 'purchase', 2, 1082, NULL, NULL, NULL, NULL, NULL, NULL, NULL),
(1083, 823, NULL, NULL, 5, '2016-05-30 14:00:12', NULL, 'purchase', 2, 1083, NULL, NULL, NULL, NULL, NULL, NULL, NULL),
(1084, 824, NULL, NULL, 2, '2016-05-30 14:00:13', NULL, 'purchase', 2, 1084, NULL, NULL, NULL, NULL, NULL, NULL, NULL),
(1085, 825, NULL, NULL, 8, '2016-05-30 14:00:14', NULL, 'purchase', 2, 1085, NULL, NULL, NULL, NULL, NULL, NULL, NULL),
(1086, 826, NULL, NULL, 1, '2016-05-30 14:00:15', NULL, 'purchase', 2, 1086, NULL, NULL, NULL, NULL, NULL, NULL, NULL),
(1087, 827, NULL, NULL, 2, '2016-05-30 14:00:16', NULL, 'purchase', 2, 1087, NULL, NULL, NULL, NULL, NULL, NULL, NULL),
(1088, 828, NULL, NULL, 1, '2016-05-30 14:00:17', NULL, 'purchase', 2, 1088, NULL, NULL, NULL, NULL, NULL, NULL, NULL),
(1089, 829, NULL, NULL, 1, '2016-05-30 14:00:18', NULL, 'purchase', 2, 1089, NULL, NULL, NULL, NULL, NULL, NULL, NULL),
(1090, 830, NULL, NULL, 1, '2016-05-30 14:00:19', NULL, 'purchase', 2, 1090, NULL, NULL, NULL, NULL, NULL, NULL, NULL),
(1091, 831, NULL, NULL, 1, '2016-05-30 14:00:20', NULL, 'purchase', 2, 1091, NULL, NULL, NULL, NULL, NULL, NULL, NULL),
(1092, 832, NULL, NULL, 7, '2016-05-30 14:00:23', NULL, 'purchase', 2, 1092, NULL, NULL, NULL, NULL, NULL, NULL, NULL),
(1093, 833, NULL, NULL, 1, '2016-05-30 14:00:24', NULL, 'purchase', 2, 1093, NULL, NULL, NULL, NULL, NULL, NULL, NULL),
(1094, 834, NULL, NULL, 2, '2016-05-30 14:00:25', NULL, 'purchase', 2, 1094, NULL, NULL, NULL, NULL, NULL, NULL, NULL),
(1095, 835, NULL, NULL, 1, '2016-05-30 14:00:26', NULL, 'purchase', 2, 1095, NULL, NULL, NULL, NULL, NULL, NULL, NULL),
(1096, 836, NULL, NULL, 2, '2016-05-30 14:00:27', NULL, 'purchase', 2, 1096, NULL, NULL, NULL, NULL, NULL, NULL, NULL),
(1097, 837, NULL, NULL, 1, '2016-05-30 14:00:29', NULL, 'purchase', 2, 1097, NULL, NULL, NULL, NULL, NULL, NULL, NULL),
(1098, 838, NULL, NULL, 1, '2016-05-30 14:00:30', NULL, 'purchase', 2, 1098, NULL, NULL, NULL, NULL, NULL, NULL, NULL),
(1099, 839, NULL, NULL, 1, '2016-05-30 14:00:31', NULL, 'purchase', 2, 1099, NULL, NULL, NULL, NULL, NULL, NULL, NULL),
(1100, 840, NULL, NULL, 1, '2016-05-30 14:00:32', NULL, 'purchase', 2, 1100, NULL, NULL, NULL, NULL, NULL, NULL, NULL),
(1101, 841, NULL, NULL, 1, '2016-05-30 14:00:33', NULL, 'purchase', 2, 1101, NULL, NULL, NULL, NULL, NULL, NULL, NULL),
(1102, 842, NULL, NULL, 1, '2016-05-30 14:00:34', NULL, 'purchase', 2, 1102, NULL, NULL, NULL, NULL, NULL, NULL, NULL),
(1103, 843, NULL, NULL, 2, '2016-05-30 14:00:36', NULL, 'purchase', 2, 1103, NULL, NULL, NULL, NULL, NULL, NULL, NULL),
(1104, 844, NULL, NULL, 2, '2016-05-30 14:00:37', NULL, 'purchase', 2, 1104, NULL, NULL, NULL, NULL, NULL, NULL, NULL),
(1105, 845, NULL, NULL, 1, '2016-05-30 14:00:38', NULL, 'purchase', 2, 1105, NULL, NULL, NULL, NULL, NULL, NULL, NULL),
(1106, 846, NULL, NULL, 1, '2016-05-30 14:00:41', NULL, 'purchase', 2, 1106, NULL, NULL, NULL, NULL, NULL, NULL, NULL),
(1107, 847, NULL, NULL, 1, '2016-05-30 14:00:42', NULL, 'purchase', 2, 1107, NULL, NULL, NULL, NULL, NULL, NULL, NULL),
(1108, 848, NULL, NULL, 1, '2016-05-30 14:00:43', NULL, 'purchase', 2, 1108, NULL, NULL, NULL, NULL, NULL, NULL, NULL),
(1109, 849, NULL, NULL, 1, '2016-05-30 14:00:44', NULL, 'purchase', 2, 1109, NULL, NULL, NULL, NULL, NULL, NULL, NULL),
(1110, 850, NULL, NULL, 1, '2016-05-30 14:00:45', NULL, 'purchase', 2, 1110, NULL, NULL, NULL, NULL, NULL, NULL, NULL),
(1111, 851, NULL, NULL, 1, '2016-05-30 14:00:46', NULL, 'purchase', 2, 1111, NULL, NULL, NULL, NULL, NULL, NULL, NULL),
(1112, 852, NULL, NULL, 1, '2016-05-30 14:00:47', NULL, 'purchase', 2, 1112, NULL, NULL, NULL, NULL, NULL, NULL, NULL),
(1113, 853, NULL, NULL, 3, '2016-05-30 14:00:48', NULL, 'purchase', 2, 1113, NULL, NULL, NULL, NULL, NULL, NULL, NULL),
(1114, 854, NULL, NULL, 1, '2016-05-30 14:00:49', NULL, 'purchase', 2, 1114, NULL, NULL, NULL, NULL, NULL, NULL, NULL),
(1115, 855, NULL, NULL, 1, '2016-05-30 14:00:50', NULL, 'purchase', 2, 1115, NULL, NULL, NULL, NULL, NULL, NULL, NULL),
(1116, 856, NULL, NULL, 1, '2016-05-30 14:00:51', NULL, 'purchase', 2, 1116, NULL, NULL, NULL, NULL, NULL, NULL, NULL),
(1117, 857, NULL, NULL, 1, '2016-05-30 14:00:52', NULL, 'purchase', 2, 1117, NULL, NULL, NULL, NULL, NULL, NULL, NULL),
(1118, 858, NULL, NULL, 1, '2016-05-30 14:00:53', NULL, 'purchase', 2, 1118, NULL, NULL, NULL, NULL, NULL, NULL, NULL),
(1119, 859, NULL, NULL, 1, '2016-05-30 14:00:54', NULL, 'purchase', 2, 1119, NULL, NULL, NULL, NULL, NULL, NULL, NULL),
(1120, 860, NULL, NULL, 7, '2016-05-30 14:00:57', NULL, 'purchase', 2, 1120, NULL, NULL, NULL, NULL, NULL, NULL, NULL),
(1121, 861, NULL, NULL, 2, '2016-05-30 14:00:58', NULL, 'purchase', 2, 1121, NULL, NULL, NULL, NULL, NULL, NULL, NULL),
(1122, 862, NULL, NULL, 2, '2016-05-30 14:00:59', NULL, 'purchase', 2, 1122, NULL, NULL, NULL, NULL, NULL, NULL, NULL),
(1123, 863, NULL, NULL, 2, '2016-05-30 14:01:00', NULL, 'purchase', 2, 1123, NULL, NULL, NULL, NULL, NULL, NULL, NULL),
(1124, 864, NULL, NULL, 1, '2016-05-30 14:01:01', NULL, 'purchase', 2, 1124, NULL, NULL, NULL, NULL, NULL, NULL, NULL),
(1125, 865, NULL, NULL, 1, '2016-05-30 14:01:02', NULL, 'purchase', 2, 1125, NULL, NULL, NULL, NULL, NULL, NULL, NULL),
(1126, 866, NULL, NULL, 2, '2016-05-30 14:01:03', NULL, 'purchase', 2, 1126, NULL, NULL, NULL, NULL, NULL, NULL, NULL),
(1127, 867, NULL, NULL, 2, '2016-05-30 14:01:04', NULL, 'purchase', 2, 1127, NULL, NULL, NULL, NULL, NULL, NULL, NULL),
(1128, 868, NULL, NULL, 3, '2016-05-30 14:01:05', NULL, 'purchase', 2, 1128, NULL, NULL, NULL, NULL, NULL, NULL, NULL),
(1129, 869, NULL, NULL, 1, '2016-05-30 14:01:06', NULL, 'purchase', 2, 1129, NULL, NULL, NULL, NULL, NULL, NULL, NULL),
(1130, 870, NULL, NULL, 1, '2016-05-30 14:01:07', NULL, 'purchase', 2, 1130, NULL, NULL, NULL, NULL, NULL, NULL, NULL),
(1131, 871, NULL, NULL, 5, '2016-05-30 14:01:08', NULL, 'purchase', 2, 1131, NULL, NULL, NULL, NULL, NULL, NULL, NULL),
(1132, 872, NULL, NULL, 1, '2016-05-30 14:01:09', NULL, 'purchase', 2, 1132, NULL, NULL, NULL, NULL, NULL, NULL, NULL),
(1133, 873, NULL, NULL, 1, '2016-05-30 14:01:10', NULL, 'purchase', 2, 1133, NULL, NULL, NULL, NULL, NULL, NULL, NULL),
(1134, 874, NULL, NULL, 1, '2016-05-30 14:01:15', NULL, 'purchase', 2, 1134, NULL, NULL, NULL, NULL, NULL, NULL, NULL),
(1135, 875, NULL, NULL, 2, '2016-05-30 14:01:17', NULL, 'purchase', 2, 1135, NULL, NULL, NULL, NULL, NULL, NULL, NULL),
(1136, 876, NULL, NULL, 1, '2016-05-30 14:01:18', NULL, 'purchase', 2, 1136, NULL, NULL, NULL, NULL, NULL, NULL, NULL),
(1137, 877, NULL, NULL, 1, '2016-05-30 14:01:19', NULL, 'purchase', 2, 1137, NULL, NULL, NULL, NULL, NULL, NULL, NULL),
(1138, 878, NULL, NULL, 1, '2016-05-30 14:01:20', NULL, 'purchase', 2, 1138, NULL, NULL, NULL, NULL, NULL, NULL, NULL),
(1139, 879, NULL, NULL, 1, '2016-05-30 14:01:21', NULL, 'purchase', 2, 1139, NULL, NULL, NULL, NULL, NULL, NULL, NULL),
(1140, 880, NULL, NULL, 1, '2016-05-30 14:01:22', NULL, 'purchase', 2, 1140, NULL, NULL, NULL, NULL, NULL, NULL, NULL),
(1141, 881, NULL, NULL, 3, '2016-05-30 14:01:23', NULL, 'purchase', 2, 1141, NULL, NULL, NULL, NULL, NULL, NULL, NULL),
(1142, 882, NULL, NULL, 4, '2016-05-30 14:01:25', NULL, 'purchase', 2, 1142, NULL, NULL, NULL, NULL, NULL, NULL, NULL),
(1143, 883, NULL, NULL, 1, '2016-05-30 14:01:26', NULL, 'purchase', 2, 1143, NULL, NULL, NULL, NULL, NULL, NULL, NULL),
(1144, 884, NULL, NULL, 2, '2016-05-30 14:01:27', NULL, 'purchase', 2, 1144, NULL, NULL, NULL, NULL, NULL, NULL, NULL),
(1145, 885, NULL, NULL, 1, '2016-05-30 14:01:28', NULL, 'purchase', 2, 1145, NULL, NULL, NULL, NULL, NULL, NULL, NULL),
(1146, 886, NULL, NULL, 1, '2016-05-30 14:01:30', NULL, 'purchase', 2, 1146, NULL, NULL, NULL, NULL, NULL, NULL, NULL),
(1147, 887, NULL, NULL, 4, '2016-05-30 14:01:31', NULL, 'purchase', 2, 1147, NULL, NULL, NULL, NULL, NULL, NULL, NULL),
(1148, 888, NULL, NULL, 3, '2016-05-30 14:01:33', NULL, 'purchase', 2, 1148, NULL, NULL, NULL, NULL, NULL, NULL, NULL),
(1149, 889, NULL, NULL, 4, '2016-05-30 14:01:34', NULL, 'purchase', 2, 1149, NULL, NULL, NULL, NULL, NULL, NULL, NULL),
(1150, 890, NULL, NULL, 2, '2016-05-30 14:01:36', NULL, 'purchase', 2, 1150, NULL, NULL, NULL, NULL, NULL, NULL, NULL),
(1151, 891, NULL, NULL, 2, '2016-05-30 14:01:37', NULL, 'purchase', 2, 1151, NULL, NULL, NULL, NULL, NULL, NULL, NULL),
(1152, 892, NULL, NULL, 1, '2016-05-30 14:01:38', NULL, 'purchase', 2, 1152, NULL, NULL, NULL, NULL, NULL, NULL, NULL),
(1153, 893, NULL, NULL, 2, '2016-05-30 14:01:40', NULL, 'purchase', 2, 1153, NULL, NULL, NULL, NULL, NULL, NULL, NULL),
(1154, 894, NULL, NULL, 2, '2016-05-30 14:01:41', NULL, 'purchase', 2, 1154, NULL, NULL, NULL, NULL, NULL, NULL, NULL),
(1155, 895, NULL, NULL, 1, '2016-05-30 14:01:43', NULL, 'purchase', 2, 1155, NULL, NULL, NULL, NULL, NULL, NULL, NULL),
(1156, 896, NULL, NULL, 1, '2016-05-30 14:01:44', NULL, 'purchase', 2, 1156, NULL, NULL, NULL, NULL, NULL, NULL, NULL),
(1157, 786, NULL, NULL, -1, '2016-05-30 17:56:56', NULL, 'sales', 2, 1044, 1, NULL, NULL, NULL, NULL, NULL, NULL),
(1158, 697, NULL, NULL, -1, '2016-05-30 17:56:56', NULL, 'sales', 2, 934, 2, NULL, NULL, NULL, NULL, NULL, NULL),
(1159, 19, NULL, NULL, -1, '2016-05-30 17:58:20', NULL, 'sales', 2, 20, 3, NULL, NULL, NULL, NULL, NULL, NULL),
(1160, 23, NULL, NULL, -1, '2016-05-30 17:58:20', NULL, 'sales', 2, 24, 4, NULL, NULL, NULL, NULL, NULL, NULL),
(1161, 21, NULL, NULL, -1, '2016-05-30 17:58:20', NULL, 'sales', 2, 22, 5, NULL, NULL, NULL, NULL, NULL, NULL),
(1162, 604, NULL, NULL, -1, '2016-06-01 06:55:55', NULL, 'sales', 2, 784, 6, NULL, NULL, NULL, NULL, NULL, NULL),
(1163, 782, NULL, NULL, -1, '2016-06-01 06:55:55', NULL, 'sales', 2, 1040, 7, NULL, NULL, NULL, NULL, NULL, NULL),
(1164, 832, NULL, NULL, -1, '2016-06-01 06:56:27', NULL, 'sales', 2, 1092, 8, NULL, NULL, NULL, NULL, NULL, NULL),
(1165, 903, NULL, NULL, 10, '2016-06-02 10:18:23', NULL, 'purchase', 9, 1157, NULL, NULL, NULL, NULL, NULL, NULL, NULL),
(1166, 904, NULL, NULL, 5, '2016-06-02 10:18:23', NULL, 'purchase', 9, 1158, NULL, NULL, NULL, NULL, NULL, NULL, NULL),
(1167, 23, NULL, NULL, -1, '2016-06-02 16:20:58', NULL, 'sales', 2, 24, 9, NULL, NULL, NULL, NULL, NULL, NULL),
(1168, 23, NULL, NULL, -1, '2016-06-02 23:21:55', NULL, 'sales', 2, 24, 11, NULL, NULL, NULL, NULL, NULL, NULL),
(1169, 905, NULL, NULL, 10, '2016-06-03 23:18:49', NULL, 'purchase', 6, 1159, NULL, NULL, NULL, NULL, NULL, NULL, NULL),
(1170, 906, NULL, NULL, 5, '2016-06-03 23:18:50', NULL, 'purchase', 6, 1160, NULL, NULL, NULL, NULL, NULL, NULL, NULL),
(1171, 905, NULL, NULL, 5, '2016-06-03 23:30:57', NULL, 'purchase', 6, 1163, NULL, NULL, NULL, NULL, NULL, NULL, NULL),
(1172, 906, NULL, NULL, 2, '2016-06-03 23:30:57', NULL, 'purchase', 6, 1162, NULL, NULL, NULL, NULL, NULL, NULL, NULL),
(1173, 905, NULL, NULL, 3, '2016-06-03 23:30:57', NULL, 'purchase', 6, 1161, NULL, NULL, NULL, NULL, NULL, NULL, NULL),
(1174, 905, NULL, NULL, -2, '2016-06-04 08:41:42', NULL, 'sales', 6, 1163, 16, NULL, NULL, NULL, NULL, NULL, NULL),
(1175, 906, NULL, NULL, -2, '2016-06-04 08:41:42', NULL, 'sales', 6, 1160, 17, NULL, NULL, NULL, NULL, NULL, NULL),
(1176, 843, NULL, NULL, -1, '2016-06-08 20:25:24', NULL, 'sales', 2, 1103, 18, NULL, NULL, NULL, NULL, NULL, NULL),
(1177, 367, NULL, NULL, -1, '2016-06-08 20:25:24', NULL, 'sales', 2, 452, 19, NULL, NULL, NULL, NULL, NULL, NULL),
(1178, 843, NULL, NULL, -1, '2016-06-08 20:25:25', NULL, 'sales', 2, 1103, 18, NULL, NULL, NULL, NULL, NULL, NULL),
(1179, 367, NULL, NULL, -1, '2016-06-08 20:25:25', NULL, 'sales', 2, 452, 19, NULL, NULL, NULL, NULL, NULL, NULL),
(1180, 786, NULL, NULL, -2, '2016-06-09 23:49:45', NULL, 'damage', 2, 1044, NULL, NULL, NULL, NULL, NULL, 6, NULL),
(1181, 897, NULL, NULL, 3, '2016-06-10 15:50:27', NULL, 'purchase', 2, 1170, NULL, NULL, NULL, NULL, NULL, NULL, NULL),
(1182, 20, NULL, NULL, 2, '2016-06-10 15:50:27', NULL, 'purchase', 2, 1169, NULL, NULL, NULL, NULL, NULL, NULL, NULL),
(1183, 900, NULL, NULL, 1, '2016-06-10 15:50:27', NULL, 'purchase', 2, 1168, NULL, NULL, NULL, NULL, NULL, NULL, NULL),
(1184, 18, NULL, NULL, 2, '2016-06-10 15:50:27', NULL, 'purchase', 2, 1167, NULL, NULL, NULL, NULL, NULL, NULL, NULL),
(1185, 22, NULL, NULL, 2, '2016-06-10 15:50:27', NULL, 'purchase', 2, 1166, NULL, NULL, NULL, NULL, NULL, NULL, NULL),
(1186, 746, NULL, NULL, -1, '2016-06-10 15:55:30', NULL, 'sales', 2, 1004, 20, NULL, NULL, NULL, NULL, NULL, NULL),
(1187, 833, NULL, NULL, -1, '2016-06-10 23:17:29', NULL, 'sales', 2, 1093, 21, NULL, NULL, NULL, NULL, NULL, NULL),
(1188, 832, NULL, NULL, -1, '2016-06-10 23:32:40', NULL, 'sales', 2, 1092, 22, NULL, NULL, NULL, NULL, NULL, NULL);

-- --------------------------------------------------------

--
-- Table structure for table `Student`
--

CREATE TABLE IF NOT EXISTS `Student` (
  `id` int(11) NOT NULL,
  `name` varchar(255) COLLATE utf8_unicode_ci NOT NULL,
  `dateOfBirth` date NOT NULL,
  `bloodGroup` smallint(6) NOT NULL,
  `country` varchar(255) COLLATE utf8_unicode_ci NOT NULL,
  `gender` varchar(255) COLLATE utf8_unicode_ci NOT NULL,
  `addressLine1` longtext COLLATE utf8_unicode_ci NOT NULL,
  `addressLine2` longtext COLLATE utf8_unicode_ci NOT NULL,
  `mobile` varchar(255) COLLATE utf8_unicode_ci NOT NULL
) ENGINE=InnoDB DEFAULT CHARSET=utf8 COLLATE=utf8_unicode_ci;

-- --------------------------------------------------------

--
-- Table structure for table `StudyAbroad`
--

CREATE TABLE IF NOT EXISTS `StudyAbroad` (
  `id` int(11) NOT NULL,
  `user_id` int(11) DEFAULT NULL,
  `location_id` int(11) DEFAULT NULL,
  `establishment` date DEFAULT NULL,
  `registrationNo` varchar(255) COLLATE utf8_unicode_ci DEFAULT NULL,
  `content` longtext COLLATE utf8_unicode_ci,
  `address` varchar(255) COLLATE utf8_unicode_ci DEFAULT NULL,
  `mobile` varchar(255) COLLATE utf8_unicode_ci DEFAULT NULL,
  `phone` varchar(255) COLLATE utf8_unicode_ci DEFAULT NULL,
  `fax` varchar(255) COLLATE utf8_unicode_ci DEFAULT NULL,
  `email` varchar(255) COLLATE utf8_unicode_ci DEFAULT NULL,
  `website` varchar(255) COLLATE utf8_unicode_ci DEFAULT NULL,
  `postalCode` varchar(255) COLLATE utf8_unicode_ci DEFAULT NULL,
  `contactPerson` varchar(255) COLLATE utf8_unicode_ci DEFAULT NULL,
  `contactPersonDesignation` varchar(255) COLLATE utf8_unicode_ci DEFAULT NULL,
  `skypeId` varchar(255) COLLATE utf8_unicode_ci DEFAULT NULL,
  `startHour` varchar(255) COLLATE utf8_unicode_ci DEFAULT NULL,
  `endHour` varchar(255) COLLATE utf8_unicode_ci DEFAULT NULL,
  `weeklyOffDay` varchar(255) COLLATE utf8_unicode_ci DEFAULT NULL,
  `created` datetime NOT NULL,
  `path` varchar(255) COLLATE utf8_unicode_ci DEFAULT NULL
) ENGINE=InnoDB DEFAULT CHARSET=utf8 COLLATE=utf8_unicode_ci;

-- --------------------------------------------------------

--
-- Table structure for table `studyabroad_syndicate`
--

CREATE TABLE IF NOT EXISTS `studyabroad_syndicate` (
  `studyabroad_id` int(11) NOT NULL,
  `syndicate_id` int(11) NOT NULL
) ENGINE=InnoDB DEFAULT CHARSET=utf8 COLLATE=utf8_unicode_ci;

-- --------------------------------------------------------

--
-- Table structure for table `SubscribeEmail`
--

CREATE TABLE IF NOT EXISTS `SubscribeEmail` (
  `id` int(11) NOT NULL,
  `email` varchar(255) COLLATE utf8_unicode_ci NOT NULL,
  `created` datetime NOT NULL
) ENGINE=InnoDB DEFAULT CHARSET=utf8 COLLATE=utf8_unicode_ci;

-- --------------------------------------------------------

--
-- Table structure for table `supplier`
--

CREATE TABLE IF NOT EXISTS `supplier` (
  `id` int(11) NOT NULL,
  `name` varchar(255) COLLATE utf8_unicode_ci DEFAULT NULL,
  `address` longtext COLLATE utf8_unicode_ci,
  `mobile` varchar(255) COLLATE utf8_unicode_ci DEFAULT NULL,
  `email` varchar(255) COLLATE utf8_unicode_ci DEFAULT NULL,
  `status` tinyint(1) NOT NULL,
  `companyName` varchar(255) COLLATE utf8_unicode_ci NOT NULL,
  `inventoryConfig_id` int(11) DEFAULT NULL,
  `vendorCode` varchar(20) COLLATE utf8_unicode_ci NOT NULL,
  `country_id` int(11) DEFAULT NULL,
  `code` int(11) NOT NULL,
  `slug` varchar(255) COLLATE utf8_unicode_ci NOT NULL
) ENGINE=InnoDB AUTO_INCREMENT=55 DEFAULT CHARSET=utf8 COLLATE=utf8_unicode_ci;

--
-- Dumping data for table `supplier`
--

INSERT INTO `supplier` (`id`, `name`, `address`, `mobile`, `email`, `status`, `companyName`, `inventoryConfig_id`, `vendorCode`, `country_id`, `code`, `slug`) VALUES
(1, 'GB', NULL, NULL, NULL, 1, 'GB', 7, 'GB', NULL, 1, 'gb'),
(2, 'FC', NULL, NULL, NULL, 1, 'FC', 7, 'FC', NULL, 2, 'fc'),
(3, 'VF', NULL, NULL, NULL, 1, 'VF', 7, 'VF', NULL, 3, 'vf'),
(4, 'GB', NULL, NULL, NULL, 1, 'GB', 2, 'GB', NULL, 1, 'gb-1'),
(5, 'CM', NULL, NULL, NULL, 1, 'CM', 2, 'CM', NULL, 2, 'cm'),
(6, 'CL', NULL, NULL, NULL, 1, 'CL', 2, 'CL', NULL, 3, 'cl'),
(7, 'IS', NULL, NULL, NULL, 1, 'IS', 2, 'IS', NULL, 4, 'is'),
(8, 'RM', NULL, NULL, NULL, 1, 'RM', 2, 'RM', NULL, 5, 'rm'),
(9, 'default', NULL, NULL, NULL, 1, 'default', 2, 'default', NULL, 6, 'default'),
(10, 'EX', NULL, NULL, NULL, 1, 'EX', 2, 'EX', NULL, 7, 'ex'),
(11, 'HT', NULL, NULL, NULL, 1, 'HT', 2, 'HT', NULL, 8, 'ht'),
(12, 'AB', NULL, NULL, NULL, 1, 'AB', 2, 'AB', NULL, 9, 'ab'),
(13, 'SF', NULL, NULL, NULL, 1, 'SF', 2, 'SF', NULL, 10, 'sf'),
(14, 'FC', NULL, NULL, NULL, 1, 'FC', 2, 'FC', NULL, 11, 'fc-1'),
(15, 'IND-MT', NULL, NULL, NULL, 1, 'IND-MT', 2, 'IND-MT', NULL, 12, 'ind-mt'),
(16, 'NK', NULL, NULL, NULL, 1, 'NK', 2, 'NK', NULL, 13, 'nk'),
(17, 'IND-SS', NULL, NULL, NULL, 1, 'IND-SS', 2, 'IND-SS', NULL, 14, 'ind-ss'),
(18, 'IND-DIV', NULL, NULL, NULL, 1, 'IND-DIV', 2, 'IND-DIV', NULL, 15, 'ind-div'),
(19, 'NP', NULL, NULL, NULL, 1, 'NP', 2, 'NP', NULL, 16, 'np'),
(20, 'JK', NULL, NULL, NULL, 1, 'JK', 2, 'JK', NULL, 17, 'jk'),
(21, 'SB', NULL, NULL, NULL, 1, 'SB', 2, 'SB', NULL, 18, 'sb'),
(22, 'CLC', NULL, NULL, NULL, 1, 'CLC', 2, 'CLC', NULL, 19, 'clc'),
(23, 'BB', NULL, NULL, NULL, 1, 'BB', 2, 'BB', NULL, 20, 'bb'),
(24, 'IND-ISS', NULL, NULL, NULL, 1, 'IND-ISS', 2, 'IND-ISS', NULL, 21, 'ind-iss'),
(25, 'XM', NULL, NULL, NULL, 1, 'XM', 2, 'XM', NULL, 22, 'xm'),
(26, 'IND-IBL', NULL, NULL, NULL, 1, 'IND-IBL', 2, 'IND-IBL', NULL, 23, 'ind-ibl'),
(27, 'VF', NULL, NULL, NULL, 1, 'VF', 2, 'VF', NULL, 24, 'vf-1'),
(28, 'CT', NULL, NULL, NULL, 1, 'CT', 2, 'CT', NULL, 25, 'ct'),
(29, 'LS', NULL, NULL, NULL, 1, 'LS', 2, 'LS', NULL, 26, 'ls'),
(30, 'RB', NULL, NULL, NULL, 1, 'RB', 2, 'RB', NULL, 27, 'rb'),
(31, 'BT', NULL, NULL, NULL, 1, 'BT', 2, 'BT', NULL, 28, 'bt'),
(32, 'FO', NULL, NULL, NULL, 1, 'FO', 2, 'FO', NULL, 29, 'fo'),
(33, 'JF', NULL, NULL, NULL, 1, 'JF', 2, 'JF', NULL, 30, 'jf'),
(34, 'JE', NULL, NULL, NULL, 1, 'JE', 2, 'JE', NULL, 31, 'je'),
(35, 'AF', NULL, NULL, NULL, 1, 'AF', 2, 'AF', NULL, 32, 'af'),
(36, 'SS', NULL, NULL, NULL, 1, 'SS', 2, 'SS', NULL, 33, 'ss'),
(37, 'MK', NULL, NULL, NULL, 1, 'MK', 2, 'MK', NULL, 34, 'mk'),
(38, 'IND-BY', NULL, NULL, NULL, 1, 'IND-BY', 2, 'IND-BY', NULL, 35, 'ind-by'),
(39, 'IND-FU', NULL, NULL, NULL, 1, 'IND-FU', 2, 'IND-FU', NULL, 36, 'ind-fu'),
(40, 'FN', NULL, NULL, NULL, 1, 'FN', 2, 'FN', NULL, 37, 'fn'),
(41, 'FG', NULL, NULL, NULL, 1, 'FG', 2, 'FG', NULL, 38, 'fg'),
(42, 'EPZ', NULL, NULL, NULL, 1, 'EPZ', 2, 'EPZ', NULL, 39, 'epz'),
(43, 'IND-IN', NULL, NULL, NULL, 1, 'IND-IN', 2, 'IND-IN', NULL, 40, 'ind-in'),
(44, 'IND-AW', NULL, NULL, NULL, 1, 'IND-AW', 2, 'IND-AW', NULL, 41, 'ind-aw'),
(45, 'AK', NULL, NULL, NULL, 1, 'AK', 2, 'AK', NULL, 42, 'ak'),
(46, 'IND-MO', NULL, NULL, NULL, 1, 'IND-MO', 2, 'IND-MO', NULL, 43, 'ind-mo'),
(47, 'IND-SK', NULL, NULL, NULL, 1, 'IND-SK', 2, 'IND-SK', NULL, 44, 'ind-sk'),
(48, 'RT', NULL, NULL, NULL, 1, 'RT', 2, 'RT', NULL, 45, 'rt'),
(49, 'AFL', NULL, NULL, NULL, 1, 'AFL', 2, 'AFL', NULL, 46, 'afl'),
(50, 'MKK', NULL, NULL, NULL, 1, 'MKK', 2, 'MKK', NULL, 47, 'mkk'),
(51, 'Mack', NULL, NULL, NULL, 1, 'Mack', 9, 'Mack', NULL, 1, 'mack'),
(52, 'Uni-Lever', NULL, NULL, NULL, 1, 'Uni-Lever', 9, 'Uni-Lever', NULL, 2, 'uni-lever'),
(53, 'Mack', NULL, NULL, NULL, 1, 'Mack', 6, 'Mack', NULL, 1, 'mack-1'),
(54, 'Uni-Lever', NULL, NULL, NULL, 1, 'Uni-Lever', 6, 'Uni-Lever', NULL, 2, 'uni-lever-1');

-- --------------------------------------------------------

--
-- Table structure for table `sylius_adjustment`
--

CREATE TABLE IF NOT EXISTS `sylius_adjustment` (
  `id` int(11) NOT NULL,
  `order_id` int(11) DEFAULT NULL,
  `order_item_id` int(11) DEFAULT NULL,
  `label` varchar(255) COLLATE utf8_unicode_ci NOT NULL,
  `description` varchar(255) COLLATE utf8_unicode_ci DEFAULT NULL,
  `amount` int(11) NOT NULL,
  `is_neutral` tinyint(1) NOT NULL,
  `is_locked` tinyint(1) NOT NULL,
  `origin_id` int(11) DEFAULT NULL,
  `origin_type` varchar(255) COLLATE utf8_unicode_ci DEFAULT NULL,
  `created_at` datetime NOT NULL,
  `updated_at` datetime DEFAULT NULL
) ENGINE=InnoDB DEFAULT CHARSET=utf8 COLLATE=utf8_unicode_ci;

-- --------------------------------------------------------

--
-- Table structure for table `sylius_cart`
--

CREATE TABLE IF NOT EXISTS `sylius_cart` (
  `id` int(11) NOT NULL,
  `number` varchar(255) COLLATE utf8_unicode_ci DEFAULT NULL,
  `email` varchar(255) COLLATE utf8_unicode_ci DEFAULT NULL,
  `state` varchar(255) COLLATE utf8_unicode_ci NOT NULL,
  `completed_at` datetime DEFAULT NULL,
  `items_total` int(11) NOT NULL,
  `adjustments_total` int(11) NOT NULL,
  `total` int(11) NOT NULL,
  `created_at` datetime NOT NULL,
  `updated_at` datetime DEFAULT NULL,
  `deleted_at` datetime DEFAULT NULL,
  `expires_at` datetime NOT NULL
) ENGINE=InnoDB DEFAULT CHARSET=utf8 COLLATE=utf8_unicode_ci;

-- --------------------------------------------------------

--
-- Table structure for table `sylius_order_comment`
--

CREATE TABLE IF NOT EXISTS `sylius_order_comment` (
  `id` int(11) NOT NULL,
  `order_id` int(11) NOT NULL,
  `state` varchar(255) COLLATE utf8_unicode_ci NOT NULL,
  `comment` longtext COLLATE utf8_unicode_ci,
  `notify_customer` tinyint(1) NOT NULL,
  `author` varchar(255) COLLATE utf8_unicode_ci NOT NULL,
  `created_at` datetime NOT NULL,
  `updated_at` datetime DEFAULT NULL
) ENGINE=InnoDB DEFAULT CHARSET=utf8 COLLATE=utf8_unicode_ci;

-- --------------------------------------------------------

--
-- Table structure for table `sylius_order_identity`
--

CREATE TABLE IF NOT EXISTS `sylius_order_identity` (
  `id` int(11) NOT NULL,
  `order_id` int(11) NOT NULL,
  `name` varchar(255) COLLATE utf8_unicode_ci NOT NULL,
  `value` varchar(255) COLLATE utf8_unicode_ci DEFAULT NULL
) ENGINE=InnoDB DEFAULT CHARSET=utf8 COLLATE=utf8_unicode_ci;

-- --------------------------------------------------------

--
-- Table structure for table `syndicate`
--

CREATE TABLE IF NOT EXISTS `syndicate` (
  `id` int(11) NOT NULL,
  `parent` int(11) DEFAULT NULL,
  `name` varchar(255) COLLATE utf8_unicode_ci NOT NULL,
  `status` tinyint(1) NOT NULL,
  `level` int(11) DEFAULT NULL,
  `path` varchar(3000) COLLATE utf8_unicode_ci DEFAULT NULL,
  `slug` varchar(128) COLLATE utf8_unicode_ci NOT NULL,
  `entityName` varchar(255) COLLATE utf8_unicode_ci DEFAULT NULL,
  `domainProperty` varchar(255) COLLATE utf8_unicode_ci DEFAULT NULL
) ENGINE=InnoDB AUTO_INCREMENT=225 DEFAULT CHARSET=utf8 COLLATE=utf8_unicode_ci;

--
-- Dumping data for table `syndicate`
--

INSERT INTO `syndicate` (`id`, `parent`, `name`, `status`, `level`, `path`, `slug`, `entityName`, `domainProperty`) VALUES
(1, NULL, 'Education', 1, 1, '1/', 'education', 'Education', 'education'),
(2, NULL, 'Health & Beauty', 1, 1, '2', 'health-beauty', 'Ecommerce', 'ecommerce'),
(3, NULL, 'Cars Vehicles Transport', 1, 1, '3', 'transport', 'Transport', 'reservation'),
(11, NULL, 'Hotels Restaurants &Tourism', 1, 1, '11/', 'reservation', 'Reservation', 'reservation'),
(20, NULL, 'Products', 1, 1, '20', 'product', 'Ecommerce', 'ecommerce'),
(21, NULL, 'Property & Apartment', 1, 1, '21', 'property-apartment', 'Apartment', 'portal'),
(26, NULL, 'Professional Services', 1, 1, '26/', 'professional-services', NULL, 'portal'),
(28, NULL, 'Businesses', 1, 1, '28/', 'businesses', NULL, 'portal'),
(29, NULL, 'Retailer & E-commerce', 1, 1, '29/', 'retailer-e-commerce', NULL, 'ecommerce'),
(31, NULL, 'Financial / Legal Services', 1, 1, '31/', 'financial-legal-services', NULL, 'portal'),
(32, NULL, 'Hospital & Doctor', 1, 1, '32/', 'hospital-doctor', NULL, 'portal'),
(41, NULL, 'Service Business', 0, 1, '41/', 'service-business', NULL, 'portal'),
(52, 3, 'Car Dealer', 1, 2, '3/52/', 'car-dealer', NULL, NULL),
(54, 3, 'Driving School', 1, 2, '3/54/', 'driving-school', NULL, NULL),
(57, 3, 'Motorcycle & Scooter Dealer', 1, 2, '3/57/', 'motorcycle-scooter-dealer', NULL, NULL),
(62, 3, 'Transportation Logistics', 1, 2, '3/62/', 'transportation-logistics', NULL, NULL),
(72, 1, 'School', 1, 2, '1/72/', 'school', NULL, NULL),
(75, 1, 'Books Shop', 1, 2, '1/75/', 'books-shop', NULL, NULL),
(80, 1, 'Professional Education', 1, 2, '1/80/', 'professional-education-1', NULL, NULL),
(82, 1, 'Other', 1, 2, '1/82/', 'other-3', NULL, NULL),
(85, 2, 'Dentist', 1, 2, '2/85/', 'dentist', NULL, NULL),
(86, 2, 'Doctor', 1, 2, '2/86/', 'doctor', NULL, NULL),
(87, 2, 'Optician', 1, 2, '2/87/', 'optician', NULL, NULL),
(89, 2, 'Physiotherapist / Massage', 1, 2, '2/89/', 'physiotherapist-massage', NULL, NULL),
(91, 2, 'Beauty Salon', 1, 2, '2/91/', 'beauty-salon', NULL, NULL),
(93, 2, 'Hospitals', 1, 2, '2/93/', 'hospitals', NULL, NULL),
(97, 11, 'Guest House', 1, 2, '11/97/', 'guest-house', NULL, NULL),
(99, 11, 'Fast Food', 1, 2, '11/99/', 'fast-food', NULL, NULL),
(100, 11, 'Holiday Rentals', 1, 2, '11/100/', 'holiday-rentals', NULL, NULL),
(101, 11, 'Hotel', 1, 2, '11/101/', 'hotel', NULL, NULL),
(102, 11, 'Other Tourism', 1, 2, '11/102/', 'other-tourism', NULL, NULL),
(103, 11, 'Restaurant', 1, 2, '11/103/', 'restaurant', NULL, NULL),
(104, 11, 'Travel Agency / Tourist Information', 1, 2, '11/104/', 'travel-agency-tourist-information', NULL, NULL),
(105, 20, 'General Manufacturing / Production', 1, 2, '20/105/', 'general-manufacturing-production', NULL, NULL),
(107, 26, 'Advertising Agency', 1, 2, '26/107/', 'advertising-agency', NULL, NULL),
(108, 26, 'Health & Beauty', 1, 2, '26/108/', 'health-&-beauty', NULL, NULL),
(141, 26, 'Hardware consultant', 1, 2, '26/141/', 'hardware-consultant', NULL, NULL),
(142, 26, 'Legal Services', 1, 2, '26/142/', 'legal-services', NULL, NULL),
(143, 26, 'Real Estate Agent', 1, 2, '26/143/', 'real-estate-agent-1', NULL, NULL),
(147, 29, 'Antique Shop', 1, 2, '29/147/', 'antique-shop', NULL, NULL),
(149, 29, 'Bakery & Cake Maker', 1, 2, '29/149/', 'bakery-cake-maker', NULL, NULL),
(150, 29, 'Book Shop', 1, 2, '29/150/', 'book-shop', NULL, NULL),
(152, 29, 'Clothes Shop', 1, 2, '29/152/', 'clothes-shop', NULL, NULL),
(154, 29, 'Distributor / Wholesale', 1, 2, '29/154/', 'distributor-wholesale', NULL, NULL),
(156, 29, 'Electrical & Electronics', 1, 2, '29/156/', 'electrical-electronics', NULL, NULL),
(159, 29, 'Furniture Retailer', 1, 2, '29/159/', 'furniture-retailer', NULL, NULL),
(160, 29, 'Grocers / Greengrocers', 1, 2, '29/160/', 'grocers-greengrocers', NULL, NULL),
(161, 29, 'Home Appliance Store', 1, 2, '29/161/', 'home-appliance-store', NULL, NULL),
(162, 29, 'Jeweller / Handicrafts', 1, 2, '29/162/', 'jeweller-handicrafts', NULL, NULL),
(163, 29, 'Shoe Shop', 1, 2, '29/163/', 'shoe-shop', NULL, NULL),
(164, 29, 'Lighting / Decorator', 1, 2, '29/164/', 'lighting-decorator', NULL, NULL),
(165, 29, 'Specialist Retailer', 1, 2, '29/165/', 'specialist-retailer', NULL, NULL),
(166, 29, 'Sport and Leisure Goods', 1, 2, '29/166/', 'sport-and-leisure-goods', NULL, NULL),
(167, 29, 'Stationery / Office Supply', 1, 2, '29/167/', 'stationery-office-supply', NULL, NULL),
(168, 29, 'Toy / Model Retailer', 1, 2, '29/168/', 'toy-model-retailer', NULL, NULL),
(193, 28, 'Events and Exhibitions Services', 1, 2, '28/193/', 'events-and-exhibitions-services', NULL, NULL),
(194, 28, 'Financial Services', 1, 2, '28/194/', 'financial-services', NULL, NULL),
(195, 28, 'Flower Shop', 1, 2, '28/195/', 'flower-shop', NULL, NULL),
(196, 28, 'Hairdresser / Barber', 1, 2, '28/196/', 'hairdresser-barber-1', NULL, NULL),
(197, 28, 'Hardware shop', 1, 2, '28/197/', 'hardware-shop', NULL, NULL),
(198, 28, 'Importers / Exporters', 1, 2, '28/198/', 'importers-exporters', NULL, NULL),
(200, 28, 'Interior Designer', 1, 2, '28/200/', 'interior-designer', NULL, NULL),
(201, 28, 'Investigative Services', 1, 2, '28/201/', 'investigative-services', NULL, NULL),
(202, 28, 'Jewellery Designer', 1, 2, '28/202/', 'jewellery-designer', NULL, NULL),
(205, 28, 'Packaging / Printing Services', 1, 2, '28/205/', 'packaging-printing-services', NULL, NULL),
(206, 28, 'Pet shop', 1, 2, '28/206/', 'pet-shop', NULL, NULL),
(208, 21, 'Real Estate Agent', 1, 2, '21/208/', 'real-estate-agent-2', NULL, NULL),
(209, 28, 'Recruitment services', 1, 2, '28/209/', 'recruitment-services', NULL, NULL),
(210, 28, 'Security Services', 1, 2, '28/210/', 'security-services', NULL, NULL),
(212, 28, 'Wedding / Party Services', 1, 2, '28/212/', 'wedding-party-services', NULL, NULL),
(216, 31, 'Insurance Services', 0, 2, '31/216/', 'insurance-services', NULL, NULL),
(217, 31, 'Legal Services', 1, 2, '31/217/', 'legal-services-1', NULL, NULL),
(218, 31, 'Money Lending Services', 1, 2, '31/218/', 'money-lending-services', NULL, NULL),
(220, 1, 'Kindergarten', 1, 2, '1/220/', 'kindergarten', NULL, NULL),
(221, 28, 'Carrier For Ocean & Airlines', 1, 2, '28/221/', 'carrier-for-ocean-airlines', NULL, NULL),
(222, NULL, 'Machinery, Industrial Parts & Tools', 1, 1, '222/', 'machinery-industrial-parts-tools', NULL, NULL),
(223, NULL, 'Mall', 1, 1, '223/', 'mall', NULL, 'businesses'),
(224, 223, 'Shopping Mall', 1, 2, '223/224/', 'shopping-mall', NULL, 'businesses');

-- --------------------------------------------------------

--
-- Table structure for table `SyndicateContent`
--

CREATE TABLE IF NOT EXISTS `SyndicateContent` (
  `id` int(11) NOT NULL,
  `user_id` int(11) DEFAULT NULL,
  `syndicate_id` int(11) DEFAULT NULL,
  `name` varchar(255) COLLATE utf8_unicode_ci DEFAULT NULL,
  `slug` varchar(255) COLLATE utf8_unicode_ci DEFAULT NULL,
  `content` longtext COLLATE utf8_unicode_ci,
  `status` tinyint(1) NOT NULL,
  `path` varchar(255) COLLATE utf8_unicode_ci DEFAULT NULL,
  `photoGallery_id` int(11) DEFAULT NULL
) ENGINE=InnoDB DEFAULT CHARSET=utf8 COLLATE=utf8_unicode_ci;

-- --------------------------------------------------------

--
-- Table structure for table `SyndicateModule`
--

CREATE TABLE IF NOT EXISTS `SyndicateModule` (
  `id` int(11) NOT NULL,
  `name` varchar(255) COLLATE utf8_unicode_ci NOT NULL,
  `status` tinyint(1) NOT NULL,
  `moduleClass` varchar(255) COLLATE utf8_unicode_ci NOT NULL,
  `menu` varchar(255) COLLATE utf8_unicode_ci DEFAULT NULL,
  `menuSlug` varchar(255) COLLATE utf8_unicode_ci DEFAULT NULL,
  `description` longtext COLLATE utf8_unicode_ci,
  `isHome` tinyint(1) NOT NULL,
  `isSingle` tinyint(1) NOT NULL,
  `slug` varchar(128) COLLATE utf8_unicode_ci NOT NULL,
  `price` double DEFAULT NULL
) ENGINE=InnoDB AUTO_INCREMENT=9 DEFAULT CHARSET=utf8 COLLATE=utf8_unicode_ci;

--
-- Dumping data for table `SyndicateModule`
--

INSERT INTO `SyndicateModule` (`id`, `name`, `status`, `moduleClass`, `menu`, `menuSlug`, `description`, `isHome`, `isSingle`, `slug`, `price`) VALUES
(1, 'Event Calender', 1, 'EventCalender', 'Event Calender', 'event-calender', NULL, 0, 0, 'event-calender', 0),
(2, 'Class Routine', 1, 'ClassRoutine', 'Class Routine', 'class-routine', 'Class Routine', 0, 1, 'class-routine', 0),
(3, 'Admission', 1, 'Admission', 'Admission', 'admission', 'Admission', 1, 0, 'admission', 0),
(4, 'Product', 1, 'Product', 'product', 'product', 'product', 0, 0, 'product', 0),
(5, 'Category Grouping', 1, 'CategoryGrouping', 'Category Grouping', 'category-grouping', 'CategoryGrouping', 0, 0, 'category-grouping', 0),
(6, 'Collection', 1, 'Collection', 'Collections', 'collection', 'Collection...', 0, 0, 'collection', 0),
(7, 'Add Cart', 1, 'Cart', 'Cart', 'cart', NULL, 0, 0, 'cart', 100),
(8, 'Mall Shop', 1, 'MallShop', 'Mall Directory', 'malldirectory', NULL, 0, 0, 'mallshop', NULL);

-- --------------------------------------------------------

--
-- Table structure for table `syndicatemodule_syndicate`
--

CREATE TABLE IF NOT EXISTS `syndicatemodule_syndicate` (
  `syndicatemodule_id` int(11) NOT NULL,
  `syndicate_id` int(11) NOT NULL
) ENGINE=InnoDB DEFAULT CHARSET=utf8 COLLATE=utf8_unicode_ci;

-- --------------------------------------------------------

--
-- Table structure for table `syndicate_orginial`
--

CREATE TABLE IF NOT EXISTS `syndicate_orginial` (
  `id` int(11) NOT NULL,
  `parent` int(11) DEFAULT NULL,
  `name` varchar(255) COLLATE utf8_unicode_ci NOT NULL,
  `status` tinyint(1) NOT NULL,
  `level` int(11) DEFAULT NULL,
  `path` varchar(3000) COLLATE utf8_unicode_ci DEFAULT NULL,
  `slug` varchar(128) COLLATE utf8_unicode_ci NOT NULL,
  `entityName` varchar(255) COLLATE utf8_unicode_ci DEFAULT NULL,
  `domainProperty` varchar(255) COLLATE utf8_unicode_ci DEFAULT NULL
) ENGINE=InnoDB AUTO_INCREMENT=220 DEFAULT CHARSET=utf8 COLLATE=utf8_unicode_ci;

--
-- Dumping data for table `syndicate_orginial`
--

INSERT INTO `syndicate_orginial` (`id`, `parent`, `name`, `status`, `level`, `path`, `slug`, `entityName`, `domainProperty`) VALUES
(1, NULL, 'Education / Sports / Clubs / Associations', 0, 1, '1/', 'education-sports-clubs-associations', 'Education', 'education'),
(2, NULL, 'Health Care / Health Services', 1, 1, '2', 'health-care-health-services', 'Medical', 'medical'),
(3, NULL, 'Cars Vehicles Transport', 1, 1, '3', 'cars-vehicles-transport', 'Transport', 'transport'),
(11, NULL, 'Hotels Restaurants &Tourism', 1, 1, '11/', 'hotels-restaurants-tourism', 'Reservation', 'reservation'),
(20, NULL, 'Product', 1, 1, '20', 'product', 'Ecommerce', 'ecommerce'),
(21, NULL, 'Apartment Management  ', 1, 1, '21', 'apartment', 'Apartment', ''),
(22, NULL, 'Building / Construction/ Property', 0, 1, '22/', 'building-construction-property', 'Property', 'property'),
(23, 22, 'Architect', 1, 2, '22/23/', 'architect', 'Property', 'property-1'),
(24, NULL, 'Retailers / Commerce', 1, 1, '24/', 'retailers-commerce', NULL, 'ecommerce'),
(25, 24, 'Fashion House', 1, 2, '24/25/', 'fashion-house', NULL, 'ecommerce'),
(26, NULL, 'Professional Services', 1, 1, '26/', 'professional-services', NULL, 'service'),
(27, NULL, 'Trades / Property Maintenance', 1, 1, '27/', 'trades-property-maintenance', NULL, 'property'),
(28, NULL, 'Businesses', 1, 1, '28/', 'businesses', NULL, 'businesses'),
(29, NULL, 'Creative Services and Media', 1, 1, '29/', 'creative-services-and-media', NULL, 'service'),
(30, NULL, 'Entertainment / Leisure', 1, 1, '30/', 'entertainment-leisure', NULL, 'service'),
(31, NULL, 'Financial / Legal Services', 1, 1, '31/', 'financial-legal-services', NULL, 'service'),
(32, NULL, 'Other', 1, 1, '32/', 'other', NULL, 'others'),
(33, 22, 'Building Contractor', 1, 2, '22/33/', 'building-contractor', NULL, 'application'),
(34, 22, 'Building Maintenance / Property Manager', 1, 2, '22/34/', 'building-maintenance-property-manager', NULL, NULL),
(35, 22, 'Civil Engineer / Engineering Consultant', 1, 2, '22/35/', 'civil-engineer-engineering-consultant', NULL, NULL),
(36, 22, 'Developer / Construction Company', 1, 2, '22/36/', 'developer-construction-company', NULL, NULL),
(37, 22, 'Estate agent', 1, 2, '22/37/', 'estate-agent', NULL, NULL),
(38, 22, 'Other Building Services', 1, 2, '22/38/', 'other-building-services', NULL, NULL),
(39, 22, 'Building / Construction services', 1, 2, '22/39/', 'building-construction-services', NULL, NULL),
(40, 22, 'Building maintenance', 1, 2, '22/40/', 'building-maintenance', NULL, NULL),
(41, NULL, 'Construction Equipment', 0, 1, '41/', 'construction-equipment', NULL, NULL),
(42, 22, 'Construction Company', 1, 2, '22/42/', 'construction-company', NULL, NULL),
(43, 22, 'Cleaning Services', 1, 2, '22/43/', 'cleaning-services', NULL, NULL),
(44, 22, 'Home Staging', 1, 2, '22/44/', 'home-staging', NULL, NULL),
(45, 22, 'Interior Design / Renovations', 1, 2, '22/45/', 'interior-design-renovations', NULL, NULL),
(46, 22, 'Plant hire and tool rental', 1, 2, '22/46/', 'plant-hire-and-tool-rental', NULL, NULL),
(47, NULL, 'Property Developer', 1, 1, '47/', 'property-developer', NULL, NULL),
(48, 22, 'Real Estate Agent', 1, 2, '22/48/', 'real-estate-agent', NULL, NULL),
(49, 22, 'Shop fittings', 1, 2, '22/49/', 'shop-fittings', NULL, NULL),
(50, 22, 'Surveyor', 1, 2, '22/50/', 'surveyor', NULL, NULL),
(52, 3, 'Car Dealer', 1, 2, '3/52/', 'car-dealer', NULL, NULL),
(53, 22, 'Courier Service', 1, 2, '22/53/', 'courier-service', NULL, NULL),
(54, 3, 'Driving School', 1, 2, '3/54/', 'driving-school', NULL, NULL),
(55, 21, 'Garage Service & Repairs', 1, 2, '21/55/', 'garage-service-repairs', NULL, NULL),
(56, 3, 'Haulage & Goods Transportation', 1, 2, '3/56/', 'haulage-goods-transportation', NULL, NULL),
(57, 3, 'Motorcycle & Scooter Dealer', 1, 2, '3/57/', 'motorcycle-scooter-dealer', NULL, NULL),
(58, 3, 'Moving / Relocation / Storage Services', 1, 2, '3/58/', 'moving-relocation-storage-services', NULL, NULL),
(59, 3, 'Other Transportation', 1, 2, '3/59/', 'other-transportation', NULL, NULL),
(60, 3, 'Taxis & Private Hire Vehicles', 1, 2, '3/60/', 'taxis-private-hire-vehicles', NULL, NULL),
(61, 3, 'Recreational Vehicles', 1, 2, '3/61/', 'recreational-vehicles', NULL, NULL),
(62, 3, 'Transportation Logistics', 1, 2, '3/62/', 'transportation-logistics', NULL, NULL),
(63, 3, 'Other', 1, 2, '3/63/', 'other-2', NULL, NULL),
(64, 1, 'Community Organizations / Local Initiatives', 1, 2, '1/64/', 'community-organizations-local-initiatives', NULL, NULL),
(65, 1, 'Day Nursery / Crche', 1, 2, '1/65/', 'day-nursery-creche', NULL, NULL),
(66, 1, 'Generic Business Type', 1, 2, '1/66/', 'generic-business-type', NULL, NULL),
(67, 1, 'Gym / Fitness / Recreational Sports Centre', 1, 2, '1/67/', 'gym-fitness-recreational-sports-centre', NULL, NULL),
(68, 1, 'Local Authorities / Social Services', 1, 2, '1/68/', 'local-authorities-social-services', NULL, NULL),
(69, 1, 'Local Government Groups', 1, 2, '1/69/', 'local-government-groups', NULL, NULL),
(70, 1, 'Non-Profit Group / Charity', 1, 2, '1/70/', 'non-profit-group-charity', NULL, NULL),
(71, 1, 'Other Culture / Arts', 1, 2, '1/71/', 'other-culture-arts', NULL, NULL),
(72, 1, 'School / College', 1, 2, '1/72/', 'school-college', NULL, NULL),
(73, 1, 'Sports Club', 1, 2, '1/73/', 'sports-club', NULL, NULL),
(74, 1, 'Adult education', 1, 2, '1/74/', 'adult-education', NULL, NULL),
(75, 1, 'Educational Books & Software', 1, 2, '1/75/', 'educational-books-software', NULL, NULL),
(76, 1, 'eLearning', 1, 2, '1/76/', 'elearning', NULL, NULL),
(77, 1, 'Montessori', 1, 2, '1/77/', 'montessori', NULL, NULL),
(78, 1, 'Playgroups', 1, 2, '1/78/', 'playgroups', NULL, NULL),
(79, 1, 'Professional Education', 1, 2, '1/79/', 'professional-education', NULL, NULL),
(80, 1, 'Professional Education', 1, 2, '1/80/', 'professional-education-1', NULL, NULL),
(81, 1, 'Tutoring Services', 1, 2, '1/81/', 'tutoring-services', NULL, NULL),
(82, 1, 'Other', 1, 2, '1/82/', 'other-3', NULL, NULL),
(83, 2, 'Chemist / Pharmacy', 1, 2, '2/83/', 'chemist-pharmacy', NULL, NULL),
(84, 2, 'Chiropractor / Osteopath', 1, 2, '2/84/', 'chiropractor-osteopath', NULL, NULL),
(85, 2, 'Dentist / Hygienist', 1, 2, '2/85/', 'dentist-hygienist', NULL, NULL),
(86, 2, 'Doctor', 1, 2, '2/86/', 'doctor', NULL, NULL),
(87, 2, 'Optician', 1, 2, '2/87/', 'optician', NULL, NULL),
(88, 2, 'Other Health', 1, 2, '2/88/', 'other-health', NULL, NULL),
(89, 2, 'Physiotherapist / Massage', 1, 2, '2/89/', 'physiotherapist-massage', NULL, NULL),
(90, 2, 'Retirement Home / Residential / Nursing', 1, 2, '2/90/', 'retirement-home-residential-nursing', NULL, NULL),
(91, 2, 'Beauty Salon', 1, 2, '2/91/', 'beauty-salon', NULL, NULL),
(92, 2, 'Homeopathy', 1, 2, '2/92/', 'homeopathy', NULL, NULL),
(93, 2, 'Hospitals', 1, 2, '2/93/', 'hospitals', NULL, NULL),
(94, 2, 'Nursing', 1, 2, '2/94/', 'nursing', NULL, NULL),
(95, 2, 'Nutritionist', 1, 2, '2/95/', 'nutritionist', NULL, NULL),
(96, 11, 'Amusement & Recreation Services', 1, 2, '11/96/', 'amusement-recreation-services', NULL, NULL),
(97, 11, 'Bed &amp; Breakfast / Guest House', 1, 2, '11/97/', 'bed-amp-breakfast-guest-house', NULL, NULL),
(98, 11, 'Caterer', 1, 2, '11/98/', 'caterer', NULL, NULL),
(99, 11, 'Fast Food & Take Away', 1, 2, '11/99/', 'fast-food-take-away', NULL, NULL),
(100, 11, 'Holiday Rentals', 1, 2, '11/100/', 'holiday-rentals', NULL, NULL),
(101, 11, 'Hotel', 1, 2, '11/101/', 'hotel', NULL, NULL),
(102, 11, 'Other Tourism', 1, 2, '11/102/', 'other-tourism', NULL, NULL),
(103, 11, 'Restaurant', 1, 2, '11/103/', 'restaurant', NULL, NULL),
(104, 11, 'Travel Agency / Tourist Information', 1, 2, '11/104/', 'travel-agency-tourist-information', NULL, NULL),
(105, 20, 'General Manufacturing / Production', 1, 2, '20/105/', 'general-manufacturing-production', NULL, NULL),
(106, 26, 'Accountant / Tax Auditor', 1, 2, '26/106/', 'accountant-tax-auditor', NULL, NULL),
(107, 26, 'Advertising Agency', 1, 2, '26/107/', 'advertising-agency', NULL, NULL),
(108, 26, 'Beauty Salon / Nail Studio', 1, 2, '26/108/', 'beauty-salon-nail-studio', NULL, NULL),
(109, 26, 'Commercial Art', 1, 2, '26/109/', 'commercial-art', NULL, NULL),
(110, 26, 'Commercial Cleaning Services', 1, 2, '26/110/', 'commercial-cleaning-services', NULL, NULL),
(111, 26, 'Copying & Printing Services', 1, 2, '26/111/', 'copying-printing-services', NULL, NULL),
(112, 26, 'Counselling Services', 1, 2, '26/112/', 'counselling-services', NULL, NULL),
(113, 26, 'DJ / Band', 1, 2, '26/113/', 'dj-band', NULL, NULL),
(114, 26, 'Domestic Cleaning Services', 1, 2, '26/114/', 'domestic-cleaning-services', NULL, NULL),
(115, 26, 'Employment Agency', 1, 2, '26/115/', 'employment-agency', NULL, NULL),
(116, 26, 'Graphic Design', 1, 2, '26/116/', 'graphic-design', NULL, NULL),
(117, 26, 'Graphic Design', 1, 2, '26/117/', 'graphic-design-1', NULL, NULL),
(118, 26, 'Hairdresser / Barber', 1, 2, '26/118/', 'hairdresser-barber', NULL, NULL),
(119, 26, 'Insurance Agent / Broker', 1, 2, '26/119/', 'insurance-agent-broker', NULL, NULL),
(120, 26, 'Interior Design / Renovations', 1, 2, '26/120/', 'interior-design-renovations-1', NULL, NULL),
(121, 26, 'Investment Advisor', 1, 2, '26/121/', 'investment-advisor', NULL, NULL),
(122, 26, 'IT Consulting / Services', 1, 2, '26/122/', 'it-consulting-services', NULL, NULL),
(123, 26, 'Life Coach / Business Coach', 1, 2, '26/123/', 'life-coach-business-coach', NULL, NULL),
(124, 26, 'Management Consultant', 1, 2, '26/124/', 'management-consultant', NULL, NULL),
(125, 26, 'Mobile Website Design', 1, 2, '26/125/', 'mobile-website-design', NULL, NULL),
(126, 26, 'Model / Actress / Actor / Entertainer', 1, 2, '26/126/', 'model-actress-actor-entertainer', NULL, NULL),
(127, 26, 'Photography Studio', 1, 2, '26/127/', 'photography-studio', NULL, NULL),
(128, 26, 'Pool / Hot Tub Services', 1, 2, '26/128/', 'pool-hot-tub-services', NULL, NULL),
(129, 26, 'PR / Marketing / Communications Services', 1, 2, '26/129/', 'pr-marketing-communications-services', NULL, NULL),
(130, 26, 'Solicitor', 1, 2, '26/130/', 'solicitor', NULL, NULL),
(131, 26, 'Staffing Services', 1, 2, '26/131/', 'staffing-services', NULL, NULL),
(132, 26, 'Surveyor', 1, 2, '26/132/', 'surveyor-1', NULL, NULL),
(133, 26, 'Tailor / Dressmaker', 1, 2, '26/133/', 'tailor-dressmaker', NULL, NULL),
(134, 26, 'Talent Management', 1, 2, '26/134/', 'talent-management', NULL, NULL),
(135, 26, 'Translation Services', 1, 2, '26/135/', 'translation-services', NULL, NULL),
(136, 26, 'Architecture / surveying', 1, 2, '26/136/', 'architecture-surveying', NULL, NULL),
(137, 26, 'Civil engineering', 1, 2, '26/137/', 'civil-engineering', NULL, NULL),
(138, 26, 'Consulting', 1, 2, '26/138/', 'consulting', NULL, NULL),
(139, 26, 'Engineering', 1, 2, '26/139/', 'engineering', NULL, NULL),
(140, 26, 'Estate agent', 1, 2, '26/140/', 'estate-agent-1', NULL, NULL),
(141, 26, 'Hardware consultant', 1, 2, '26/141/', 'hardware-consultant', NULL, NULL),
(142, 26, 'Legal Services', 1, 2, '26/142/', 'legal-services', NULL, NULL),
(143, 26, 'Real Estate Agent', 1, 2, '26/143/', 'real-estate-agent-1', NULL, NULL),
(144, 26, 'Software consultant', 1, 2, '26/144/', 'software-consultant', NULL, NULL),
(145, 26, 'Veterinary Services', 1, 2, '26/145/', 'veterinary-services', NULL, NULL),
(146, 26, 'Web Developer / Designer', 1, 2, '26/146/', 'web-developer-designer', NULL, NULL),
(147, 29, 'Antique Shop', 1, 2, '29/147/', 'antique-shop', NULL, NULL),
(148, 29, 'Author', 1, 2, '29/148/', 'author', NULL, NULL),
(149, 29, 'Bakery / Cake Maker', 1, 2, '29/149/', 'bakery-cake-maker', NULL, NULL),
(150, 29, 'Book Shop', 1, 2, '29/150/', 'book-shop', NULL, NULL),
(151, 29, 'Carpet / Floor Covering Retailer', 1, 2, '29/151/', 'carpet-floor-covering-retailer', NULL, NULL),
(152, 29, 'Clothes Shop', 1, 2, '29/152/', 'clothes-shop', NULL, NULL),
(153, 29, 'Computer Consultant', 1, 2, '29/153/', 'computer-consultant', NULL, NULL),
(154, 29, 'Distributor / Wholesale', 1, 2, '29/154/', 'distributor-wholesale', NULL, NULL),
(155, 29, 'DIY / Builders Merchant / Hardware Store', 1, 2, '29/155/', 'diy-builders-merchant-hardware-store', NULL, NULL),
(156, 29, 'Electrical Appliance Repair Services', 1, 2, '29/156/', 'electrical-appliance-repair-services', NULL, NULL),
(157, 29, 'Farmers'' Market / Farm Produce', 1, 2, '29/157/', 'farmers-market-farm-produce', NULL, NULL),
(158, 29, 'Florist', 1, 2, '29/158/', 'florist', NULL, NULL),
(159, 29, 'Furniture Retailer', 1, 2, '29/159/', 'furniture-retailer', NULL, NULL),
(160, 29, 'Grocers / Greengrocers', 1, 2, '29/160/', 'grocers-greengrocers', NULL, NULL),
(161, 29, 'Home Appliance Store', 1, 2, '29/161/', 'home-appliance-store', NULL, NULL),
(162, 29, 'Jeweller / Handicrafts', 1, 2, '29/162/', 'jeweller-handicrafts', NULL, NULL),
(163, 29, 'Shoe Shop', 1, 2, '29/163/', 'shoe-shop', NULL, NULL),
(164, 29, 'Soft Furnishing / Lighting / Decorator', 1, 2, '29/164/', 'soft-furnishing-lighting-decorator', NULL, NULL),
(165, 29, 'Specialist Retailer', 1, 2, '29/165/', 'specialist-retailer', NULL, NULL),
(166, 29, 'Sport and Leisure Goods', 1, 2, '29/166/', 'sport-and-leisure-goods', NULL, NULL),
(167, 29, 'Stationery / Office Supply', 1, 2, '29/167/', 'stationery-office-supply', NULL, NULL),
(168, 29, 'Toy / Model Retailer', 1, 2, '29/168/', 'toy-model-retailer', NULL, NULL),
(169, 21, 'Bathroom Fitter', 1, 2, '21/169/', 'bathroom-fitter', NULL, NULL),
(170, 27, 'Carpenter / Joiner', 1, 2, '27/170/', 'carpenter-joiner', NULL, NULL),
(171, 27, 'Electrician', 1, 2, '27/171/', 'electrician', NULL, NULL),
(172, 27, 'Equipment Rental & Leasing Services', 1, 2, '27/172/', 'equipment-rental-leasing-services', NULL, NULL),
(173, 27, 'Garden Services / Landscaping', 1, 2, '27/173/', 'garden-services-landscaping', NULL, NULL),
(174, 27, 'Handyman / Maintenance', 1, 2, '27/174/', 'handyman-maintenance', NULL, NULL),
(175, 27, 'Kitchen Fitter', 1, 2, '27/175/', 'kitchen-fitter', NULL, NULL),
(176, 27, 'Locksmith', 1, 2, '27/176/', 'locksmith', NULL, NULL),
(177, 27, 'Other Handicrafts', 1, 2, '27/177/', 'other-handicrafts', NULL, NULL),
(178, 27, 'Painter / Decorator', 1, 2, '27/178/', 'painter-decorator', NULL, NULL),
(179, 27, 'Plasterer', 1, 2, '27/179/', 'plasterer', NULL, NULL),
(180, 27, 'Plumber', 1, 2, '27/180/', 'plumber', NULL, NULL),
(181, 27, 'Roofing Contractor', 1, 2, '27/181/', 'roofing-contractor', NULL, NULL),
(182, 27, 'Tiler', 1, 2, '27/182/', 'tiler', NULL, NULL),
(183, 27, 'Ventilation / Air Conditioning', 1, 2, '27/183/', 'ventilation-air-conditioning', NULL, NULL),
(184, 27, 'Renewable Energy', 1, 2, '27/184/', 'renewable-energy', NULL, NULL),
(185, 28, 'Accounting', 1, 2, '28/185/', 'accounting', NULL, NULL),
(186, 28, 'Art Gallery', 1, 2, '28/186/', 'art-gallery', NULL, NULL),
(187, 28, 'Artist / Painter / Sculptor', 1, 2, '28/187/', 'artist-painter-sculptor', NULL, NULL),
(188, 28, 'Auctioneering', 1, 2, '28/188/', 'auctioneering', NULL, NULL),
(189, 28, 'Business Services / Consulting', 1, 2, '28/189/', 'business-services-consulting', NULL, NULL),
(190, 28, 'Cleaning', 1, 2, '28/190/', 'cleaning', NULL, NULL),
(191, 28, 'Consulting Services', 1, 2, '28/191/', 'consulting-services', NULL, NULL),
(192, 28, 'Courier Services', 1, 2, '28/192/', 'courier-services', NULL, NULL),
(193, 28, 'Events and Exhibitions Services', 1, 2, '28/193/', 'events-and-exhibitions-services', NULL, NULL),
(194, 28, 'Financial Services', 1, 2, '28/194/', 'financial-services', NULL, NULL),
(195, 28, 'Flower Shop', 1, 2, '28/195/', 'flower-shop', NULL, NULL),
(196, 28, 'Hairdresser / Barber', 1, 2, '28/196/', 'hairdresser-barber-1', NULL, NULL),
(197, 28, 'Hardware shop', 1, 2, '28/197/', 'hardware-shop', NULL, NULL),
(198, 28, 'Importers / Exporters', 1, 2, '28/198/', 'importers-exporters', NULL, NULL),
(199, 28, 'Insurance', 1, 2, '28/199/', 'insurance', NULL, NULL),
(200, 28, 'Interior Designer', 1, 2, '28/200/', 'interior-designer', NULL, NULL),
(201, 28, 'Investigative Services', 1, 2, '28/201/', 'investigative-services', NULL, NULL),
(202, 28, 'Jewellery Designer', 1, 2, '28/202/', 'jewellery-designer', NULL, NULL),
(203, 28, 'Kennels', 1, 2, '28/203/', 'kennels', NULL, NULL),
(204, 28, 'Non Profit / Charity', 1, 2, '28/204/', 'non-profit-charity', NULL, NULL),
(205, 28, 'Packaging / Printing Services', 1, 2, '28/205/', 'packaging-printing-services', NULL, NULL),
(206, 28, 'Pet shop', 1, 2, '28/206/', 'pet-shop', NULL, NULL),
(207, 28, 'Personal Assistant Services', 1, 2, '28/207/', 'personal-assistant-services', NULL, NULL),
(208, 28, 'Real Estate Agent', 1, 2, '28/208/', 'real-estate-agent-2', NULL, NULL),
(209, 28, 'Recruitment services', 1, 2, '28/209/', 'recruitment-services', NULL, NULL),
(210, 28, 'Security Services', 1, 2, '28/210/', 'security-services', NULL, NULL),
(211, 28, 'Veterinary Services', 1, 2, '28/211/', 'veterinary-services-1', NULL, NULL),
(212, 28, 'Wedding / Party Services', 1, 2, '28/212/', 'wedding-party-services', NULL, NULL),
(213, 31, 'Debt Recovery Services', 1, 2, '31/213/', 'debt-recovery-services', NULL, NULL),
(214, 31, 'Accounting / Book-keeping / Tax Services', 1, 2, '31/214/', 'accounting-book-keeping-tax-services', NULL, NULL),
(215, 31, 'Financial Advise / consulting', 1, 2, '31/215/', 'financial-advise-consulting', NULL, NULL),
(216, 31, 'Insurance Services', 0, 2, '31/216/', 'insurance-services', NULL, NULL),
(217, 31, 'Legal Services', 1, 2, '31/217/', 'legal-services-1', NULL, NULL),
(218, 31, 'Money Lending Services', 1, 2, '31/218/', 'money-lending-services', NULL, NULL),
(219, 31, 'Solicitors'' Services', 0, 2, '31/219/', 'solicitors-services', NULL, NULL);

-- --------------------------------------------------------

--
-- Table structure for table `Team`
--

CREATE TABLE IF NOT EXISTS `Team` (
  `id` int(11) NOT NULL,
  `user_id` int(11) DEFAULT NULL,
  `name` varchar(255) COLLATE utf8_unicode_ci NOT NULL,
  `designation` varchar(255) COLLATE utf8_unicode_ci DEFAULT NULL,
  `facebook` varchar(255) COLLATE utf8_unicode_ci DEFAULT NULL,
  `twitter` varchar(255) COLLATE utf8_unicode_ci DEFAULT NULL,
  `linkedIn` varchar(255) COLLATE utf8_unicode_ci DEFAULT NULL,
  `gmail` varchar(255) COLLATE utf8_unicode_ci DEFAULT NULL,
  `youtube` varchar(255) COLLATE utf8_unicode_ci DEFAULT NULL,
  `slug` varchar(255) COLLATE utf8_unicode_ci NOT NULL,
  `content` longtext COLLATE utf8_unicode_ci,
  `created` datetime NOT NULL,
  `updated` datetime NOT NULL,
  `status` tinyint(1) NOT NULL,
  `path` varchar(255) COLLATE utf8_unicode_ci DEFAULT NULL,
  `globalOption_id` int(11) DEFAULT NULL,
  `mobile` varchar(255) COLLATE utf8_unicode_ci DEFAULT NULL
) ENGINE=InnoDB AUTO_INCREMENT=6 DEFAULT CHARSET=utf8 COLLATE=utf8_unicode_ci;

--
-- Dumping data for table `Team`
--

INSERT INTO `Team` (`id`, `user_id`, `name`, `designation`, `facebook`, `twitter`, `linkedIn`, `gmail`, `youtube`, `slug`, `content`, `created`, `updated`, `status`, `path`, `globalOption_id`, `mobile`) VALUES
(1, 50, 'Christian Peri', 'Co-Founder', 'Christian', 'Christian', NULL, 'Christian', 'Christian', 'zvczxczxc', 'Backed by some of the biggest names in the industry, Firefox OS is an open platform that fosters greater', '2016-08-05 01:43:53', '2016-08-10 09:39:02', 1, '20160810090839_person1.jpg', 50, '45645645'),
(2, 50, 'Jane Manz', 'Project Manager', 'Jane', 'Jane', NULL, 'Jane', 'Jane', 'jane_manz', NULL, '2016-08-10 09:45:46', '2016-08-10 09:45:46', 1, '20160810090845_port1.jpg', 50, '5745745'),
(3, 50, 'Paulinho Rubos', 'Developer', 'Paulinho Rubos', 'Paulinho Rubos', NULL, 'Paulinho Rubos', 'Paulinho Rubos', 'paulinho_rubos', NULL, '2016-08-10 09:47:27', '2016-08-10 09:47:28', 1, '20160810090847_port2.jpg', 50, '57457457'),
(4, 50, 'Loreto Andas', 'Developer', 'Developer', 'Developer', NULL, 'Developer', 'Developer', 'loreto_andas', 'Backed by some of the biggest names in the industry, Firefox OS is an open platform that fosters greater', '2016-08-10 09:48:32', '2016-08-10 09:48:32', 1, '20160810090848_port6.jpg', 50, '35345345'),
(5, 50, 'Faraz Muhammed Umar', 'Designer', 'Umar', 'Umar', NULL, 'Umar', 'Umar', 'faraz_muhammed_umar', 'Lorem ipsum dolor sit amet, consectetur adipiscing elit. Nam viverra euismod odio, gravida pellentesque urna varius vitae. Lorem ipsum dolor sit amet.', '2016-08-10 09:49:59', '2016-08-10 09:50:00', 1, '20160810090850_blog2.jpg', 50, '4567323456');

-- --------------------------------------------------------

--
-- Table structure for table `TemplateCustomize`
--

CREATE TABLE IF NOT EXISTS `TemplateCustomize` (
  `id` int(11) NOT NULL,
  `logo` varchar(255) COLLATE utf8_unicode_ci DEFAULT NULL,
  `logoDisplayWebsite` tinyint(1) NOT NULL,
  `siteBgColor` varchar(255) COLLATE utf8_unicode_ci DEFAULT NULL,
  `bgImage` varchar(255) COLLATE utf8_unicode_ci DEFAULT NULL,
  `siteFontFamily` longtext COLLATE utf8_unicode_ci,
  `siteFontSize` smallint(6) DEFAULT NULL,
  `anchorColor` varchar(50) COLLATE utf8_unicode_ci DEFAULT NULL,
  `anchorHoverColor` varchar(50) COLLATE utf8_unicode_ci DEFAULT NULL,
  `buttonBgColor` varchar(255) COLLATE utf8_unicode_ci DEFAULT NULL,
  `buttonBgColorHover` varchar(255) COLLATE utf8_unicode_ci DEFAULT NULL,
  `siteH1TextSize` varchar(255) COLLATE utf8_unicode_ci DEFAULT NULL,
  `siteH2TextSize` varchar(255) COLLATE utf8_unicode_ci DEFAULT NULL,
  `siteH3TextSize` varchar(255) COLLATE utf8_unicode_ci DEFAULT NULL,
  `siteH4TextSize` varchar(255) COLLATE utf8_unicode_ci DEFAULT NULL,
  `headerBgColor` varchar(50) COLLATE utf8_unicode_ci DEFAULT NULL,
  `headerBgImage` varchar(255) COLLATE utf8_unicode_ci DEFAULT NULL,
  `menuBgColor` varchar(50) COLLATE utf8_unicode_ci DEFAULT NULL,
  `menuLiAColor` varchar(50) COLLATE utf8_unicode_ci DEFAULT NULL,
  `menuLiHoverAColor` varchar(50) COLLATE utf8_unicode_ci DEFAULT NULL,
  `menuFontSize` varchar(255) COLLATE utf8_unicode_ci DEFAULT NULL,
  `bodyColor` varchar(50) COLLATE utf8_unicode_ci DEFAULT NULL,
  `siteTitleBgColor` varchar(255) COLLATE utf8_unicode_ci DEFAULT NULL,
  `subPageBgColor` varchar(255) COLLATE utf8_unicode_ci DEFAULT NULL,
  `footerBgColor` varchar(255) COLLATE utf8_unicode_ci DEFAULT NULL,
  `footerTextColor` varchar(50) COLLATE utf8_unicode_ci DEFAULT NULL,
  `globalOption_id` int(11) DEFAULT NULL,
  `showCalendar` tinyint(1) DEFAULT NULL,
  `showSidebar` tinyint(1) DEFAULT NULL,
  `showSearch` tinyint(1) DEFAULT NULL,
  `showMobile` tinyint(1) DEFAULT NULL,
  `showEmail` tinyint(1) DEFAULT NULL
) ENGINE=InnoDB AUTO_INCREMENT=27 DEFAULT CHARSET=utf8 COLLATE=utf8_unicode_ci;

--
-- Dumping data for table `TemplateCustomize`
--

INSERT INTO `TemplateCustomize` (`id`, `logo`, `logoDisplayWebsite`, `siteBgColor`, `bgImage`, `siteFontFamily`, `siteFontSize`, `anchorColor`, `anchorHoverColor`, `buttonBgColor`, `buttonBgColorHover`, `siteH1TextSize`, `siteH2TextSize`, `siteH3TextSize`, `siteH4TextSize`, `headerBgColor`, `headerBgImage`, `menuBgColor`, `menuLiAColor`, `menuLiHoverAColor`, `menuFontSize`, `bodyColor`, `siteTitleBgColor`, `subPageBgColor`, `footerBgColor`, `footerTextColor`, `globalOption_id`, `showCalendar`, `showSidebar`, `showSearch`, `showMobile`, `showEmail`) VALUES
(2, NULL, 1, NULL, NULL, NULL, NULL, NULL, NULL, NULL, NULL, NULL, NULL, NULL, NULL, NULL, NULL, NULL, NULL, NULL, NULL, NULL, NULL, NULL, NULL, NULL, 8, NULL, NULL, NULL, NULL, NULL),
(3, NULL, 1, NULL, NULL, NULL, NULL, NULL, NULL, NULL, NULL, NULL, NULL, NULL, NULL, NULL, NULL, NULL, NULL, NULL, NULL, NULL, NULL, NULL, NULL, NULL, 9, NULL, NULL, NULL, NULL, NULL),
(4, '574c234b91763.logo (1).png', 1, NULL, NULL, 'Open Sans, sans-serif', 10, NULL, NULL, NULL, NULL, '10px', '10px', '10px', '10px', NULL, NULL, NULL, NULL, NULL, NULL, NULL, NULL, NULL, NULL, NULL, 10, NULL, NULL, NULL, NULL, NULL),
(5, '5687b03fc4d60.apple-icon-144x144px.png', 1, NULL, NULL, NULL, NULL, NULL, NULL, NULL, NULL, NULL, NULL, NULL, NULL, NULL, NULL, NULL, NULL, NULL, NULL, NULL, NULL, NULL, NULL, NULL, 11, NULL, NULL, NULL, NULL, NULL),
(6, NULL, 1, NULL, NULL, NULL, NULL, NULL, NULL, NULL, NULL, NULL, NULL, NULL, NULL, NULL, NULL, NULL, NULL, NULL, NULL, NULL, NULL, NULL, NULL, NULL, 22, NULL, NULL, NULL, NULL, NULL),
(7, NULL, 1, NULL, NULL, NULL, NULL, NULL, NULL, NULL, NULL, NULL, NULL, NULL, NULL, NULL, NULL, NULL, NULL, NULL, NULL, NULL, NULL, NULL, NULL, NULL, 24, NULL, NULL, NULL, NULL, NULL),
(8, NULL, 1, NULL, NULL, NULL, NULL, NULL, NULL, NULL, NULL, NULL, NULL, NULL, NULL, NULL, NULL, NULL, NULL, NULL, NULL, NULL, NULL, NULL, NULL, NULL, 25, NULL, NULL, NULL, NULL, NULL),
(9, NULL, 1, NULL, NULL, NULL, NULL, NULL, NULL, NULL, NULL, NULL, NULL, NULL, NULL, NULL, NULL, NULL, NULL, NULL, NULL, NULL, NULL, NULL, NULL, NULL, 26, NULL, NULL, NULL, NULL, NULL),
(10, NULL, 1, NULL, NULL, NULL, NULL, NULL, NULL, NULL, NULL, NULL, NULL, NULL, NULL, NULL, NULL, NULL, NULL, NULL, NULL, NULL, NULL, NULL, NULL, NULL, 27, NULL, NULL, NULL, NULL, NULL),
(11, '579f58134196b.Pizza-Hut-Logo-Black.png', 1, NULL, NULL, 'Open Sans, sans-serif', 10, NULL, NULL, NULL, NULL, '10px', '10px', '10px', '10px', NULL, '579f58037564c.feature-02.jpg', NULL, NULL, NULL, NULL, NULL, '#ff0000', NULL, NULL, NULL, 28, NULL, NULL, NULL, NULL, NULL),
(12, NULL, 1, NULL, NULL, NULL, NULL, NULL, NULL, NULL, NULL, NULL, NULL, NULL, NULL, NULL, NULL, NULL, NULL, NULL, NULL, NULL, NULL, NULL, NULL, NULL, 29, NULL, NULL, NULL, NULL, NULL),
(13, '56e19fc453acb.11825773_10205621109861210_716863866824636666_n.jpg', 1, NULL, '56e19ffc084a2.DSC_2203.JPG', NULL, NULL, NULL, NULL, NULL, NULL, NULL, NULL, NULL, NULL, NULL, '56e1ae6173571.DSC_1974.JPG', NULL, NULL, NULL, NULL, NULL, NULL, NULL, NULL, NULL, 30, NULL, NULL, NULL, NULL, NULL),
(14, NULL, 1, NULL, NULL, NULL, NULL, NULL, NULL, NULL, NULL, NULL, NULL, NULL, NULL, NULL, NULL, NULL, NULL, NULL, NULL, NULL, NULL, NULL, NULL, NULL, 31, NULL, NULL, NULL, NULL, NULL),
(15, '56f8c2586a897.12167118_1178667888827128_196361870_n.jpg', 1, NULL, NULL, NULL, NULL, NULL, NULL, NULL, NULL, NULL, NULL, NULL, NULL, NULL, NULL, NULL, NULL, NULL, NULL, NULL, NULL, NULL, NULL, NULL, 32, NULL, NULL, NULL, NULL, NULL),
(16, '572cda7c714e2.ISFS-students-on-green3.jpg', 1, '#00ff19', '572cda7c715b1.xebec.png', 'Gill Sans', 10, NULL, '#3a9139', '#4f4242', NULL, '13px', '13px', '14px', '13px', NULL, '572ce41e6a305.DSC_1980.JPG', '#00ff38', '#593838', '#ff0000', '10px', NULL, NULL, NULL, NULL, NULL, 38, NULL, NULL, NULL, NULL, NULL),
(18, '573b5683e0829.logo.png', 1, NULL, NULL, NULL, NULL, NULL, NULL, NULL, NULL, NULL, NULL, NULL, NULL, NULL, NULL, NULL, NULL, NULL, NULL, NULL, NULL, NULL, NULL, NULL, 43, NULL, NULL, NULL, NULL, NULL),
(19, '573c04f467e79.dental-1.png', 1, NULL, NULL, NULL, NULL, NULL, NULL, NULL, NULL, NULL, NULL, NULL, NULL, NULL, NULL, NULL, NULL, NULL, NULL, NULL, NULL, NULL, NULL, NULL, 44, NULL, NULL, NULL, NULL, NULL),
(20, '57487718885b8.logo.png', 1, NULL, NULL, NULL, NULL, NULL, NULL, NULL, NULL, NULL, NULL, NULL, NULL, NULL, NULL, NULL, NULL, NULL, NULL, NULL, NULL, NULL, NULL, NULL, 45, NULL, NULL, NULL, NULL, NULL),
(21, NULL, 1, NULL, NULL, NULL, NULL, NULL, NULL, NULL, NULL, NULL, NULL, NULL, NULL, NULL, NULL, NULL, NULL, NULL, NULL, NULL, NULL, NULL, NULL, NULL, 46, NULL, NULL, NULL, NULL, NULL),
(22, '574c7bf1ce8b0.cats eye.png', 1, NULL, NULL, NULL, NULL, NULL, NULL, NULL, NULL, NULL, NULL, NULL, NULL, NULL, NULL, NULL, NULL, NULL, NULL, NULL, NULL, NULL, NULL, NULL, 47, NULL, NULL, NULL, NULL, NULL),
(23, '57621c5fb6ae9.cats eye.png', 1, NULL, NULL, NULL, NULL, NULL, NULL, NULL, NULL, NULL, NULL, NULL, NULL, NULL, NULL, NULL, NULL, NULL, NULL, NULL, NULL, NULL, NULL, NULL, 48, NULL, NULL, NULL, NULL, NULL),
(24, NULL, 1, NULL, NULL, NULL, NULL, NULL, NULL, NULL, NULL, NULL, NULL, NULL, NULL, NULL, NULL, NULL, NULL, NULL, NULL, NULL, NULL, NULL, NULL, NULL, 49, NULL, NULL, NULL, NULL, NULL),
(25, '5784ac0aa1c9c.logo-champion.png', 1, NULL, '5784b03908a40.4.jpg', 'Open Sans, sans-serif', 10, NULL, NULL, NULL, NULL, '10px', '10px', '10px', '10px', NULL, '5784b0261c56a.business-location.jpg', NULL, NULL, NULL, NULL, NULL, NULL, NULL, NULL, NULL, 6, NULL, NULL, NULL, NULL, NULL),
(26, '57a771075c936.logo.png', 1, NULL, NULL, 'Open Sans, sans-serif', 10, NULL, NULL, NULL, NULL, '10px', '10px', '10px', '10px', NULL, NULL, NULL, NULL, NULL, NULL, NULL, NULL, NULL, NULL, NULL, 50, 1, 1, 1, 1, 1);

-- --------------------------------------------------------

--
-- Table structure for table `Templating`
--

CREATE TABLE IF NOT EXISTS `Templating` (
  `id` int(11) NOT NULL,
  `backgroundColor` varchar(100) COLLATE utf8_unicode_ci NOT NULL,
  `headerColor` varchar(50) COLLATE utf8_unicode_ci NOT NULL,
  `footerColor` varchar(50) COLLATE utf8_unicode_ci NOT NULL,
  `bodyColor` varchar(50) COLLATE utf8_unicode_ci NOT NULL,
  `menuColor` varchar(50) COLLATE utf8_unicode_ci NOT NULL,
  `menuLiColor` varchar(50) COLLATE utf8_unicode_ci NOT NULL,
  `menuLiHoverColor` varchar(50) COLLATE utf8_unicode_ci NOT NULL,
  `siteFontSize` smallint(6) NOT NULL,
  `siteFontFamily` longtext COLLATE utf8_unicode_ci NOT NULL,
  `anchorColor` varchar(50) COLLATE utf8_unicode_ci NOT NULL,
  `anchorHoverColor` varchar(50) COLLATE utf8_unicode_ci NOT NULL
) ENGINE=InnoDB DEFAULT CHARSET=utf8 COLLATE=utf8_unicode_ci;

-- --------------------------------------------------------

--
-- Table structure for table `Testimonial`
--

CREATE TABLE IF NOT EXISTS `Testimonial` (
  `id` int(11) NOT NULL,
  `user_id` int(11) DEFAULT NULL,
  `name` varchar(255) COLLATE utf8_unicode_ci NOT NULL,
  `designation` varchar(255) COLLATE utf8_unicode_ci NOT NULL,
  `title` varchar(255) COLLATE utf8_unicode_ci NOT NULL,
  `slug` varchar(255) COLLATE utf8_unicode_ci NOT NULL,
  `content` longtext COLLATE utf8_unicode_ci,
  `created` datetime NOT NULL,
  `status` tinyint(1) NOT NULL,
  `isFeature` tinyint(1) NOT NULL,
  `path` varchar(255) COLLATE utf8_unicode_ci DEFAULT NULL,
  `globalOption_id` int(11) DEFAULT NULL,
  `updated_at` datetime NOT NULL
) ENGINE=InnoDB AUTO_INCREMENT=10 DEFAULT CHARSET=utf8 COLLATE=utf8_unicode_ci;

--
-- Dumping data for table `Testimonial`
--

INSERT INTO `Testimonial` (`id`, `user_id`, `name`, `designation`, `title`, `slug`, `content`, `created`, `status`, `isFeature`, `path`, `globalOption_id`, `updated_at`) VALUES
(1, 34, 'Tanni', 'Junior Teacher', 'Xebec International School', 'xebec-international-school', '   : , , ,   ?  ?            -,         ,                         , -,                    ', '2016-04-29 16:57:44', 1, 1, 'Screenshot from 2015-11-05 08:53:07.png', 38, '0000-00-00 00:00:00'),
(2, 34, 'Welcome to Xebec International School and the colorful, c', 'Junior Teacher', 'Xebec International School', 'xebec-international-school', 'Welcome to Xebec International School and the colorful, creative, caring, confronting and sometimes chaotic life! Upon arrival at our school it becomes immediately apparent that you have entered a welcoming community school. From the first smile of our reception staff through to the buzzing throng of parents and students who gathers within the school yard eager to commence the school day. \r\n\r\nOur Primary school is housed within two purpose built facilities and upon entering the school you are greeted by the laughter of our youngest students who inquire and learn through play. The school welcomes Playgroup students, who at three years of age enjoy the opportunity to explore and play alongside other young children. Our Nursery classrooms support the learning of four year old students. Their classrooms are filled with activities and learning tasks that promote creativity, inquiry and the development of independence. Both of these groups are offered a half day program five days per week in either am or pm sessions.\r\n\r\nParents are seen as an integral part of our school community and they are welcomed into the learning partnership that is essential for students to experience success. Xebec International School is an inclusive school community that is committed to developing confident, skilled and successful global citizens.', '2016-04-30 15:29:23', 1, 0, '12167118_1178667888827128_196361870_n.jpg', 38, '0000-00-00 00:00:00'),
(3, 38, 'M Shafiq Islam', 'Manager', 'RBS', 'rbs', 'There are many variations of passages of Lorem Ipsum available, but the majority have suffered alteration in some form injected humour, or randomised words which don''t look even slightly believable. If you are going to use a passage available, but the majority have suffered to use a passage.There are many variations of passages of Lorem Ipsum available, but the majority have suffered alteration in some form injected humour, or randomised words which don''t look even slightly believable. If you are going to use a passage available, but the majority have suffered to use a passage.', '2016-07-14 08:04:24', 1, 0, '1.jpg', 44, '2016-07-14 08:07:48'),
(4, 38, 'Zunayrah Islam', 'CEO', 'Business Booster Ltd.', 'business-booster-ltd', 'There are many variations but the majority have suffered alteration in some form randomised words which don''t look even are many variations of passages of Lorem Ipsum avaieare many variations of passages avai.', '2016-07-14 08:09:05', 1, 0, NULL, 44, '2016-07-14 08:09:05'),
(5, 16, 'Arifur Rahman', 'Manger', 'Titas Gas & Distribution System Ltd', 'titas-gas-distribution-system-ltd', '                             ()\r\n\r\n       (  )     .     ,              \r\n\r\n   ,         ( )                                          \r\n\r\n   ,                             \r\n\r\n ,                                                 ', '2016-07-16 23:36:23', 1, 0, '1.jpg', 10, '2016-07-16 23:36:23'),
(6, 16, '  ', '', 'Bangladesh Government', 'bangladesh-government', '                            \r\n ,    ( )       ,       ,     ,       ,               ,    ', '2016-07-16 23:45:39', 1, 0, 'b3fcdd196f5895ca2f4b033ae3f26a10-p.jpg', 10, '2016-07-16 23:45:39'),
(7, 50, '  ', '', 'Bangladesh Government', 'bangladesh-government', 'Objectively innovate empowered manufactured products whereas parallel platforms. Holisticly predominate extensible testing procedures for reliable supply chains. Dramatically engage top-line web services vis-a-vis cutting-edge deliverables. Proactively envisioned multimedia based expertise and cross-media growth strategies. Seamlessly visualize quality intellectual capital without superior collaboration.', '2016-08-13 15:23:37', 1, 0, '20160813150823_port6.jpg', 50, '2016-08-13 15:23:37'),
(8, 50, 'Arifur Rahman', 'Manger', 'Titas Gas & Distribution System Ltd', 'titas-gas-distribution-system-ltd', '  , ...                                                         ,             ,              ,          ,                          ,                              ', '2016-08-13 15:24:55', 1, 0, '20160813150824_blog2.jpg', 50, '2016-08-13 15:24:55'),
(9, 50, 'Faraz Muhammed Umar', 'CEO', 'Umar IT Limited', 'orchecd-palaza-faraz-muhammed-umar', 'Praesent augue arcu, ornare ut tincidunt eu, mattis a libero. Pellentesque habitant morbi tristique senectus et netus et malesuada fames.', '2016-08-13 15:29:26', 1, 0, '20160813150829_avatar1.png', 50, '2016-08-13 15:29:26');

-- --------------------------------------------------------

--
-- Table structure for table `Theme`
--

CREATE TABLE IF NOT EXISTS `Theme` (
  `id` int(11) NOT NULL,
  `name` varchar(255) COLLATE utf8_unicode_ci NOT NULL,
  `folderName` varchar(255) COLLATE utf8_unicode_ci NOT NULL,
  `status` tinyint(1) NOT NULL,
  `path` varchar(255) COLLATE utf8_unicode_ci DEFAULT NULL
) ENGINE=InnoDB AUTO_INCREMENT=7 DEFAULT CHARSET=utf8 COLLATE=utf8_unicode_ci;

--
-- Dumping data for table `Theme`
--

INSERT INTO `Theme` (`id`, `name`, `folderName`, `status`, `path`) VALUES
(1, 'Default', 'Default', 1, 'theme1.png'),
(2, 'Institute', 'Institute', 1, '1094103.png'),
(3, 'Ecommerce', 'Ecommerce', 1, '4.jpg'),
(4, 'Shopping Mall', 'Mall', 1, '12032194_1636887996580767_8848675856305586039_n.jpg'),
(5, 'Parallax Single Page', 'Parallax', 1, NULL),
(6, 'Business-Patros', 'Patros', 1, NULL);

-- --------------------------------------------------------

--
-- Table structure for table `theme_syndicate`
--

CREATE TABLE IF NOT EXISTS `theme_syndicate` (
  `theme_id` int(11) NOT NULL,
  `syndicate_id` int(11) NOT NULL
) ENGINE=InnoDB DEFAULT CHARSET=utf8 COLLATE=utf8_unicode_ci;

--
-- Dumping data for table `theme_syndicate`
--

INSERT INTO `theme_syndicate` (`theme_id`, `syndicate_id`) VALUES
(1, 1),
(1, 2),
(1, 3),
(1, 11),
(1, 20),
(1, 21),
(1, 26),
(1, 28),
(1, 29),
(1, 31),
(1, 32),
(1, 222),
(1, 223),
(2, 1),
(3, 20),
(4, 28),
(4, 223),
(5, 28),
(6, 1),
(6, 2),
(6, 3),
(6, 11),
(6, 20),
(6, 21),
(6, 26),
(6, 28),
(6, 29),
(6, 31),
(6, 222);

-- --------------------------------------------------------

--
-- Table structure for table `Thread`
--

CREATE TABLE IF NOT EXISTS `Thread` (
  `id` varchar(255) COLLATE utf8_unicode_ci NOT NULL,
  `permalink` varchar(255) COLLATE utf8_unicode_ci NOT NULL,
  `is_commentable` tinyint(1) NOT NULL,
  `num_comments` int(11) NOT NULL,
  `last_comment_at` datetime DEFAULT NULL
) ENGINE=InnoDB DEFAULT CHARSET=utf8 COLLATE=utf8_unicode_ci;

--
-- Dumping data for table `Thread`
--

INSERT INTO `Thread` (`id`, `permalink`, `is_commentable`, `num_comments`, `last_comment_at`) VALUES
('10-blog-1', 'http://tlsbd.kintethako.dev/tlsbd/blog/%E0%A6%97-%E0%A6%AA-%E0%A6%B2%E0%A6%97%E0%A6%9E-%E0%A6%9C-%E0%A6%AC-%E0%A6%B8-%E0%A6%B0-%E0%A6%A7-%E0%A6%95-%E0%A6%95-%E0%A7%9F', 1, 2, '2016-07-13 08:30:01'),
('10-blog-2', 'http://tlsbd.kintethako.dev/tlsbd/blog/mo_selim_rejaa', 1, 2, '2016-07-13 21:27:06'),
('10-blog-4', 'http://tlsbd.kintethako.dev/tlsbd/blog/there_are_many_variations_of_passages_of_lorem_ipsum_available', 1, 1, '2016-07-14 23:50:14');

-- --------------------------------------------------------

--
-- Table structure for table `Timeline`
--

CREATE TABLE IF NOT EXISTS `Timeline` (
  `id` int(11) NOT NULL,
  `name` varchar(255) COLLATE utf8_unicode_ci NOT NULL,
  `content` varchar(255) COLLATE utf8_unicode_ci NOT NULL,
  `status` tinyint(1) NOT NULL
) ENGINE=InnoDB DEFAULT CHARSET=utf8 COLLATE=utf8_unicode_ci;

-- --------------------------------------------------------

--
-- Table structure for table `TradeItem`
--

CREATE TABLE IF NOT EXISTS `TradeItem` (
  `id` int(11) NOT NULL,
  `name` varchar(255) COLLATE utf8_unicode_ci NOT NULL,
  `slug` varchar(255) COLLATE utf8_unicode_ci NOT NULL,
  `content` longtext COLLATE utf8_unicode_ci,
  `status` tinyint(1) NOT NULL,
  `path` varchar(255) COLLATE utf8_unicode_ci DEFAULT NULL,
  `globalOption_id` int(11) DEFAULT NULL,
  `moduleCategory_id` int(11) DEFAULT NULL,
  `unit_id` int(11) DEFAULT NULL,
  `country_id` int(11) DEFAULT NULL,
  `brand_id` int(11) DEFAULT NULL,
  `price` double DEFAULT NULL,
  `created` datetime NOT NULL,
  `updated_at` datetime NOT NULL,
  `photoGallery_id` int(11) DEFAULT NULL
) ENGINE=InnoDB AUTO_INCREMENT=4 DEFAULT CHARSET=utf8 COLLATE=utf8_unicode_ci;

--
-- Dumping data for table `TradeItem`
--

INSERT INTO `TradeItem` (`id`, `name`, `slug`, `content`, `status`, `path`, `globalOption_id`, `moduleCategory_id`, `unit_id`, `country_id`, `brand_id`, `price`, `created`, `updated_at`, `photoGallery_id`) VALUES
(1, 'SF - Tree Shape Radius Carbide Burs', 'orchecd-palaza-sf-tree-shape-radius-carbide-burs', 'Tree Shape Radius End\r\n Double Cut \r\n Titanium Nitride Coated\r\n Sharp cutting edge and vibration free performance.\r\n Use for work on narrow contours\r\n For more general information on Champion carbide burs click', 1, '20160810000811_blog-photo3.jpg', 50, 1, 4, 2, 11, 4353453, '2016-08-10 00:11:28', '2016-08-13 21:51:00', NULL),
(2, 'CM89HC-DRILL CORE DRILL PILOT DRILL', 'orchecd-palaza-cm89hc-drill-core-drill-pilot-drill', NULL, 1, '20160813210854_feature-02.jpg', 50, 2, NULL, 14, 9, 4500, '2016-08-13 21:54:27', '2016-08-13 21:54:27', NULL),
(3, 'HC11-EXT CORE DRILL EXTENSION', 'orchecd-palaza-hc11-ext-core-drill-extension', 'HC11-EXT CORE DRILL EXTENSION', 1, '20160813210855_ISFS-students-on-green3.jpg', 50, NULL, NULL, 4, NULL, 5600, '2016-08-13 21:55:17', '2016-08-13 21:55:17', NULL);

-- --------------------------------------------------------

--
-- Table structure for table `Transaction`
--

CREATE TABLE IF NOT EXISTS `Transaction` (
  `id` int(11) NOT NULL,
  `process` varchar(50) COLLATE utf8_unicode_ci DEFAULT NULL,
  `amount` decimal(10,0) DEFAULT NULL,
  `balance` decimal(10,0) DEFAULT NULL,
  `content` longtext COLLATE utf8_unicode_ci,
  `created` datetime NOT NULL,
  `updated` datetime NOT NULL,
  `inventoryConfig_id` int(11) DEFAULT NULL,
  `toIncrease` varchar(50) COLLATE utf8_unicode_ci DEFAULT NULL,
  `debit` decimal(10,0) DEFAULT NULL,
  `credit` decimal(10,0) DEFAULT NULL,
  `accountHead_id` int(11) DEFAULT NULL,
  `globalOption_id` int(11) DEFAULT NULL,
  `accountPurchase_id` int(11) DEFAULT NULL,
  `accountSales_id` int(11) DEFAULT NULL,
  `pettyCash_id` int(11) DEFAULT NULL,
  `accountBank_id` int(11) DEFAULT NULL,
  `paymentSalary_id` int(11) DEFAULT NULL
) ENGINE=InnoDB AUTO_INCREMENT=245 DEFAULT CHARSET=utf8 COLLATE=utf8_unicode_ci;

--
-- Dumping data for table `Transaction`
--

INSERT INTO `Transaction` (`id`, `process`, `amount`, `balance`, `content`, `created`, `updated`, `inventoryConfig_id`, `toIncrease`, `debit`, `credit`, `accountHead_id`, `globalOption_id`, `accountPurchase_id`, `accountSales_id`, `pettyCash_id`, `accountBank_id`, `paymentSalary_id`) VALUES
(1, 'Goods', '4530', '0', NULL, '2016-05-30 17:17:16', '2016-05-30 17:17:16', 2, NULL, '4530', '0', 6, 10, NULL, NULL, NULL, NULL, NULL),
(2, 'Cash', '-4530', '0', NULL, '2016-05-30 17:17:16', '2016-05-30 17:17:16', 2, NULL, '0', '4530', 31, 10, NULL, NULL, NULL, NULL, NULL),
(3, 'Goods', '5100', '0', NULL, '2016-05-30 17:17:16', '2016-05-30 17:17:16', 2, NULL, '5100', '0', 6, 10, NULL, NULL, NULL, NULL, NULL),
(4, 'Cash', '-5100', '0', NULL, '2016-05-30 17:17:16', '2016-05-30 17:17:16', 2, NULL, '0', '5100', 31, 10, NULL, NULL, NULL, NULL, NULL),
(5, 'Goods', '11250', '0', NULL, '2016-05-30 17:17:17', '2016-05-30 17:17:17', 2, NULL, '11250', '0', 6, 10, NULL, NULL, NULL, NULL, NULL),
(6, 'Cash', '-11250', '0', NULL, '2016-05-30 17:17:17', '2016-05-30 17:17:17', 2, NULL, '0', '11250', 31, 10, NULL, NULL, NULL, NULL, NULL),
(7, 'Goods', '12300', '0', NULL, '2016-05-30 17:17:18', '2016-05-30 17:17:18', 2, NULL, '12300', '0', 6, 10, NULL, NULL, NULL, NULL, NULL),
(8, 'Cash', '-12300', '0', NULL, '2016-05-30 17:17:18', '2016-05-30 17:17:18', 2, NULL, '0', '12300', 31, 10, NULL, NULL, NULL, NULL, NULL),
(9, 'Goods', '4130', '0', NULL, '2016-05-30 17:17:18', '2016-05-30 17:17:18', 2, NULL, '4130', '0', 6, 10, NULL, NULL, NULL, NULL, NULL),
(10, 'Cash', '-4130', '0', NULL, '2016-05-30 17:17:18', '2016-05-30 17:17:18', 2, NULL, '0', '4130', 31, 10, NULL, NULL, NULL, NULL, NULL),
(11, 'Goods', '20400', '0', NULL, '2016-05-30 17:17:19', '2016-05-30 17:17:19', 2, NULL, '20400', '0', 6, 10, NULL, NULL, NULL, NULL, NULL),
(12, 'Cash', '-20400', '0', NULL, '2016-05-30 17:17:19', '2016-05-30 17:17:19', 2, NULL, '0', '20400', 31, 10, NULL, NULL, NULL, NULL, NULL),
(13, 'Goods', '12000', '0', NULL, '2016-05-30 17:17:20', '2016-05-30 17:17:20', 2, NULL, '12000', '0', 6, 10, NULL, NULL, NULL, NULL, NULL),
(14, 'Cash', '-12000', '0', NULL, '2016-05-30 17:17:20', '2016-05-30 17:17:20', 2, NULL, '0', '12000', 31, 10, NULL, NULL, NULL, NULL, NULL),
(15, 'Goods', '6675', '0', NULL, '2016-05-30 17:17:20', '2016-05-30 17:17:20', 2, NULL, '6675', '0', 6, 10, NULL, NULL, NULL, NULL, NULL),
(16, 'Cash', '-6675', '0', NULL, '2016-05-30 17:17:21', '2016-05-30 17:17:21', 2, NULL, '0', '6675', 31, 10, NULL, NULL, NULL, NULL, NULL),
(17, 'Goods', '850', '0', NULL, '2016-05-30 17:17:21', '2016-05-30 17:17:21', 2, NULL, '850', '0', 6, 10, NULL, NULL, NULL, NULL, NULL),
(18, 'Cash', '-850', '0', NULL, '2016-05-30 17:17:21', '2016-05-30 17:17:21', 2, NULL, '0', '850', 31, 10, NULL, NULL, NULL, NULL, NULL),
(19, 'Goods', '9110', '0', NULL, '2016-05-30 17:17:22', '2016-05-30 17:17:22', 2, NULL, '9110', '0', 6, 10, NULL, NULL, NULL, NULL, NULL),
(20, 'Cash', '-9110', '0', NULL, '2016-05-30 17:17:22', '2016-05-30 17:17:22', 2, NULL, '0', '9110', 31, 10, NULL, NULL, NULL, NULL, NULL),
(21, 'Goods', '850', '0', NULL, '2016-05-30 17:17:22', '2016-05-30 17:17:22', 2, NULL, '850', '0', 6, 10, NULL, NULL, NULL, NULL, NULL),
(22, 'Cash', '-850', '0', NULL, '2016-05-30 17:17:23', '2016-05-30 17:17:23', 2, NULL, '0', '850', 31, 10, NULL, NULL, NULL, NULL, NULL),
(23, 'Goods', '1950', '0', NULL, '2016-05-30 17:17:23', '2016-05-30 17:17:23', 2, NULL, '1950', '0', 6, 10, NULL, NULL, NULL, NULL, NULL),
(24, 'Cash', '-1950', '0', NULL, '2016-05-30 17:17:23', '2016-05-30 17:17:23', 2, NULL, '0', '1950', 31, 10, NULL, NULL, NULL, NULL, NULL),
(25, 'Goods', '7280', '0', NULL, '2016-05-30 17:17:24', '2016-05-30 17:17:24', 2, NULL, '7280', '0', 6, 10, NULL, NULL, NULL, NULL, NULL),
(26, 'Cash', '-7280', '0', NULL, '2016-05-30 17:17:24', '2016-05-30 17:17:24', 2, NULL, '0', '7280', 31, 10, NULL, NULL, NULL, NULL, NULL),
(27, 'Goods', '4710', '0', NULL, '2016-05-30 17:17:24', '2016-05-30 17:17:24', 2, NULL, '4710', '0', 6, 10, NULL, NULL, NULL, NULL, NULL),
(28, 'Cash', '-4710', '0', NULL, '2016-05-30 17:17:25', '2016-05-30 17:17:25', 2, NULL, '0', '4710', 31, 10, NULL, NULL, NULL, NULL, NULL),
(29, 'Goods', '240', '0', NULL, '2016-05-30 17:17:25', '2016-05-30 17:17:25', 2, NULL, '240', '0', 6, 10, NULL, NULL, NULL, NULL, NULL),
(30, 'Cash', '-240', '0', NULL, '2016-05-30 17:17:25', '2016-05-30 17:17:25', 2, NULL, '0', '240', 31, 10, NULL, NULL, NULL, NULL, NULL),
(31, 'Goods', '150', '0', NULL, '2016-05-30 17:17:26', '2016-05-30 17:17:26', 2, NULL, '150', '0', 6, 10, NULL, NULL, NULL, NULL, NULL),
(32, 'Cash', '-150', '0', NULL, '2016-05-30 17:17:26', '2016-05-30 17:17:26', 2, NULL, '0', '150', 31, 10, NULL, NULL, NULL, NULL, NULL),
(33, 'Goods', '8850', '0', NULL, '2016-05-30 17:17:27', '2016-05-30 17:17:27', 2, NULL, '8850', '0', 6, 10, NULL, NULL, NULL, NULL, NULL),
(34, 'Cash', '-8850', '0', NULL, '2016-05-30 17:17:27', '2016-05-30 17:17:27', 2, NULL, '0', '8850', 31, 10, NULL, NULL, NULL, NULL, NULL),
(35, 'Goods', '21900', '0', NULL, '2016-05-30 17:17:27', '2016-05-30 17:17:27', 2, NULL, '21900', '0', 6, 10, NULL, NULL, NULL, NULL, NULL),
(36, 'Cash', '-21900', '0', NULL, '2016-05-30 17:17:27', '2016-05-30 17:17:27', 2, NULL, '0', '21900', 31, 10, NULL, NULL, NULL, NULL, NULL),
(37, 'Goods', '28990', '0', NULL, '2016-05-30 17:17:29', '2016-05-30 17:17:29', 2, NULL, '28990', '0', 6, 10, NULL, NULL, NULL, NULL, NULL),
(38, 'Cash', '-28990', '0', NULL, '2016-05-30 17:17:29', '2016-05-30 17:17:29', 2, NULL, '0', '28990', 31, 10, NULL, NULL, NULL, NULL, NULL),
(39, 'Goods', '14325', '0', NULL, '2016-05-30 17:17:29', '2016-05-30 17:17:29', 2, NULL, '14325', '0', 6, 10, NULL, NULL, NULL, NULL, NULL),
(40, 'Cash', '-14325', '0', NULL, '2016-05-30 17:17:30', '2016-05-30 17:17:30', 2, NULL, '0', '14325', 31, 10, NULL, NULL, NULL, NULL, NULL),
(41, 'Goods', '44260', '0', NULL, '2016-05-30 17:17:30', '2016-05-30 17:17:30', 2, NULL, '44260', '0', 6, 10, NULL, NULL, NULL, NULL, NULL),
(42, 'Cash', '-44260', '0', NULL, '2016-05-30 17:17:30', '2016-05-30 17:17:30', 2, NULL, '0', '44260', 31, 10, NULL, NULL, NULL, NULL, NULL),
(43, 'Goods', '4315', '0', NULL, '2016-05-30 17:17:31', '2016-05-30 17:17:31', 2, NULL, '4315', '0', 6, 10, NULL, NULL, NULL, NULL, NULL),
(44, 'Cash', '-4315', '0', NULL, '2016-05-30 17:17:31', '2016-05-30 17:17:31', 2, NULL, '0', '4315', 31, 10, NULL, NULL, NULL, NULL, NULL),
(45, 'Goods', '5760', '0', NULL, '2016-05-30 17:17:32', '2016-05-30 17:17:32', 2, NULL, '5760', '0', 6, 10, NULL, NULL, NULL, NULL, NULL),
(46, 'Cash', '-5760', '0', NULL, '2016-05-30 17:17:32', '2016-05-30 17:17:32', 2, NULL, '0', '5760', 31, 10, NULL, NULL, NULL, NULL, NULL),
(47, 'Goods', '4425', '0', NULL, '2016-05-30 17:17:32', '2016-05-30 17:17:32', 2, NULL, '4425', '0', 6, 10, NULL, NULL, NULL, NULL, NULL),
(48, 'Cash', '-4425', '0', NULL, '2016-05-30 17:17:32', '2016-05-30 17:17:32', 2, NULL, '0', '4425', 31, 10, NULL, NULL, NULL, NULL, NULL),
(49, 'Goods', '8530', '0', NULL, '2016-05-30 17:17:33', '2016-05-30 17:17:33', 2, NULL, '8530', '0', 6, 10, NULL, NULL, NULL, NULL, NULL),
(50, 'Cash', '-8530', '0', NULL, '2016-05-30 17:17:33', '2016-05-30 17:17:33', 2, NULL, '0', '8530', 31, 10, NULL, NULL, NULL, NULL, NULL),
(51, 'Goods', '4610', '0', NULL, '2016-05-30 17:17:34', '2016-05-30 17:17:34', 2, NULL, '4610', '0', 6, 10, NULL, NULL, NULL, NULL, NULL),
(52, 'Cash', '-4610', '0', NULL, '2016-05-30 17:17:34', '2016-05-30 17:17:34', 2, NULL, '0', '4610', 31, 10, NULL, NULL, NULL, NULL, NULL),
(53, 'Goods', '1100', '0', NULL, '2016-05-30 17:17:34', '2016-05-30 17:17:34', 2, NULL, '1100', '0', 6, 10, NULL, NULL, NULL, NULL, NULL),
(54, 'Cash', '-1100', '0', NULL, '2016-05-30 17:17:34', '2016-05-30 17:17:34', 2, NULL, '0', '1100', 31, 10, NULL, NULL, NULL, NULL, NULL),
(55, 'Goods', '580', '0', NULL, '2016-05-30 17:17:35', '2016-05-30 17:17:35', 2, NULL, '580', '0', 6, 10, NULL, NULL, NULL, NULL, NULL),
(56, 'Cash', '-580', '0', NULL, '2016-05-30 17:17:35', '2016-05-30 17:17:35', 2, NULL, '0', '580', 31, 10, NULL, NULL, NULL, NULL, NULL),
(57, 'Goods', '7700', '0', NULL, '2016-05-30 17:17:36', '2016-05-30 17:17:36', 2, NULL, '7700', '0', 6, 10, NULL, NULL, NULL, NULL, NULL),
(58, 'Cash', '-7700', '0', NULL, '2016-05-30 17:17:36', '2016-05-30 17:17:36', 2, NULL, '0', '7700', 31, 10, NULL, NULL, NULL, NULL, NULL),
(59, 'Goods', '30300', '0', NULL, '2016-05-30 17:17:36', '2016-05-30 17:17:36', 2, NULL, '30300', '0', 6, 10, NULL, NULL, NULL, NULL, NULL),
(60, 'Cash', '-30300', '0', NULL, '2016-05-30 17:17:37', '2016-05-30 17:17:37', 2, NULL, '0', '30300', 31, 10, NULL, NULL, NULL, NULL, NULL),
(61, 'Goods', '6670', '0', NULL, '2016-05-30 17:17:37', '2016-05-30 17:17:37', 2, NULL, '6670', '0', 6, 10, NULL, NULL, NULL, NULL, NULL),
(62, 'Cash', '-6670', '0', NULL, '2016-05-30 17:17:37', '2016-05-30 17:17:37', 2, NULL, '0', '6670', 31, 10, NULL, NULL, NULL, NULL, NULL),
(63, 'Goods', '290', '0', NULL, '2016-05-30 17:17:38', '2016-05-30 17:17:38', 2, NULL, '290', '0', 6, 10, NULL, NULL, NULL, NULL, NULL),
(64, 'Cash', '-290', '0', NULL, '2016-05-30 17:17:38', '2016-05-30 17:17:38', 2, NULL, '0', '290', 31, 10, NULL, NULL, NULL, NULL, NULL),
(65, 'Goods', '5055', '0', NULL, '2016-05-30 17:17:39', '2016-05-30 17:17:39', 2, NULL, '5055', '0', 6, 10, NULL, NULL, NULL, NULL, NULL),
(66, 'Cash', '-5055', '0', NULL, '2016-05-30 17:17:39', '2016-05-30 17:17:39', 2, NULL, '0', '5055', 31, 10, NULL, NULL, NULL, NULL, NULL),
(67, 'Goods', '3880', '0', NULL, '2016-05-30 17:17:39', '2016-05-30 17:17:39', 2, NULL, '3880', '0', 6, 10, NULL, NULL, NULL, NULL, NULL),
(68, 'Cash', '-3880', '0', NULL, '2016-05-30 17:17:40', '2016-05-30 17:17:40', 2, NULL, '0', '3880', 31, 10, NULL, NULL, NULL, NULL, NULL),
(69, 'Goods', '3700', '0', NULL, '2016-05-30 17:17:40', '2016-05-30 17:17:40', 2, NULL, '3700', '0', 6, 10, NULL, NULL, NULL, NULL, NULL),
(70, 'Cash', '-3700', '0', NULL, '2016-05-30 17:17:40', '2016-05-30 17:17:40', 2, NULL, '0', '3700', 31, 10, NULL, NULL, NULL, NULL, NULL),
(71, 'Goods', '3080', '0', NULL, '2016-05-30 17:17:41', '2016-05-30 17:17:41', 2, NULL, '3080', '0', 6, 10, NULL, NULL, NULL, NULL, NULL),
(72, 'Cash', '-3080', '0', NULL, '2016-05-30 17:17:41', '2016-05-30 17:17:41', 2, NULL, '0', '3080', 31, 10, NULL, NULL, NULL, NULL, NULL),
(73, 'Goods', '5490', '0', NULL, '2016-05-30 17:17:42', '2016-05-30 17:17:42', 2, NULL, '5490', '0', 6, 10, NULL, NULL, NULL, NULL, NULL),
(74, 'Cash', '-5490', '0', NULL, '2016-05-30 17:17:42', '2016-05-30 17:17:42', 2, NULL, '0', '5490', 31, 10, NULL, NULL, NULL, NULL, NULL),
(75, 'Goods', '5050', '0', NULL, '2016-05-30 17:17:42', '2016-05-30 17:17:42', 2, NULL, '5050', '0', 6, 10, NULL, NULL, NULL, NULL, NULL),
(76, 'Cash', '-5050', '0', NULL, '2016-05-30 17:17:43', '2016-05-30 17:17:43', 2, NULL, '0', '5050', 31, 10, NULL, NULL, NULL, NULL, NULL),
(77, 'Goods', '2250', '0', NULL, '2016-05-30 17:17:43', '2016-05-30 17:17:43', 2, NULL, '2250', '0', 6, 10, NULL, NULL, NULL, NULL, NULL),
(78, 'Cash', '-2250', '0', NULL, '2016-05-30 17:17:43', '2016-05-30 17:17:43', 2, NULL, '0', '2250', 31, 10, NULL, NULL, NULL, NULL, NULL),
(79, 'Goods', '550', '0', NULL, '2016-05-30 17:17:44', '2016-05-30 17:17:44', 2, NULL, '550', '0', 6, 10, NULL, NULL, NULL, NULL, NULL),
(80, 'Cash', '-550', '0', NULL, '2016-05-30 17:17:44', '2016-05-30 17:17:44', 2, NULL, '0', '550', 31, 10, NULL, NULL, NULL, NULL, NULL),
(81, 'Goods', '3100', '0', NULL, '2016-05-30 17:17:44', '2016-05-30 17:17:44', 2, NULL, '3100', '0', 6, 10, NULL, NULL, NULL, NULL, NULL),
(82, 'Cash', '-3100', '0', NULL, '2016-05-30 17:17:45', '2016-05-30 17:17:45', 2, NULL, '0', '3100', 31, 10, NULL, NULL, NULL, NULL, NULL),
(83, 'Goods', '23025', '0', NULL, '2016-05-30 17:17:45', '2016-05-30 17:17:45', 2, NULL, '23025', '0', 6, 10, NULL, NULL, NULL, NULL, NULL),
(84, 'Cash', '-23025', '0', NULL, '2016-05-30 17:17:45', '2016-05-30 17:17:45', 2, NULL, '0', '23025', 31, 10, NULL, NULL, NULL, NULL, NULL),
(85, 'Goods', '950', '0', NULL, '2016-05-30 17:17:46', '2016-05-30 17:17:46', 2, NULL, '950', '0', 6, 10, NULL, NULL, NULL, NULL, NULL),
(86, 'Cash', '-950', '0', NULL, '2016-05-30 17:17:46', '2016-05-30 17:17:46', 2, NULL, '0', '950', 31, 10, NULL, NULL, NULL, NULL, NULL),
(87, 'Goods', '18200', '0', NULL, '2016-05-30 17:17:47', '2016-05-30 17:17:47', 2, NULL, '18200', '0', 6, 10, NULL, NULL, NULL, NULL, NULL),
(88, 'Cash', '-18200', '0', NULL, '2016-05-30 17:17:47', '2016-05-30 17:17:47', 2, NULL, '0', '18200', 31, 10, NULL, NULL, NULL, NULL, NULL),
(89, 'Goods', '10490', '0', NULL, '2016-05-30 17:17:47', '2016-05-30 17:17:47', 2, NULL, '10490', '0', 6, 10, NULL, NULL, NULL, NULL, NULL),
(90, 'Cash', '-10490', '0', NULL, '2016-05-30 17:17:48', '2016-05-30 17:17:48', 2, NULL, '0', '10490', 31, 10, NULL, NULL, NULL, NULL, NULL),
(91, 'Goods', '18600', '0', NULL, '2016-05-30 17:17:48', '2016-05-30 17:17:48', 2, NULL, '18600', '0', 6, 10, NULL, NULL, NULL, NULL, NULL),
(92, 'Cash', '-18600', '0', NULL, '2016-05-30 17:17:48', '2016-05-30 17:17:48', 2, NULL, '0', '18600', 31, 10, NULL, NULL, NULL, NULL, NULL),
(93, 'Goods', '21980', '0', NULL, '2016-05-30 17:17:49', '2016-05-30 17:17:49', 2, NULL, '21980', '0', 6, 10, NULL, NULL, NULL, NULL, NULL),
(94, 'Cash', '-21980', '0', NULL, '2016-05-30 17:17:49', '2016-05-30 17:17:49', 2, NULL, '0', '21980', 31, 10, NULL, NULL, NULL, NULL, NULL),
(95, 'Goods', '1050', '0', NULL, '2016-05-30 17:17:50', '2016-05-30 17:17:50', 2, NULL, '1050', '0', 6, 10, NULL, NULL, NULL, NULL, NULL),
(96, 'Cash', '-1050', '0', NULL, '2016-05-30 17:17:50', '2016-05-30 17:17:50', 2, NULL, '0', '1050', 31, 10, NULL, NULL, NULL, NULL, NULL),
(97, 'Goods', '31300', '0', NULL, '2016-05-30 17:17:50', '2016-05-30 17:17:50', 2, NULL, '31300', '0', 6, 10, NULL, NULL, NULL, NULL, NULL),
(98, 'Cash', '-31300', '0', NULL, '2016-05-30 17:17:51', '2016-05-30 17:17:51', 2, NULL, '0', '31300', 31, 10, NULL, NULL, NULL, NULL, NULL),
(99, 'Goods', '1200', '0', NULL, '2016-05-30 17:17:51', '2016-05-30 17:17:51', 2, NULL, '1200', '0', 6, 10, NULL, NULL, NULL, NULL, NULL),
(100, 'Cash', '-1200', '0', NULL, '2016-05-30 17:17:51', '2016-05-30 17:17:51', 2, NULL, '0', '1200', 31, 10, NULL, NULL, NULL, NULL, NULL),
(101, 'Goods', '20400', '0', NULL, '2016-05-30 17:17:52', '2016-05-30 17:17:52', 2, NULL, '20400', '0', 6, 10, NULL, NULL, NULL, NULL, NULL),
(102, 'Cash', '-20400', '0', NULL, '2016-05-30 17:17:52', '2016-05-30 17:17:52', 2, NULL, '0', '20400', 31, 10, NULL, NULL, NULL, NULL, NULL),
(103, 'Goods', '1200', '0', NULL, '2016-05-30 17:17:52', '2016-05-30 17:17:52', 2, NULL, '1200', '0', 6, 10, NULL, NULL, NULL, NULL, NULL),
(104, 'Cash', '-1200', '0', NULL, '2016-05-30 17:17:53', '2016-05-30 17:17:53', 2, NULL, '0', '1200', 31, 10, NULL, NULL, NULL, NULL, NULL),
(105, 'Goods', '12150', '0', NULL, '2016-05-30 17:17:53', '2016-05-30 17:17:53', 2, NULL, '12150', '0', 6, 10, NULL, NULL, NULL, NULL, NULL),
(106, 'Cash', '-12150', '0', NULL, '2016-05-30 17:17:53', '2016-05-30 17:17:53', 2, NULL, '0', '12150', 31, 10, NULL, NULL, NULL, NULL, NULL),
(107, 'Goods', '7200', '0', NULL, '2016-05-30 17:17:54', '2016-05-30 17:17:54', 2, NULL, '7200', '0', 6, 10, NULL, NULL, NULL, NULL, NULL),
(108, 'Cash', '-7200', '0', NULL, '2016-05-30 17:17:54', '2016-05-30 17:17:54', 2, NULL, '0', '7200', 31, 10, NULL, NULL, NULL, NULL, NULL),
(109, 'Goods', '1200', '0', NULL, '2016-05-30 17:17:55', '2016-05-30 17:17:55', 2, NULL, '1200', '0', 6, 10, NULL, NULL, NULL, NULL, NULL),
(110, 'Cash', '-1200', '0', NULL, '2016-05-30 17:17:55', '2016-05-30 17:17:55', 2, NULL, '0', '1200', 31, 10, NULL, NULL, NULL, NULL, NULL),
(111, 'Goods', '8800', '0', NULL, '2016-05-30 17:17:55', '2016-05-30 17:17:55', 2, NULL, '8800', '0', 6, 10, NULL, NULL, NULL, NULL, NULL),
(112, 'Cash', '-8800', '0', NULL, '2016-05-30 17:17:56', '2016-05-30 17:17:56', 2, NULL, '0', '8800', 31, 10, NULL, NULL, NULL, NULL, NULL),
(113, 'Goods', '17366', '0', NULL, '2016-05-30 17:17:56', '2016-05-30 17:17:56', 2, NULL, '17366', '0', 6, 10, NULL, NULL, NULL, NULL, NULL),
(114, 'Cash', '-17366', '0', NULL, '2016-05-30 17:17:56', '2016-05-30 17:17:56', 2, NULL, '0', '17366', 31, 10, NULL, NULL, NULL, NULL, NULL),
(115, 'Goods', '935', '0', NULL, '2016-05-30 17:17:57', '2016-05-30 17:17:57', 2, NULL, '935', '0', 6, 10, NULL, NULL, NULL, NULL, NULL),
(116, 'Cash', '-935', '0', NULL, '2016-05-30 17:17:57', '2016-05-30 17:17:57', 2, NULL, '0', '935', 31, 10, NULL, NULL, NULL, NULL, NULL),
(117, 'Goods', '85', '0', NULL, '2016-05-30 17:17:58', '2016-05-30 17:17:58', 2, NULL, '85', '0', 6, 10, NULL, NULL, NULL, NULL, NULL),
(118, 'Cash', '-85', '0', NULL, '2016-05-30 17:17:58', '2016-05-30 17:17:58', 2, NULL, '0', '85', 31, 10, NULL, NULL, NULL, NULL, NULL),
(119, 'Goods', '2147', '0', NULL, '2016-05-30 17:17:58', '2016-05-30 17:17:58', 2, NULL, '2147', '0', 6, 10, NULL, NULL, NULL, NULL, NULL),
(120, 'Cash', '-2147', '0', NULL, '2016-05-30 17:17:59', '2016-05-30 17:17:59', 2, NULL, '0', '2147', 31, 10, NULL, NULL, NULL, NULL, NULL),
(121, 'Goods', '43100', '0', NULL, '2016-05-30 17:17:59', '2016-05-30 17:17:59', 2, NULL, '43100', '0', 6, 10, NULL, NULL, NULL, NULL, NULL),
(122, 'Cash', '-43100', '0', NULL, '2016-05-30 17:17:59', '2016-05-30 17:17:59', 2, NULL, '0', '43100', 31, 10, NULL, NULL, NULL, NULL, NULL),
(123, 'Goods', '66550', '0', NULL, '2016-05-30 17:18:00', '2016-05-30 17:18:00', 2, NULL, '66550', '0', 6, 10, NULL, NULL, NULL, NULL, NULL),
(124, 'Cash', '-66550', '0', NULL, '2016-05-30 17:18:00', '2016-05-30 17:18:00', 2, NULL, '0', '66550', 31, 10, NULL, NULL, NULL, NULL, NULL),
(125, 'Goods', '7700', '0', NULL, '2016-05-30 17:18:01', '2016-05-30 17:18:01', 2, NULL, '7700', '0', 6, 10, NULL, NULL, NULL, NULL, NULL),
(126, 'Cash', '-7700', '0', NULL, '2016-05-30 17:18:01', '2016-05-30 17:18:01', 2, NULL, '0', '7700', 31, 10, NULL, NULL, NULL, NULL, NULL),
(127, 'Goods', '18150', '0', NULL, '2016-05-30 17:18:01', '2016-05-30 17:18:01', 2, NULL, '18150', '0', 6, 10, NULL, NULL, NULL, NULL, NULL),
(128, 'Cash', '-18150', '0', NULL, '2016-05-30 17:18:02', '2016-05-30 17:18:02', 2, NULL, '0', '18150', 31, 10, NULL, NULL, NULL, NULL, NULL),
(129, 'Goods', '16900', '0', NULL, '2016-05-30 17:18:02', '2016-05-30 17:18:02', 2, NULL, '16900', '0', 6, 10, NULL, NULL, NULL, NULL, NULL),
(130, 'Cash', '-16900', '0', NULL, '2016-05-30 17:18:02', '2016-05-30 17:18:02', 2, NULL, '0', '16900', 31, 10, NULL, NULL, NULL, NULL, NULL),
(131, 'Goods', '12200', '0', NULL, '2016-05-30 17:18:03', '2016-05-30 17:18:03', 2, NULL, '12200', '0', 6, 10, NULL, NULL, NULL, NULL, NULL),
(132, 'Cash', '-12200', '0', NULL, '2016-05-30 17:18:03', '2016-05-30 17:18:03', 2, NULL, '0', '12200', 31, 10, NULL, NULL, NULL, NULL, NULL),
(133, 'Goods', '66600', '0', NULL, '2016-05-30 17:18:04', '2016-05-30 17:18:04', 2, NULL, '66600', '0', 6, 10, NULL, NULL, NULL, NULL, NULL),
(134, 'Cash', '-66600', '0', NULL, '2016-05-30 17:18:04', '2016-05-30 17:18:04', 2, NULL, '0', '66600', 31, 10, NULL, NULL, NULL, NULL, NULL),
(135, 'Goods', '74600', '0', NULL, '2016-05-30 17:18:04', '2016-05-30 17:18:04', 2, NULL, '74600', '0', 6, 10, NULL, NULL, NULL, NULL, NULL),
(136, 'Cash', '-74600', '0', NULL, '2016-05-30 17:18:05', '2016-05-30 17:18:05', 2, NULL, '0', '74600', 31, 10, NULL, NULL, NULL, NULL, NULL),
(137, 'Goods', '600', '0', NULL, '2016-05-30 17:18:05', '2016-05-30 17:18:05', 2, NULL, '600', '0', 6, 10, NULL, NULL, NULL, NULL, NULL),
(138, 'Cash', '-600', '0', NULL, '2016-05-30 17:18:05', '2016-05-30 17:18:05', 2, NULL, '0', '600', 31, 10, NULL, NULL, NULL, NULL, NULL),
(139, 'Goods', '36230', '0', NULL, '2016-05-30 17:18:06', '2016-05-30 17:18:06', 2, NULL, '36230', '0', 6, 10, NULL, NULL, NULL, NULL, NULL),
(140, 'Cash', '-36230', '0', NULL, '2016-05-30 17:18:06', '2016-05-30 17:18:06', 2, NULL, '0', '36230', 31, 10, NULL, NULL, NULL, NULL, NULL),
(141, 'Goods', '4950', '0', NULL, '2016-05-30 17:18:07', '2016-05-30 17:18:07', 2, NULL, '4950', '0', 6, 10, NULL, NULL, NULL, NULL, NULL),
(142, 'Cash', '-4950', '0', NULL, '2016-05-30 17:18:07', '2016-05-30 17:18:07', 2, NULL, '0', '4950', 31, 10, NULL, NULL, NULL, NULL, NULL),
(143, 'Goods', '1000', '0', NULL, '2016-05-30 17:18:07', '2016-05-30 17:18:07', 2, NULL, '1000', '0', 6, 10, NULL, NULL, NULL, NULL, NULL),
(144, 'Cash', '-1000', '0', NULL, '2016-05-30 17:18:08', '2016-05-30 17:18:08', 2, NULL, '0', '1000', 31, 10, NULL, NULL, NULL, NULL, NULL),
(145, 'Goods', '850', '0', NULL, '2016-05-30 17:18:08', '2016-05-30 17:18:08', 2, NULL, '850', '0', 6, 10, NULL, NULL, NULL, NULL, NULL),
(146, 'Cash', '-850', '0', NULL, '2016-05-30 17:18:09', '2016-05-30 17:18:09', 2, NULL, '0', '850', 31, 10, NULL, NULL, NULL, NULL, NULL),
(147, 'Goods', '20800', '0', NULL, '2016-05-30 17:18:09', '2016-05-30 17:18:09', 2, NULL, '20800', '0', 6, 10, NULL, NULL, NULL, NULL, NULL),
(148, 'Cash', '-20800', '0', NULL, '2016-05-30 17:18:09', '2016-05-30 17:18:09', 2, NULL, '0', '20800', 31, 10, NULL, NULL, NULL, NULL, NULL),
(149, 'Goods', '31450', '0', NULL, '2016-05-30 17:18:10', '2016-05-30 17:18:10', 2, NULL, '31450', '0', 6, 10, NULL, NULL, NULL, NULL, NULL),
(150, 'Cash', '-31450', '0', NULL, '2016-05-30 17:18:10', '2016-05-30 17:18:10', 2, NULL, '0', '31450', 31, 10, NULL, NULL, NULL, NULL, NULL),
(151, 'Goods', '1187', '0', NULL, '2016-05-30 17:18:11', '2016-05-30 17:18:11', 2, NULL, '1187', '0', 6, 10, NULL, NULL, NULL, NULL, NULL),
(152, 'Cash', '-1187', '0', NULL, '2016-05-30 17:18:11', '2016-05-30 17:18:11', 2, NULL, '0', '1187', 31, 10, NULL, NULL, NULL, NULL, NULL),
(153, 'Goods', '86014', '0', NULL, '2016-05-30 17:18:11', '2016-05-30 17:18:11', 2, NULL, '86014', '0', 6, 10, NULL, NULL, NULL, NULL, NULL),
(154, 'Cash', '-86014', '0', NULL, '2016-05-30 17:18:12', '2016-05-30 17:18:12', 2, NULL, '0', '86014', 31, 10, NULL, NULL, NULL, NULL, NULL),
(155, 'Goods', '12000', '0', NULL, '2016-05-30 17:18:12', '2016-05-30 17:18:12', 2, NULL, '12000', '0', 6, 10, NULL, NULL, NULL, NULL, NULL),
(156, 'Cash', '-12000', '0', NULL, '2016-05-30 17:18:12', '2016-05-30 17:18:12', 2, NULL, '0', '12000', 31, 10, NULL, NULL, NULL, NULL, NULL),
(157, 'Goods', '103075', '0', NULL, '2016-05-30 17:18:13', '2016-05-30 17:18:13', 2, NULL, '103075', '0', 6, 10, NULL, NULL, NULL, NULL, NULL),
(158, 'Cash', '-103075', '0', NULL, '2016-05-30 17:18:13', '2016-05-30 17:18:13', 2, NULL, '0', '103075', 31, 10, NULL, NULL, NULL, NULL, NULL),
(159, 'Goods', '3390', '0', NULL, '2016-05-30 17:18:14', '2016-05-30 17:18:14', 2, NULL, '3390', '0', 6, 10, NULL, NULL, NULL, NULL, NULL),
(160, 'Cash', '-3390', '0', NULL, '2016-05-30 17:18:14', '2016-05-30 17:18:14', 2, NULL, '0', '3390', 31, 10, NULL, NULL, NULL, NULL, NULL),
(161, 'Goods', '15700', '0', NULL, '2016-05-30 17:18:14', '2016-05-30 17:18:14', 2, NULL, '15700', '0', 6, 10, NULL, NULL, NULL, NULL, NULL),
(162, 'Cash', '-15700', '0', NULL, '2016-05-30 17:18:15', '2016-05-30 17:18:15', 2, NULL, '0', '15700', 31, 10, NULL, NULL, NULL, NULL, NULL),
(163, 'Goods', '1500', '0', NULL, '2016-05-30 17:18:15', '2016-05-30 17:18:15', 2, NULL, '1500', '0', 6, 10, NULL, NULL, NULL, NULL, NULL),
(164, 'Cash', '-1500', '0', NULL, '2016-05-30 17:18:15', '2016-05-30 17:18:15', 2, NULL, '0', '1500', 31, 10, NULL, NULL, NULL, NULL, NULL),
(165, 'Goods', '400', '0', NULL, '2016-05-30 17:18:16', '2016-05-30 17:18:16', 2, NULL, '400', '0', 6, 10, NULL, NULL, NULL, NULL, NULL),
(166, 'Cash', '-400', '0', NULL, '2016-05-30 17:18:16', '2016-05-30 17:18:16', 2, NULL, '0', '400', 31, 10, NULL, NULL, NULL, NULL, NULL),
(167, 'Goods', '4400', '0', NULL, '2016-05-30 17:18:17', '2016-05-30 17:18:17', 2, NULL, '4400', '0', 6, 10, NULL, NULL, NULL, NULL, NULL),
(168, 'Cash', '-4400', '0', NULL, '2016-05-30 17:18:17', '2016-05-30 17:18:17', 2, NULL, '0', '4400', 31, 10, NULL, NULL, NULL, NULL, NULL),
(169, 'Goods', '3120', '0', NULL, '2016-05-30 17:18:17', '2016-05-30 17:18:17', 2, NULL, '3120', '0', 6, 10, NULL, NULL, NULL, NULL, NULL),
(170, 'Cash', '-3120', '0', NULL, '2016-05-30 17:18:18', '2016-05-30 17:18:18', 2, NULL, '0', '3120', 31, 10, NULL, NULL, NULL, NULL, NULL),
(171, 'Goods', '24778', '0', NULL, '2016-05-30 17:18:18', '2016-05-30 17:18:18', 2, NULL, '24778', '0', 6, 10, NULL, NULL, NULL, NULL, NULL),
(172, 'Cash', '-24778', '0', NULL, '2016-05-30 17:18:19', '2016-05-30 17:18:19', 2, NULL, '0', '24778', 31, 10, NULL, NULL, NULL, NULL, NULL),
(173, 'Goods', '14000', '0', NULL, '2016-05-30 17:18:19', '2016-05-30 17:18:19', 2, NULL, '14000', '0', 6, 10, NULL, NULL, NULL, NULL, NULL),
(174, 'Cash', '-14000', '0', NULL, '2016-05-30 17:18:19', '2016-05-30 17:18:19', 2, NULL, '0', '14000', 31, 10, NULL, NULL, NULL, NULL, NULL),
(175, 'Goods', '1080', '0', NULL, '2016-05-30 17:18:20', '2016-05-30 17:18:20', 2, NULL, '1080', '0', 6, 10, NULL, NULL, NULL, NULL, NULL),
(176, 'Cash', '-1080', '0', NULL, '2016-05-30 17:18:20', '2016-05-30 17:18:20', 2, NULL, '0', '1080', 31, 10, NULL, NULL, NULL, NULL, NULL),
(177, 'Goods', '1500', '0', NULL, '2016-05-30 17:18:21', '2016-05-30 17:18:21', 2, NULL, '1500', '0', 6, 10, NULL, NULL, NULL, NULL, NULL),
(178, 'Cash', '-1500', '0', NULL, '2016-05-30 17:18:21', '2016-05-30 17:18:21', 2, NULL, '0', '1500', 31, 10, NULL, NULL, NULL, NULL, NULL),
(179, 'Goods', '6000', '0', NULL, '2016-05-30 17:18:22', '2016-05-30 17:18:22', 2, NULL, '6000', '0', 6, 10, NULL, NULL, NULL, NULL, NULL),
(180, 'Cash', '-6000', '0', NULL, '2016-05-30 17:18:22', '2016-05-30 17:18:22', 2, NULL, '0', '6000', 31, 10, NULL, NULL, NULL, NULL, NULL),
(181, 'Goods', '14950', '0', NULL, '2016-05-30 17:18:22', '2016-05-30 17:18:22', 2, NULL, '14950', '0', 6, 10, NULL, NULL, NULL, NULL, NULL),
(182, 'Cash', '-14950', '0', NULL, '2016-05-30 17:18:23', '2016-05-30 17:18:23', 2, NULL, '0', '14950', 31, 10, NULL, NULL, NULL, NULL, NULL),
(183, 'Goods', '6900', '0', NULL, '2016-05-30 17:18:23', '2016-05-30 17:18:23', 2, NULL, '6900', '0', 6, 10, NULL, NULL, NULL, NULL, NULL),
(184, 'Cash', '-6900', '0', NULL, '2016-05-30 17:18:23', '2016-05-30 17:18:23', 2, NULL, '0', '6900', 31, 10, NULL, NULL, NULL, NULL, NULL),
(185, 'Goods', '3680', '0', NULL, '2016-05-30 17:18:24', '2016-05-30 17:18:24', 2, NULL, '3680', '0', 6, 10, NULL, NULL, NULL, NULL, NULL),
(186, 'Cash', '-3680', '0', NULL, '2016-05-30 17:18:24', '2016-05-30 17:18:24', 2, NULL, '0', '3680', 31, 10, NULL, NULL, NULL, NULL, NULL),
(187, 'Goods', '3520', '0', NULL, '2016-05-30 17:18:24', '2016-05-30 17:18:24', 2, NULL, '3520', '0', 6, 10, NULL, NULL, NULL, NULL, NULL),
(188, 'Cash', '-3520', '0', NULL, '2016-05-30 17:18:25', '2016-05-30 17:18:25', 2, NULL, '0', '3520', 31, 10, NULL, NULL, NULL, NULL, NULL),
(189, 'Goods', '4570', '0', NULL, '2016-05-30 17:18:25', '2016-05-30 17:18:25', 2, NULL, '4570', '0', 6, 10, NULL, NULL, NULL, NULL, NULL),
(190, 'Cash', '-4570', '0', NULL, '2016-05-30 17:18:25', '2016-05-30 17:18:25', 2, NULL, '0', '4570', 31, 10, NULL, NULL, NULL, NULL, NULL),
(191, 'Goods', '1920', '0', NULL, '2016-05-30 17:18:26', '2016-05-30 17:18:26', 2, NULL, '1920', '0', 6, 10, NULL, NULL, NULL, NULL, NULL),
(192, 'Cash', '-1920', '0', NULL, '2016-05-30 17:18:26', '2016-05-30 17:18:26', 2, NULL, '0', '1920', 31, 10, NULL, NULL, NULL, NULL, NULL),
(193, 'Goods', '440', '0', NULL, '2016-05-30 17:18:27', '2016-05-30 17:18:27', 2, NULL, '440', '0', 6, 10, NULL, NULL, NULL, NULL, NULL),
(194, 'Cash', '-440', '0', NULL, '2016-05-30 17:18:27', '2016-05-30 17:18:27', 2, NULL, '0', '440', 31, 10, NULL, NULL, NULL, NULL, NULL),
(195, 'Goods', '-4900', '0', NULL, '2016-05-30 17:56:56', '2016-05-30 17:56:56', 2, NULL, '0', '4900', 33, 10, NULL, NULL, NULL, NULL, NULL),
(196, 'Cash', '4900', '0', NULL, '2016-05-30 17:56:56', '2016-05-30 17:56:56', 2, NULL, '4900', '0', 36, 10, NULL, NULL, NULL, NULL, NULL),
(197, 'Goods', '-3000', '0', NULL, '2016-05-30 17:58:20', '2016-05-30 17:58:20', 2, NULL, '0', '3000', 33, 10, NULL, NULL, NULL, NULL, NULL),
(198, 'Cash', '3000', '0', NULL, '2016-05-30 17:58:20', '2016-05-30 17:58:20', 2, NULL, '3000', '0', 36, 10, NULL, NULL, NULL, NULL, NULL),
(199, 'Cash', '10000', '0', NULL, '2016-05-30 18:02:26', '2016-05-30 18:02:26', 2, NULL, '10000', '0', 40, 10, NULL, NULL, NULL, NULL, NULL),
(200, 'Cash', '-10000', '0', NULL, '2016-05-30 18:02:26', '2016-05-30 18:02:26', 2, NULL, '0', '10000', 31, 10, NULL, NULL, NULL, NULL, NULL),
(201, 'Goods', '-4800', '0', NULL, '2016-06-01 06:55:56', '2016-06-01 06:55:56', 2, NULL, '0', '4800', 33, 10, NULL, NULL, NULL, NULL, NULL),
(202, 'Cash', '4800', '0', NULL, '2016-06-01 06:55:56', '2016-06-01 06:55:56', 2, NULL, '4800', '0', 36, 10, NULL, NULL, NULL, NULL, NULL),
(203, 'Goods', '-2050', '0', NULL, '2016-06-01 06:56:27', '2016-06-01 06:56:27', 2, NULL, '0', '2050', 33, 10, NULL, NULL, NULL, NULL, NULL),
(204, 'Cash', '1000', '0', NULL, '2016-06-01 06:56:27', '2016-06-01 06:56:27', 2, NULL, '1000', '0', 36, 10, NULL, NULL, NULL, NULL, NULL),
(205, 'AccountReceivable', '1050', '0', NULL, '2016-06-01 06:56:27', '2016-06-01 06:56:27', 2, NULL, '1050', '0', 4, 10, NULL, NULL, NULL, NULL, NULL),
(206, 'Cash', NULL, '0', NULL, '2016-06-01 07:02:02', '2016-06-01 07:02:02', 2, NULL, NULL, '0', 30, 10, NULL, NULL, NULL, NULL, NULL),
(207, 'Current Liabilities', '0', '0', NULL, '2016-06-01 07:02:02', '2016-06-01 07:02:02', 2, NULL, '0', NULL, 13, 10, NULL, NULL, NULL, NULL, NULL),
(208, 'Cash', '500', '0', NULL, '2016-06-01 07:19:03', '2016-06-01 07:19:03', NULL, NULL, '500', '0', 30, 10, NULL, NULL, NULL, NULL, NULL),
(209, 'Cash', '500', '0', NULL, '2016-06-01 07:24:15', '2016-06-01 07:24:15', NULL, NULL, '500', '0', 30, 10, NULL, NULL, NULL, NULL, NULL),
(210, 'Sales Revenue', '-500', '0', NULL, '2016-06-01 07:24:15', '2016-06-01 07:24:15', NULL, NULL, '0', '500', 42, 10, NULL, NULL, NULL, NULL, NULL),
(211, 'Goods', '25000', '0', NULL, '2016-06-02 10:19:04', '2016-06-02 10:19:04', 9, NULL, '25000', '0', 6, 43, NULL, NULL, NULL, NULL, NULL),
(212, 'Cash', '-25000', '0', NULL, '2016-06-02 10:19:05', '2016-06-02 10:19:05', 9, NULL, '0', '25000', 31, 43, NULL, NULL, NULL, NULL, NULL),
(213, 'Goods', '15000', '0', NULL, '2016-06-02 10:19:05', '2016-06-02 10:19:05', 9, NULL, '15000', '0', 6, 43, NULL, NULL, NULL, NULL, NULL),
(214, 'Cash', '-15000', '0', NULL, '2016-06-02 10:19:05', '2016-06-02 10:19:05', 9, NULL, '0', '15000', 31, 43, NULL, NULL, NULL, NULL, NULL),
(215, 'Goods', '-1550', '0', NULL, '2016-06-02 16:20:58', '2016-06-02 16:20:58', 2, NULL, '0', '1550', 33, 10, NULL, NULL, NULL, NULL, NULL),
(216, 'Cash', '1550', '0', NULL, '2016-06-02 16:20:59', '2016-06-02 16:20:59', 2, NULL, '1550', '0', 36, 10, NULL, NULL, NULL, NULL, NULL),
(217, 'Goods', '-1550', '0', NULL, '2016-06-02 23:21:55', '2016-06-02 23:21:55', 2, NULL, '0', '1550', 33, 10, NULL, NULL, NULL, NULL, NULL),
(218, 'Cash', '1550', '0', NULL, '2016-06-02 23:21:55', '2016-06-02 23:21:55', 2, NULL, '1550', '0', 36, 10, NULL, NULL, NULL, NULL, NULL),
(219, 'Goods', '25000', '0', NULL, '2016-06-03 23:18:55', '2016-06-03 23:18:55', 6, NULL, '25000', '0', 6, 38, NULL, NULL, NULL, NULL, NULL),
(220, 'Cash', '-25000', '0', NULL, '2016-06-03 23:18:55', '2016-06-03 23:18:55', 6, NULL, '0', '25000', 31, 38, NULL, NULL, NULL, NULL, NULL),
(221, 'Goods', '15000', '0', NULL, '2016-06-03 23:18:55', '2016-06-03 23:18:55', 6, NULL, '15000', '0', 6, 38, NULL, NULL, NULL, NULL, NULL),
(222, 'Cash', '-15000', '0', NULL, '2016-06-03 23:18:56', '2016-06-03 23:18:56', 6, NULL, '0', '15000', 31, 38, NULL, NULL, NULL, NULL, NULL),
(223, 'Goods', '1000', '0', NULL, '2016-06-03 23:30:57', '2016-06-03 23:30:57', 6, NULL, '1000', '0', 6, 38, NULL, NULL, NULL, NULL, NULL),
(224, 'Cash', '-1000', '0', NULL, '2016-06-03 23:30:57', '2016-06-03 23:30:57', 6, NULL, '0', '1000', 31, 38, NULL, NULL, NULL, NULL, NULL),
(225, 'Cash', '5000', '0', NULL, '2016-06-04 01:03:41', '2016-06-04 01:03:41', NULL, NULL, '5000', '0', 26, 38, NULL, NULL, NULL, NULL, NULL),
(226, 'Cash', '-5000', '0', NULL, '2016-06-04 01:03:41', '2016-06-04 01:03:41', NULL, NULL, '0', '5000', 31, 38, NULL, NULL, NULL, NULL, NULL),
(227, 'Goods', '-10400', '0', NULL, '2016-06-04 08:41:42', '2016-06-04 08:41:42', 6, NULL, '0', '10400', 33, 38, NULL, NULL, NULL, NULL, NULL),
(228, 'Cash', '10400', '0', NULL, '2016-06-04 08:41:42', '2016-06-04 08:41:42', 6, NULL, '10400', '0', 36, 38, NULL, NULL, NULL, NULL, NULL),
(229, 'Goods', '-3200', '0', NULL, '2016-06-08 20:25:24', '2016-06-08 20:25:24', 2, NULL, '0', '3200', 33, 10, NULL, NULL, NULL, NULL, NULL),
(230, 'Cash', '3200', '0', NULL, '2016-06-08 20:25:24', '2016-06-08 20:25:24', 2, NULL, '3200', '0', 36, 10, NULL, NULL, NULL, NULL, NULL),
(231, 'Goods', '-3200', '0', NULL, '2016-06-08 20:25:25', '2016-06-08 20:25:25', 2, NULL, '0', '3200', 33, 10, NULL, NULL, NULL, NULL, NULL),
(232, 'Cash', '3200', '0', NULL, '2016-06-08 20:25:25', '2016-06-08 20:25:25', 2, NULL, '3200', '0', 36, 10, NULL, NULL, NULL, NULL, NULL),
(233, 'Inventory Assets', '2100', '0', NULL, '2016-06-09 23:49:45', '2016-06-09 23:49:45', NULL, NULL, '2100', '0', 45, 10, NULL, NULL, NULL, NULL, NULL),
(234, 'Long Term Liabilities', '-2100', '0', NULL, '2016-06-09 23:49:45', '2016-06-09 23:49:45', NULL, NULL, '0', '2100', 44, 10, NULL, NULL, NULL, NULL, NULL),
(235, 'Goods', '1000', '0', NULL, '2016-06-10 15:50:27', '2016-06-10 15:50:27', 2, NULL, '1000', '0', 6, 10, NULL, NULL, NULL, NULL, NULL),
(236, 'Cash', '-1000', '0', NULL, '2016-06-10 15:50:27', '2016-06-10 15:50:27', 2, NULL, '0', '1000', 31, 10, NULL, NULL, NULL, NULL, NULL),
(237, 'Goods', '-850', '0', NULL, '2016-06-10 15:55:30', '2016-06-10 15:55:30', 2, NULL, '0', '850', 33, 10, NULL, NULL, NULL, NULL, NULL),
(238, 'Cash', '850', '0', NULL, '2016-06-10 15:55:30', '2016-06-10 15:55:30', 2, NULL, '850', '0', 36, 10, NULL, NULL, NULL, NULL, NULL),
(239, 'Goods', '-2050', '0', NULL, '2016-06-10 23:17:30', '2016-06-10 23:17:30', 2, NULL, '0', '2050', 33, 10, NULL, NULL, NULL, NULL, NULL),
(240, 'Cash', '2050', '0', NULL, '2016-06-10 23:17:30', '2016-06-10 23:17:30', 2, NULL, '2050', '0', 36, 10, NULL, NULL, NULL, NULL, NULL),
(241, 'Goods', '-2050', '0', NULL, '2016-06-10 23:32:40', '2016-06-10 23:32:40', 2, NULL, '0', '2050', 33, 10, NULL, NULL, NULL, NULL, NULL),
(242, 'Cash', '2050', '0', NULL, '2016-06-10 23:32:40', '2016-06-10 23:32:40', 2, NULL, '2050', '0', 36, 10, NULL, NULL, NULL, NULL, NULL),
(243, 'Cash', '30000', '0', NULL, '2016-08-16 18:22:18', '2016-08-16 18:22:18', NULL, NULL, '30000', '0', 43, 10, NULL, NULL, NULL, NULL, NULL),
(244, 'Cash', '-30000', '0', NULL, '2016-08-16 18:22:18', '2016-08-16 18:22:18', NULL, NULL, '0', '30000', 31, 10, NULL, NULL, NULL, NULL, NULL);

-- --------------------------------------------------------

--
-- Table structure for table `Tutor`
--

CREATE TABLE IF NOT EXISTS `Tutor` (
  `id` int(11) NOT NULL,
  `user_id` int(11) DEFAULT NULL,
  `location_id` int(11) DEFAULT NULL,
  `name` longtext COLLATE utf8_unicode_ci,
  `dateOfBirth` date DEFAULT NULL,
  `bloodGroup` longtext COLLATE utf8_unicode_ci,
  `gender` longtext COLLATE utf8_unicode_ci,
  `nationality` longtext COLLATE utf8_unicode_ci,
  `email` varchar(255) COLLATE utf8_unicode_ci DEFAULT NULL,
  `mobile` varchar(255) COLLATE utf8_unicode_ci DEFAULT NULL,
  `phone` varchar(255) COLLATE utf8_unicode_ci DEFAULT NULL,
  `job` varchar(255) COLLATE utf8_unicode_ci DEFAULT NULL,
  `skypeId` varchar(255) COLLATE utf8_unicode_ci DEFAULT NULL,
  `linkedin` varchar(255) COLLATE utf8_unicode_ci DEFAULT NULL,
  `website` varchar(255) COLLATE utf8_unicode_ci DEFAULT NULL,
  `facebookId` varchar(255) COLLATE utf8_unicode_ci DEFAULT NULL,
  `twitterId` varchar(255) COLLATE utf8_unicode_ci DEFAULT NULL,
  `blogUrl` varchar(255) COLLATE utf8_unicode_ci DEFAULT NULL,
  `permanentAddress` varchar(255) COLLATE utf8_unicode_ci DEFAULT NULL,
  `presentAddress` varchar(255) COLLATE utf8_unicode_ci DEFAULT NULL,
  `postalCode` varchar(255) COLLATE utf8_unicode_ci DEFAULT NULL,
  `currentPosition` varchar(255) COLLATE utf8_unicode_ci DEFAULT NULL,
  `created` datetime NOT NULL,
  `path` varchar(255) COLLATE utf8_unicode_ci DEFAULT NULL
) ENGINE=InnoDB DEFAULT CHARSET=utf8 COLLATE=utf8_unicode_ci;

-- --------------------------------------------------------

--
-- Table structure for table `Tutorial`
--

CREATE TABLE IF NOT EXISTS `Tutorial` (
  `id` int(11) NOT NULL,
  `name` varchar(255) COLLATE utf8_unicode_ci NOT NULL,
  `email` varchar(255) COLLATE utf8_unicode_ci NOT NULL,
  `mobile` varchar(255) COLLATE utf8_unicode_ci NOT NULL,
  `address` varchar(255) COLLATE utf8_unicode_ci NOT NULL,
  `facebookPage` varchar(255) COLLATE utf8_unicode_ci NOT NULL,
  `status` tinyint(1) NOT NULL
) ENGINE=InnoDB DEFAULT CHARSET=utf8 COLLATE=utf8_unicode_ci;

-- --------------------------------------------------------

--
-- Table structure for table `tutor_syndicate`
--

CREATE TABLE IF NOT EXISTS `tutor_syndicate` (
  `tutor_id` int(11) NOT NULL,
  `syndicate_id` int(11) NOT NULL
) ENGINE=InnoDB DEFAULT CHARSET=utf8 COLLATE=utf8_unicode_ci;

-- --------------------------------------------------------

--
-- Table structure for table `UserInbox`
--

CREATE TABLE IF NOT EXISTS `UserInbox` (
  `id` int(11) NOT NULL,
  `customer_id` int(11) DEFAULT NULL,
  `user_id` int(11) DEFAULT NULL,
  `created` datetime NOT NULL,
  `updated` datetime NOT NULL,
  `type` varchar(255) COLLATE utf8_unicode_ci DEFAULT NULL,
  `subject` varchar(255) COLLATE utf8_unicode_ci DEFAULT NULL,
  `content` longtext COLLATE utf8_unicode_ci,
  `reply` longtext COLLATE utf8_unicode_ci,
  `archive` tinyint(1) NOT NULL,
  `replyDate` datetime DEFAULT NULL
) ENGINE=InnoDB DEFAULT CHARSET=utf8 COLLATE=utf8_unicode_ci;

-- --------------------------------------------------------

--
-- Table structure for table `user_group`
--

CREATE TABLE IF NOT EXISTS `user_group` (
  `id` int(11) NOT NULL,
  `name` varchar(255) COLLATE utf8_unicode_ci NOT NULL,
  `roles` longtext COLLATE utf8_unicode_ci NOT NULL COMMENT '(DC2Type:array)',
  `description` varchar(50) COLLATE utf8_unicode_ci DEFAULT NULL
) ENGINE=InnoDB DEFAULT CHARSET=utf8 COLLATE=utf8_unicode_ci;

-- --------------------------------------------------------

--
-- Table structure for table `user_profiles`
--

CREATE TABLE IF NOT EXISTS `user_profiles` (
  `id` int(11) NOT NULL,
  `user_id` int(11) DEFAULT NULL,
  `district_id` int(11) DEFAULT NULL,
  `thana_id` int(11) DEFAULT NULL,
  `name` varchar(255) COLLATE utf8_unicode_ci DEFAULT NULL,
  `mobile` varchar(15) COLLATE utf8_unicode_ci NOT NULL,
  `email` varchar(255) COLLATE utf8_unicode_ci DEFAULT NULL,
  `designation` varchar(100) COLLATE utf8_unicode_ci DEFAULT NULL,
  `profession` varchar(100) COLLATE utf8_unicode_ci DEFAULT NULL,
  `about` longtext COLLATE utf8_unicode_ci,
  `address` longtext COLLATE utf8_unicode_ci,
  `permanentAddress` longtext COLLATE utf8_unicode_ci,
  `postalCode` varchar(255) COLLATE utf8_unicode_ci DEFAULT NULL,
  `additionalPhone` varchar(255) COLLATE utf8_unicode_ci DEFAULT NULL,
  `nid` varchar(255) COLLATE utf8_unicode_ci DEFAULT NULL,
  `dob` datetime DEFAULT NULL,
  `bloodGroup` varchar(255) COLLATE utf8_unicode_ci DEFAULT NULL,
  `interest` varchar(255) COLLATE utf8_unicode_ci DEFAULT NULL,
  `joiningDate` datetime DEFAULT NULL,
  `leaveDate` datetime DEFAULT NULL,
  `path` varchar(255) COLLATE utf8_unicode_ci DEFAULT NULL,
  `domainUser_id` int(11) DEFAULT NULL,
  `bank_id` int(11) DEFAULT NULL,
  `accountNo` varchar(255) COLLATE utf8_unicode_ci DEFAULT NULL,
  `branch` varchar(255) COLLATE utf8_unicode_ci DEFAULT NULL,
  `location_id` int(11) DEFAULT NULL,
  `termsConditionAccept` tinyint(1) DEFAULT NULL
) ENGINE=InnoDB AUTO_INCREMENT=46 DEFAULT CHARSET=utf8 COLLATE=utf8_unicode_ci;

--
-- Dumping data for table `user_profiles`
--

INSERT INTO `user_profiles` (`id`, `user_id`, `district_id`, `thana_id`, `name`, `mobile`, `email`, `designation`, `profession`, `about`, `address`, `permanentAddress`, `postalCode`, `additionalPhone`, `nid`, `dob`, `bloodGroup`, `interest`, `joiningDate`, `leaveDate`, `path`, `domainUser_id`, `bank_id`, `accountNo`, `branch`, `location_id`, `termsConditionAccept`) VALUES
(1, 1, NULL, NULL, NULL, '', NULL, NULL, NULL, NULL, NULL, NULL, NULL, NULL, NULL, NULL, NULL, NULL, NULL, NULL, NULL, NULL, NULL, NULL, NULL, NULL, NULL),
(2, 2, NULL, NULL, 'Sayed Opu', '(01828) 148-248', NULL, NULL, NULL, NULL, NULL, NULL, NULL, NULL, NULL, NULL, NULL, NULL, NULL, NULL, NULL, NULL, NULL, NULL, NULL, NULL, NULL),
(3, 4, NULL, NULL, 'Shoshi', '(01827) 264-133', NULL, NULL, NULL, NULL, NULL, NULL, NULL, NULL, NULL, NULL, NULL, NULL, NULL, NULL, NULL, NULL, NULL, NULL, NULL, NULL, NULL),
(4, 6, NULL, NULL, 'Shoshi', '(01827) 164-144', NULL, NULL, NULL, NULL, NULL, NULL, NULL, NULL, NULL, NULL, NULL, NULL, NULL, NULL, NULL, NULL, NULL, NULL, NULL, NULL, NULL),
(5, 8, NULL, NULL, 'Shoshi', '(01827) 164-145', NULL, NULL, NULL, NULL, NULL, NULL, NULL, NULL, NULL, NULL, NULL, NULL, NULL, NULL, NULL, NULL, NULL, NULL, NULL, NULL, NULL),
(6, 9, NULL, NULL, 'Shoshi', '(01827) 164-146', NULL, NULL, NULL, NULL, NULL, NULL, NULL, NULL, NULL, NULL, NULL, NULL, NULL, NULL, NULL, NULL, NULL, NULL, NULL, NULL, NULL),
(7, 10, NULL, NULL, 'Shoshi', '(01827) 164-101', NULL, NULL, NULL, NULL, NULL, NULL, NULL, NULL, NULL, NULL, NULL, NULL, NULL, NULL, NULL, NULL, NULL, NULL, NULL, NULL, NULL),
(8, 11, NULL, NULL, 'Shoshi', '(01827) 164-102', NULL, NULL, NULL, NULL, NULL, NULL, NULL, NULL, NULL, NULL, NULL, NULL, NULL, NULL, NULL, NULL, NULL, NULL, NULL, NULL, NULL),
(9, 13, NULL, NULL, 'Shoshi', '(01828) 148-184', NULL, NULL, NULL, NULL, NULL, NULL, NULL, NULL, NULL, NULL, NULL, NULL, NULL, NULL, NULL, NULL, NULL, NULL, NULL, NULL, NULL),
(10, 16, NULL, NULL, 'Tipu', '(01828) 148-148', NULL, NULL, NULL, NULL, 'axz', NULL, NULL, NULL, NULL, NULL, NULL, NULL, NULL, NULL, NULL, 1, NULL, NULL, NULL, NULL, NULL),
(11, 17, NULL, NULL, 'Sayed Opu', '(01552) 496-139', NULL, NULL, NULL, NULL, NULL, NULL, NULL, NULL, NULL, NULL, NULL, NULL, NULL, NULL, NULL, NULL, NULL, NULL, NULL, NULL, NULL),
(12, 18, 52, 411, 'Test', '08089-078867', NULL, NULL, NULL, NULL, NULL, NULL, NULL, NULL, NULL, '1896-01-01 00:00:00', 'A+', NULL, NULL, NULL, NULL, NULL, NULL, NULL, NULL, NULL, NULL),
(14, 20, 52, 411, 'Testxx', '08089-078890', NULL, NULL, NULL, NULL, NULL, NULL, NULL, NULL, NULL, '1896-01-01 00:00:00', 'A+', NULL, NULL, NULL, NULL, NULL, NULL, NULL, NULL, NULL, NULL),
(15, 21, 52, 411, 'Sales Man', '01828-345785', NULL, 'Sales Men', NULL, NULL, NULL, NULL, NULL, NULL, NULL, '1896-01-01 00:00:00', 'A+', NULL, NULL, NULL, 'initial', NULL, NULL, NULL, NULL, NULL, NULL),
(16, 22, 52, 411, 'Jonay Ahmed', '01828-148188', NULL, NULL, NULL, NULL, NULL, NULL, NULL, NULL, NULL, '1896-01-01 00:00:00', 'A+', NULL, '2011-01-01 00:00:00', NULL, 'd0973a4ff764dc1d3119d23ebbc08e1d5be10ef9.jpeg', NULL, NULL, NULL, NULL, NULL, NULL),
(17, 23, NULL, NULL, 'Jonay Ahmed', '(01828) 155-189', NULL, NULL, NULL, NULL, NULL, NULL, NULL, NULL, NULL, NULL, NULL, NULL, NULL, NULL, NULL, NULL, NULL, NULL, NULL, NULL, NULL),
(18, 24, NULL, NULL, 'Jonay Ahmed', '(01828) 144-189', NULL, NULL, NULL, NULL, NULL, NULL, NULL, NULL, NULL, NULL, NULL, NULL, NULL, NULL, NULL, NULL, NULL, NULL, NULL, NULL, NULL),
(19, 25, NULL, NULL, 'Jonay Ahmed', '(01825) 144-189', NULL, NULL, NULL, NULL, NULL, NULL, NULL, NULL, NULL, NULL, NULL, NULL, NULL, NULL, NULL, NULL, NULL, NULL, NULL, NULL, NULL),
(20, 26, NULL, NULL, 'Jonay Ahmed', '(01845) 144-189', NULL, NULL, NULL, NULL, NULL, NULL, NULL, NULL, NULL, NULL, NULL, NULL, NULL, NULL, NULL, NULL, NULL, NULL, NULL, NULL, NULL),
(21, 27, NULL, NULL, 'Jonay Ahmed', '(01845) 122-189', NULL, NULL, NULL, NULL, NULL, NULL, NULL, NULL, NULL, NULL, NULL, NULL, NULL, NULL, NULL, NULL, NULL, NULL, NULL, NULL, NULL),
(22, 28, NULL, NULL, 'Jonay Ahmed', '(01845) 188-189', NULL, NULL, NULL, NULL, NULL, NULL, NULL, NULL, NULL, NULL, NULL, NULL, NULL, NULL, NULL, NULL, NULL, NULL, NULL, NULL, NULL),
(23, 29, NULL, NULL, 'Jonay Ahmed', '(01745) 188-189', NULL, NULL, NULL, NULL, NULL, NULL, NULL, NULL, NULL, NULL, NULL, NULL, NULL, NULL, NULL, NULL, NULL, NULL, NULL, NULL, NULL),
(24, 30, NULL, NULL, 'Sajal', '(01729) 322-797', NULL, NULL, NULL, NULL, NULL, NULL, NULL, NULL, NULL, NULL, NULL, NULL, NULL, NULL, NULL, NULL, NULL, NULL, NULL, NULL, NULL),
(25, 31, NULL, NULL, 'M Nazrul', '(12312) 412-423', NULL, NULL, NULL, NULL, NULL, NULL, NULL, NULL, NULL, NULL, NULL, NULL, NULL, NULL, NULL, NULL, NULL, NULL, NULL, NULL, NULL),
(26, 32, NULL, NULL, 'Aminul Islam', '(01681) 872-606', NULL, NULL, NULL, NULL, NULL, NULL, NULL, NULL, NULL, NULL, NULL, NULL, NULL, NULL, NULL, NULL, NULL, NULL, NULL, NULL, NULL),
(27, 33, 52, 411, 'Alam Hossain', '01828-148148', 'xyz@gmail.com', 'Assit Manager', NULL, NULL, NULL, NULL, NULL, NULL, NULL, '1896-01-01 00:00:00', 'A+', NULL, '2011-01-01 00:00:00', NULL, NULL, NULL, 1, '65546456365', 'Motijheel Branch,Dilkhusa, Motijheel , Dhaka', NULL, NULL),
(28, 34, NULL, NULL, 'Immam Hossain', '(01688) 100-401', NULL, NULL, NULL, NULL, NULL, NULL, NULL, NULL, NULL, NULL, NULL, NULL, NULL, NULL, NULL, NULL, NULL, NULL, NULL, NULL, NULL),
(29, 35, NULL, NULL, 'DR. Kamal', '(65323) 643-634', NULL, NULL, NULL, NULL, NULL, NULL, NULL, NULL, NULL, NULL, NULL, NULL, NULL, NULL, NULL, NULL, NULL, NULL, NULL, NULL, NULL),
(30, 36, NULL, NULL, 'DR. Kamal', '(65323) 643-635', NULL, NULL, NULL, NULL, NULL, NULL, NULL, NULL, NULL, NULL, NULL, NULL, NULL, NULL, NULL, NULL, NULL, NULL, NULL, NULL, NULL),
(31, 37, NULL, NULL, 'DR. Kamal', '(65323) 643-787', NULL, NULL, NULL, NULL, NULL, NULL, NULL, NULL, NULL, NULL, NULL, NULL, NULL, NULL, NULL, NULL, NULL, NULL, NULL, NULL, NULL),
(32, 38, 52, 411, 'Dr. Md. Musfiqur Ruhan', '01710-077399', NULL, 'Manager', NULL, NULL, NULL, NULL, NULL, NULL, NULL, '1896-01-01 00:00:00', 'A+', NULL, NULL, NULL, 'fd4cf1d7ad69d732bc29e45a59f3870786c57615.jpeg', NULL, NULL, NULL, NULL, NULL, NULL),
(33, 39, 67, 197, 'Dr Aminul Hossain', '52525-423325', NULL, 'Senior Doctor', NULL, NULL, NULL, NULL, NULL, NULL, NULL, '1896-01-01 00:00:00', 'A+', NULL, '2011-01-01 00:00:00', NULL, 'initial', NULL, 1, '2523423', NULL, NULL, NULL),
(34, 40, NULL, NULL, 'Sha Alam', '(34234) 234-234', NULL, NULL, NULL, NULL, NULL, NULL, NULL, NULL, NULL, NULL, NULL, NULL, NULL, NULL, NULL, NULL, NULL, NULL, NULL, NULL, NULL),
(35, 41, NULL, NULL, 'Farjhana', '(01626) 148-148', NULL, NULL, NULL, NULL, NULL, NULL, NULL, NULL, NULL, NULL, NULL, NULL, NULL, NULL, NULL, NULL, NULL, NULL, NULL, NULL, NULL),
(36, 42, NULL, NULL, 'xyz', '(09876) 543-214', NULL, NULL, NULL, NULL, NULL, NULL, NULL, NULL, NULL, NULL, NULL, NULL, NULL, NULL, NULL, NULL, NULL, NULL, NULL, NULL, NULL),
(37, 43, NULL, NULL, 'Champioan', '(01919) 148-148', NULL, NULL, NULL, NULL, NULL, NULL, NULL, NULL, NULL, NULL, NULL, NULL, NULL, NULL, NULL, NULL, NULL, NULL, NULL, NULL, NULL),
(38, 44, NULL, NULL, 'cxvcxv', '(76523) 423-423', NULL, NULL, NULL, NULL, NULL, NULL, NULL, NULL, NULL, NULL, NULL, NULL, NULL, NULL, NULL, NULL, NULL, NULL, NULL, NULL, NULL),
(39, 45, 52, 411, 'Domain Manager', '5867678677687', NULL, 'Manager', NULL, NULL, NULL, NULL, NULL, NULL, NULL, '1896-01-01 00:00:00', 'A+', NULL, '2011-01-01 00:00:00', NULL, NULL, NULL, NULL, NULL, NULL, NULL, NULL),
(40, 46, 52, 411, 'SALES', '4354543532', NULL, 'SALES OFFICER', NULL, NULL, NULL, NULL, NULL, NULL, NULL, '1896-01-01 00:00:00', 'A+', NULL, '2011-01-01 00:00:00', NULL, NULL, NULL, NULL, NULL, NULL, NULL, NULL),
(41, 47, 52, 411, 'Purchase', '5477851232', NULL, 'Purchase', NULL, NULL, NULL, NULL, NULL, NULL, NULL, '1896-01-01 00:00:00', 'A+', NULL, '2011-01-01 00:00:00', NULL, NULL, NULL, NULL, NULL, NULL, NULL, NULL),
(42, 48, 52, 411, 'Inventory Manager', '56342908666', NULL, 'In MNANAGER', NULL, NULL, NULL, NULL, NULL, NULL, NULL, '1896-01-01 00:00:00', 'A+', NULL, '2011-01-01 00:00:00', NULL, NULL, NULL, NULL, NULL, NULL, NULL, NULL),
(43, 49, NULL, NULL, 'Himu', '(01785) 596-255', NULL, NULL, NULL, NULL, 'Dhaka', NULL, NULL, '4593458934349583458', NULL, NULL, NULL, NULL, NULL, NULL, NULL, NULL, NULL, NULL, NULL, 52, 1),
(44, 50, NULL, NULL, 'Orched', '(01707) 140-140', NULL, NULL, NULL, NULL, NULL, NULL, NULL, NULL, NULL, NULL, NULL, NULL, NULL, NULL, NULL, NULL, NULL, NULL, NULL, NULL, 1),
(45, 51, NULL, NULL, 'MD SHAFIQ', '01828-141-141', NULL, NULL, NULL, NULL, '12/12 block -b , MIrpur', NULL, NULL, '123123,123123,12312', NULL, NULL, NULL, NULL, NULL, NULL, NULL, NULL, NULL, NULL, NULL, 8, 1);

-- --------------------------------------------------------

--
-- Table structure for table `user_user_group`
--

CREATE TABLE IF NOT EXISTS `user_user_group` (
  `user_id` int(11) NOT NULL,
  `group_id` int(11) NOT NULL
) ENGINE=InnoDB DEFAULT CHARSET=utf8 COLLATE=utf8_unicode_ci;

-- --------------------------------------------------------

--
-- Table structure for table `Vendor`
--

CREATE TABLE IF NOT EXISTS `Vendor` (
  `id` int(11) NOT NULL,
  `user_id` int(11) DEFAULT NULL,
  `location_id` int(11) DEFAULT NULL,
  `name` varchar(255) COLLATE utf8_unicode_ci DEFAULT NULL,
  `establishment` date DEFAULT NULL,
  `registrationNo` varchar(255) COLLATE utf8_unicode_ci DEFAULT NULL,
  `mobile` varchar(255) COLLATE utf8_unicode_ci DEFAULT NULL,
  `address` varchar(255) COLLATE utf8_unicode_ci DEFAULT NULL,
  `hotline` varchar(255) COLLATE utf8_unicode_ci DEFAULT NULL,
  `phone` varchar(255) COLLATE utf8_unicode_ci DEFAULT NULL,
  `fax` varchar(255) COLLATE utf8_unicode_ci DEFAULT NULL,
  `website` varchar(255) COLLATE utf8_unicode_ci DEFAULT NULL,
  `skypeId` varchar(255) COLLATE utf8_unicode_ci DEFAULT NULL,
  `startHour` varchar(255) COLLATE utf8_unicode_ci DEFAULT NULL,
  `endHour` varchar(255) COLLATE utf8_unicode_ci DEFAULT NULL,
  `weeklyOffDay` varchar(255) COLLATE utf8_unicode_ci DEFAULT NULL,
  `email` varchar(255) COLLATE utf8_unicode_ci DEFAULT NULL,
  `contactPerson` varchar(255) COLLATE utf8_unicode_ci DEFAULT NULL,
  `postalCode` varchar(255) COLLATE utf8_unicode_ci DEFAULT NULL,
  `contactPersonDesignation` varchar(255) COLLATE utf8_unicode_ci DEFAULT NULL,
  `overview` longtext COLLATE utf8_unicode_ci,
  `path` varchar(255) COLLATE utf8_unicode_ci DEFAULT NULL
) ENGINE=InnoDB DEFAULT CHARSET=utf8 COLLATE=utf8_unicode_ci;

-- --------------------------------------------------------

--
-- Table structure for table `WareHouse`
--

CREATE TABLE IF NOT EXISTS `WareHouse` (
  `id` int(11) NOT NULL,
  `name` varchar(255) COLLATE utf8_unicode_ci NOT NULL,
  `status` tinyint(1) NOT NULL,
  `parent` int(11) DEFAULT NULL,
  `isWareHouse` tinyint(1) NOT NULL,
  `created` datetime NOT NULL,
  `updated` datetime NOT NULL,
  `inventoryConfig_id` int(11) DEFAULT NULL
) ENGINE=InnoDB AUTO_INCREMENT=6 DEFAULT CHARSET=utf8 COLLATE=utf8_unicode_ci;

--
-- Dumping data for table `WareHouse`
--

INSERT INTO `WareHouse` (`id`, `name`, `status`, `parent`, `isWareHouse`, `created`, `updated`, `inventoryConfig_id`) VALUES
(1, 'Shop', 1, NULL, 1, '0000-00-00 00:00:00', '2016-01-10 00:01:35', NULL),
(2, 'Web store', 1, NULL, 0, '0000-00-00 00:00:00', '0000-00-00 00:00:00', NULL),
(3, 'Web', 1, NULL, 1, '2016-01-10 00:04:00', '2016-01-10 00:04:00', 2),
(5, 'Top right', 1, 3, 0, '2016-01-10 00:11:04', '2016-01-10 00:11:04', 2);

-- --------------------------------------------------------

--
-- Table structure for table `WebTheme`
--

CREATE TABLE IF NOT EXISTS `WebTheme` (
  `id` int(11) NOT NULL,
  `name` varchar(255) COLLATE utf8_unicode_ci NOT NULL,
  `folderName` varchar(255) COLLATE utf8_unicode_ci NOT NULL,
  `status` tinyint(1) NOT NULL,
  `path` varchar(255) COLLATE utf8_unicode_ci DEFAULT NULL
) ENGINE=InnoDB DEFAULT CHARSET=utf8 COLLATE=utf8_unicode_ci;

-- --------------------------------------------------------

--
-- Table structure for table `webtheme_syndicate`
--

CREATE TABLE IF NOT EXISTS `webtheme_syndicate` (
  `webtheme_id` int(11) NOT NULL,
  `syndicate_id` int(11) NOT NULL
) ENGINE=InnoDB DEFAULT CHARSET=utf8 COLLATE=utf8_unicode_ci;

--
-- Indexes for dumped tables
--

--
-- Indexes for table `Academic`
--
ALTER TABLE `Academic`
  ADD PRIMARY KEY (`id`),
  ADD KEY `IDX_B922F95E208F64F1` (`tutor_id`) USING BTREE;

--
-- Indexes for table `AcademicMeta`
--
ALTER TABLE `AcademicMeta`
  ADD PRIMARY KEY (`id`),
  ADD KEY `IDX_F308C6CD208F64F1` (`tutor_id`) USING BTREE;

--
-- Indexes for table `AccessRole`
--
ALTER TABLE `AccessRole`
  ADD PRIMARY KEY (`id`),
  ADD KEY `IDX_952D62ABB7312FF` (`appModule_id`);

--
-- Indexes for table `AccountBank`
--
ALTER TABLE `AccountBank`
  ADD PRIMARY KEY (`id`),
  ADD KEY `IDX_F35EDF37E5A071F2` (`accountHead_id`) USING BTREE,
  ADD KEY `IDX_F35EDF37B7320117` (`toUser_id`) USING BTREE,
  ADD KEY `IDX_F35EDF3711C8FB41` (`bank_id`) USING BTREE,
  ADD KEY `IDX_F35EDF373174800F` (`createdBy_id`) USING BTREE,
  ADD KEY `IDX_F35EDF37FACFC38A` (`approvedBy_id`) USING BTREE,
  ADD KEY `IDX_F35EDF37DC938C82` (`globalOption_id`);

--
-- Indexes for table `AccountHead`
--
ALTER TABLE `AccountHead`
  ADD PRIMARY KEY (`id`),
  ADD KEY `IDX_8CCD96D13D8E604F` (`parent`) USING BTREE;

--
-- Indexes for table `AccountJournal`
--
ALTER TABLE `AccountJournal`
  ADD PRIMARY KEY (`id`),
  ADD KEY `IDX_1D798FF93CA07BD1` (`inventoryConfig_id`) USING BTREE,
  ADD KEY `IDX_1D798FF93174800F` (`createdBy_id`) USING BTREE,
  ADD KEY `IDX_1D798FF9B7320117` (`toUser_id`) USING BTREE,
  ADD KEY `IDX_1D798FF9FACFC38A` (`approvedBy_id`) USING BTREE,
  ADD KEY `IDX_1D798FF99395C3F3` (`customer_id`) USING BTREE,
  ADD KEY `IDX_1D798FF9F603EE73` (`vendor_id`) USING BTREE,
  ADD KEY `IDX_1D798FF911C8FB41` (`bank_id`) USING BTREE,
  ADD KEY `IDX_1D798FF9473F3D1` (`accountHeadDebit_id`) USING BTREE,
  ADD KEY `IDX_1D798FF978203FB5` (`accountHeadCredit_id`) USING BTREE,
  ADD KEY `IDX_1D798FF9DC938C82` (`globalOption_id`);

--
-- Indexes for table `AccountPurchase`
--
ALTER TABLE `AccountPurchase`
  ADD PRIMARY KEY (`id`),
  ADD KEY `IDX_ADC778C63CA07BD1` (`inventoryConfig_id`) USING BTREE,
  ADD KEY `IDX_ADC778C6F603EE73` (`vendor_id`) USING BTREE,
  ADD KEY `IDX_ADC778C6558FBEB9` (`purchase_id`) USING BTREE,
  ADD KEY `IDX_ADC778C611C8FB41` (`bank_id`) USING BTREE,
  ADD KEY `IDX_ADC778C63174800F` (`createdBy_id`) USING BTREE,
  ADD KEY `IDX_ADC778C6E5A071F2` (`accountHead_id`) USING BTREE,
  ADD KEY `IDX_ADC778C6A787C244` (`purchaseReturn_id`) USING BTREE,
  ADD KEY `IDX_ADC778C6FACFC38A` (`approvedBy_id`) USING BTREE,
  ADD KEY `IDX_ADC778C6B7320117` (`toUser_id`) USING BTREE,
  ADD KEY `IDX_ADC778C6DC938C82` (`globalOption_id`);

--
-- Indexes for table `AccountSales`
--
ALTER TABLE `AccountSales`
  ADD PRIMARY KEY (`id`),
  ADD KEY `IDX_63C773093CA07BD1` (`inventoryConfig_id`) USING BTREE,
  ADD KEY `IDX_63C77309E5A071F2` (`accountHead_id`) USING BTREE,
  ADD KEY `IDX_63C773099395C3F3` (`customer_id`) USING BTREE,
  ADD KEY `IDX_63C77309A4522A07` (`sales_id`) USING BTREE,
  ADD KEY `IDX_63C77309C3F94932` (`salesReturn_id`) USING BTREE,
  ADD KEY `IDX_63C7730911C8FB41` (`bank_id`) USING BTREE,
  ADD KEY `IDX_63C773093174800F` (`createdBy_id`) USING BTREE,
  ADD KEY `IDX_63C77309FACFC38A` (`approvedBy_id`) USING BTREE,
  ADD KEY `IDX_63C77309DC938C82` (`globalOption_id`);

--
-- Indexes for table `Admission`
--
ALTER TABLE `Admission`
  ADD PRIMARY KEY (`id`),
  ADD UNIQUE KEY `UNIQ_764A80E9989D9B62` (`slug`) USING BTREE,
  ADD KEY `IDX_764A80E9DA4CCD60` (`courseLevel_id`) USING BTREE,
  ADD KEY `IDX_764A80E9591CC992` (`course_id`) USING BTREE,
  ADD KEY `IDX_764A80E9AB61B33C` (`createUser_id`) USING BTREE;

--
-- Indexes for table `AdmissionComment`
--
ALTER TABLE `AdmissionComment`
  ADD PRIMARY KEY (`id`),
  ADD KEY `IDX_8F56234475C9C554` (`admission_id`) USING BTREE;

--
-- Indexes for table `admission_branch`
--
ALTER TABLE `admission_branch`
  ADD PRIMARY KEY (`admission_id`,`branch_id`),
  ADD KEY `IDX_8115CF5575C9C554` (`admission_id`) USING BTREE,
  ADD KEY `IDX_8115CF55DCD6CC49` (`branch_id`) USING BTREE;

--
-- Indexes for table `AdsTool`
--
ALTER TABLE `AdsTool`
  ADD PRIMARY KEY (`id`),
  ADD UNIQUE KEY `UNIQ_F3823813DC938C82` (`globalOption_id`) USING BTREE;

--
-- Indexes for table `Advertisment`
--
ALTER TABLE `Advertisment`
  ADD PRIMARY KEY (`id`),
  ADD KEY `IDX_91209A3FDC938C82` (`globalOption_id`) USING BTREE;

--
-- Indexes for table `Apartment`
--
ALTER TABLE `Apartment`
  ADD PRIMARY KEY (`id`),
  ADD KEY `IDX_CF8FEAF7A76ED395` (`user_id`);

--
-- Indexes for table `ApplicationPricing`
--
ALTER TABLE `ApplicationPricing`
  ADD PRIMARY KEY (`id`),
  ADD UNIQUE KEY `UNIQ_3E0AC6D9B7312FF` (`appModule_id`),
  ADD UNIQUE KEY `UNIQ_3E0AC6D93CBC22` (`syndicateModule_id`);

--
-- Indexes for table `AppModule`
--
ALTER TABLE `AppModule`
  ADD PRIMARY KEY (`id`),
  ADD UNIQUE KEY `UNIQ_D592C0EC989D9B62` (`slug`) USING BTREE;

--
-- Indexes for table `Bank`
--
ALTER TABLE `Bank`
  ADD PRIMARY KEY (`id`);

--
-- Indexes for table `BankAccount`
--
ALTER TABLE `BankAccount`
  ADD PRIMARY KEY (`id`),
  ADD KEY `IDX_ED41281111C8FB41` (`bank_id`);

--
-- Indexes for table `BkashAccount`
--
ALTER TABLE `BkashAccount`
  ADD PRIMARY KEY (`id`);

--
-- Indexes for table `Blackout`
--
ALTER TABLE `Blackout`
  ADD PRIMARY KEY (`id`),
  ADD KEY `IDX_F53A2983DC938C82` (`globalOption_id`);

--
-- Indexes for table `Blog`
--
ALTER TABLE `Blog`
  ADD PRIMARY KEY (`id`),
  ADD KEY `IDX_6027FE7DA76ED395` (`user_id`) USING BTREE,
  ADD KEY `IDX_6027FE7DBD85B63` (`photoGallery_id`) USING BTREE,
  ADD KEY `IDX_6027FE7DDC938C82` (`globalOption_id`);

--
-- Indexes for table `BlogComment`
--
ALTER TABLE `BlogComment`
  ADD PRIMARY KEY (`id`),
  ADD KEY `IDX_B129A665DAE07E97` (`blog_id`) USING BTREE;

--
-- Indexes for table `Branch`
--
ALTER TABLE `Branch`
  ADD PRIMARY KEY (`id`),
  ADD UNIQUE KEY `UNIQ_BC2A1E29989D9B62` (`slug`),
  ADD KEY `IDX_BC2A1E29A76ED395` (`user_id`) USING BTREE,
  ADD KEY `IDX_BC2A1E29DC938C82` (`globalOption_id`);

--
-- Indexes for table `Branding`
--
ALTER TABLE `Branding`
  ADD PRIMARY KEY (`id`);

--
-- Indexes for table `branding_category`
--
ALTER TABLE `branding_category`
  ADD PRIMARY KEY (`branding_id`,`category_id`),
  ADD KEY `IDX_EDEE8C5560BC00E` (`branding_id`) USING BTREE,
  ADD KEY `IDX_EDEE8C512469DE2` (`category_id`) USING BTREE;

--
-- Indexes for table `cart_item`
--
ALTER TABLE `cart_item`
  ADD PRIMARY KEY (`id`),
  ADD KEY `IDX_F0FE25278D9F6D38` (`order_id`) USING BTREE,
  ADD KEY `IDX_F0FE25274584665A` (`product_id`) USING BTREE;

--
-- Indexes for table `Cash`
--
ALTER TABLE `Cash`
  ADD PRIMARY KEY (`id`),
  ADD KEY `IDX_A68B4A87DC938C82` (`globalOption_id`);

--
-- Indexes for table `categories`
--
ALTER TABLE `categories`
  ADD PRIMARY KEY (`id`),
  ADD UNIQUE KEY `UNIQ_3AF34668989D9B62` (`slug`) USING BTREE,
  ADD KEY `IDX_3AF346683D8E604F` (`parent`) USING BTREE,
  ADD KEY `IDX_3AF346683CA07BD1` (`inventoryConfig_id`) USING BTREE;

--
-- Indexes for table `CategoryGrouping`
--
ALTER TABLE `CategoryGrouping`
  ADD PRIMARY KEY (`id`),
  ADD UNIQUE KEY `UNIQ_55233F30A76ED395` (`user_id`) USING BTREE;

--
-- Indexes for table `categorygrouping_category`
--
ALTER TABLE `categorygrouping_category`
  ADD PRIMARY KEY (`categorygrouping_id`,`category_id`),
  ADD KEY `IDX_66CB1BC1188B8278` (`categorygrouping_id`) USING BTREE,
  ADD KEY `IDX_66CB1BC112469DE2` (`category_id`) USING BTREE;

--
-- Indexes for table `ClassRoutine`
--
ALTER TABLE `ClassRoutine`
  ADD PRIMARY KEY (`id`),
  ADD KEY `IDX_AA159F89DC938C82` (`globalOption_id`);

--
-- Indexes for table `Collection`
--
ALTER TABLE `Collection`
  ADD PRIMARY KEY (`id`),
  ADD KEY `IDX_B31066E23D8E604F` (`parent`) USING BTREE;

--
-- Indexes for table `ColorSize`
--
ALTER TABLE `ColorSize`
  ADD PRIMARY KEY (`id`),
  ADD KEY `IDX_48CDE5823CA07BD1` (`inventoryConfig_id`) USING BTREE;

--
-- Indexes for table `Comment`
--
ALTER TABLE `Comment`
  ADD PRIMARY KEY (`id`),
  ADD KEY `IDX_5BC96BF0E2904019` (`thread_id`) USING BTREE,
  ADD KEY `IDX_5BC96BF0F675F31B` (`author_id`) USING BTREE;

--
-- Indexes for table `ContactMessage`
--
ALTER TABLE `ContactMessage`
  ADD PRIMARY KEY (`id`),
  ADD UNIQUE KEY `UNIQ_DDC5A139DC938C82` (`globalOption_id`),
  ADD KEY `IDX_DDC5A139A76ED395` (`user_id`) USING BTREE;

--
-- Indexes for table `ContactPage`
--
ALTER TABLE `ContactPage`
  ADD PRIMARY KEY (`id`),
  ADD UNIQUE KEY `UNIQ_82F5EE0BA76ED395` (`user_id`) USING BTREE,
  ADD UNIQUE KEY `UNIQ_82F5EE0BDC938C82` (`globalOption_id`) USING BTREE,
  ADD KEY `IDX_82F5EE0BA51DB16` (`thana_id`) USING BTREE,
  ADD KEY `IDX_82F5EE0BB08FA272` (`district_id`) USING BTREE;

--
-- Indexes for table `ContentFile`
--
ALTER TABLE `ContentFile`
  ADD PRIMARY KEY (`id`),
  ADD KEY `IDX_52B159F684A0A3ED` (`content_id`);

--
-- Indexes for table `contents`
--
ALTER TABLE `contents`
  ADD PRIMARY KEY (`id`),
  ADD KEY `IDX_B4FA1177DC938C82` (`globalOption_id`),
  ADD KEY `IDX_B4FA1177AFC2B591` (`module_id`),
  ADD KEY `IDX_B4FA1177A76ED395` (`user_id`),
  ADD KEY `IDX_B4FA11773D8E604F` (`parent`),
  ADD KEY `IDX_B4FA11776274C9D0` (`moduleCategory_id`),
  ADD KEY `IDX_B4FA1177BD85B63` (`photoGallery_id`),
  ADD KEY `IDX_B4FA1177F1D001B7` (`contentFiles_id`);

--
-- Indexes for table `country`
--
ALTER TABLE `country`
  ADD PRIMARY KEY (`id`);

--
-- Indexes for table `Course`
--
ALTER TABLE `Course`
  ADD PRIMARY KEY (`id`),
  ADD UNIQUE KEY `UNIQ_11326A8F989D9B62` (`slug`) USING BTREE;

--
-- Indexes for table `CourseLevel`
--
ALTER TABLE `CourseLevel`
  ADD PRIMARY KEY (`id`),
  ADD UNIQUE KEY `UNIQ_4830C1DD989D9B62` (`slug`) USING BTREE;

--
-- Indexes for table `course_courselevel`
--
ALTER TABLE `course_courselevel`
  ADD PRIMARY KEY (`course_id`,`courselevel_id`),
  ADD KEY `IDX_7B0351DA591CC992` (`course_id`) USING BTREE,
  ADD KEY `IDX_7B0351DA233AAF36` (`courselevel_id`) USING BTREE;

--
-- Indexes for table `Customer`
--
ALTER TABLE `Customer`
  ADD PRIMARY KEY (`id`),
  ADD KEY `IDX_784FEC5FB08FA272` (`district_id`) USING BTREE,
  ADD KEY `IDX_784FEC5FA51DB16` (`thana_id`) USING BTREE,
  ADD KEY `IDX_784FEC5FDC938C82` (`globalOption_id`) USING BTREE;

--
-- Indexes for table `CustomerInbox`
--
ALTER TABLE `CustomerInbox`
  ADD PRIMARY KEY (`id`),
  ADD KEY `IDX_51A43A49395C3F3` (`customer_id`),
  ADD KEY `IDX_51A43A49899AB9A` (`replyUser_id`);

--
-- Indexes for table `Damage`
--
ALTER TABLE `Damage`
  ADD PRIMARY KEY (`id`),
  ADD KEY `IDX_1664515A3CA07BD1` (`inventoryConfig_id`),
  ADD KEY `IDX_1664515A126F525E` (`item_id`),
  ADD KEY `IDX_1664515AFF8E8E14` (`purchaseItem_id`),
  ADD KEY `IDX_1664515A3174800F` (`createdBy_id`),
  ADD KEY `IDX_1664515AFACFC38A` (`approvedBy_id`);

--
-- Indexes for table `DeliveryIssue`
--
ALTER TABLE `DeliveryIssue`
  ADD PRIMARY KEY (`id`);

--
-- Indexes for table `DomainUser`
--
ALTER TABLE `DomainUser`
  ADD PRIMARY KEY (`id`),
  ADD KEY `IDX_94324237DC938C82` (`globalOption_id`) USING BTREE;

--
-- Indexes for table `EcommerceConfig`
--
ALTER TABLE `EcommerceConfig`
  ADD PRIMARY KEY (`id`),
  ADD UNIQUE KEY `UNIQ_D6B8BEC5DC938C82` (`globalOption_id`);

--
-- Indexes for table `Education`
--
ALTER TABLE `Education`
  ADD PRIMARY KEY (`id`),
  ADD UNIQUE KEY `UNIQ_59FBDC71A76ED395` (`user_id`) USING BTREE,
  ADD KEY `IDX_59FBDC7164D218E` (`location_id`) USING BTREE;

--
-- Indexes for table `education_courselevel`
--
ALTER TABLE `education_courselevel`
  ADD PRIMARY KEY (`education_id`,`courselevel_id`),
  ADD KEY `IDX_4AEFC18C2CA1BD71` (`education_id`) USING BTREE,
  ADD KEY `IDX_4AEFC18C233AAF36` (`courselevel_id`) USING BTREE;

--
-- Indexes for table `education_institutelevel`
--
ALTER TABLE `education_institutelevel`
  ADD PRIMARY KEY (`education_id`,`institutelevel_id`),
  ADD KEY `IDX_2DD14F332CA1BD71` (`education_id`) USING BTREE,
  ADD KEY `IDX_2DD14F33D4073482` (`institutelevel_id`) USING BTREE;

--
-- Indexes for table `EmailBox`
--
ALTER TABLE `EmailBox`
  ADD PRIMARY KEY (`id`),
  ADD KEY `IDX_7E16875A76ED395` (`user_id`) USING BTREE;

--
-- Indexes for table `EmployeeSalary`
--
ALTER TABLE `EmployeeSalary`
  ADD PRIMARY KEY (`id`),
  ADD KEY `IDX_3CEE277ADC938C82` (`globalOption_id`),
  ADD KEY `IDX_3CEE277AA76ED395` (`user_id`),
  ADD KEY `IDX_3CEE277A3174800F` (`createdBy_id`),
  ADD KEY `IDX_3CEE277AFACFC38A` (`approvedBy_id`);

--
-- Indexes for table `Entity`
--
ALTER TABLE `Entity`
  ADD PRIMARY KEY (`id`);

--
-- Indexes for table `Event`
--
ALTER TABLE `Event`
  ADD PRIMARY KEY (`id`),
  ADD KEY `IDX_FA6F25A3A76ED395` (`user_id`) USING BTREE,
  ADD KEY `IDX_FA6F25A3BD85B63` (`photoGallery_id`) USING BTREE,
  ADD KEY `IDX_FA6F25A3DC938C82` (`globalOption_id`);

--
-- Indexes for table `EventCalender`
--
ALTER TABLE `EventCalender`
  ADD PRIMARY KEY (`id`);

--
-- Indexes for table `excel_importer`
--
ALTER TABLE `excel_importer`
  ADD PRIMARY KEY (`id`),
  ADD KEY `IDX_208785303CA07BD1` (`inventoryConfig_id`) USING BTREE;

--
-- Indexes for table `Expenditure`
--
ALTER TABLE `Expenditure`
  ADD PRIMARY KEY (`id`),
  ADD KEY `IDX_BD6D03CE5A071F2` (`accountHead_id`) USING BTREE,
  ADD KEY `IDX_BD6D03C3174800F` (`createdBy_id`) USING BTREE,
  ADD KEY `IDX_BD6D03CB7320117` (`toUser_id`) USING BTREE,
  ADD KEY `IDX_BD6D03CFACFC38A` (`approvedBy_id`) USING BTREE,
  ADD KEY `IDX_BD6D03CDC938C82` (`globalOption_id`),
  ADD KEY `IDX_BD6D03C4785DD44` (`expenseCategory_id`),
  ADD KEY `IDX_BD6D03C11C8FB41` (`bank_id`);

--
-- Indexes for table `expenseCategory`
--
ALTER TABLE `expenseCategory`
  ADD PRIMARY KEY (`id`),
  ADD UNIQUE KEY `UNIQ_E669D1D0989D9B62` (`slug`),
  ADD KEY `IDX_E669D1D0DC938C82` (`globalOption_id`),
  ADD KEY `IDX_E669D1D03D8E604F` (`parent`);

--
-- Indexes for table `Faq`
--
ALTER TABLE `Faq`
  ADD PRIMARY KEY (`id`),
  ADD UNIQUE KEY `UNIQ_D0B2332C989D9B62` (`slug`) USING BTREE,
  ADD KEY `IDX_D0B2332CA76ED395` (`user_id`) USING BTREE,
  ADD KEY `IDX_D0B2332CDC938C82` (`globalOption_id`);

--
-- Indexes for table `Flat`
--
ALTER TABLE `Flat`
  ADD PRIMARY KEY (`id`),
  ADD KEY `IDX_F578057ADC938C82` (`globalOption_id`);

--
-- Indexes for table `FooterSetting`
--
ALTER TABLE `FooterSetting`
  ADD PRIMARY KEY (`id`),
  ADD UNIQUE KEY `UNIQ_4170B0EDDC938C82` (`globalOption_id`) USING BTREE;

--
-- Indexes for table `fos_user`
--
ALTER TABLE `fos_user`
  ADD PRIMARY KEY (`id`),
  ADD UNIQUE KEY `UNIQ_957A647992FC23A8` (`username_canonical`) USING BTREE,
  ADD UNIQUE KEY `UNIQ_957A6479A0D96FBF` (`email_canonical`) USING BTREE,
  ADD KEY `IDX_957A6479DC938C82` (`globalOption_id`) USING BTREE;

--
-- Indexes for table `GalleryImage`
--
ALTER TABLE `GalleryImage`
  ADD PRIMARY KEY (`id`),
  ADD KEY `IDX_D2F7A834BD85B63` (`photoGallery_id`) USING BTREE;

--
-- Indexes for table `GlobalOption`
--
ALTER TABLE `GlobalOption`
  ADD PRIMARY KEY (`id`),
  ADD UNIQUE KEY `UNIQ_8B2648A1989D9B62` (`slug`) USING BTREE,
  ADD UNIQUE KEY `UNIQ_8B2648A1A7A91E0B` (`domain`) USING BTREE,
  ADD UNIQUE KEY `UNIQ_8B2648A1C6799318` (`subDomain`) USING BTREE,
  ADD KEY `IDX_8B2648A164D218E` (`location_id`) USING BTREE,
  ADD KEY `IDX_8B2648A14C37717D` (`syndicate_id`) USING BTREE;

--
-- Indexes for table `globaloption_institutelevel`
--
ALTER TABLE `globaloption_institutelevel`
  ADD PRIMARY KEY (`globaloption_id`,`institutelevel_id`),
  ADD KEY `IDX_9A1E534C5E620E21` (`globaloption_id`),
  ADD KEY `IDX_9A1E534CD4073482` (`institutelevel_id`);

--
-- Indexes for table `globaloption_user`
--
ALTER TABLE `globaloption_user`
  ADD PRIMARY KEY (`globaloption_id`,`user_id`),
  ADD KEY `IDX_8FD9A6595E620E21` (`globaloption_id`) USING BTREE,
  ADD KEY `IDX_8FD9A659A76ED395` (`user_id`) USING BTREE;

--
-- Indexes for table `Goods`
--
ALTER TABLE `Goods`
  ADD PRIMARY KEY (`id`),
  ADD UNIQUE KEY `UNIQ_C4A29629A4522A07` (`sales_id`) USING BTREE,
  ADD UNIQUE KEY `UNIQ_C4A29629C3F94932` (`salesReturn_id`) USING BTREE,
  ADD UNIQUE KEY `UNIQ_C4A29629558FBEB9` (`purchase_id`) USING BTREE,
  ADD UNIQUE KEY `UNIQ_C4A29629A787C244` (`purchaseReturn_id`) USING BTREE,
  ADD KEY `IDX_C4A296293CA07BD1` (`inventoryConfig_id`) USING BTREE;

--
-- Indexes for table `GoodsItem`
--
ALTER TABLE `GoodsItem`
  ADD PRIMARY KEY (`id`),
  ADD KEY `IDX_9BB576147F14552F` (`purchaseVendorItem_id`),
  ADD KEY `IDX_9BB57614498DA827` (`size_id`),
  ADD KEY `IDX_9BB576147ADA1FB5` (`color_id`),
  ADD KEY `IDX_9BB5761410F484E4` (`orderItems_id`);

--
-- Indexes for table `HomeBlock`
--
ALTER TABLE `HomeBlock`
  ADD PRIMARY KEY (`id`),
  ADD KEY `IDX_BC28FB51CACCD446` (`homePage_id`) USING BTREE,
  ADD KEY `IDX_BC28FB51CCD7E912` (`menu_id`) USING BTREE,
  ADD KEY `IDX_BC28FB5154B9D732` (`icon_id`);

--
-- Indexes for table `HomePage`
--
ALTER TABLE `HomePage`
  ADD PRIMARY KEY (`id`),
  ADD UNIQUE KEY `UNIQ_92601886A76ED395` (`user_id`) USING BTREE,
  ADD UNIQUE KEY `UNIQ_92601886DC938C82` (`globalOption_id`) USING BTREE,
  ADD KEY `IDX_92601886BD85B63` (`photoGallery_id`) USING BTREE;

--
-- Indexes for table `homepage_module`
--
ALTER TABLE `homepage_module`
  ADD PRIMARY KEY (`homePage_id`,`module_id`),
  ADD KEY `IDX_717671BECACCD446` (`homePage_id`) USING BTREE,
  ADD KEY `IDX_717671BEAFC2B591` (`module_id`) USING BTREE;

--
-- Indexes for table `homepage_syndicate`
--
ALTER TABLE `homepage_syndicate`
  ADD PRIMARY KEY (`homePage_id`,`syndicate_id`),
  ADD KEY `IDX_DFFAE166CACCD446` (`homePage_id`) USING BTREE,
  ADD KEY `IDX_DFFAE1664C37717D` (`syndicate_id`) USING BTREE;

--
-- Indexes for table `homepage_syndicatemodule`
--
ALTER TABLE `homepage_syndicatemodule`
  ADD PRIMARY KEY (`homePage_id`,`syndicate_module_id`),
  ADD KEY `IDX_A833A0CECACCD446` (`homePage_id`) USING BTREE,
  ADD KEY `IDX_A833A0CEFFC40B63` (`syndicate_module_id`) USING BTREE;

--
-- Indexes for table `HomeSlider`
--
ALTER TABLE `HomeSlider`
  ADD PRIMARY KEY (`id`),
  ADD KEY `IDX_6F403EDA76ED395` (`user_id`) USING BTREE,
  ADD KEY `IDX_6F403EDDC938C82` (`globalOption_id`);

--
-- Indexes for table `Icon`
--
ALTER TABLE `Icon`
  ADD PRIMARY KEY (`id`);

--
-- Indexes for table `instituteLevel`
--
ALTER TABLE `instituteLevel`
  ADD PRIMARY KEY (`id`),
  ADD UNIQUE KEY `UNIQ_A310F179989D9B62` (`slug`) USING BTREE,
  ADD KEY `IDX_A310F1793D8E604F` (`parent`) USING BTREE;

--
-- Indexes for table `InventoryConfig`
--
ALTER TABLE `InventoryConfig`
  ADD PRIMARY KEY (`id`),
  ADD UNIQUE KEY `UNIQ_D475348DC938C82` (`globalOption_id`) USING BTREE;

--
-- Indexes for table `InvoiceModule`
--
ALTER TABLE `InvoiceModule`
  ADD PRIMARY KEY (`id`),
  ADD KEY `IDX_F14D4C2DC938C82` (`globalOption_id`),
  ADD KEY `IDX_F14D4C2557E80D0` (`portalBankAccount_id`),
  ADD KEY `IDX_F14D4C2E8EEBEAC` (`portalBkash_id`),
  ADD KEY `IDX_F14D4C23174800F` (`createdBy_id`),
  ADD KEY `IDX_F14D4C21780E86F` (`paymentBy_id`),
  ADD KEY `IDX_F14D4C2E6C5D2A3` (`receivedBy_id`);

--
-- Indexes for table `InvoiceModuleItem`
--
ALTER TABLE `InvoiceModuleItem`
  ADD PRIMARY KEY (`id`),
  ADD KEY `IDX_57FCFB851CDB280A` (`invoiceModule_id`),
  ADD KEY `IDX_57FCFB85B7312FF` (`appModule_id`),
  ADD KEY `IDX_57FCFB85AFC2B591` (`module_id`),
  ADD KEY `IDX_57FCFB853CBC22` (`syndicateModule_id`);

--
-- Indexes for table `InvoiceSmsEmail`
--
ALTER TABLE `InvoiceSmsEmail`
  ADD PRIMARY KEY (`id`),
  ADD KEY `IDX_3779345BDC938C82` (`globalOption_id`),
  ADD KEY `IDX_3779345B557E80D0` (`portalBankAccount_id`),
  ADD KEY `IDX_3779345BE8EEBEAC` (`portalBkash_id`),
  ADD KEY `IDX_3779345B3174800F` (`createdBy_id`),
  ADD KEY `IDX_3779345BE6C5D2A3` (`receivedBy_id`);

--
-- Indexes for table `InvoiceSmsEmailItem`
--
ALTER TABLE `InvoiceSmsEmailItem`
  ADD PRIMARY KEY (`id`),
  ADD KEY `IDX_C607287FC91D8609` (`invoiceSmsEmail_id`),
  ADD KEY `IDX_C607287F9B8DA7C` (`smsEmailPricing_id`);

--
-- Indexes for table `Item`
--
ALTER TABLE `Item`
  ADD PRIMARY KEY (`id`),
  ADD KEY `IDX_BF298A203CA07BD1` (`inventoryConfig_id`) USING BTREE,
  ADD KEY `IDX_BF298A20F92F3E70` (`country_id`) USING BTREE,
  ADD KEY `IDX_BF298A2044F5D008` (`brand_id`) USING BTREE,
  ADD KEY `IDX_BF298A20F603EE73` (`vendor_id`) USING BTREE,
  ADD KEY `IDX_BF298A207ADA1FB5` (`color_id`) USING BTREE,
  ADD KEY `IDX_BF298A20498DA827` (`size_id`) USING BTREE,
  ADD KEY `IDX_BF298A20D5012B6F` (`masterItem_id`) USING BTREE;

--
-- Indexes for table `ItemAttribute`
--
ALTER TABLE `ItemAttribute`
  ADD PRIMARY KEY (`id`),
  ADD KEY `IDX_8938AB0612469DE2` (`category_id`);

--
-- Indexes for table `ItemBrand`
--
ALTER TABLE `ItemBrand`
  ADD PRIMARY KEY (`id`),
  ADD KEY `IDX_CA77601F3CA07BD1` (`inventoryConfig_id`);

--
-- Indexes for table `ItemColor`
--
ALTER TABLE `ItemColor`
  ADD PRIMARY KEY (`id`),
  ADD KEY `IDX_B073D1AE3CA07BD1` (`inventoryConfig_id`) USING BTREE;

--
-- Indexes for table `ItemGallery`
--
ALTER TABLE `ItemGallery`
  ADD PRIMARY KEY (`id`),
  ADD KEY `IDX_71C05C3D126F525E` (`item_id`) USING BTREE,
  ADD KEY `IDX_71C05C3D7F14552F` (`purchaseVendorItem_id`);

--
-- Indexes for table `ItemInventory`
--
ALTER TABLE `ItemInventory`
  ADD PRIMARY KEY (`id`),
  ADD KEY `IDX_C26F0ECB126F525E` (`item_id`) USING BTREE;

--
-- Indexes for table `ItemKeyValue`
--
ALTER TABLE `ItemKeyValue`
  ADD PRIMARY KEY (`id`),
  ADD KEY `IDX_99C6A2657F14552F` (`purchaseVendorItem_id`);

--
-- Indexes for table `ItemMetaAttribute`
--
ALTER TABLE `ItemMetaAttribute`
  ADD PRIMARY KEY (`id`),
  ADD KEY `IDX_10DA36147F14552F` (`purchaseVendorItem_id`),
  ADD KEY `IDX_10DA361410021FCA` (`itemAttribute_id`);

--
-- Indexes for table `ItemSize`
--
ALTER TABLE `ItemSize`
  ADD PRIMARY KEY (`id`),
  ADD KEY `IDX_4FA8BCA3CA07BD1` (`inventoryConfig_id`) USING BTREE;

--
-- Indexes for table `itemsize_category`
--
ALTER TABLE `itemsize_category`
  ADD PRIMARY KEY (`itemsize_id`,`category_id`),
  ADD KEY `IDX_CD76127536473A6B` (`itemsize_id`),
  ADD KEY `IDX_CD76127512469DE2` (`category_id`);

--
-- Indexes for table `ItemTypeGrouping`
--
ALTER TABLE `ItemTypeGrouping`
  ADD PRIMARY KEY (`id`),
  ADD UNIQUE KEY `UNIQ_1C3E218B3CA07BD1` (`inventoryConfig_id`) USING BTREE;

--
-- Indexes for table `itemtypegrouping_category`
--
ALTER TABLE `itemtypegrouping_category`
  ADD PRIMARY KEY (`itemtypegrouping_id`,`category_id`),
  ADD KEY `IDX_7C5DE5EAEE02FE58` (`itemtypegrouping_id`) USING BTREE,
  ADD KEY `IDX_7C5DE5EA12469DE2` (`category_id`) USING BTREE;

--
-- Indexes for table `ItemUnit`
--
ALTER TABLE `ItemUnit`
  ADD PRIMARY KEY (`id`),
  ADD KEY `IDX_2F81A3F33CA07BD1` (`inventoryConfig_id`);

--
-- Indexes for table `item_category`
--
ALTER TABLE `item_category`
  ADD PRIMARY KEY (`item_id`,`category_id`),
  ADD KEY `IDX_6A41D10A126F525E` (`item_id`) USING BTREE,
  ADD KEY `IDX_6A41D10A12469DE2` (`category_id`) USING BTREE;

--
-- Indexes for table `item_master`
--
ALTER TABLE `item_master`
  ADD PRIMARY KEY (`id`),
  ADD UNIQUE KEY `UNIQ_ABF0D619989D9B62` (`slug`) USING BTREE,
  ADD KEY `IDX_ABF0D6193CA07BD1` (`inventoryConfig_id`) USING BTREE,
  ADD KEY `IDX_ABF0D61912469DE2` (`category_id`) USING BTREE;

--
-- Indexes for table `Journal`
--
ALTER TABLE `Journal`
  ADD PRIMARY KEY (`id`);

--
-- Indexes for table `locations`
--
ALTER TABLE `locations`
  ADD PRIMARY KEY (`id`),
  ADD KEY `IDX_17E64ABA3D8E604F` (`parent`) USING BTREE;

--
-- Indexes for table `MallConnect`
--
ALTER TABLE `MallConnect`
  ADD PRIMARY KEY (`id`),
  ADD KEY `IDX_537352F397E071` (`mall_id`),
  ADD KEY `IDX_537352F3DC938C82` (`globalOption_id`);

--
-- Indexes for table `mallconnect_category`
--
ALTER TABLE `mallconnect_category`
  ADD PRIMARY KEY (`mallconnect_id`,`category_id`),
  ADD KEY `IDX_CAADCCDC127B6CB2` (`mallconnect_id`),
  ADD KEY `IDX_CAADCCDC12469DE2` (`category_id`);

--
-- Indexes for table `MegaMenu`
--
ALTER TABLE `MegaMenu`
  ADD PRIMARY KEY (`id`);

--
-- Indexes for table `megamenu_advertisment`
--
ALTER TABLE `megamenu_advertisment`
  ADD PRIMARY KEY (`megamenu_id`,`advertisment_id`),
  ADD KEY `IDX_98A52DEAB2F1DFC3` (`megamenu_id`) USING BTREE,
  ADD KEY `IDX_98A52DEA71731BCA` (`advertisment_id`) USING BTREE;

--
-- Indexes for table `megamenu_branding`
--
ALTER TABLE `megamenu_branding`
  ADD PRIMARY KEY (`megamenu_id`,`branding_id`),
  ADD KEY `IDX_B23FFCD5B2F1DFC3` (`megamenu_id`) USING BTREE,
  ADD KEY `IDX_B23FFCD5560BC00E` (`branding_id`) USING BTREE;

--
-- Indexes for table `megamenu_category`
--
ALTER TABLE `megamenu_category`
  ADD PRIMARY KEY (`megamenu_id`,`category_id`),
  ADD KEY `IDX_6286B43B2F1DFC3` (`megamenu_id`) USING BTREE,
  ADD KEY `IDX_6286B4312469DE2` (`category_id`) USING BTREE;

--
-- Indexes for table `megamenu_collection`
--
ALTER TABLE `megamenu_collection`
  ADD PRIMARY KEY (`megamenu_id`,`collection_id`),
  ADD KEY `IDX_4BF38F8FB2F1DFC3` (`megamenu_id`) USING BTREE,
  ADD KEY `IDX_4BF38F8F514956FD` (`collection_id`) USING BTREE;

--
-- Indexes for table `megamenu_globaloption`
--
ALTER TABLE `megamenu_globaloption`
  ADD PRIMARY KEY (`megamenu_id`,`globaloption_id`),
  ADD KEY `IDX_850FFA42B2F1DFC3` (`megamenu_id`) USING BTREE,
  ADD KEY `IDX_850FFA425E620E21` (`globaloption_id`) USING BTREE;

--
-- Indexes for table `megamenu_syndicate`
--
ALTER TABLE `megamenu_syndicate`
  ADD PRIMARY KEY (`megamenu_id`,`syndicate_id`),
  ADD KEY `IDX_554D586CB2F1DFC3` (`megamenu_id`) USING BTREE,
  ADD KEY `IDX_554D586C4C37717D` (`syndicate_id`) USING BTREE;

--
-- Indexes for table `Menu`
--
ALTER TABLE `Menu`
  ADD PRIMARY KEY (`id`),
  ADD UNIQUE KEY `UNIQ_DD3795ADC4663E4` (`page_id`) USING BTREE,
  ADD KEY `IDX_DD3795ADAFC2B591` (`module_id`) USING BTREE,
  ADD KEY `IDX_DD3795AD3CBC22` (`syndicateModule_id`) USING BTREE,
  ADD KEY `IDX_DD3795AD4C37717D` (`syndicate_id`) USING BTREE,
  ADD KEY `IDX_DD3795AD8AFE69CA` (`siteSetting_id`) USING BTREE,
  ADD KEY `IDX_DD3795ADDC938C82` (`globalOption_id`) USING BTREE,
  ADD KEY `IDX_DD3795ADE12AE26F` (`menuCustom_id`);

--
-- Indexes for table `MenuCustom`
--
ALTER TABLE `MenuCustom`
  ADD PRIMARY KEY (`id`);

--
-- Indexes for table `MenuGroup`
--
ALTER TABLE `MenuGroup`
  ADD PRIMARY KEY (`id`);

--
-- Indexes for table `MenuGrouping`
--
ALTER TABLE `MenuGrouping`
  ADD PRIMARY KEY (`id`),
  ADD KEY `IDX_152EC2753D8E604F` (`parent`) USING BTREE,
  ADD KEY `IDX_152EC275CCD7E912` (`menu_id`) USING BTREE,
  ADD KEY `IDX_152EC275FBB147D2` (`menuGroup_id`) USING BTREE,
  ADD KEY `IDX_152EC275DC938C82` (`globalOption_id`) USING BTREE;

--
-- Indexes for table `menugroup_syndicate`
--
ALTER TABLE `menugroup_syndicate`
  ADD PRIMARY KEY (`menugroup_id`,`syndicate_id`),
  ADD KEY `IDX_53FB2A582C72584` (`menugroup_id`),
  ADD KEY `IDX_53FB2A584C37717D` (`syndicate_id`);

--
-- Indexes for table `MobileIcon`
--
ALTER TABLE `MobileIcon`
  ADD PRIMARY KEY (`id`),
  ADD UNIQUE KEY `UNIQ_4DF26A06DC938C82` (`globalOption_id`) USING BTREE;

--
-- Indexes for table `MobileTheme`
--
ALTER TABLE `MobileTheme`
  ADD PRIMARY KEY (`id`),
  ADD UNIQUE KEY `UNIQ_6F3F2F225E237E06` (`name`) USING BTREE;

--
-- Indexes for table `mobiletheme_syndicate`
--
ALTER TABLE `mobiletheme_syndicate`
  ADD PRIMARY KEY (`mobiletheme_id`,`syndicate_id`),
  ADD KEY `IDX_3399870BCDE0580F` (`mobiletheme_id`) USING BTREE,
  ADD KEY `IDX_3399870B4C37717D` (`syndicate_id`) USING BTREE;

--
-- Indexes for table `Module`
--
ALTER TABLE `Module`
  ADD PRIMARY KEY (`id`),
  ADD UNIQUE KEY `UNIQ_B88231E5E237E06` (`name`) USING BTREE,
  ADD UNIQUE KEY `UNIQ_B88231ECB93038C` (`moduleClass`) USING BTREE,
  ADD UNIQUE KEY `UNIQ_B88231E989D9B62` (`slug`) USING BTREE;

--
-- Indexes for table `ModuleCategory`
--
ALTER TABLE `ModuleCategory`
  ADD PRIMARY KEY (`id`),
  ADD KEY `IDX_ED6DDC2BDC938C82` (`globalOption_id`);

--
-- Indexes for table `modulecategory_module`
--
ALTER TABLE `modulecategory_module`
  ADD PRIMARY KEY (`modulecategory_id`,`module_id`),
  ADD KEY `IDX_7EB41C6E4E84607` (`modulecategory_id`),
  ADD KEY `IDX_7EB41C6AFC2B591` (`module_id`);

--
-- Indexes for table `modulecategory_news`
--
ALTER TABLE `modulecategory_news`
  ADD PRIMARY KEY (`modulecategory_id`,`news_id`),
  ADD KEY `IDX_A440194CE4E84607` (`modulecategory_id`),
  ADD KEY `IDX_A440194CB5A459A0` (`news_id`);

--
-- Indexes for table `modulecategory_page`
--
ALTER TABLE `modulecategory_page`
  ADD PRIMARY KEY (`modulecategory_id`,`page_id`),
  ADD KEY `IDX_AD99363CE4E84607` (`modulecategory_id`),
  ADD KEY `IDX_AD99363CC4663E4` (`page_id`);

--
-- Indexes for table `News`
--
ALTER TABLE `News`
  ADD PRIMARY KEY (`id`),
  ADD KEY `IDX_BDE1366EA76ED395` (`user_id`) USING BTREE,
  ADD KEY `IDX_BDE1366EDC938C82` (`globalOption_id`),
  ADD KEY `IDX_BDE1366EBD85B63` (`photoGallery_id`);

--
-- Indexes for table `news_modulecategory`
--
ALTER TABLE `news_modulecategory`
  ADD PRIMARY KEY (`news_id`,`modulecategory_id`),
  ADD KEY `IDX_4695C16CB5A459A0` (`news_id`),
  ADD KEY `IDX_4695C16CE4E84607` (`modulecategory_id`);

--
-- Indexes for table `NoticeBoard`
--
ALTER TABLE `NoticeBoard`
  ADD PRIMARY KEY (`id`),
  ADD KEY `IDX_106CCE7EA76ED395` (`user_id`) USING BTREE,
  ADD KEY `IDX_106CCE7EDC938C82` (`globalOption_id`);

--
-- Indexes for table `OnlineOrder`
--
ALTER TABLE `OnlineOrder`
  ADD PRIMARY KEY (`id`),
  ADD KEY `IDX_E59043F63CA07BD1` (`inventoryConfig_id`),
  ADD KEY `IDX_E59043F69395C3F3` (`customer_id`);

--
-- Indexes for table `OnlineOrderItem`
--
ALTER TABLE `OnlineOrderItem`
  ADD PRIMARY KEY (`id`),
  ADD KEY `IDX_CFD96C2F31373DED` (`onlineOrder_id`);

--
-- Indexes for table `Order`
--
ALTER TABLE `Order`
  ADD PRIMARY KEY (`id`),
  ADD KEY `IDX_34E8BC9CF57FBCCC` (`paymentMethod_id`),
  ADD KEY `IDX_34E8BC9C3174800F` (`createdBy_id`),
  ADD KEY `IDX_34E8BC9C139F91F5` (`ecommerceConfig_id`);

--
-- Indexes for table `orders`
--
ALTER TABLE `orders`
  ADD PRIMARY KEY (`id`),
  ADD KEY `IDX_E52FFDEE139F91F5` (`ecommerceConfig_id`),
  ADD KEY `IDX_E52FFDEE3174800F` (`createdBy_id`),
  ADD KEY `IDX_E52FFDEED6FAC91A` (`paymentType_id`),
  ADD KEY `IDX_E52FFDEEEA47ABEE` (`bankAccount_id`),
  ADD KEY `IDX_E52FFDEEA39450EF` (`bkashAccount_id`),
  ADD KEY `IDX_E52FFDEED9EAAD2E` (`processBy_id`),
  ADD KEY `IDX_E52FFDEEFACFC38A` (`approvedBy_id`);

--
-- Indexes for table `order_items`
--
ALTER TABLE `order_items`
  ADD PRIMARY KEY (`id`),
  ADD KEY `IDX_62809DB08D9F6D38` (`order_id`),
  ADD KEY `IDX_62809DB07F14552F` (`purchaseVendorItem_id`),
  ADD KEY `IDX_62809DB0A7318C8C` (`goodsItem_id`);

--
-- Indexes for table `page`
--
ALTER TABLE `page`
  ADD PRIMARY KEY (`id`),
  ADD KEY `IDX_140AB6203D8E604F` (`parent`) USING BTREE,
  ADD KEY `IDX_140AB620BD85B63` (`photoGallery_id`) USING BTREE,
  ADD KEY `IDX_140AB620A76ED395` (`user_id`) USING BTREE,
  ADD KEY `IDX_140AB620DC938C82` (`globalOption_id`) USING BTREE,
  ADD KEY `IDX_140AB620AFC2B591` (`module_id`),
  ADD KEY `IDX_140AB62054B9D732` (`icon_id`);

--
-- Indexes for table `PageFile`
--
ALTER TABLE `PageFile`
  ADD PRIMARY KEY (`id`),
  ADD KEY `IDX_540FEA13DC938C82` (`globalOption_id`),
  ADD KEY `IDX_540FEA13C4663E4` (`page_id`);

--
-- Indexes for table `PageMeta`
--
ALTER TABLE `PageMeta`
  ADD PRIMARY KEY (`id`),
  ADD KEY `IDX_F62C836C4663E4` (`page_id`);

--
-- Indexes for table `PageModule`
--
ALTER TABLE `PageModule`
  ADD PRIMARY KEY (`id`),
  ADD KEY `IDX_A86C3384AFC2B591` (`module_id`),
  ADD KEY `IDX_A86C3384C4663E4` (`page_id`),
  ADD KEY `IDX_A86C3384CACCD446` (`homePage_id`);

--
-- Indexes for table `page_module`
--
ALTER TABLE `page_module`
  ADD PRIMARY KEY (`page_id`,`module_id`),
  ADD KEY `IDX_63F2D036C4663E4` (`page_id`),
  ADD KEY `IDX_63F2D036AFC2B591` (`module_id`);

--
-- Indexes for table `page_modulecategory`
--
ALTER TABLE `page_modulecategory`
  ADD PRIMARY KEY (`page_id`,`modulecategory_id`),
  ADD KEY `IDX_68E5F5F1C4663E4` (`page_id`),
  ADD KEY `IDX_68E5F5F1E4E84607` (`modulecategory_id`);

--
-- Indexes for table `PattyCash`
--
ALTER TABLE `PattyCash`
  ADD PRIMARY KEY (`id`),
  ADD KEY `IDX_738359373CA07BD1` (`inventoryConfig_id`) USING BTREE,
  ADD KEY `IDX_738359373174800F` (`createdBy_id`) USING BTREE,
  ADD KEY `IDX_73835937B7320117` (`toUser_id`) USING BTREE;

--
-- Indexes for table `PaymentCard`
--
ALTER TABLE `PaymentCard`
  ADD PRIMARY KEY (`id`);

--
-- Indexes for table `PaymentMethod`
--
ALTER TABLE `PaymentMethod`
  ADD PRIMARY KEY (`id`),
  ADD KEY `IDX_37FAAE8DDC938C82` (`globalOption_id`),
  ADD KEY `IDX_37FAAE8DD6FAC91A` (`paymentType_id`);

--
-- Indexes for table `PaymentSalary`
--
ALTER TABLE `PaymentSalary`
  ADD PRIMARY KEY (`id`),
  ADD KEY `IDX_FDB02F9CDC938C82` (`globalOption_id`),
  ADD KEY `IDX_FDB02F9CE5A071F2` (`accountHead_id`),
  ADD KEY `IDX_FDB02F9CA76ED395` (`user_id`),
  ADD KEY `IDX_FDB02F9C3174800F` (`createdBy_id`),
  ADD KEY `IDX_FDB02F9CFACFC38A` (`approvedBy_id`),
  ADD KEY `IDX_FDB02F9C9B616AA3` (`salarySetting_id`),
  ADD KEY `IDX_FDB02F9C11C8FB41` (`bank_id`);

--
-- Indexes for table `PaymentType`
--
ALTER TABLE `PaymentType`
  ADD PRIMARY KEY (`id`),
  ADD UNIQUE KEY `UNIQ_D078AF0E989D9B62` (`slug`);

--
-- Indexes for table `PettyCash`
--
ALTER TABLE `PettyCash`
  ADD PRIMARY KEY (`id`),
  ADD KEY `IDX_F7C957CD3CA07BD1` (`inventoryConfig_id`) USING BTREE,
  ADD KEY `IDX_F7C957CD3174800F` (`createdBy_id`) USING BTREE,
  ADD KEY `IDX_F7C957CDB7320117` (`toUser_id`) USING BTREE,
  ADD KEY `IDX_F7C957CD3D8E604F` (`parent`) USING BTREE,
  ADD KEY `IDX_F7C957CDE5A071F2` (`accountHead_id`) USING BTREE,
  ADD KEY `IDX_F7C957CDFACFC38A` (`approvedBy_id`) USING BTREE,
  ADD KEY `IDX_F7C957CDDC938C82` (`globalOption_id`);

--
-- Indexes for table `photogallery_module`
--
ALTER TABLE `photogallery_module`
  ADD PRIMARY KEY (`photogallery_id`,`module_id`),
  ADD KEY `IDX_85C6A073448558B3` (`photogallery_id`),
  ADD KEY `IDX_85C6A073AFC2B591` (`module_id`);

--
-- Indexes for table `photo_gallery`
--
ALTER TABLE `photo_gallery`
  ADD PRIMARY KEY (`id`),
  ADD KEY `IDX_72CB6FB7DC938C82` (`globalOption_id`);

--
-- Indexes for table `PortalBankAccount`
--
ALTER TABLE `PortalBankAccount`
  ADD PRIMARY KEY (`id`),
  ADD KEY `IDX_11B10B4511C8FB41` (`bank_id`);

--
-- Indexes for table `PortalBkashAccount`
--
ALTER TABLE `PortalBkashAccount`
  ADD PRIMARY KEY (`id`);

--
-- Indexes for table `Portfolio`
--
ALTER TABLE `Portfolio`
  ADD PRIMARY KEY (`id`),
  ADD KEY `IDX_2B1C92C1DC938C82` (`globalOption_id`),
  ADD KEY `IDX_2B1C92C16274C9D0` (`moduleCategory_id`);

--
-- Indexes for table `PreOrder`
--
ALTER TABLE `PreOrder`
  ADD PRIMARY KEY (`id`),
  ADD KEY `IDX_E10038C5F57FBCCC` (`paymentMethod_id`),
  ADD KEY `IDX_E10038C53174800F` (`createdBy_id`),
  ADD KEY `IDX_E10038C5D9EAAD2E` (`processBy_id`),
  ADD KEY `IDX_E10038C5FACFC38A` (`approvedBy_id`),
  ADD KEY `IDX_E10038C5139F91F5` (`ecommerceConfig_id`),
  ADD KEY `IDX_E10038C5EA47ABEE` (`bankAccount_id`),
  ADD KEY `IDX_E10038C5A39450EF` (`bkashAccount_id`),
  ADD KEY `IDX_E10038C5D6FAC91A` (`paymentType_id`);

--
-- Indexes for table `PreOrderItem`
--
ALTER TABLE `PreOrderItem`
  ADD PRIMARY KEY (`id`),
  ADD KEY `IDX_3CFF2D26026A256` (`preOrder_id`);

--
-- Indexes for table `Product`
--
ALTER TABLE `Product`
  ADD PRIMARY KEY (`id`),
  ADD UNIQUE KEY `UNIQ_1CF73D31989D9B62` (`slug`) USING BTREE,
  ADD KEY `IDX_1CF73D31A76ED395` (`user_id`) USING BTREE,
  ADD KEY `IDX_1CF73D31B0D2661D` (`parentCategory_id`) USING BTREE,
  ADD KEY `IDX_1CF73D31514956FD` (`collection_id`) USING BTREE,
  ADD KEY `IDX_1CF73D3144F5D008` (`brand_id`) USING BTREE;

--
-- Indexes for table `ProductCustomAttribute`
--
ALTER TABLE `ProductCustomAttribute`
  ADD PRIMARY KEY (`id`),
  ADD KEY `IDX_3CD340A24584665A` (`product_id`) USING BTREE;

--
-- Indexes for table `ProductGallery`
--
ALTER TABLE `ProductGallery`
  ADD PRIMARY KEY (`id`),
  ADD KEY `IDX_DEBD9F594584665A` (`product_id`) USING BTREE;

--
-- Indexes for table `ProductReview`
--
ALTER TABLE `ProductReview`
  ADD PRIMARY KEY (`id`),
  ADD KEY `IDX_E6F558C54584665A` (`product_id`) USING BTREE;

--
-- Indexes for table `ProductUnit`
--
ALTER TABLE `ProductUnit`
  ADD PRIMARY KEY (`id`);

--
-- Indexes for table `product_category`
--
ALTER TABLE `product_category`
  ADD PRIMARY KEY (`product_id`,`category_id`),
  ADD KEY `IDX_CDFC73564584665A` (`product_id`) USING BTREE,
  ADD KEY `IDX_CDFC735612469DE2` (`category_id`) USING BTREE;

--
-- Indexes for table `product_import`
--
ALTER TABLE `product_import`
  ADD PRIMARY KEY (`id`);

--
-- Indexes for table `Purchase`
--
ALTER TABLE `Purchase`
  ADD PRIMARY KEY (`id`),
  ADD KEY `IDX_9861B36D3CA07BD1` (`inventoryConfig_id`) USING BTREE,
  ADD KEY `IDX_9861B36DF603EE73` (`vendor_id`) USING BTREE,
  ADD KEY `IDX_9861B36D3174800F` (`createdBy_id`) USING BTREE,
  ADD KEY `IDX_9861B36DFACFC38A` (`approvedBy_id`) USING BTREE;

--
-- Indexes for table `PurchaseItem`
--
ALTER TABLE `PurchaseItem`
  ADD PRIMARY KEY (`id`),
  ADD KEY `IDX_334FA427126F525E` (`item_id`) USING BTREE,
  ADD KEY `IDX_334FA427558FBEB9` (`purchase_id`) USING BTREE,
  ADD KEY `IDX_334FA4277F14552F` (`purchaseVendorItem_id`) USING BTREE;

--
-- Indexes for table `PurchaseOrder`
--
ALTER TABLE `PurchaseOrder`
  ADD PRIMARY KEY (`id`);

--
-- Indexes for table `PurchaseReturn`
--
ALTER TABLE `PurchaseReturn`
  ADD PRIMARY KEY (`id`),
  ADD KEY `IDX_33A52D573CA07BD1` (`inventoryConfig_id`) USING BTREE,
  ADD KEY `IDX_33A52D573174800F` (`createdBy_id`) USING BTREE,
  ADD KEY `IDX_33A52D57F603EE73` (`vendor_id`) USING BTREE,
  ADD KEY `IDX_33A52D57FACFC38A` (`approvedBy_id`) USING BTREE;

--
-- Indexes for table `PurchaseReturnItem`
--
ALTER TABLE `PurchaseReturnItem`
  ADD PRIMARY KEY (`id`),
  ADD KEY `IDX_B5C64132A787C244` (`purchaseReturn_id`) USING BTREE,
  ADD KEY `IDX_B5C64132FF8E8E14` (`purchaseItem_id`) USING BTREE;

--
-- Indexes for table `PurchaseVendorItem`
--
ALTER TABLE `PurchaseVendorItem`
  ADD PRIMARY KEY (`id`),
  ADD KEY `IDX_8AA73017558FBEB9` (`purchase_id`) USING BTREE,
  ADD KEY `IDX_8AA73017D5012B6F` (`masterItem_id`),
  ADD KEY `IDX_8AA73017F92F3E70` (`country_id`),
  ADD KEY `IDX_8AA7301744F5D008` (`brand_id`),
  ADD KEY `IDX_8AA730173CA07BD1` (`inventoryConfig_id`),
  ADD KEY `IDX_8AA7301712469DE2` (`category_id`),
  ADD KEY `IDX_8AA73017F8BD700D` (`unit_id`),
  ADD KEY `IDX_8AA730177ADA1FB5` (`color_id`),
  ADD KEY `IDX_8AA73017498DA827` (`size_id`);

--
-- Indexes for table `ReturnPurchase`
--
ALTER TABLE `ReturnPurchase`
  ADD PRIMARY KEY (`id`);

--
-- Indexes for table `SalarySetting`
--
ALTER TABLE `SalarySetting`
  ADD PRIMARY KEY (`id`),
  ADD KEY `IDX_CCC76979DC938C82` (`globalOption_id`),
  ADD KEY `IDX_CCC76979A76ED395` (`user_id`),
  ADD KEY `IDX_CCC769793174800F` (`createdBy_id`),
  ADD KEY `IDX_CCC76979FACFC38A` (`approvedBy_id`);

--
-- Indexes for table `Sales`
--
ALTER TABLE `Sales`
  ADD PRIMARY KEY (`id`),
  ADD UNIQUE KEY `UNIQ_AA405F40572F3C3E` (`salesImport_id`),
  ADD KEY `IDX_AA405F403CA07BD1` (`inventoryConfig_id`) USING BTREE,
  ADD KEY `IDX_AA405F409395C3F3` (`customer_id`) USING BTREE,
  ADD KEY `IDX_AA405F40CB9492CE` (`salesBy_id`) USING BTREE,
  ADD KEY `IDX_AA405F4011C8FB41` (`bank_id`) USING BTREE,
  ADD KEY `IDX_AA405F40597ADFA9` (`paymentCard_id`) USING BTREE,
  ADD KEY `IDX_AA405F403174800F` (`createdBy_id`) USING BTREE,
  ADD KEY `IDX_AA405F40FACFC38A` (`approvedBy_id`);

--
-- Indexes for table `salesImport`
--
ALTER TABLE `salesImport`
  ADD PRIMARY KEY (`id`),
  ADD KEY `IDX_E69E96013CA07BD1` (`inventoryConfig_id`),
  ADD KEY `IDX_E69E96013174800F` (`createdBy_id`);

--
-- Indexes for table `SalesItem`
--
ALTER TABLE `SalesItem`
  ADD PRIMARY KEY (`id`),
  ADD KEY `IDX_85A7BE63126F525E` (`item_id`) USING BTREE,
  ADD KEY `IDX_85A7BE63FF8E8E14` (`purchaseItem_id`) USING BTREE,
  ADD KEY `IDX_85A7BE63A4522A07` (`sales_id`) USING BTREE;

--
-- Indexes for table `SalesReturn`
--
ALTER TABLE `SalesReturn`
  ADD PRIMARY KEY (`id`),
  ADD KEY `IDX_5AD2E8C43CA07BD1` (`inventoryConfig_id`) USING BTREE,
  ADD KEY `IDX_5AD2E8C4A4522A07` (`sales_id`) USING BTREE,
  ADD KEY `IDX_5AD2E8C43174800F` (`createdBy_id`) USING BTREE;

--
-- Indexes for table `SalesReturnItem`
--
ALTER TABLE `SalesReturnItem`
  ADD PRIMARY KEY (`id`),
  ADD KEY `IDX_D9476D1EC3F94932` (`salesReturn_id`) USING BTREE,
  ADD KEY `IDX_D9476D1E615DE49` (`salesItem_id`);

--
-- Indexes for table `Scholarship`
--
ALTER TABLE `Scholarship`
  ADD PRIMARY KEY (`id`),
  ADD UNIQUE KEY `UNIQ_89A359E8989D9B62` (`slug`) USING BTREE,
  ADD KEY `IDX_89A359E864D218E` (`location_id`) USING BTREE;

--
-- Indexes for table `scholarship_syndicate`
--
ALTER TABLE `scholarship_syndicate`
  ADD PRIMARY KEY (`scholarship_id`,`syndicate_id`),
  ADD KEY `IDX_4F27AF3128722836` (`scholarship_id`) USING BTREE,
  ADD KEY `IDX_4F27AF314C37717D` (`syndicate_id`) USING BTREE;

--
-- Indexes for table `Service`
--
ALTER TABLE `Service`
  ADD PRIMARY KEY (`id`),
  ADD KEY `IDX_2E20A34EDC938C82` (`globalOption_id`),
  ADD KEY `IDX_2E20A34E6274C9D0` (`moduleCategory_id`),
  ADD KEY `IDX_2E20A34E54B9D732` (`icon_id`);

--
-- Indexes for table `Setting`
--
ALTER TABLE `Setting`
  ADD PRIMARY KEY (`id`);

--
-- Indexes for table `SiteContent`
--
ALTER TABLE `SiteContent`
  ADD PRIMARY KEY (`id`),
  ADD UNIQUE KEY `UNIQ_3E79CF3E989D9B62` (`slug`) USING BTREE,
  ADD KEY `IDX_3E79CF3E3D8E604F` (`parent`) USING BTREE;

--
-- Indexes for table `SiteSetting`
--
ALTER TABLE `SiteSetting`
  ADD PRIMARY KEY (`id`),
  ADD UNIQUE KEY `UNIQ_5FC8470FA76ED395` (`user_id`) USING BTREE,
  ADD UNIQUE KEY `UNIQ_5FC8470FDC938C82` (`globalOption_id`) USING BTREE,
  ADD KEY `IDX_5FC8470F3C935932` (`webTheme_id`) USING BTREE,
  ADD KEY `IDX_5FC8470F34963A59` (`mobileTheme_id`) USING BTREE,
  ADD KEY `IDX_5FC8470F59027487` (`theme_id`) USING BTREE;

--
-- Indexes for table `sitesetting_appmodule`
--
ALTER TABLE `sitesetting_appmodule`
  ADD PRIMARY KEY (`sitesetting_id`,`app_module_id`),
  ADD KEY `IDX_931E01D9C5A36A1A` (`sitesetting_id`) USING BTREE,
  ADD KEY `IDX_931E01D97ADEAA4` (`app_module_id`) USING BTREE;

--
-- Indexes for table `sitesetting_module`
--
ALTER TABLE `sitesetting_module`
  ADD PRIMARY KEY (`sitesetting_id`,`module_id`),
  ADD KEY `IDX_CB2BF790C5A36A1A` (`sitesetting_id`) USING BTREE,
  ADD KEY `IDX_CB2BF790AFC2B591` (`module_id`) USING BTREE;

--
-- Indexes for table `sitesetting_syndicate`
--
ALTER TABLE `sitesetting_syndicate`
  ADD PRIMARY KEY (`sitesetting_id`,`syndicate_id`),
  ADD KEY `IDX_952A98B2C5A36A1A` (`sitesetting_id`) USING BTREE,
  ADD KEY `IDX_952A98B24C37717D` (`syndicate_id`) USING BTREE;

--
-- Indexes for table `sitesetting_syndicatemodule`
--
ALTER TABLE `sitesetting_syndicatemodule`
  ADD PRIMARY KEY (`sitesetting_id`,`syndicate_module_id`),
  ADD KEY `IDX_8E07CDC6C5A36A1A` (`sitesetting_id`) USING BTREE,
  ADD KEY `IDX_8E07CDC6FFC40B63` (`syndicate_module_id`) USING BTREE;

--
-- Indexes for table `SiteSlider`
--
ALTER TABLE `SiteSlider`
  ADD PRIMARY KEY (`id`);

--
-- Indexes for table `SmsEmailPricing`
--
ALTER TABLE `SmsEmailPricing`
  ADD PRIMARY KEY (`id`);

--
-- Indexes for table `StockItem`
--
ALTER TABLE `StockItem`
  ADD PRIMARY KEY (`id`),
  ADD KEY `IDX_6DDA4EF126F525E` (`item_id`) USING BTREE,
  ADD KEY `IDX_6DDA4EFF603EE73` (`vendor_id`) USING BTREE,
  ADD KEY `IDX_6DDA4EFF92F3E70` (`country_id`) USING BTREE,
  ADD KEY `IDX_6DDA4EF3CA07BD1` (`inventoryConfig_id`) USING BTREE,
  ADD KEY `IDX_6DDA4EF12469DE2` (`category_id`) USING BTREE,
  ADD KEY `IDX_6DDA4EF4D03C862` (`purchaseReturnItem_id`) USING BTREE,
  ADD KEY `IDX_6DDA4EF80BAABCC` (`purchaseReplaceItem_id`) USING BTREE,
  ADD KEY `IDX_6DDA4EFFF8E8E14` (`purchaseItem_id`) USING BTREE,
  ADD KEY `IDX_6DDA4EF615DE49` (`salesItem_id`) USING BTREE,
  ADD KEY `IDX_6DDA4EF1554327A` (`salesReturnItem_id`) USING BTREE,
  ADD KEY `IDX_6DDA4EFC64F7E30` (`salesItemReplace_id`),
  ADD KEY `IDX_6DDA4EF6CE425B7` (`damage_id`),
  ADD KEY `IDX_6DDA4EF3174800F` (`createdBy_id`);

--
-- Indexes for table `Student`
--
ALTER TABLE `Student`
  ADD PRIMARY KEY (`id`);

--
-- Indexes for table `StudyAbroad`
--
ALTER TABLE `StudyAbroad`
  ADD PRIMARY KEY (`id`),
  ADD UNIQUE KEY `UNIQ_716E7441A76ED395` (`user_id`) USING BTREE,
  ADD KEY `IDX_716E744164D218E` (`location_id`) USING BTREE;

--
-- Indexes for table `studyabroad_syndicate`
--
ALTER TABLE `studyabroad_syndicate`
  ADD PRIMARY KEY (`studyabroad_id`,`syndicate_id`),
  ADD KEY `IDX_C8D9B6FBB9D52860` (`studyabroad_id`) USING BTREE,
  ADD KEY `IDX_C8D9B6FB4C37717D` (`syndicate_id`) USING BTREE;

--
-- Indexes for table `SubscribeEmail`
--
ALTER TABLE `SubscribeEmail`
  ADD PRIMARY KEY (`id`),
  ADD UNIQUE KEY `UNIQ_1E3168BE7927C74` (`email`) USING BTREE;

--
-- Indexes for table `supplier`
--
ALTER TABLE `supplier`
  ADD PRIMARY KEY (`id`),
  ADD KEY `IDX_9B2A6C7E3CA07BD1` (`inventoryConfig_id`) USING BTREE,
  ADD KEY `IDX_9B2A6C7EF92F3E70` (`country_id`) USING BTREE;

--
-- Indexes for table `sylius_adjustment`
--
ALTER TABLE `sylius_adjustment`
  ADD PRIMARY KEY (`id`),
  ADD KEY `IDX_ACA6E0F28D9F6D38` (`order_id`) USING BTREE,
  ADD KEY `IDX_ACA6E0F2E415FB15` (`order_item_id`) USING BTREE;

--
-- Indexes for table `sylius_cart`
--
ALTER TABLE `sylius_cart`
  ADD PRIMARY KEY (`id`),
  ADD UNIQUE KEY `UNIQ_D0AA6D3E96901F54` (`number`) USING BTREE;

--
-- Indexes for table `sylius_order_comment`
--
ALTER TABLE `sylius_order_comment`
  ADD PRIMARY KEY (`id`),
  ADD KEY `IDX_8EA9CF098D9F6D38` (`order_id`) USING BTREE;

--
-- Indexes for table `sylius_order_identity`
--
ALTER TABLE `sylius_order_identity`
  ADD PRIMARY KEY (`id`),
  ADD KEY `IDX_5757A18E8D9F6D38` (`order_id`) USING BTREE;

--
-- Indexes for table `syndicate`
--
ALTER TABLE `syndicate`
  ADD PRIMARY KEY (`id`),
  ADD UNIQUE KEY `UNIQ_56FBDE12989D9B62` (`slug`) USING BTREE,
  ADD KEY `IDX_56FBDE123D8E604F` (`parent`) USING BTREE;

--
-- Indexes for table `SyndicateContent`
--
ALTER TABLE `SyndicateContent`
  ADD PRIMARY KEY (`id`),
  ADD KEY `IDX_2FB0B3C2A76ED395` (`user_id`) USING BTREE,
  ADD KEY `IDX_2FB0B3C24C37717D` (`syndicate_id`) USING BTREE,
  ADD KEY `IDX_2FB0B3C2BD85B63` (`photoGallery_id`) USING BTREE;

--
-- Indexes for table `SyndicateModule`
--
ALTER TABLE `SyndicateModule`
  ADD PRIMARY KEY (`id`),
  ADD UNIQUE KEY `UNIQ_C2C0BC8CCB93038C` (`moduleClass`) USING BTREE,
  ADD UNIQUE KEY `UNIQ_C2C0BC8C989D9B62` (`slug`) USING BTREE;

--
-- Indexes for table `syndicatemodule_syndicate`
--
ALTER TABLE `syndicatemodule_syndicate`
  ADD PRIMARY KEY (`syndicatemodule_id`,`syndicate_id`),
  ADD KEY `IDX_CF3B593D82CD3E81` (`syndicatemodule_id`) USING BTREE,
  ADD KEY `IDX_CF3B593D4C37717D` (`syndicate_id`) USING BTREE;

--
-- Indexes for table `syndicate_orginial`
--
ALTER TABLE `syndicate_orginial`
  ADD PRIMARY KEY (`id`),
  ADD UNIQUE KEY `UNIQ_56FBDE12989D9B62` (`slug`) USING BTREE,
  ADD KEY `IDX_56FBDE123D8E604F` (`parent`) USING BTREE;

--
-- Indexes for table `Team`
--
ALTER TABLE `Team`
  ADD PRIMARY KEY (`id`),
  ADD UNIQUE KEY `UNIQ_64D20921989D9B62` (`slug`),
  ADD KEY `IDX_64D20921A76ED395` (`user_id`),
  ADD KEY `IDX_64D20921DC938C82` (`globalOption_id`);

--
-- Indexes for table `TemplateCustomize`
--
ALTER TABLE `TemplateCustomize`
  ADD PRIMARY KEY (`id`),
  ADD UNIQUE KEY `UNIQ_8A804D56DC938C82` (`globalOption_id`) USING BTREE;

--
-- Indexes for table `Templating`
--
ALTER TABLE `Templating`
  ADD PRIMARY KEY (`id`);

--
-- Indexes for table `Testimonial`
--
ALTER TABLE `Testimonial`
  ADD PRIMARY KEY (`id`),
  ADD KEY `IDX_60214220A76ED395` (`user_id`) USING BTREE,
  ADD KEY `IDX_60214220DC938C82` (`globalOption_id`);

--
-- Indexes for table `Theme`
--
ALTER TABLE `Theme`
  ADD PRIMARY KEY (`id`);

--
-- Indexes for table `theme_syndicate`
--
ALTER TABLE `theme_syndicate`
  ADD PRIMARY KEY (`theme_id`,`syndicate_id`),
  ADD KEY `IDX_9838049F59027487` (`theme_id`) USING BTREE,
  ADD KEY `IDX_9838049F4C37717D` (`syndicate_id`) USING BTREE;

--
-- Indexes for table `Thread`
--
ALTER TABLE `Thread`
  ADD PRIMARY KEY (`id`);

--
-- Indexes for table `Timeline`
--
ALTER TABLE `Timeline`
  ADD PRIMARY KEY (`id`);

--
-- Indexes for table `TradeItem`
--
ALTER TABLE `TradeItem`
  ADD PRIMARY KEY (`id`),
  ADD KEY `IDX_56D93525DC938C82` (`globalOption_id`),
  ADD KEY `IDX_56D935256274C9D0` (`moduleCategory_id`),
  ADD KEY `IDX_56D93525F8BD700D` (`unit_id`),
  ADD KEY `IDX_56D93525F92F3E70` (`country_id`),
  ADD KEY `IDX_56D9352544F5D008` (`brand_id`),
  ADD KEY `IDX_56D93525BD85B63` (`photoGallery_id`);

--
-- Indexes for table `Transaction`
--
ALTER TABLE `Transaction`
  ADD PRIMARY KEY (`id`),
  ADD KEY `IDX_F4AB8A063CA07BD1` (`inventoryConfig_id`) USING BTREE,
  ADD KEY `IDX_F4AB8A06E5A071F2` (`accountHead_id`) USING BTREE,
  ADD KEY `IDX_F4AB8A06DC938C82` (`globalOption_id`),
  ADD KEY `IDX_F4AB8A064CC333B2` (`accountPurchase_id`),
  ADD KEY `IDX_F4AB8A06E047BD64` (`accountSales_id`),
  ADD KEY `IDX_F4AB8A06F045AAAB` (`pettyCash_id`),
  ADD KEY `IDX_F4AB8A0672EB2D` (`accountBank_id`),
  ADD KEY `IDX_F4AB8A065C0A74C5` (`paymentSalary_id`);

--
-- Indexes for table `Tutor`
--
ALTER TABLE `Tutor`
  ADD PRIMARY KEY (`id`),
  ADD UNIQUE KEY `UNIQ_58C6694CA76ED395` (`user_id`) USING BTREE,
  ADD KEY `IDX_58C6694C64D218E` (`location_id`) USING BTREE;

--
-- Indexes for table `Tutorial`
--
ALTER TABLE `Tutorial`
  ADD PRIMARY KEY (`id`);

--
-- Indexes for table `tutor_syndicate`
--
ALTER TABLE `tutor_syndicate`
  ADD PRIMARY KEY (`tutor_id`,`syndicate_id`),
  ADD KEY `IDX_4B177820208F64F1` (`tutor_id`) USING BTREE,
  ADD KEY `IDX_4B1778204C37717D` (`syndicate_id`) USING BTREE;

--
-- Indexes for table `UserInbox`
--
ALTER TABLE `UserInbox`
  ADD PRIMARY KEY (`id`),
  ADD KEY `IDX_1A85624C9395C3F3` (`customer_id`),
  ADD KEY `IDX_1A85624CA76ED395` (`user_id`);

--
-- Indexes for table `user_group`
--
ALTER TABLE `user_group`
  ADD PRIMARY KEY (`id`),
  ADD UNIQUE KEY `UNIQ_8F02BF9D5E237E06` (`name`) USING BTREE;

--
-- Indexes for table `user_profiles`
--
ALTER TABLE `user_profiles`
  ADD PRIMARY KEY (`id`),
  ADD UNIQUE KEY `UNIQ_6BBD61303C7323E0` (`mobile`) USING BTREE,
  ADD UNIQUE KEY `UNIQ_6BBD613043E84A97` (`nid`) USING BTREE,
  ADD UNIQUE KEY `UNIQ_6BBD6130A76ED395` (`user_id`) USING BTREE,
  ADD UNIQUE KEY `UNIQ_6BBD6130FE830143` (`domainUser_id`) USING BTREE,
  ADD KEY `IDX_6BBD6130B08FA272` (`district_id`) USING BTREE,
  ADD KEY `IDX_6BBD6130A51DB16` (`thana_id`) USING BTREE,
  ADD KEY `IDX_6BBD613011C8FB41` (`bank_id`),
  ADD KEY `IDX_6BBD613064D218E` (`location_id`);

--
-- Indexes for table `user_user_group`
--
ALTER TABLE `user_user_group`
  ADD PRIMARY KEY (`user_id`,`group_id`),
  ADD KEY `IDX_28657971A76ED395` (`user_id`) USING BTREE,
  ADD KEY `IDX_28657971FE54D947` (`group_id`) USING BTREE;

--
-- Indexes for table `Vendor`
--
ALTER TABLE `Vendor`
  ADD PRIMARY KEY (`id`),
  ADD UNIQUE KEY `UNIQ_F28E36C0A76ED395` (`user_id`) USING BTREE,
  ADD KEY `IDX_F28E36C064D218E` (`location_id`) USING BTREE;

--
-- Indexes for table `WareHouse`
--
ALTER TABLE `WareHouse`
  ADD PRIMARY KEY (`id`),
  ADD KEY `IDX_AF83265B3D8E604F` (`parent`) USING BTREE,
  ADD KEY `IDX_AF83265B3CA07BD1` (`inventoryConfig_id`) USING BTREE;

--
-- Indexes for table `WebTheme`
--
ALTER TABLE `WebTheme`
  ADD PRIMARY KEY (`id`),
  ADD UNIQUE KEY `UNIQ_36E5D7B45E237E06` (`name`) USING BTREE;

--
-- Indexes for table `webtheme_syndicate`
--
ALTER TABLE `webtheme_syndicate`
  ADD PRIMARY KEY (`webtheme_id`,`syndicate_id`),
  ADD KEY `IDX_391C457FC5E53B64` (`webtheme_id`) USING BTREE,
  ADD KEY `IDX_391C457F4C37717D` (`syndicate_id`) USING BTREE;

--
-- AUTO_INCREMENT for dumped tables
--

--
-- AUTO_INCREMENT for table `Academic`
--
ALTER TABLE `Academic`
  MODIFY `id` int(11) NOT NULL AUTO_INCREMENT;
--
-- AUTO_INCREMENT for table `AcademicMeta`
--
ALTER TABLE `AcademicMeta`
  MODIFY `id` int(11) NOT NULL AUTO_INCREMENT;
--
-- AUTO_INCREMENT for table `AccessRole`
--
ALTER TABLE `AccessRole`
  MODIFY `id` int(11) NOT NULL AUTO_INCREMENT,AUTO_INCREMENT=7;
--
-- AUTO_INCREMENT for table `AccountBank`
--
ALTER TABLE `AccountBank`
  MODIFY `id` int(11) NOT NULL AUTO_INCREMENT;
--
-- AUTO_INCREMENT for table `AccountHead`
--
ALTER TABLE `AccountHead`
  MODIFY `id` int(11) NOT NULL AUTO_INCREMENT,AUTO_INCREMENT=47;
--
-- AUTO_INCREMENT for table `AccountJournal`
--
ALTER TABLE `AccountJournal`
  MODIFY `id` int(11) NOT NULL AUTO_INCREMENT;
--
-- AUTO_INCREMENT for table `AccountPurchase`
--
ALTER TABLE `AccountPurchase`
  MODIFY `id` int(11) NOT NULL AUTO_INCREMENT,AUTO_INCREMENT=105;
--
-- AUTO_INCREMENT for table `AccountSales`
--
ALTER TABLE `AccountSales`
  MODIFY `id` int(11) NOT NULL AUTO_INCREMENT,AUTO_INCREMENT=15;
--
-- AUTO_INCREMENT for table `Admission`
--
ALTER TABLE `Admission`
  MODIFY `id` int(11) NOT NULL AUTO_INCREMENT;
--
-- AUTO_INCREMENT for table `AdmissionComment`
--
ALTER TABLE `AdmissionComment`
  MODIFY `id` int(11) NOT NULL AUTO_INCREMENT;
--
-- AUTO_INCREMENT for table `AdsTool`
--
ALTER TABLE `AdsTool`
  MODIFY `id` int(11) NOT NULL AUTO_INCREMENT,AUTO_INCREMENT=26;
--
-- AUTO_INCREMENT for table `Advertisment`
--
ALTER TABLE `Advertisment`
  MODIFY `id` int(11) NOT NULL AUTO_INCREMENT;
--
-- AUTO_INCREMENT for table `Apartment`
--
ALTER TABLE `Apartment`
  MODIFY `id` int(11) NOT NULL AUTO_INCREMENT;
--
-- AUTO_INCREMENT for table `ApplicationPricing`
--
ALTER TABLE `ApplicationPricing`
  MODIFY `id` int(11) NOT NULL AUTO_INCREMENT,AUTO_INCREMENT=4;
--
-- AUTO_INCREMENT for table `AppModule`
--
ALTER TABLE `AppModule`
  MODIFY `id` int(11) NOT NULL AUTO_INCREMENT,AUTO_INCREMENT=12;
--
-- AUTO_INCREMENT for table `Bank`
--
ALTER TABLE `Bank`
  MODIFY `id` int(11) NOT NULL AUTO_INCREMENT,AUTO_INCREMENT=6;
--
-- AUTO_INCREMENT for table `BankAccount`
--
ALTER TABLE `BankAccount`
  MODIFY `id` int(11) NOT NULL AUTO_INCREMENT,AUTO_INCREMENT=3;
--
-- AUTO_INCREMENT for table `BkashAccount`
--
ALTER TABLE `BkashAccount`
  MODIFY `id` int(11) NOT NULL AUTO_INCREMENT,AUTO_INCREMENT=2;
--
-- AUTO_INCREMENT for table `Blackout`
--
ALTER TABLE `Blackout`
  MODIFY `id` int(11) NOT NULL AUTO_INCREMENT;
--
-- AUTO_INCREMENT for table `Blog`
--
ALTER TABLE `Blog`
  MODIFY `id` int(11) NOT NULL AUTO_INCREMENT;
--
-- AUTO_INCREMENT for table `BlogComment`
--
ALTER TABLE `BlogComment`
  MODIFY `id` int(11) NOT NULL AUTO_INCREMENT;
--
-- AUTO_INCREMENT for table `Branch`
--
ALTER TABLE `Branch`
  MODIFY `id` int(11) NOT NULL AUTO_INCREMENT;
--
-- AUTO_INCREMENT for table `Branding`
--
ALTER TABLE `Branding`
  MODIFY `id` int(11) NOT NULL AUTO_INCREMENT,AUTO_INCREMENT=14;
--
-- AUTO_INCREMENT for table `cart_item`
--
ALTER TABLE `cart_item`
  MODIFY `id` int(11) NOT NULL AUTO_INCREMENT;
--
-- AUTO_INCREMENT for table `Cash`
--
ALTER TABLE `Cash`
  MODIFY `id` int(11) NOT NULL AUTO_INCREMENT;
--
-- AUTO_INCREMENT for table `categories`
--
ALTER TABLE `categories`
  MODIFY `id` int(11) NOT NULL AUTO_INCREMENT,AUTO_INCREMENT=669;
--
-- AUTO_INCREMENT for table `CategoryGrouping`
--
ALTER TABLE `CategoryGrouping`
  MODIFY `id` int(11) NOT NULL AUTO_INCREMENT;
--
-- AUTO_INCREMENT for table `ClassRoutine`
--
ALTER TABLE `ClassRoutine`
  MODIFY `id` int(11) NOT NULL AUTO_INCREMENT;
--
-- AUTO_INCREMENT for table `Collection`
--
ALTER TABLE `Collection`
  MODIFY `id` int(11) NOT NULL AUTO_INCREMENT,AUTO_INCREMENT=7;
--
-- AUTO_INCREMENT for table `ColorSize`
--
ALTER TABLE `ColorSize`
  MODIFY `id` int(11) NOT NULL AUTO_INCREMENT,AUTO_INCREMENT=124;
--
-- AUTO_INCREMENT for table `Comment`
--
ALTER TABLE `Comment`
  MODIFY `id` int(11) NOT NULL AUTO_INCREMENT,AUTO_INCREMENT=6;
--
-- AUTO_INCREMENT for table `ContactMessage`
--
ALTER TABLE `ContactMessage`
  MODIFY `id` int(11) NOT NULL AUTO_INCREMENT;
--
-- AUTO_INCREMENT for table `ContactPage`
--
ALTER TABLE `ContactPage`
  MODIFY `id` int(11) NOT NULL AUTO_INCREMENT,AUTO_INCREMENT=29;
--
-- AUTO_INCREMENT for table `ContentFile`
--
ALTER TABLE `ContentFile`
  MODIFY `id` int(11) NOT NULL AUTO_INCREMENT;
--
-- AUTO_INCREMENT for table `contents`
--
ALTER TABLE `contents`
  MODIFY `id` int(11) NOT NULL AUTO_INCREMENT,AUTO_INCREMENT=2;
--
-- AUTO_INCREMENT for table `country`
--
ALTER TABLE `country`
  MODIFY `id` int(11) NOT NULL AUTO_INCREMENT,AUTO_INCREMENT=250;
--
-- AUTO_INCREMENT for table `Course`
--
ALTER TABLE `Course`
  MODIFY `id` int(11) NOT NULL AUTO_INCREMENT,AUTO_INCREMENT=8;
--
-- AUTO_INCREMENT for table `CourseLevel`
--
ALTER TABLE `CourseLevel`
  MODIFY `id` int(11) NOT NULL AUTO_INCREMENT,AUTO_INCREMENT=9;
--
-- AUTO_INCREMENT for table `Customer`
--
ALTER TABLE `Customer`
  MODIFY `id` int(11) NOT NULL AUTO_INCREMENT,AUTO_INCREMENT=12;
--
-- AUTO_INCREMENT for table `CustomerInbox`
--
ALTER TABLE `CustomerInbox`
  MODIFY `id` int(11) NOT NULL AUTO_INCREMENT,AUTO_INCREMENT=41;
--
-- AUTO_INCREMENT for table `Damage`
--
ALTER TABLE `Damage`
  MODIFY `id` int(11) NOT NULL AUTO_INCREMENT,AUTO_INCREMENT=7;
--
-- AUTO_INCREMENT for table `DeliveryIssue`
--
ALTER TABLE `DeliveryIssue`
  MODIFY `id` int(11) NOT NULL AUTO_INCREMENT;
--
-- AUTO_INCREMENT for table `DomainUser`
--
ALTER TABLE `DomainUser`
  MODIFY `id` int(11) NOT NULL AUTO_INCREMENT,AUTO_INCREMENT=2;
--
-- AUTO_INCREMENT for table `EcommerceConfig`
--
ALTER TABLE `EcommerceConfig`
  MODIFY `id` int(11) NOT NULL AUTO_INCREMENT,AUTO_INCREMENT=4;
--
-- AUTO_INCREMENT for table `Education`
--
ALTER TABLE `Education`
  MODIFY `id` int(11) NOT NULL AUTO_INCREMENT;
--
-- AUTO_INCREMENT for table `EmailBox`
--
ALTER TABLE `EmailBox`
  MODIFY `id` int(11) NOT NULL AUTO_INCREMENT;
--
-- AUTO_INCREMENT for table `EmployeeSalary`
--
ALTER TABLE `EmployeeSalary`
  MODIFY `id` int(11) NOT NULL AUTO_INCREMENT;
--
-- AUTO_INCREMENT for table `Entity`
--
ALTER TABLE `Entity`
  MODIFY `id` int(11) NOT NULL AUTO_INCREMENT;
--
-- AUTO_INCREMENT for table `Event`
--
ALTER TABLE `Event`
  MODIFY `id` int(11) NOT NULL AUTO_INCREMENT;
--
-- AUTO_INCREMENT for table `EventCalender`
--
ALTER TABLE `EventCalender`
  MODIFY `id` int(11) NOT NULL AUTO_INCREMENT;
--
-- AUTO_INCREMENT for table `excel_importer`
--
ALTER TABLE `excel_importer`
  MODIFY `id` int(11) NOT NULL AUTO_INCREMENT,AUTO_INCREMENT=15;
--
-- AUTO_INCREMENT for table `Expenditure`
--
ALTER TABLE `Expenditure`
  MODIFY `id` int(11) NOT NULL AUTO_INCREMENT,AUTO_INCREMENT=4;
--
-- AUTO_INCREMENT for table `expenseCategory`
--
ALTER TABLE `expenseCategory`
  MODIFY `id` int(11) NOT NULL AUTO_INCREMENT,AUTO_INCREMENT=5;
--
-- AUTO_INCREMENT for table `Faq`
--
ALTER TABLE `Faq`
  MODIFY `id` int(11) NOT NULL AUTO_INCREMENT;
--
-- AUTO_INCREMENT for table `Flat`
--
ALTER TABLE `Flat`
  MODIFY `id` int(11) NOT NULL AUTO_INCREMENT;
--
-- AUTO_INCREMENT for table `FooterSetting`
--
ALTER TABLE `FooterSetting`
  MODIFY `id` int(11) NOT NULL AUTO_INCREMENT,AUTO_INCREMENT=26;
--
-- AUTO_INCREMENT for table `fos_user`
--
ALTER TABLE `fos_user`
  MODIFY `id` int(11) NOT NULL AUTO_INCREMENT,AUTO_INCREMENT=52;
--
-- AUTO_INCREMENT for table `GalleryImage`
--
ALTER TABLE `GalleryImage`
  MODIFY `id` int(11) NOT NULL AUTO_INCREMENT,AUTO_INCREMENT=16;
--
-- AUTO_INCREMENT for table `GlobalOption`
--
ALTER TABLE `GlobalOption`
  MODIFY `id` int(11) NOT NULL AUTO_INCREMENT,AUTO_INCREMENT=51;
--
-- AUTO_INCREMENT for table `Goods`
--
ALTER TABLE `Goods`
  MODIFY `id` int(11) NOT NULL AUTO_INCREMENT;
--
-- AUTO_INCREMENT for table `GoodsItem`
--
ALTER TABLE `GoodsItem`
  MODIFY `id` int(11) NOT NULL AUTO_INCREMENT,AUTO_INCREMENT=23;
--
-- AUTO_INCREMENT for table `HomeBlock`
--
ALTER TABLE `HomeBlock`
  MODIFY `id` int(11) NOT NULL AUTO_INCREMENT,AUTO_INCREMENT=18;
--
-- AUTO_INCREMENT for table `HomePage`
--
ALTER TABLE `HomePage`
  MODIFY `id` int(11) NOT NULL AUTO_INCREMENT,AUTO_INCREMENT=26;
--
-- AUTO_INCREMENT for table `HomeSlider`
--
ALTER TABLE `HomeSlider`
  MODIFY `id` int(11) NOT NULL AUTO_INCREMENT,AUTO_INCREMENT=10;
--
-- AUTO_INCREMENT for table `Icon`
--
ALTER TABLE `Icon`
  MODIFY `id` int(11) NOT NULL AUTO_INCREMENT,AUTO_INCREMENT=16;
--
-- AUTO_INCREMENT for table `instituteLevel`
--
ALTER TABLE `instituteLevel`
  MODIFY `id` int(11) NOT NULL AUTO_INCREMENT;
--
-- AUTO_INCREMENT for table `InventoryConfig`
--
ALTER TABLE `InventoryConfig`
  MODIFY `id` int(11) NOT NULL AUTO_INCREMENT,AUTO_INCREMENT=13;
--
-- AUTO_INCREMENT for table `InvoiceModule`
--
ALTER TABLE `InvoiceModule`
  MODIFY `id` int(11) NOT NULL AUTO_INCREMENT,AUTO_INCREMENT=20;
--
-- AUTO_INCREMENT for table `InvoiceModuleItem`
--
ALTER TABLE `InvoiceModuleItem`
  MODIFY `id` int(11) NOT NULL AUTO_INCREMENT,AUTO_INCREMENT=46;
--
-- AUTO_INCREMENT for table `InvoiceSmsEmail`
--
ALTER TABLE `InvoiceSmsEmail`
  MODIFY `id` int(11) NOT NULL AUTO_INCREMENT,AUTO_INCREMENT=16;
--
-- AUTO_INCREMENT for table `InvoiceSmsEmailItem`
--
ALTER TABLE `InvoiceSmsEmailItem`
  MODIFY `id` int(11) NOT NULL AUTO_INCREMENT,AUTO_INCREMENT=22;
--
-- AUTO_INCREMENT for table `Item`
--
ALTER TABLE `Item`
  MODIFY `id` int(11) NOT NULL AUTO_INCREMENT,AUTO_INCREMENT=907;
--
-- AUTO_INCREMENT for table `ItemAttribute`
--
ALTER TABLE `ItemAttribute`
  MODIFY `id` int(11) NOT NULL AUTO_INCREMENT,AUTO_INCREMENT=12;
--
-- AUTO_INCREMENT for table `ItemBrand`
--
ALTER TABLE `ItemBrand`
  MODIFY `id` int(11) NOT NULL AUTO_INCREMENT,AUTO_INCREMENT=16;
--
-- AUTO_INCREMENT for table `ItemColor`
--
ALTER TABLE `ItemColor`
  MODIFY `id` int(11) NOT NULL AUTO_INCREMENT,AUTO_INCREMENT=45;
--
-- AUTO_INCREMENT for table `ItemGallery`
--
ALTER TABLE `ItemGallery`
  MODIFY `id` int(11) NOT NULL AUTO_INCREMENT,AUTO_INCREMENT=60;
--
-- AUTO_INCREMENT for table `ItemInventory`
--
ALTER TABLE `ItemInventory`
  MODIFY `id` int(11) NOT NULL AUTO_INCREMENT;
--
-- AUTO_INCREMENT for table `ItemKeyValue`
--
ALTER TABLE `ItemKeyValue`
  MODIFY `id` int(11) NOT NULL AUTO_INCREMENT,AUTO_INCREMENT=4;
--
-- AUTO_INCREMENT for table `ItemMetaAttribute`
--
ALTER TABLE `ItemMetaAttribute`
  MODIFY `id` int(11) NOT NULL AUTO_INCREMENT,AUTO_INCREMENT=89;
--
-- AUTO_INCREMENT for table `ItemSize`
--
ALTER TABLE `ItemSize`
  MODIFY `id` int(11) NOT NULL AUTO_INCREMENT,AUTO_INCREMENT=69;
--
-- AUTO_INCREMENT for table `ItemTypeGrouping`
--
ALTER TABLE `ItemTypeGrouping`
  MODIFY `id` int(11) NOT NULL AUTO_INCREMENT,AUTO_INCREMENT=6;
--
-- AUTO_INCREMENT for table `ItemUnit`
--
ALTER TABLE `ItemUnit`
  MODIFY `id` int(11) NOT NULL AUTO_INCREMENT,AUTO_INCREMENT=8;
--
-- AUTO_INCREMENT for table `item_master`
--
ALTER TABLE `item_master`
  MODIFY `id` int(11) NOT NULL AUTO_INCREMENT,AUTO_INCREMENT=54;
--
-- AUTO_INCREMENT for table `Journal`
--
ALTER TABLE `Journal`
  MODIFY `id` int(11) NOT NULL AUTO_INCREMENT;
--
-- AUTO_INCREMENT for table `locations`
--
ALTER TABLE `locations`
  MODIFY `id` int(11) NOT NULL AUTO_INCREMENT,AUTO_INCREMENT=1468;
--
-- AUTO_INCREMENT for table `MallConnect`
--
ALTER TABLE `MallConnect`
  MODIFY `id` int(11) NOT NULL AUTO_INCREMENT,AUTO_INCREMENT=6;
--
-- AUTO_INCREMENT for table `MegaMenu`
--
ALTER TABLE `MegaMenu`
  MODIFY `id` int(11) NOT NULL AUTO_INCREMENT;
--
-- AUTO_INCREMENT for table `Menu`
--
ALTER TABLE `Menu`
  MODIFY `id` int(11) NOT NULL AUTO_INCREMENT,AUTO_INCREMENT=259;
--
-- AUTO_INCREMENT for table `MenuCustom`
--
ALTER TABLE `MenuCustom`
  MODIFY `id` int(11) NOT NULL AUTO_INCREMENT,AUTO_INCREMENT=10;
--
-- AUTO_INCREMENT for table `MenuGroup`
--
ALTER TABLE `MenuGroup`
  MODIFY `id` int(11) NOT NULL AUTO_INCREMENT,AUTO_INCREMENT=10;
--
-- AUTO_INCREMENT for table `MenuGrouping`
--
ALTER TABLE `MenuGrouping`
  MODIFY `id` int(11) NOT NULL AUTO_INCREMENT,AUTO_INCREMENT=125;
--
-- AUTO_INCREMENT for table `MobileIcon`
--
ALTER TABLE `MobileIcon`
  MODIFY `id` int(11) NOT NULL AUTO_INCREMENT,AUTO_INCREMENT=26;
--
-- AUTO_INCREMENT for table `MobileTheme`
--
ALTER TABLE `MobileTheme`
  MODIFY `id` int(11) NOT NULL AUTO_INCREMENT,AUTO_INCREMENT=7;
--
-- AUTO_INCREMENT for table `Module`
--
ALTER TABLE `Module`
  MODIFY `id` int(11) NOT NULL AUTO_INCREMENT,AUTO_INCREMENT=20;
--
-- AUTO_INCREMENT for table `ModuleCategory`
--
ALTER TABLE `ModuleCategory`
  MODIFY `id` int(11) NOT NULL AUTO_INCREMENT,AUTO_INCREMENT=8;
--
-- AUTO_INCREMENT for table `News`
--
ALTER TABLE `News`
  MODIFY `id` int(11) NOT NULL AUTO_INCREMENT,AUTO_INCREMENT=10;
--
-- AUTO_INCREMENT for table `NoticeBoard`
--
ALTER TABLE `NoticeBoard`
  MODIFY `id` int(11) NOT NULL AUTO_INCREMENT,AUTO_INCREMENT=3;
--
-- AUTO_INCREMENT for table `OnlineOrder`
--
ALTER TABLE `OnlineOrder`
  MODIFY `id` int(11) NOT NULL AUTO_INCREMENT;
--
-- AUTO_INCREMENT for table `OnlineOrderItem`
--
ALTER TABLE `OnlineOrderItem`
  MODIFY `id` int(11) NOT NULL AUTO_INCREMENT;
--
-- AUTO_INCREMENT for table `Order`
--
ALTER TABLE `Order`
  MODIFY `id` int(11) NOT NULL AUTO_INCREMENT;
--
-- AUTO_INCREMENT for table `orders`
--
ALTER TABLE `orders`
  MODIFY `id` int(11) NOT NULL AUTO_INCREMENT,AUTO_INCREMENT=3;
--
-- AUTO_INCREMENT for table `order_items`
--
ALTER TABLE `order_items`
  MODIFY `id` int(11) NOT NULL AUTO_INCREMENT,AUTO_INCREMENT=3;
--
-- AUTO_INCREMENT for table `page`
--
ALTER TABLE `page`
  MODIFY `id` int(11) NOT NULL AUTO_INCREMENT,AUTO_INCREMENT=65;
--
-- AUTO_INCREMENT for table `PageFile`
--
ALTER TABLE `PageFile`
  MODIFY `id` int(11) NOT NULL AUTO_INCREMENT;
--
-- AUTO_INCREMENT for table `PageMeta`
--
ALTER TABLE `PageMeta`
  MODIFY `id` int(11) NOT NULL AUTO_INCREMENT;
--
-- AUTO_INCREMENT for table `PageModule`
--
ALTER TABLE `PageModule`
  MODIFY `id` int(11) NOT NULL AUTO_INCREMENT,AUTO_INCREMENT=133;
--
-- AUTO_INCREMENT for table `PattyCash`
--
ALTER TABLE `PattyCash`
  MODIFY `id` int(11) NOT NULL AUTO_INCREMENT;
--
-- AUTO_INCREMENT for table `PaymentCard`
--
ALTER TABLE `PaymentCard`
  MODIFY `id` int(11) NOT NULL AUTO_INCREMENT,AUTO_INCREMENT=3;
--
-- AUTO_INCREMENT for table `PaymentMethod`
--
ALTER TABLE `PaymentMethod`
  MODIFY `id` int(11) NOT NULL AUTO_INCREMENT;
--
-- AUTO_INCREMENT for table `PaymentSalary`
--
ALTER TABLE `PaymentSalary`
  MODIFY `id` int(11) NOT NULL AUTO_INCREMENT,AUTO_INCREMENT=8;
--
-- AUTO_INCREMENT for table `PaymentType`
--
ALTER TABLE `PaymentType`
  MODIFY `id` int(11) NOT NULL AUTO_INCREMENT,AUTO_INCREMENT=6;
--
-- AUTO_INCREMENT for table `PettyCash`
--
ALTER TABLE `PettyCash`
  MODIFY `id` int(11) NOT NULL AUTO_INCREMENT,AUTO_INCREMENT=2;
--
-- AUTO_INCREMENT for table `photo_gallery`
--
ALTER TABLE `photo_gallery`
  MODIFY `id` int(11) NOT NULL AUTO_INCREMENT,AUTO_INCREMENT=12;
--
-- AUTO_INCREMENT for table `PortalBankAccount`
--
ALTER TABLE `PortalBankAccount`
  MODIFY `id` int(11) NOT NULL AUTO_INCREMENT,AUTO_INCREMENT=2;
--
-- AUTO_INCREMENT for table `PortalBkashAccount`
--
ALTER TABLE `PortalBkashAccount`
  MODIFY `id` int(11) NOT NULL AUTO_INCREMENT,AUTO_INCREMENT=3;
--
-- AUTO_INCREMENT for table `Portfolio`
--
ALTER TABLE `Portfolio`
  MODIFY `id` int(11) NOT NULL AUTO_INCREMENT,AUTO_INCREMENT=4;
--
-- AUTO_INCREMENT for table `PreOrder`
--
ALTER TABLE `PreOrder`
  MODIFY `id` int(11) NOT NULL AUTO_INCREMENT,AUTO_INCREMENT=9;
--
-- AUTO_INCREMENT for table `PreOrderItem`
--
ALTER TABLE `PreOrderItem`
  MODIFY `id` int(11) NOT NULL AUTO_INCREMENT,AUTO_INCREMENT=16;
--
-- AUTO_INCREMENT for table `Product`
--
ALTER TABLE `Product`
  MODIFY `id` int(11) NOT NULL AUTO_INCREMENT;
--
-- AUTO_INCREMENT for table `ProductCustomAttribute`
--
ALTER TABLE `ProductCustomAttribute`
  MODIFY `id` int(11) NOT NULL AUTO_INCREMENT;
--
-- AUTO_INCREMENT for table `ProductGallery`
--
ALTER TABLE `ProductGallery`
  MODIFY `id` int(11) NOT NULL AUTO_INCREMENT;
--
-- AUTO_INCREMENT for table `ProductReview`
--
ALTER TABLE `ProductReview`
  MODIFY `id` int(11) NOT NULL AUTO_INCREMENT;
--
-- AUTO_INCREMENT for table `ProductUnit`
--
ALTER TABLE `ProductUnit`
  MODIFY `id` int(11) NOT NULL AUTO_INCREMENT,AUTO_INCREMENT=5;
--
-- AUTO_INCREMENT for table `product_import`
--
ALTER TABLE `product_import`
  MODIFY `id` int(11) NOT NULL AUTO_INCREMENT,AUTO_INCREMENT=1630;
--
-- AUTO_INCREMENT for table `Purchase`
--
ALTER TABLE `Purchase`
  MODIFY `id` int(11) NOT NULL AUTO_INCREMENT,AUTO_INCREMENT=111;
--
-- AUTO_INCREMENT for table `PurchaseItem`
--
ALTER TABLE `PurchaseItem`
  MODIFY `id` int(11) NOT NULL AUTO_INCREMENT,AUTO_INCREMENT=1171;
--
-- AUTO_INCREMENT for table `PurchaseOrder`
--
ALTER TABLE `PurchaseOrder`
  MODIFY `id` int(11) NOT NULL AUTO_INCREMENT,AUTO_INCREMENT=2;
--
-- AUTO_INCREMENT for table `PurchaseReturn`
--
ALTER TABLE `PurchaseReturn`
  MODIFY `id` int(11) NOT NULL AUTO_INCREMENT;
--
-- AUTO_INCREMENT for table `PurchaseReturnItem`
--
ALTER TABLE `PurchaseReturnItem`
  MODIFY `id` int(11) NOT NULL AUTO_INCREMENT;
--
-- AUTO_INCREMENT for table `PurchaseVendorItem`
--
ALTER TABLE `PurchaseVendorItem`
  MODIFY `id` int(11) NOT NULL AUTO_INCREMENT,AUTO_INCREMENT=341;
--
-- AUTO_INCREMENT for table `ReturnPurchase`
--
ALTER TABLE `ReturnPurchase`
  MODIFY `id` int(11) NOT NULL AUTO_INCREMENT;
--
-- AUTO_INCREMENT for table `SalarySetting`
--
ALTER TABLE `SalarySetting`
  MODIFY `id` int(11) NOT NULL AUTO_INCREMENT,AUTO_INCREMENT=5;
--
-- AUTO_INCREMENT for table `Sales`
--
ALTER TABLE `Sales`
  MODIFY `id` int(11) NOT NULL AUTO_INCREMENT,AUTO_INCREMENT=31;
--
-- AUTO_INCREMENT for table `salesImport`
--
ALTER TABLE `salesImport`
  MODIFY `id` int(11) NOT NULL AUTO_INCREMENT,AUTO_INCREMENT=17;
--
-- AUTO_INCREMENT for table `SalesItem`
--
ALTER TABLE `SalesItem`
  MODIFY `id` int(11) NOT NULL AUTO_INCREMENT,AUTO_INCREMENT=24;
--
-- AUTO_INCREMENT for table `SalesReturn`
--
ALTER TABLE `SalesReturn`
  MODIFY `id` int(11) NOT NULL AUTO_INCREMENT;
--
-- AUTO_INCREMENT for table `SalesReturnItem`
--
ALTER TABLE `SalesReturnItem`
  MODIFY `id` int(11) NOT NULL AUTO_INCREMENT;
--
-- AUTO_INCREMENT for table `Scholarship`
--
ALTER TABLE `Scholarship`
  MODIFY `id` int(11) NOT NULL AUTO_INCREMENT;
--
-- AUTO_INCREMENT for table `Service`
--
ALTER TABLE `Service`
  MODIFY `id` int(11) NOT NULL AUTO_INCREMENT,AUTO_INCREMENT=6;
--
-- AUTO_INCREMENT for table `Setting`
--
ALTER TABLE `Setting`
  MODIFY `id` int(11) NOT NULL AUTO_INCREMENT;
--
-- AUTO_INCREMENT for table `SiteContent`
--
ALTER TABLE `SiteContent`
  MODIFY `id` int(11) NOT NULL AUTO_INCREMENT,AUTO_INCREMENT=4;
--
-- AUTO_INCREMENT for table `SiteSetting`
--
ALTER TABLE `SiteSetting`
  MODIFY `id` int(11) NOT NULL AUTO_INCREMENT,AUTO_INCREMENT=31;
--
-- AUTO_INCREMENT for table `SiteSlider`
--
ALTER TABLE `SiteSlider`
  MODIFY `id` int(11) NOT NULL AUTO_INCREMENT,AUTO_INCREMENT=6;
--
-- AUTO_INCREMENT for table `SmsEmailPricing`
--
ALTER TABLE `SmsEmailPricing`
  MODIFY `id` int(11) NOT NULL AUTO_INCREMENT,AUTO_INCREMENT=5;
--
-- AUTO_INCREMENT for table `StockItem`
--
ALTER TABLE `StockItem`
  MODIFY `id` int(11) NOT NULL AUTO_INCREMENT,AUTO_INCREMENT=1189;
--
-- AUTO_INCREMENT for table `Student`
--
ALTER TABLE `Student`
  MODIFY `id` int(11) NOT NULL AUTO_INCREMENT;
--
-- AUTO_INCREMENT for table `StudyAbroad`
--
ALTER TABLE `StudyAbroad`
  MODIFY `id` int(11) NOT NULL AUTO_INCREMENT;
--
-- AUTO_INCREMENT for table `SubscribeEmail`
--
ALTER TABLE `SubscribeEmail`
  MODIFY `id` int(11) NOT NULL AUTO_INCREMENT;
--
-- AUTO_INCREMENT for table `supplier`
--
ALTER TABLE `supplier`
  MODIFY `id` int(11) NOT NULL AUTO_INCREMENT,AUTO_INCREMENT=55;
--
-- AUTO_INCREMENT for table `sylius_adjustment`
--
ALTER TABLE `sylius_adjustment`
  MODIFY `id` int(11) NOT NULL AUTO_INCREMENT;
--
-- AUTO_INCREMENT for table `sylius_cart`
--
ALTER TABLE `sylius_cart`
  MODIFY `id` int(11) NOT NULL AUTO_INCREMENT;
--
-- AUTO_INCREMENT for table `sylius_order_comment`
--
ALTER TABLE `sylius_order_comment`
  MODIFY `id` int(11) NOT NULL AUTO_INCREMENT;
--
-- AUTO_INCREMENT for table `sylius_order_identity`
--
ALTER TABLE `sylius_order_identity`
  MODIFY `id` int(11) NOT NULL AUTO_INCREMENT;
--
-- AUTO_INCREMENT for table `syndicate`
--
ALTER TABLE `syndicate`
  MODIFY `id` int(11) NOT NULL AUTO_INCREMENT,AUTO_INCREMENT=225;
--
-- AUTO_INCREMENT for table `SyndicateContent`
--
ALTER TABLE `SyndicateContent`
  MODIFY `id` int(11) NOT NULL AUTO_INCREMENT;
--
-- AUTO_INCREMENT for table `SyndicateModule`
--
ALTER TABLE `SyndicateModule`
  MODIFY `id` int(11) NOT NULL AUTO_INCREMENT,AUTO_INCREMENT=9;
--
-- AUTO_INCREMENT for table `syndicate_orginial`
--
ALTER TABLE `syndicate_orginial`
  MODIFY `id` int(11) NOT NULL AUTO_INCREMENT,AUTO_INCREMENT=220;
--
-- AUTO_INCREMENT for table `Team`
--
ALTER TABLE `Team`
  MODIFY `id` int(11) NOT NULL AUTO_INCREMENT,AUTO_INCREMENT=6;
--
-- AUTO_INCREMENT for table `TemplateCustomize`
--
ALTER TABLE `TemplateCustomize`
  MODIFY `id` int(11) NOT NULL AUTO_INCREMENT,AUTO_INCREMENT=27;
--
-- AUTO_INCREMENT for table `Templating`
--
ALTER TABLE `Templating`
  MODIFY `id` int(11) NOT NULL AUTO_INCREMENT;
--
-- AUTO_INCREMENT for table `Testimonial`
--
ALTER TABLE `Testimonial`
  MODIFY `id` int(11) NOT NULL AUTO_INCREMENT,AUTO_INCREMENT=10;
--
-- AUTO_INCREMENT for table `Theme`
--
ALTER TABLE `Theme`
  MODIFY `id` int(11) NOT NULL AUTO_INCREMENT,AUTO_INCREMENT=7;
--
-- AUTO_INCREMENT for table `Timeline`
--
ALTER TABLE `Timeline`
  MODIFY `id` int(11) NOT NULL AUTO_INCREMENT;
--
-- AUTO_INCREMENT for table `TradeItem`
--
ALTER TABLE `TradeItem`
  MODIFY `id` int(11) NOT NULL AUTO_INCREMENT,AUTO_INCREMENT=4;
--
-- AUTO_INCREMENT for table `Transaction`
--
ALTER TABLE `Transaction`
  MODIFY `id` int(11) NOT NULL AUTO_INCREMENT,AUTO_INCREMENT=245;
--
-- AUTO_INCREMENT for table `Tutor`
--
ALTER TABLE `Tutor`
  MODIFY `id` int(11) NOT NULL AUTO_INCREMENT;
--
-- AUTO_INCREMENT for table `Tutorial`
--
ALTER TABLE `Tutorial`
  MODIFY `id` int(11) NOT NULL AUTO_INCREMENT;
--
-- AUTO_INCREMENT for table `UserInbox`
--
ALTER TABLE `UserInbox`
  MODIFY `id` int(11) NOT NULL AUTO_INCREMENT;
--
-- AUTO_INCREMENT for table `user_group`
--
ALTER TABLE `user_group`
  MODIFY `id` int(11) NOT NULL AUTO_INCREMENT;
--
-- AUTO_INCREMENT for table `user_profiles`
--
ALTER TABLE `user_profiles`
  MODIFY `id` int(11) NOT NULL AUTO_INCREMENT,AUTO_INCREMENT=46;
--
-- AUTO_INCREMENT for table `Vendor`
--
ALTER TABLE `Vendor`
  MODIFY `id` int(11) NOT NULL AUTO_INCREMENT;
--
-- AUTO_INCREMENT for table `WareHouse`
--
ALTER TABLE `WareHouse`
  MODIFY `id` int(11) NOT NULL AUTO_INCREMENT,AUTO_INCREMENT=6;
--
-- AUTO_INCREMENT for table `WebTheme`
--
ALTER TABLE `WebTheme`
  MODIFY `id` int(11) NOT NULL AUTO_INCREMENT;
--
-- Constraints for dumped tables
--

--
-- Constraints for table `Academic`
--
ALTER TABLE `Academic`
  ADD CONSTRAINT `Academic_ibfk_1` FOREIGN KEY (`tutor_id`) REFERENCES `Tutor` (`id`);

--
-- Constraints for table `AcademicMeta`
--
ALTER TABLE `AcademicMeta`
  ADD CONSTRAINT `AcademicMeta_ibfk_1` FOREIGN KEY (`tutor_id`) REFERENCES `Tutor` (`id`);

--
-- Constraints for table `AccessRole`
--
ALTER TABLE `AccessRole`
  ADD CONSTRAINT `FK_952D62ABB7312FF` FOREIGN KEY (`appModule_id`) REFERENCES `AppModule` (`id`);

--
-- Constraints for table `AccountBank`
--
ALTER TABLE `AccountBank`
  ADD CONSTRAINT `AccountBank_ibfk_1` FOREIGN KEY (`bank_id`) REFERENCES `Bank` (`id`),
  ADD CONSTRAINT `AccountBank_ibfk_2` FOREIGN KEY (`createdBy_id`) REFERENCES `fos_user` (`id`),
  ADD CONSTRAINT `AccountBank_ibfk_4` FOREIGN KEY (`toUser_id`) REFERENCES `fos_user` (`id`),
  ADD CONSTRAINT `AccountBank_ibfk_5` FOREIGN KEY (`accountHead_id`) REFERENCES `AccountHead` (`id`),
  ADD CONSTRAINT `AccountBank_ibfk_6` FOREIGN KEY (`approvedBy_id`) REFERENCES `fos_user` (`id`),
  ADD CONSTRAINT `FK_F35EDF37DC938C82` FOREIGN KEY (`globalOption_id`) REFERENCES `GlobalOption` (`id`);

--
-- Constraints for table `AccountHead`
--
ALTER TABLE `AccountHead`
  ADD CONSTRAINT `AccountHead_ibfk_1` FOREIGN KEY (`parent`) REFERENCES `AccountHead` (`id`) ON DELETE SET NULL;

--
-- Constraints for table `AccountJournal`
--
ALTER TABLE `AccountJournal`
  ADD CONSTRAINT `AccountJournal_ibfk_1` FOREIGN KEY (`bank_id`) REFERENCES `Bank` (`id`),
  ADD CONSTRAINT `AccountJournal_ibfk_2` FOREIGN KEY (`createdBy_id`) REFERENCES `fos_user` (`id`),
  ADD CONSTRAINT `AccountJournal_ibfk_3` FOREIGN KEY (`inventoryConfig_id`) REFERENCES `InventoryConfig` (`id`),
  ADD CONSTRAINT `AccountJournal_ibfk_4` FOREIGN KEY (`accountHeadDebit_id`) REFERENCES `AccountHead` (`id`),
  ADD CONSTRAINT `AccountJournal_ibfk_5` FOREIGN KEY (`accountHeadCredit_id`) REFERENCES `AccountHead` (`id`),
  ADD CONSTRAINT `AccountJournal_ibfk_6` FOREIGN KEY (`customer_id`) REFERENCES `Customer` (`id`),
  ADD CONSTRAINT `AccountJournal_ibfk_7` FOREIGN KEY (`toUser_id`) REFERENCES `fos_user` (`id`),
  ADD CONSTRAINT `AccountJournal_ibfk_8` FOREIGN KEY (`vendor_id`) REFERENCES `supplier` (`id`),
  ADD CONSTRAINT `AccountJournal_ibfk_9` FOREIGN KEY (`approvedBy_id`) REFERENCES `fos_user` (`id`),
  ADD CONSTRAINT `FK_1D798FF9DC938C82` FOREIGN KEY (`globalOption_id`) REFERENCES `GlobalOption` (`id`);

--
-- Constraints for table `AccountPurchase`
--
ALTER TABLE `AccountPurchase`
  ADD CONSTRAINT `AccountPurchase_ibfk_1` FOREIGN KEY (`bank_id`) REFERENCES `Bank` (`id`),
  ADD CONSTRAINT `AccountPurchase_ibfk_2` FOREIGN KEY (`createdBy_id`) REFERENCES `fos_user` (`id`),
  ADD CONSTRAINT `AccountPurchase_ibfk_3` FOREIGN KEY (`inventoryConfig_id`) REFERENCES `InventoryConfig` (`id`),
  ADD CONSTRAINT `AccountPurchase_ibfk_4` FOREIGN KEY (`purchase_id`) REFERENCES `Purchase` (`id`),
  ADD CONSTRAINT `AccountPurchase_ibfk_5` FOREIGN KEY (`purchaseReturn_id`) REFERENCES `PurchaseReturn` (`id`),
  ADD CONSTRAINT `AccountPurchase_ibfk_6` FOREIGN KEY (`toUser_id`) REFERENCES `fos_user` (`id`),
  ADD CONSTRAINT `AccountPurchase_ibfk_7` FOREIGN KEY (`accountHead_id`) REFERENCES `AccountHead` (`id`),
  ADD CONSTRAINT `AccountPurchase_ibfk_8` FOREIGN KEY (`vendor_id`) REFERENCES `supplier` (`id`),
  ADD CONSTRAINT `AccountPurchase_ibfk_9` FOREIGN KEY (`approvedBy_id`) REFERENCES `fos_user` (`id`),
  ADD CONSTRAINT `FK_ADC778C6DC938C82` FOREIGN KEY (`globalOption_id`) REFERENCES `GlobalOption` (`id`);

--
-- Constraints for table `AccountSales`
--
ALTER TABLE `AccountSales`
  ADD CONSTRAINT `AccountSales_ibfk_1` FOREIGN KEY (`bank_id`) REFERENCES `Bank` (`id`),
  ADD CONSTRAINT `AccountSales_ibfk_2` FOREIGN KEY (`createdBy_id`) REFERENCES `fos_user` (`id`),
  ADD CONSTRAINT `AccountSales_ibfk_3` FOREIGN KEY (`inventoryConfig_id`) REFERENCES `InventoryConfig` (`id`),
  ADD CONSTRAINT `AccountSales_ibfk_4` FOREIGN KEY (`customer_id`) REFERENCES `Customer` (`id`),
  ADD CONSTRAINT `AccountSales_ibfk_5` FOREIGN KEY (`sales_id`) REFERENCES `Sales` (`id`),
  ADD CONSTRAINT `AccountSales_ibfk_6` FOREIGN KEY (`salesReturn_id`) REFERENCES `SalesReturn` (`id`),
  ADD CONSTRAINT `AccountSales_ibfk_7` FOREIGN KEY (`accountHead_id`) REFERENCES `AccountHead` (`id`),
  ADD CONSTRAINT `AccountSales_ibfk_8` FOREIGN KEY (`approvedBy_id`) REFERENCES `fos_user` (`id`),
  ADD CONSTRAINT `FK_63C77309DC938C82` FOREIGN KEY (`globalOption_id`) REFERENCES `GlobalOption` (`id`);

--
-- Constraints for table `Admission`
--
ALTER TABLE `Admission`
  ADD CONSTRAINT `Admission_ibfk_1` FOREIGN KEY (`course_id`) REFERENCES `Course` (`id`),
  ADD CONSTRAINT `Admission_ibfk_3` FOREIGN KEY (`createUser_id`) REFERENCES `fos_user` (`id`),
  ADD CONSTRAINT `Admission_ibfk_4` FOREIGN KEY (`courseLevel_id`) REFERENCES `CourseLevel` (`id`);

--
-- Constraints for table `AdmissionComment`
--
ALTER TABLE `AdmissionComment`
  ADD CONSTRAINT `AdmissionComment_ibfk_1` FOREIGN KEY (`admission_id`) REFERENCES `Admission` (`id`);

--
-- Constraints for table `admission_branch`
--
ALTER TABLE `admission_branch`
  ADD CONSTRAINT `admission_branch_ibfk_1` FOREIGN KEY (`admission_id`) REFERENCES `Admission` (`id`) ON DELETE CASCADE,
  ADD CONSTRAINT `admission_branch_ibfk_2` FOREIGN KEY (`branch_id`) REFERENCES `Branch` (`id`) ON DELETE CASCADE;

--
-- Constraints for table `AdsTool`
--
ALTER TABLE `AdsTool`
  ADD CONSTRAINT `AdsTool_ibfk_1` FOREIGN KEY (`globalOption_id`) REFERENCES `GlobalOption` (`id`);

--
-- Constraints for table `Advertisment`
--
ALTER TABLE `Advertisment`
  ADD CONSTRAINT `Advertisment_ibfk_1` FOREIGN KEY (`globalOption_id`) REFERENCES `GlobalOption` (`id`);

--
-- Constraints for table `Apartment`
--
ALTER TABLE `Apartment`
  ADD CONSTRAINT `FK_CF8FEAF7A76ED395` FOREIGN KEY (`user_id`) REFERENCES `fos_user` (`id`);

--
-- Constraints for table `ApplicationPricing`
--
ALTER TABLE `ApplicationPricing`
  ADD CONSTRAINT `FK_3E0AC6D93CBC22` FOREIGN KEY (`syndicateModule_id`) REFERENCES `SyndicateModule` (`id`),
  ADD CONSTRAINT `FK_3E0AC6D9B7312FF` FOREIGN KEY (`appModule_id`) REFERENCES `AppModule` (`id`);

--
-- Constraints for table `BankAccount`
--
ALTER TABLE `BankAccount`
  ADD CONSTRAINT `FK_ED41281111C8FB41` FOREIGN KEY (`bank_id`) REFERENCES `Bank` (`id`);

--
-- Constraints for table `Blackout`
--
ALTER TABLE `Blackout`
  ADD CONSTRAINT `FK_F53A2983DC938C82` FOREIGN KEY (`globalOption_id`) REFERENCES `GlobalOption` (`id`);

--
-- Constraints for table `Blog`
--
ALTER TABLE `Blog`
  ADD CONSTRAINT `Blog_ibfk_1` FOREIGN KEY (`user_id`) REFERENCES `fos_user` (`id`),
  ADD CONSTRAINT `Blog_ibfk_2` FOREIGN KEY (`photoGallery_id`) REFERENCES `photo_gallery` (`id`),
  ADD CONSTRAINT `FK_6027FE7DDC938C82` FOREIGN KEY (`globalOption_id`) REFERENCES `GlobalOption` (`id`);

--
-- Constraints for table `BlogComment`
--
ALTER TABLE `BlogComment`
  ADD CONSTRAINT `BlogComment_ibfk_1` FOREIGN KEY (`blog_id`) REFERENCES `Blog` (`id`);

--
-- Constraints for table `Branch`
--
ALTER TABLE `Branch`
  ADD CONSTRAINT `Branch_ibfk_1` FOREIGN KEY (`user_id`) REFERENCES `fos_user` (`id`),
  ADD CONSTRAINT `FK_BC2A1E29DC938C82` FOREIGN KEY (`globalOption_id`) REFERENCES `GlobalOption` (`id`);

--
-- Constraints for table `branding_category`
--
ALTER TABLE `branding_category`
  ADD CONSTRAINT `branding_category_ibfk_1` FOREIGN KEY (`category_id`) REFERENCES `categories` (`id`) ON DELETE CASCADE,
  ADD CONSTRAINT `branding_category_ibfk_2` FOREIGN KEY (`branding_id`) REFERENCES `Branding` (`id`) ON DELETE CASCADE;

--
-- Constraints for table `cart_item`
--
ALTER TABLE `cart_item`
  ADD CONSTRAINT `cart_item_ibfk_1` FOREIGN KEY (`product_id`) REFERENCES `Product` (`id`),
  ADD CONSTRAINT `cart_item_ibfk_2` FOREIGN KEY (`order_id`) REFERENCES `sylius_cart` (`id`);

--
-- Constraints for table `Cash`
--
ALTER TABLE `Cash`
  ADD CONSTRAINT `FK_A68B4A87DC938C82` FOREIGN KEY (`globalOption_id`) REFERENCES `GlobalOption` (`id`);

--
-- Constraints for table `categories`
--
ALTER TABLE `categories`
  ADD CONSTRAINT `categories_ibfk_1` FOREIGN KEY (`inventoryConfig_id`) REFERENCES `InventoryConfig` (`id`),
  ADD CONSTRAINT `categories_ibfk_2` FOREIGN KEY (`parent`) REFERENCES `categories` (`id`) ON DELETE SET NULL;

--
-- Constraints for table `CategoryGrouping`
--
ALTER TABLE `CategoryGrouping`
  ADD CONSTRAINT `CategoryGrouping_ibfk_1` FOREIGN KEY (`user_id`) REFERENCES `fos_user` (`id`);

--
-- Constraints for table `categorygrouping_category`
--
ALTER TABLE `categorygrouping_category`
  ADD CONSTRAINT `categorygrouping_category_ibfk_1` FOREIGN KEY (`category_id`) REFERENCES `categories` (`id`) ON DELETE CASCADE,
  ADD CONSTRAINT `categorygrouping_category_ibfk_2` FOREIGN KEY (`categorygrouping_id`) REFERENCES `CategoryGrouping` (`id`) ON DELETE CASCADE;

--
-- Constraints for table `ClassRoutine`
--
ALTER TABLE `ClassRoutine`
  ADD CONSTRAINT `FK_AA159F89DC938C82` FOREIGN KEY (`globalOption_id`) REFERENCES `GlobalOption` (`id`);

--
-- Constraints for table `Collection`
--
ALTER TABLE `Collection`
  ADD CONSTRAINT `Collection_ibfk_1` FOREIGN KEY (`parent`) REFERENCES `Collection` (`id`) ON DELETE SET NULL;

--
-- Constraints for table `ColorSize`
--
ALTER TABLE `ColorSize`
  ADD CONSTRAINT `ColorSize_ibfk_1` FOREIGN KEY (`inventoryConfig_id`) REFERENCES `InventoryConfig` (`id`);

--
-- Constraints for table `Comment`
--
ALTER TABLE `Comment`
  ADD CONSTRAINT `Comment_ibfk_1` FOREIGN KEY (`thread_id`) REFERENCES `Thread` (`id`),
  ADD CONSTRAINT `Comment_ibfk_2` FOREIGN KEY (`author_id`) REFERENCES `fos_user` (`id`);

--
-- Constraints for table `ContactMessage`
--
ALTER TABLE `ContactMessage`
  ADD CONSTRAINT `ContactMessage_ibfk_1` FOREIGN KEY (`user_id`) REFERENCES `fos_user` (`id`),
  ADD CONSTRAINT `FK_DDC5A139DC938C82` FOREIGN KEY (`globalOption_id`) REFERENCES `GlobalOption` (`id`);

--
-- Constraints for table `ContactPage`
--
ALTER TABLE `ContactPage`
  ADD CONSTRAINT `ContactPage_ibfk_1` FOREIGN KEY (`thana_id`) REFERENCES `locations` (`id`),
  ADD CONSTRAINT `ContactPage_ibfk_2` FOREIGN KEY (`user_id`) REFERENCES `fos_user` (`id`),
  ADD CONSTRAINT `ContactPage_ibfk_3` FOREIGN KEY (`district_id`) REFERENCES `locations` (`id`),
  ADD CONSTRAINT `ContactPage_ibfk_4` FOREIGN KEY (`globalOption_id`) REFERENCES `GlobalOption` (`id`);

--
-- Constraints for table `ContentFile`
--
ALTER TABLE `ContentFile`
  ADD CONSTRAINT `FK_52B159F684A0A3ED` FOREIGN KEY (`content_id`) REFERENCES `contents` (`id`);

--
-- Constraints for table `contents`
--
ALTER TABLE `contents`
  ADD CONSTRAINT `FK_B4FA11773D8E604F` FOREIGN KEY (`parent`) REFERENCES `contents` (`id`) ON DELETE SET NULL,
  ADD CONSTRAINT `FK_B4FA11776274C9D0` FOREIGN KEY (`moduleCategory_id`) REFERENCES `ModuleCategory` (`id`),
  ADD CONSTRAINT `FK_B4FA1177A76ED395` FOREIGN KEY (`user_id`) REFERENCES `fos_user` (`id`),
  ADD CONSTRAINT `FK_B4FA1177AFC2B591` FOREIGN KEY (`module_id`) REFERENCES `Module` (`id`),
  ADD CONSTRAINT `FK_B4FA1177BD85B63` FOREIGN KEY (`photoGallery_id`) REFERENCES `photo_gallery` (`id`),
  ADD CONSTRAINT `FK_B4FA1177DC938C82` FOREIGN KEY (`globalOption_id`) REFERENCES `GlobalOption` (`id`),
  ADD CONSTRAINT `FK_B4FA1177F1D001B7` FOREIGN KEY (`contentFiles_id`) REFERENCES `ContentFile` (`id`);

--
-- Constraints for table `course_courselevel`
--
ALTER TABLE `course_courselevel`
  ADD CONSTRAINT `course_courselevel_ibfk_1` FOREIGN KEY (`courselevel_id`) REFERENCES `CourseLevel` (`id`) ON DELETE CASCADE,
  ADD CONSTRAINT `course_courselevel_ibfk_2` FOREIGN KEY (`course_id`) REFERENCES `Course` (`id`) ON DELETE CASCADE;

--
-- Constraints for table `Customer`
--
ALTER TABLE `Customer`
  ADD CONSTRAINT `Customer_ibfk_1` FOREIGN KEY (`thana_id`) REFERENCES `locations` (`id`),
  ADD CONSTRAINT `Customer_ibfk_2` FOREIGN KEY (`district_id`) REFERENCES `locations` (`id`),
  ADD CONSTRAINT `Customer_ibfk_3` FOREIGN KEY (`globalOption_id`) REFERENCES `GlobalOption` (`id`);

--
-- Constraints for table `CustomerInbox`
--
ALTER TABLE `CustomerInbox`
  ADD CONSTRAINT `FK_51A43A49395C3F3` FOREIGN KEY (`customer_id`) REFERENCES `Customer` (`id`),
  ADD CONSTRAINT `FK_51A43A49899AB9A` FOREIGN KEY (`replyUser_id`) REFERENCES `fos_user` (`id`);

--
-- Constraints for table `Damage`
--
ALTER TABLE `Damage`
  ADD CONSTRAINT `FK_1664515A126F525E` FOREIGN KEY (`item_id`) REFERENCES `Item` (`id`),
  ADD CONSTRAINT `FK_1664515A3174800F` FOREIGN KEY (`createdBy_id`) REFERENCES `fos_user` (`id`),
  ADD CONSTRAINT `FK_1664515A3CA07BD1` FOREIGN KEY (`inventoryConfig_id`) REFERENCES `InventoryConfig` (`id`),
  ADD CONSTRAINT `FK_1664515AFACFC38A` FOREIGN KEY (`approvedBy_id`) REFERENCES `fos_user` (`id`),
  ADD CONSTRAINT `FK_1664515AFF8E8E14` FOREIGN KEY (`purchaseItem_id`) REFERENCES `PurchaseItem` (`id`);

--
-- Constraints for table `DomainUser`
--
ALTER TABLE `DomainUser`
  ADD CONSTRAINT `DomainUser_ibfk_1` FOREIGN KEY (`globalOption_id`) REFERENCES `GlobalOption` (`id`);

--
-- Constraints for table `EcommerceConfig`
--
ALTER TABLE `EcommerceConfig`
  ADD CONSTRAINT `FK_D6B8BEC5DC938C82` FOREIGN KEY (`globalOption_id`) REFERENCES `GlobalOption` (`id`);

--
-- Constraints for table `Education`
--
ALTER TABLE `Education`
  ADD CONSTRAINT `Education_ibfk_1` FOREIGN KEY (`location_id`) REFERENCES `locations` (`id`),
  ADD CONSTRAINT `Education_ibfk_2` FOREIGN KEY (`user_id`) REFERENCES `fos_user` (`id`) ON DELETE CASCADE;

--
-- Constraints for table `education_courselevel`
--
ALTER TABLE `education_courselevel`
  ADD CONSTRAINT `education_courselevel_ibfk_1` FOREIGN KEY (`courselevel_id`) REFERENCES `CourseLevel` (`id`) ON DELETE CASCADE,
  ADD CONSTRAINT `education_courselevel_ibfk_2` FOREIGN KEY (`education_id`) REFERENCES `Education` (`id`) ON DELETE CASCADE;

--
-- Constraints for table `education_institutelevel`
--
ALTER TABLE `education_institutelevel`
  ADD CONSTRAINT `education_institutelevel_ibfk_1` FOREIGN KEY (`education_id`) REFERENCES `Education` (`id`) ON DELETE CASCADE,
  ADD CONSTRAINT `education_institutelevel_ibfk_2` FOREIGN KEY (`institutelevel_id`) REFERENCES `instituteLevel` (`id`) ON DELETE CASCADE;

--
-- Constraints for table `EmailBox`
--
ALTER TABLE `EmailBox`
  ADD CONSTRAINT `EmailBox_ibfk_1` FOREIGN KEY (`user_id`) REFERENCES `fos_user` (`id`);

--
-- Constraints for table `EmployeeSalary`
--
ALTER TABLE `EmployeeSalary`
  ADD CONSTRAINT `FK_3CEE277A3174800F` FOREIGN KEY (`createdBy_id`) REFERENCES `fos_user` (`id`),
  ADD CONSTRAINT `FK_3CEE277AA76ED395` FOREIGN KEY (`user_id`) REFERENCES `fos_user` (`id`),
  ADD CONSTRAINT `FK_3CEE277ADC938C82` FOREIGN KEY (`globalOption_id`) REFERENCES `GlobalOption` (`id`),
  ADD CONSTRAINT `FK_3CEE277AFACFC38A` FOREIGN KEY (`approvedBy_id`) REFERENCES `fos_user` (`id`);

--
-- Constraints for table `Event`
--
ALTER TABLE `Event`
  ADD CONSTRAINT `Event_ibfk_1` FOREIGN KEY (`user_id`) REFERENCES `fos_user` (`id`),
  ADD CONSTRAINT `Event_ibfk_2` FOREIGN KEY (`photoGallery_id`) REFERENCES `photo_gallery` (`id`),
  ADD CONSTRAINT `FK_FA6F25A3DC938C82` FOREIGN KEY (`globalOption_id`) REFERENCES `GlobalOption` (`id`);

--
-- Constraints for table `excel_importer`
--
ALTER TABLE `excel_importer`
  ADD CONSTRAINT `excel_importer_ibfk_1` FOREIGN KEY (`inventoryConfig_id`) REFERENCES `InventoryConfig` (`id`);

--
-- Constraints for table `Expenditure`
--
ALTER TABLE `Expenditure`
  ADD CONSTRAINT `Expenditure_ibfk_1` FOREIGN KEY (`createdBy_id`) REFERENCES `fos_user` (`id`),
  ADD CONSTRAINT `Expenditure_ibfk_3` FOREIGN KEY (`toUser_id`) REFERENCES `fos_user` (`id`),
  ADD CONSTRAINT `Expenditure_ibfk_4` FOREIGN KEY (`accountHead_id`) REFERENCES `AccountHead` (`id`),
  ADD CONSTRAINT `Expenditure_ibfk_5` FOREIGN KEY (`approvedBy_id`) REFERENCES `fos_user` (`id`),
  ADD CONSTRAINT `FK_BD6D03C11C8FB41` FOREIGN KEY (`bank_id`) REFERENCES `Bank` (`id`),
  ADD CONSTRAINT `FK_BD6D03C4785DD44` FOREIGN KEY (`expenseCategory_id`) REFERENCES `expenseCategory` (`id`),
  ADD CONSTRAINT `FK_BD6D03CDC938C82` FOREIGN KEY (`globalOption_id`) REFERENCES `GlobalOption` (`id`);

--
-- Constraints for table `expenseCategory`
--
ALTER TABLE `expenseCategory`
  ADD CONSTRAINT `FK_E669D1D03D8E604F` FOREIGN KEY (`parent`) REFERENCES `expenseCategory` (`id`) ON DELETE SET NULL,
  ADD CONSTRAINT `FK_E669D1D0DC938C82` FOREIGN KEY (`globalOption_id`) REFERENCES `GlobalOption` (`id`);

--
-- Constraints for table `Faq`
--
ALTER TABLE `Faq`
  ADD CONSTRAINT `Faq_ibfk_1` FOREIGN KEY (`user_id`) REFERENCES `fos_user` (`id`),
  ADD CONSTRAINT `FK_D0B2332CDC938C82` FOREIGN KEY (`globalOption_id`) REFERENCES `GlobalOption` (`id`);

--
-- Constraints for table `Flat`
--
ALTER TABLE `Flat`
  ADD CONSTRAINT `FK_F578057ADC938C82` FOREIGN KEY (`globalOption_id`) REFERENCES `GlobalOption` (`id`);

--
-- Constraints for table `FooterSetting`
--
ALTER TABLE `FooterSetting`
  ADD CONSTRAINT `FooterSetting_ibfk_1` FOREIGN KEY (`globalOption_id`) REFERENCES `GlobalOption` (`id`);

--
-- Constraints for table `fos_user`
--
ALTER TABLE `fos_user`
  ADD CONSTRAINT `fos_user_ibfk_1` FOREIGN KEY (`globalOption_id`) REFERENCES `GlobalOption` (`id`);

--
-- Constraints for table `GalleryImage`
--
ALTER TABLE `GalleryImage`
  ADD CONSTRAINT `GalleryImage_ibfk_1` FOREIGN KEY (`photoGallery_id`) REFERENCES `photo_gallery` (`id`);

--
-- Constraints for table `GlobalOption`
--
ALTER TABLE `GlobalOption`
  ADD CONSTRAINT `GlobalOption_ibfk_1` FOREIGN KEY (`syndicate_id`) REFERENCES `syndicate` (`id`),
  ADD CONSTRAINT `GlobalOption_ibfk_2` FOREIGN KEY (`location_id`) REFERENCES `locations` (`id`);

--
-- Constraints for table `globaloption_institutelevel`
--
ALTER TABLE `globaloption_institutelevel`
  ADD CONSTRAINT `FK_9A1E534C5E620E21` FOREIGN KEY (`globaloption_id`) REFERENCES `GlobalOption` (`id`) ON DELETE CASCADE,
  ADD CONSTRAINT `FK_9A1E534CD4073482` FOREIGN KEY (`institutelevel_id`) REFERENCES `instituteLevel` (`id`) ON DELETE CASCADE;

--
-- Constraints for table `globaloption_user`
--
ALTER TABLE `globaloption_user`
  ADD CONSTRAINT `globaloption_user_ibfk_1` FOREIGN KEY (`globaloption_id`) REFERENCES `GlobalOption` (`id`) ON DELETE CASCADE,
  ADD CONSTRAINT `globaloption_user_ibfk_2` FOREIGN KEY (`user_id`) REFERENCES `fos_user` (`id`) ON DELETE CASCADE;

--
-- Constraints for table `Goods`
--
ALTER TABLE `Goods`
  ADD CONSTRAINT `Goods_ibfk_1` FOREIGN KEY (`inventoryConfig_id`) REFERENCES `InventoryConfig` (`id`),
  ADD CONSTRAINT `Goods_ibfk_2` FOREIGN KEY (`purchase_id`) REFERENCES `Purchase` (`id`),
  ADD CONSTRAINT `Goods_ibfk_3` FOREIGN KEY (`sales_id`) REFERENCES `Sales` (`id`),
  ADD CONSTRAINT `Goods_ibfk_4` FOREIGN KEY (`purchaseReturn_id`) REFERENCES `PurchaseReturn` (`id`),
  ADD CONSTRAINT `Goods_ibfk_5` FOREIGN KEY (`salesReturn_id`) REFERENCES `SalesReturn` (`id`);

--
-- Constraints for table `GoodsItem`
--
ALTER TABLE `GoodsItem`
  ADD CONSTRAINT `FK_9BB5761410F484E4` FOREIGN KEY (`orderItems_id`) REFERENCES `order_items` (`id`),
  ADD CONSTRAINT `FK_9BB57614498DA827` FOREIGN KEY (`size_id`) REFERENCES `ItemSize` (`id`),
  ADD CONSTRAINT `FK_9BB576147ADA1FB5` FOREIGN KEY (`color_id`) REFERENCES `ItemColor` (`id`),
  ADD CONSTRAINT `FK_9BB576147F14552F` FOREIGN KEY (`purchaseVendorItem_id`) REFERENCES `PurchaseVendorItem` (`id`);

--
-- Constraints for table `HomeBlock`
--
ALTER TABLE `HomeBlock`
  ADD CONSTRAINT `FK_BC28FB5154B9D732` FOREIGN KEY (`icon_id`) REFERENCES `Icon` (`id`),
  ADD CONSTRAINT `HomeBlock_ibfk_1` FOREIGN KEY (`homePage_id`) REFERENCES `HomePage` (`id`),
  ADD CONSTRAINT `HomeBlock_ibfk_2` FOREIGN KEY (`menu_id`) REFERENCES `Menu` (`id`);

--
-- Constraints for table `HomePage`
--
ALTER TABLE `HomePage`
  ADD CONSTRAINT `HomePage_ibfk_1` FOREIGN KEY (`user_id`) REFERENCES `fos_user` (`id`),
  ADD CONSTRAINT `HomePage_ibfk_2` FOREIGN KEY (`photoGallery_id`) REFERENCES `photo_gallery` (`id`),
  ADD CONSTRAINT `HomePage_ibfk_3` FOREIGN KEY (`globalOption_id`) REFERENCES `GlobalOption` (`id`);

--
-- Constraints for table `homepage_module`
--
ALTER TABLE `homepage_module`
  ADD CONSTRAINT `homepage_module_ibfk_1` FOREIGN KEY (`module_id`) REFERENCES `Module` (`id`),
  ADD CONSTRAINT `homepage_module_ibfk_2` FOREIGN KEY (`homePage_id`) REFERENCES `HomePage` (`id`);

--
-- Constraints for table `homepage_syndicate`
--
ALTER TABLE `homepage_syndicate`
  ADD CONSTRAINT `homepage_syndicate_ibfk_1` FOREIGN KEY (`syndicate_id`) REFERENCES `syndicate` (`id`),
  ADD CONSTRAINT `homepage_syndicate_ibfk_2` FOREIGN KEY (`homePage_id`) REFERENCES `HomePage` (`id`);

--
-- Constraints for table `homepage_syndicatemodule`
--
ALTER TABLE `homepage_syndicatemodule`
  ADD CONSTRAINT `homepage_syndicatemodule_ibfk_1` FOREIGN KEY (`homePage_id`) REFERENCES `HomePage` (`id`),
  ADD CONSTRAINT `homepage_syndicatemodule_ibfk_2` FOREIGN KEY (`syndicate_module_id`) REFERENCES `SyndicateModule` (`id`);

--
-- Constraints for table `HomeSlider`
--
ALTER TABLE `HomeSlider`
  ADD CONSTRAINT `FK_6F403EDDC938C82` FOREIGN KEY (`globalOption_id`) REFERENCES `GlobalOption` (`id`),
  ADD CONSTRAINT `HomeSlider_ibfk_1` FOREIGN KEY (`user_id`) REFERENCES `fos_user` (`id`);

--
-- Constraints for table `instituteLevel`
--
ALTER TABLE `instituteLevel`
  ADD CONSTRAINT `instituteLevel_ibfk_1` FOREIGN KEY (`parent`) REFERENCES `instituteLevel` (`id`) ON DELETE SET NULL;

--
-- Constraints for table `InventoryConfig`
--
ALTER TABLE `InventoryConfig`
  ADD CONSTRAINT `InventoryConfig_ibfk_1` FOREIGN KEY (`globalOption_id`) REFERENCES `GlobalOption` (`id`);

--
-- Constraints for table `InvoiceModule`
--
ALTER TABLE `InvoiceModule`
  ADD CONSTRAINT `FK_F14D4C21780E86F` FOREIGN KEY (`paymentBy_id`) REFERENCES `fos_user` (`id`),
  ADD CONSTRAINT `FK_F14D4C23174800F` FOREIGN KEY (`createdBy_id`) REFERENCES `fos_user` (`id`),
  ADD CONSTRAINT `FK_F14D4C2557E80D0` FOREIGN KEY (`portalBankAccount_id`) REFERENCES `PortalBankAccount` (`id`),
  ADD CONSTRAINT `FK_F14D4C2DC938C82` FOREIGN KEY (`globalOption_id`) REFERENCES `GlobalOption` (`id`),
  ADD CONSTRAINT `FK_F14D4C2E6C5D2A3` FOREIGN KEY (`receivedBy_id`) REFERENCES `fos_user` (`id`),
  ADD CONSTRAINT `FK_F14D4C2E8EEBEAC` FOREIGN KEY (`portalBkash_id`) REFERENCES `PortalBkashAccount` (`id`);

--
-- Constraints for table `InvoiceModuleItem`
--
ALTER TABLE `InvoiceModuleItem`
  ADD CONSTRAINT `FK_57FCFB851CDB280A` FOREIGN KEY (`invoiceModule_id`) REFERENCES `InvoiceModule` (`id`),
  ADD CONSTRAINT `FK_57FCFB853CBC22` FOREIGN KEY (`syndicateModule_id`) REFERENCES `SyndicateModule` (`id`),
  ADD CONSTRAINT `FK_57FCFB85AFC2B591` FOREIGN KEY (`module_id`) REFERENCES `Module` (`id`),
  ADD CONSTRAINT `FK_57FCFB85B7312FF` FOREIGN KEY (`appModule_id`) REFERENCES `AppModule` (`id`);

--
-- Constraints for table `InvoiceSmsEmail`
--
ALTER TABLE `InvoiceSmsEmail`
  ADD CONSTRAINT `FK_3779345B3174800F` FOREIGN KEY (`createdBy_id`) REFERENCES `fos_user` (`id`),
  ADD CONSTRAINT `FK_3779345B557E80D0` FOREIGN KEY (`portalBankAccount_id`) REFERENCES `PortalBankAccount` (`id`),
  ADD CONSTRAINT `FK_3779345BDC938C82` FOREIGN KEY (`globalOption_id`) REFERENCES `GlobalOption` (`id`),
  ADD CONSTRAINT `FK_3779345BE6C5D2A3` FOREIGN KEY (`receivedBy_id`) REFERENCES `fos_user` (`id`),
  ADD CONSTRAINT `FK_3779345BE8EEBEAC` FOREIGN KEY (`portalBkash_id`) REFERENCES `PortalBkashAccount` (`id`);

--
-- Constraints for table `InvoiceSmsEmailItem`
--
ALTER TABLE `InvoiceSmsEmailItem`
  ADD CONSTRAINT `FK_C607287F9B8DA7C` FOREIGN KEY (`smsEmailPricing_id`) REFERENCES `SmsEmailPricing` (`id`),
  ADD CONSTRAINT `FK_C607287FC91D8609` FOREIGN KEY (`invoiceSmsEmail_id`) REFERENCES `InvoiceSmsEmail` (`id`);

--
-- Constraints for table `Item`
--
ALTER TABLE `Item`
  ADD CONSTRAINT `FK_BF298A2044F5D008` FOREIGN KEY (`brand_id`) REFERENCES `ItemBrand` (`id`),
  ADD CONSTRAINT `Item_ibfk_1` FOREIGN KEY (`inventoryConfig_id`) REFERENCES `InventoryConfig` (`id`),
  ADD CONSTRAINT `Item_ibfk_3` FOREIGN KEY (`size_id`) REFERENCES `ItemSize` (`id`),
  ADD CONSTRAINT `Item_ibfk_4` FOREIGN KEY (`color_id`) REFERENCES `ItemColor` (`id`),
  ADD CONSTRAINT `Item_ibfk_5` FOREIGN KEY (`masterItem_id`) REFERENCES `item_master` (`id`),
  ADD CONSTRAINT `Item_ibfk_6` FOREIGN KEY (`vendor_id`) REFERENCES `supplier` (`id`),
  ADD CONSTRAINT `Item_ibfk_7` FOREIGN KEY (`country_id`) REFERENCES `country` (`id`);

--
-- Constraints for table `ItemAttribute`
--
ALTER TABLE `ItemAttribute`
  ADD CONSTRAINT `FK_8938AB0612469DE2` FOREIGN KEY (`category_id`) REFERENCES `categories` (`id`);

--
-- Constraints for table `ItemBrand`
--
ALTER TABLE `ItemBrand`
  ADD CONSTRAINT `FK_CA77601F3CA07BD1` FOREIGN KEY (`inventoryConfig_id`) REFERENCES `InventoryConfig` (`id`);

--
-- Constraints for table `ItemColor`
--
ALTER TABLE `ItemColor`
  ADD CONSTRAINT `ItemColor_ibfk_1` FOREIGN KEY (`inventoryConfig_id`) REFERENCES `InventoryConfig` (`id`);

--
-- Constraints for table `ItemGallery`
--
ALTER TABLE `ItemGallery`
  ADD CONSTRAINT `FK_71C05C3D7F14552F` FOREIGN KEY (`purchaseVendorItem_id`) REFERENCES `PurchaseVendorItem` (`id`),
  ADD CONSTRAINT `ItemGallery_ibfk_1` FOREIGN KEY (`item_id`) REFERENCES `Item` (`id`);

--
-- Constraints for table `ItemInventory`
--
ALTER TABLE `ItemInventory`
  ADD CONSTRAINT `ItemInventory_ibfk_1` FOREIGN KEY (`item_id`) REFERENCES `Item` (`id`);

--
-- Constraints for table `ItemKeyValue`
--
ALTER TABLE `ItemKeyValue`
  ADD CONSTRAINT `FK_99C6A2657F14552F` FOREIGN KEY (`purchaseVendorItem_id`) REFERENCES `PurchaseVendorItem` (`id`);

--
-- Constraints for table `ItemMetaAttribute`
--
ALTER TABLE `ItemMetaAttribute`
  ADD CONSTRAINT `FK_10DA361410021FCA` FOREIGN KEY (`itemAttribute_id`) REFERENCES `ItemAttribute` (`id`),
  ADD CONSTRAINT `FK_10DA36147F14552F` FOREIGN KEY (`purchaseVendorItem_id`) REFERENCES `PurchaseVendorItem` (`id`);

--
-- Constraints for table `ItemSize`
--
ALTER TABLE `ItemSize`
  ADD CONSTRAINT `ItemSize_ibfk_1` FOREIGN KEY (`inventoryConfig_id`) REFERENCES `InventoryConfig` (`id`);

--
-- Constraints for table `itemsize_category`
--
ALTER TABLE `itemsize_category`
  ADD CONSTRAINT `FK_CD76127512469DE2` FOREIGN KEY (`category_id`) REFERENCES `categories` (`id`) ON DELETE CASCADE,
  ADD CONSTRAINT `FK_CD76127536473A6B` FOREIGN KEY (`itemsize_id`) REFERENCES `ItemSize` (`id`) ON DELETE CASCADE;

--
-- Constraints for table `ItemTypeGrouping`
--
ALTER TABLE `ItemTypeGrouping`
  ADD CONSTRAINT `ItemTypeGrouping_ibfk_1` FOREIGN KEY (`inventoryConfig_id`) REFERENCES `InventoryConfig` (`id`);

--
-- Constraints for table `itemtypegrouping_category`
--
ALTER TABLE `itemtypegrouping_category`
  ADD CONSTRAINT `itemtypegrouping_category_ibfk_1` FOREIGN KEY (`category_id`) REFERENCES `categories` (`id`) ON DELETE CASCADE,
  ADD CONSTRAINT `itemtypegrouping_category_ibfk_2` FOREIGN KEY (`itemtypegrouping_id`) REFERENCES `ItemTypeGrouping` (`id`) ON DELETE CASCADE;

--
-- Constraints for table `ItemUnit`
--
ALTER TABLE `ItemUnit`
  ADD CONSTRAINT `FK_2F81A3F33CA07BD1` FOREIGN KEY (`inventoryConfig_id`) REFERENCES `InventoryConfig` (`id`);

--
-- Constraints for table `item_category`
--
ALTER TABLE `item_category`
  ADD CONSTRAINT `item_category_ibfk_1` FOREIGN KEY (`category_id`) REFERENCES `categories` (`id`) ON DELETE CASCADE,
  ADD CONSTRAINT `item_category_ibfk_2` FOREIGN KEY (`item_id`) REFERENCES `Item` (`id`) ON DELETE CASCADE;

--
-- Constraints for table `item_master`
--
ALTER TABLE `item_master`
  ADD CONSTRAINT `item_master_ibfk_1` FOREIGN KEY (`category_id`) REFERENCES `categories` (`id`),
  ADD CONSTRAINT `item_master_ibfk_2` FOREIGN KEY (`inventoryConfig_id`) REFERENCES `InventoryConfig` (`id`);

--
-- Constraints for table `locations`
--
ALTER TABLE `locations`
  ADD CONSTRAINT `locations_ibfk_1` FOREIGN KEY (`parent`) REFERENCES `locations` (`id`) ON DELETE SET NULL;

--
-- Constraints for table `MallConnect`
--
ALTER TABLE `MallConnect`
  ADD CONSTRAINT `FK_537352F397E071` FOREIGN KEY (`mall_id`) REFERENCES `GlobalOption` (`id`),
  ADD CONSTRAINT `FK_537352F3DC938C82` FOREIGN KEY (`globalOption_id`) REFERENCES `GlobalOption` (`id`);

--
-- Constraints for table `mallconnect_category`
--
ALTER TABLE `mallconnect_category`
  ADD CONSTRAINT `FK_CAADCCDC12469DE2` FOREIGN KEY (`category_id`) REFERENCES `categories` (`id`) ON DELETE CASCADE,
  ADD CONSTRAINT `FK_CAADCCDC127B6CB2` FOREIGN KEY (`mallconnect_id`) REFERENCES `MallConnect` (`id`) ON DELETE CASCADE;

--
-- Constraints for table `megamenu_advertisment`
--
ALTER TABLE `megamenu_advertisment`
  ADD CONSTRAINT `megamenu_advertisment_ibfk_1` FOREIGN KEY (`advertisment_id`) REFERENCES `Advertisment` (`id`) ON DELETE CASCADE,
  ADD CONSTRAINT `megamenu_advertisment_ibfk_2` FOREIGN KEY (`megamenu_id`) REFERENCES `MegaMenu` (`id`) ON DELETE CASCADE;

--
-- Constraints for table `megamenu_branding`
--
ALTER TABLE `megamenu_branding`
  ADD CONSTRAINT `megamenu_branding_ibfk_1` FOREIGN KEY (`branding_id`) REFERENCES `Branding` (`id`) ON DELETE CASCADE,
  ADD CONSTRAINT `megamenu_branding_ibfk_2` FOREIGN KEY (`megamenu_id`) REFERENCES `MegaMenu` (`id`) ON DELETE CASCADE;

--
-- Constraints for table `megamenu_category`
--
ALTER TABLE `megamenu_category`
  ADD CONSTRAINT `megamenu_category_ibfk_1` FOREIGN KEY (`category_id`) REFERENCES `categories` (`id`) ON DELETE CASCADE,
  ADD CONSTRAINT `megamenu_category_ibfk_2` FOREIGN KEY (`megamenu_id`) REFERENCES `MegaMenu` (`id`) ON DELETE CASCADE;

--
-- Constraints for table `megamenu_collection`
--
ALTER TABLE `megamenu_collection`
  ADD CONSTRAINT `megamenu_collection_ibfk_1` FOREIGN KEY (`collection_id`) REFERENCES `Collection` (`id`) ON DELETE CASCADE,
  ADD CONSTRAINT `megamenu_collection_ibfk_2` FOREIGN KEY (`megamenu_id`) REFERENCES `MegaMenu` (`id`) ON DELETE CASCADE;

--
-- Constraints for table `megamenu_globaloption`
--
ALTER TABLE `megamenu_globaloption`
  ADD CONSTRAINT `megamenu_globaloption_ibfk_1` FOREIGN KEY (`globaloption_id`) REFERENCES `GlobalOption` (`id`) ON DELETE CASCADE,
  ADD CONSTRAINT `megamenu_globaloption_ibfk_2` FOREIGN KEY (`megamenu_id`) REFERENCES `MegaMenu` (`id`) ON DELETE CASCADE;

--
-- Constraints for table `megamenu_syndicate`
--
ALTER TABLE `megamenu_syndicate`
  ADD CONSTRAINT `megamenu_syndicate_ibfk_1` FOREIGN KEY (`syndicate_id`) REFERENCES `syndicate` (`id`) ON DELETE CASCADE,
  ADD CONSTRAINT `megamenu_syndicate_ibfk_2` FOREIGN KEY (`megamenu_id`) REFERENCES `MegaMenu` (`id`) ON DELETE CASCADE;

--
-- Constraints for table `Menu`
--
ALTER TABLE `Menu`
  ADD CONSTRAINT `FK_DD3795ADE12AE26F` FOREIGN KEY (`menuCustom_id`) REFERENCES `MenuCustom` (`id`),
  ADD CONSTRAINT `Menu_ibfk_1` FOREIGN KEY (`globalOption_id`) REFERENCES `GlobalOption` (`id`),
  ADD CONSTRAINT `Menu_ibfk_2` FOREIGN KEY (`syndicateModule_id`) REFERENCES `SyndicateModule` (`id`),
  ADD CONSTRAINT `Menu_ibfk_3` FOREIGN KEY (`syndicate_id`) REFERENCES `syndicate` (`id`),
  ADD CONSTRAINT `Menu_ibfk_4` FOREIGN KEY (`siteSetting_id`) REFERENCES `SiteSetting` (`id`),
  ADD CONSTRAINT `Menu_ibfk_6` FOREIGN KEY (`module_id`) REFERENCES `Module` (`id`),
  ADD CONSTRAINT `Menu_ibfk_7` FOREIGN KEY (`page_id`) REFERENCES `page` (`id`);

--
-- Constraints for table `MenuGrouping`
--
ALTER TABLE `MenuGrouping`
  ADD CONSTRAINT `MenuGrouping_ibfk_1` FOREIGN KEY (`globalOption_id`) REFERENCES `GlobalOption` (`id`),
  ADD CONSTRAINT `MenuGrouping_ibfk_2` FOREIGN KEY (`parent`) REFERENCES `MenuGrouping` (`id`) ON DELETE SET NULL,
  ADD CONSTRAINT `MenuGrouping_ibfk_4` FOREIGN KEY (`menu_id`) REFERENCES `Menu` (`id`),
  ADD CONSTRAINT `MenuGrouping_ibfk_5` FOREIGN KEY (`menuGroup_id`) REFERENCES `MenuGroup` (`id`);

--
-- Constraints for table `menugroup_syndicate`
--
ALTER TABLE `menugroup_syndicate`
  ADD CONSTRAINT `FK_53FB2A582C72584` FOREIGN KEY (`menugroup_id`) REFERENCES `MenuGroup` (`id`) ON DELETE CASCADE,
  ADD CONSTRAINT `FK_53FB2A584C37717D` FOREIGN KEY (`syndicate_id`) REFERENCES `syndicate` (`id`) ON DELETE CASCADE;

--
-- Constraints for table `MobileIcon`
--
ALTER TABLE `MobileIcon`
  ADD CONSTRAINT `MobileIcon_ibfk_1` FOREIGN KEY (`globalOption_id`) REFERENCES `GlobalOption` (`id`);

--
-- Constraints for table `mobiletheme_syndicate`
--
ALTER TABLE `mobiletheme_syndicate`
  ADD CONSTRAINT `mobiletheme_syndicate_ibfk_1` FOREIGN KEY (`syndicate_id`) REFERENCES `syndicate` (`id`) ON DELETE CASCADE,
  ADD CONSTRAINT `mobiletheme_syndicate_ibfk_2` FOREIGN KEY (`mobiletheme_id`) REFERENCES `MobileTheme` (`id`) ON DELETE CASCADE;

--
-- Constraints for table `ModuleCategory`
--
ALTER TABLE `ModuleCategory`
  ADD CONSTRAINT `FK_ED6DDC2BDC938C82` FOREIGN KEY (`globalOption_id`) REFERENCES `GlobalOption` (`id`);

--
-- Constraints for table `modulecategory_module`
--
ALTER TABLE `modulecategory_module`
  ADD CONSTRAINT `FK_7EB41C6AFC2B591` FOREIGN KEY (`module_id`) REFERENCES `Module` (`id`) ON DELETE CASCADE,
  ADD CONSTRAINT `FK_7EB41C6E4E84607` FOREIGN KEY (`modulecategory_id`) REFERENCES `ModuleCategory` (`id`) ON DELETE CASCADE;

--
-- Constraints for table `modulecategory_news`
--
ALTER TABLE `modulecategory_news`
  ADD CONSTRAINT `FK_A440194CB5A459A0` FOREIGN KEY (`news_id`) REFERENCES `News` (`id`) ON DELETE CASCADE,
  ADD CONSTRAINT `FK_A440194CE4E84607` FOREIGN KEY (`modulecategory_id`) REFERENCES `ModuleCategory` (`id`) ON DELETE CASCADE;

--
-- Constraints for table `modulecategory_page`
--
ALTER TABLE `modulecategory_page`
  ADD CONSTRAINT `FK_AD99363CC4663E4` FOREIGN KEY (`page_id`) REFERENCES `page` (`id`) ON DELETE CASCADE,
  ADD CONSTRAINT `FK_AD99363CE4E84607` FOREIGN KEY (`modulecategory_id`) REFERENCES `ModuleCategory` (`id`) ON DELETE CASCADE;

--
-- Constraints for table `News`
--
ALTER TABLE `News`
  ADD CONSTRAINT `FK_BDE1366EBD85B63` FOREIGN KEY (`photoGallery_id`) REFERENCES `photo_gallery` (`id`),
  ADD CONSTRAINT `FK_BDE1366EDC938C82` FOREIGN KEY (`globalOption_id`) REFERENCES `GlobalOption` (`id`),
  ADD CONSTRAINT `News_ibfk_1` FOREIGN KEY (`user_id`) REFERENCES `fos_user` (`id`);

--
-- Constraints for table `news_modulecategory`
--
ALTER TABLE `news_modulecategory`
  ADD CONSTRAINT `FK_4695C16CB5A459A0` FOREIGN KEY (`news_id`) REFERENCES `News` (`id`) ON DELETE CASCADE,
  ADD CONSTRAINT `FK_4695C16CE4E84607` FOREIGN KEY (`modulecategory_id`) REFERENCES `ModuleCategory` (`id`) ON DELETE CASCADE;

--
-- Constraints for table `NoticeBoard`
--
ALTER TABLE `NoticeBoard`
  ADD CONSTRAINT `FK_106CCE7EDC938C82` FOREIGN KEY (`globalOption_id`) REFERENCES `GlobalOption` (`id`),
  ADD CONSTRAINT `NoticeBoard_ibfk_1` FOREIGN KEY (`user_id`) REFERENCES `fos_user` (`id`);

--
-- Constraints for table `OnlineOrder`
--
ALTER TABLE `OnlineOrder`
  ADD CONSTRAINT `FK_E59043F63CA07BD1` FOREIGN KEY (`inventoryConfig_id`) REFERENCES `InventoryConfig` (`id`),
  ADD CONSTRAINT `FK_E59043F69395C3F3` FOREIGN KEY (`customer_id`) REFERENCES `Customer` (`id`);

--
-- Constraints for table `OnlineOrderItem`
--
ALTER TABLE `OnlineOrderItem`
  ADD CONSTRAINT `FK_CFD96C2F31373DED` FOREIGN KEY (`onlineOrder_id`) REFERENCES `OnlineOrder` (`id`);

--
-- Constraints for table `Order`
--
ALTER TABLE `Order`
  ADD CONSTRAINT `FK_34E8BC9C139F91F5` FOREIGN KEY (`ecommerceConfig_id`) REFERENCES `EcommerceConfig` (`id`),
  ADD CONSTRAINT `FK_34E8BC9C3174800F` FOREIGN KEY (`createdBy_id`) REFERENCES `fos_user` (`id`),
  ADD CONSTRAINT `FK_34E8BC9CF57FBCCC` FOREIGN KEY (`paymentMethod_id`) REFERENCES `PaymentMethod` (`id`);

--
-- Constraints for table `orders`
--
ALTER TABLE `orders`
  ADD CONSTRAINT `FK_E52FFDEE139F91F5` FOREIGN KEY (`ecommerceConfig_id`) REFERENCES `EcommerceConfig` (`id`),
  ADD CONSTRAINT `FK_E52FFDEE3174800F` FOREIGN KEY (`createdBy_id`) REFERENCES `fos_user` (`id`),
  ADD CONSTRAINT `FK_E52FFDEEA39450EF` FOREIGN KEY (`bkashAccount_id`) REFERENCES `BkashAccount` (`id`),
  ADD CONSTRAINT `FK_E52FFDEED6FAC91A` FOREIGN KEY (`paymentType_id`) REFERENCES `PaymentType` (`id`),
  ADD CONSTRAINT `FK_E52FFDEED9EAAD2E` FOREIGN KEY (`processBy_id`) REFERENCES `fos_user` (`id`),
  ADD CONSTRAINT `FK_E52FFDEEEA47ABEE` FOREIGN KEY (`bankAccount_id`) REFERENCES `BankAccount` (`id`),
  ADD CONSTRAINT `FK_E52FFDEEFACFC38A` FOREIGN KEY (`approvedBy_id`) REFERENCES `fos_user` (`id`);

--
-- Constraints for table `order_items`
--
ALTER TABLE `order_items`
  ADD CONSTRAINT `FK_62809DB0A7318C8C` FOREIGN KEY (`goodsItem_id`) REFERENCES `GoodsItem` (`id`),
  ADD CONSTRAINT `FK_62809DB07F14552F` FOREIGN KEY (`purchaseVendorItem_id`) REFERENCES `PurchaseVendorItem` (`id`),
  ADD CONSTRAINT `FK_62809DB08D9F6D38` FOREIGN KEY (`order_id`) REFERENCES `orders` (`id`);

--
-- Constraints for table `page`
--
ALTER TABLE `page`
  ADD CONSTRAINT `FK_140AB62054B9D732` FOREIGN KEY (`icon_id`) REFERENCES `Icon` (`id`),
  ADD CONSTRAINT `FK_140AB620AFC2B591` FOREIGN KEY (`module_id`) REFERENCES `Module` (`id`),
  ADD CONSTRAINT `page_ibfk_1` FOREIGN KEY (`globalOption_id`) REFERENCES `GlobalOption` (`id`),
  ADD CONSTRAINT `page_ibfk_2` FOREIGN KEY (`parent`) REFERENCES `page` (`id`) ON DELETE SET NULL,
  ADD CONSTRAINT `page_ibfk_3` FOREIGN KEY (`user_id`) REFERENCES `fos_user` (`id`),
  ADD CONSTRAINT `page_ibfk_4` FOREIGN KEY (`photoGallery_id`) REFERENCES `photo_gallery` (`id`);

--
-- Constraints for table `PageFile`
--
ALTER TABLE `PageFile`
  ADD CONSTRAINT `FK_540FEA13C4663E4` FOREIGN KEY (`page_id`) REFERENCES `page` (`id`),
  ADD CONSTRAINT `FK_540FEA13DC938C82` FOREIGN KEY (`globalOption_id`) REFERENCES `GlobalOption` (`id`);

--
-- Constraints for table `PageMeta`
--
ALTER TABLE `PageMeta`
  ADD CONSTRAINT `FK_F62C836C4663E4` FOREIGN KEY (`page_id`) REFERENCES `page` (`id`);

--
-- Constraints for table `PageModule`
--
ALTER TABLE `PageModule`
  ADD CONSTRAINT `FK_A86C3384AFC2B591` FOREIGN KEY (`module_id`) REFERENCES `Module` (`id`),
  ADD CONSTRAINT `FK_A86C3384C4663E4` FOREIGN KEY (`page_id`) REFERENCES `page` (`id`),
  ADD CONSTRAINT `FK_A86C3384CACCD446` FOREIGN KEY (`homePage_id`) REFERENCES `HomePage` (`id`);

--
-- Constraints for table `page_module`
--
ALTER TABLE `page_module`
  ADD CONSTRAINT `FK_63F2D036AFC2B591` FOREIGN KEY (`module_id`) REFERENCES `Module` (`id`) ON DELETE CASCADE,
  ADD CONSTRAINT `FK_63F2D036C4663E4` FOREIGN KEY (`page_id`) REFERENCES `page` (`id`) ON DELETE CASCADE;

--
-- Constraints for table `page_modulecategory`
--
ALTER TABLE `page_modulecategory`
  ADD CONSTRAINT `FK_68E5F5F1C4663E4` FOREIGN KEY (`page_id`) REFERENCES `page` (`id`) ON DELETE CASCADE,
  ADD CONSTRAINT `FK_68E5F5F1E4E84607` FOREIGN KEY (`modulecategory_id`) REFERENCES `ModuleCategory` (`id`) ON DELETE CASCADE;

--
-- Constraints for table `PattyCash`
--
ALTER TABLE `PattyCash`
  ADD CONSTRAINT `PattyCash_ibfk_1` FOREIGN KEY (`createdBy_id`) REFERENCES `fos_user` (`id`),
  ADD CONSTRAINT `PattyCash_ibfk_2` FOREIGN KEY (`inventoryConfig_id`) REFERENCES `InventoryConfig` (`id`),
  ADD CONSTRAINT `PattyCash_ibfk_3` FOREIGN KEY (`toUser_id`) REFERENCES `fos_user` (`id`);

--
-- Constraints for table `PaymentMethod`
--
ALTER TABLE `PaymentMethod`
  ADD CONSTRAINT `FK_37FAAE8DD6FAC91A` FOREIGN KEY (`paymentType_id`) REFERENCES `PaymentType` (`id`),
  ADD CONSTRAINT `FK_37FAAE8DDC938C82` FOREIGN KEY (`globalOption_id`) REFERENCES `GlobalOption` (`id`);

--
-- Constraints for table `PaymentSalary`
--
ALTER TABLE `PaymentSalary`
  ADD CONSTRAINT `FK_FDB02F9C11C8FB41` FOREIGN KEY (`bank_id`) REFERENCES `Bank` (`id`),
  ADD CONSTRAINT `FK_FDB02F9C3174800F` FOREIGN KEY (`createdBy_id`) REFERENCES `fos_user` (`id`),
  ADD CONSTRAINT `FK_FDB02F9C9B616AA3` FOREIGN KEY (`salarySetting_id`) REFERENCES `SalarySetting` (`id`),
  ADD CONSTRAINT `FK_FDB02F9CA76ED395` FOREIGN KEY (`user_id`) REFERENCES `fos_user` (`id`),
  ADD CONSTRAINT `FK_FDB02F9CDC938C82` FOREIGN KEY (`globalOption_id`) REFERENCES `GlobalOption` (`id`),
  ADD CONSTRAINT `FK_FDB02F9CE5A071F2` FOREIGN KEY (`accountHead_id`) REFERENCES `AccountHead` (`id`),
  ADD CONSTRAINT `FK_FDB02F9CFACFC38A` FOREIGN KEY (`approvedBy_id`) REFERENCES `fos_user` (`id`);

--
-- Constraints for table `PettyCash`
--
ALTER TABLE `PettyCash`
  ADD CONSTRAINT `FK_F7C957CDDC938C82` FOREIGN KEY (`globalOption_id`) REFERENCES `GlobalOption` (`id`),
  ADD CONSTRAINT `PettyCash_ibfk_1` FOREIGN KEY (`createdBy_id`) REFERENCES `fos_user` (`id`),
  ADD CONSTRAINT `PettyCash_ibfk_2` FOREIGN KEY (`inventoryConfig_id`) REFERENCES `InventoryConfig` (`id`),
  ADD CONSTRAINT `PettyCash_ibfk_3` FOREIGN KEY (`parent`) REFERENCES `PettyCash` (`id`) ON DELETE SET NULL,
  ADD CONSTRAINT `PettyCash_ibfk_4` FOREIGN KEY (`toUser_id`) REFERENCES `fos_user` (`id`),
  ADD CONSTRAINT `PettyCash_ibfk_5` FOREIGN KEY (`accountHead_id`) REFERENCES `AccountHead` (`id`),
  ADD CONSTRAINT `PettyCash_ibfk_6` FOREIGN KEY (`approvedBy_id`) REFERENCES `fos_user` (`id`);

--
-- Constraints for table `photogallery_module`
--
ALTER TABLE `photogallery_module`
  ADD CONSTRAINT `FK_85C6A073448558B3` FOREIGN KEY (`photogallery_id`) REFERENCES `photo_gallery` (`id`) ON DELETE CASCADE,
  ADD CONSTRAINT `FK_85C6A073AFC2B591` FOREIGN KEY (`module_id`) REFERENCES `Module` (`id`) ON DELETE CASCADE;

--
-- Constraints for table `photo_gallery`
--
ALTER TABLE `photo_gallery`
  ADD CONSTRAINT `FK_72CB6FB7DC938C82` FOREIGN KEY (`globalOption_id`) REFERENCES `GlobalOption` (`id`);

--
-- Constraints for table `PortalBankAccount`
--
ALTER TABLE `PortalBankAccount`
  ADD CONSTRAINT `FK_11B10B4511C8FB41` FOREIGN KEY (`bank_id`) REFERENCES `Bank` (`id`);

--
-- Constraints for table `Portfolio`
--
ALTER TABLE `Portfolio`
  ADD CONSTRAINT `FK_2B1C92C16274C9D0` FOREIGN KEY (`moduleCategory_id`) REFERENCES `ModuleCategory` (`id`),
  ADD CONSTRAINT `FK_2B1C92C1DC938C82` FOREIGN KEY (`globalOption_id`) REFERENCES `GlobalOption` (`id`);

--
-- Constraints for table `PreOrder`
--
ALTER TABLE `PreOrder`
  ADD CONSTRAINT `FK_E10038C5139F91F5` FOREIGN KEY (`ecommerceConfig_id`) REFERENCES `EcommerceConfig` (`id`),
  ADD CONSTRAINT `FK_E10038C53174800F` FOREIGN KEY (`createdBy_id`) REFERENCES `fos_user` (`id`),
  ADD CONSTRAINT `FK_E10038C5A39450EF` FOREIGN KEY (`bkashAccount_id`) REFERENCES `BkashAccount` (`id`),
  ADD CONSTRAINT `FK_E10038C5D6FAC91A` FOREIGN KEY (`paymentType_id`) REFERENCES `PaymentType` (`id`),
  ADD CONSTRAINT `FK_E10038C5D9EAAD2E` FOREIGN KEY (`processBy_id`) REFERENCES `fos_user` (`id`),
  ADD CONSTRAINT `FK_E10038C5EA47ABEE` FOREIGN KEY (`bankAccount_id`) REFERENCES `BankAccount` (`id`),
  ADD CONSTRAINT `FK_E10038C5F57FBCCC` FOREIGN KEY (`paymentMethod_id`) REFERENCES `PaymentMethod` (`id`),
  ADD CONSTRAINT `FK_E10038C5FACFC38A` FOREIGN KEY (`approvedBy_id`) REFERENCES `fos_user` (`id`);

--
-- Constraints for table `PreOrderItem`
--
ALTER TABLE `PreOrderItem`
  ADD CONSTRAINT `FK_3CFF2D26026A256` FOREIGN KEY (`preOrder_id`) REFERENCES `PreOrder` (`id`);

--
-- Constraints for table `Product`
--
ALTER TABLE `Product`
  ADD CONSTRAINT `Product_ibfk_1` FOREIGN KEY (`brand_id`) REFERENCES `Branding` (`id`),
  ADD CONSTRAINT `Product_ibfk_2` FOREIGN KEY (`collection_id`) REFERENCES `Collection` (`id`),
  ADD CONSTRAINT `Product_ibfk_3` FOREIGN KEY (`user_id`) REFERENCES `fos_user` (`id`),
  ADD CONSTRAINT `Product_ibfk_4` FOREIGN KEY (`parentCategory_id`) REFERENCES `categories` (`id`);

--
-- Constraints for table `ProductCustomAttribute`
--
ALTER TABLE `ProductCustomAttribute`
  ADD CONSTRAINT `ProductCustomAttribute_ibfk_1` FOREIGN KEY (`product_id`) REFERENCES `Product` (`id`);

--
-- Constraints for table `ProductGallery`
--
ALTER TABLE `ProductGallery`
  ADD CONSTRAINT `ProductGallery_ibfk_1` FOREIGN KEY (`product_id`) REFERENCES `Product` (`id`);

--
-- Constraints for table `ProductReview`
--
ALTER TABLE `ProductReview`
  ADD CONSTRAINT `ProductReview_ibfk_1` FOREIGN KEY (`product_id`) REFERENCES `Product` (`id`);

--
-- Constraints for table `product_category`
--
ALTER TABLE `product_category`
  ADD CONSTRAINT `product_category_ibfk_1` FOREIGN KEY (`category_id`) REFERENCES `categories` (`id`) ON DELETE CASCADE,
  ADD CONSTRAINT `product_category_ibfk_2` FOREIGN KEY (`product_id`) REFERENCES `Product` (`id`) ON DELETE CASCADE;

--
-- Constraints for table `Purchase`
--
ALTER TABLE `Purchase`
  ADD CONSTRAINT `Purchase_ibfk_1` FOREIGN KEY (`createdBy_id`) REFERENCES `fos_user` (`id`),
  ADD CONSTRAINT `Purchase_ibfk_2` FOREIGN KEY (`inventoryConfig_id`) REFERENCES `InventoryConfig` (`id`),
  ADD CONSTRAINT `Purchase_ibfk_3` FOREIGN KEY (`vendor_id`) REFERENCES `supplier` (`id`),
  ADD CONSTRAINT `Purchase_ibfk_4` FOREIGN KEY (`approvedBy_id`) REFERENCES `fos_user` (`id`);

--
-- Constraints for table `PurchaseItem`
--
ALTER TABLE `PurchaseItem`
  ADD CONSTRAINT `PurchaseItem_ibfk_1` FOREIGN KEY (`item_id`) REFERENCES `Item` (`id`),
  ADD CONSTRAINT `PurchaseItem_ibfk_2` FOREIGN KEY (`purchase_id`) REFERENCES `Purchase` (`id`),
  ADD CONSTRAINT `PurchaseItem_ibfk_3` FOREIGN KEY (`purchaseVendorItem_id`) REFERENCES `PurchaseVendorItem` (`id`);

--
-- Constraints for table `PurchaseReturn`
--
ALTER TABLE `PurchaseReturn`
  ADD CONSTRAINT `PurchaseReturn_ibfk_1` FOREIGN KEY (`createdBy_id`) REFERENCES `fos_user` (`id`),
  ADD CONSTRAINT `PurchaseReturn_ibfk_2` FOREIGN KEY (`inventoryConfig_id`) REFERENCES `InventoryConfig` (`id`),
  ADD CONSTRAINT `PurchaseReturn_ibfk_3` FOREIGN KEY (`vendor_id`) REFERENCES `supplier` (`id`),
  ADD CONSTRAINT `PurchaseReturn_ibfk_4` FOREIGN KEY (`approvedBy_id`) REFERENCES `fos_user` (`id`);

--
-- Constraints for table `PurchaseReturnItem`
--
ALTER TABLE `PurchaseReturnItem`
  ADD CONSTRAINT `PurchaseReturnItem_ibfk_1` FOREIGN KEY (`purchaseReturn_id`) REFERENCES `PurchaseReturn` (`id`) ON DELETE CASCADE,
  ADD CONSTRAINT `PurchaseReturnItem_ibfk_2` FOREIGN KEY (`purchaseItem_id`) REFERENCES `PurchaseItem` (`id`);

--
-- Constraints for table `PurchaseVendorItem`
--
ALTER TABLE `PurchaseVendorItem`
  ADD CONSTRAINT `FK_8AA7301712469DE2` FOREIGN KEY (`category_id`) REFERENCES `categories` (`id`),
  ADD CONSTRAINT `FK_8AA730173CA07BD1` FOREIGN KEY (`inventoryConfig_id`) REFERENCES `InventoryConfig` (`id`),
  ADD CONSTRAINT `FK_8AA7301744F5D008` FOREIGN KEY (`brand_id`) REFERENCES `ItemBrand` (`id`),
  ADD CONSTRAINT `FK_8AA73017498DA827` FOREIGN KEY (`size_id`) REFERENCES `ItemSize` (`id`),
  ADD CONSTRAINT `FK_8AA730177ADA1FB5` FOREIGN KEY (`color_id`) REFERENCES `ItemColor` (`id`),
  ADD CONSTRAINT `FK_8AA73017D5012B6F` FOREIGN KEY (`masterItem_id`) REFERENCES `item_master` (`id`),
  ADD CONSTRAINT `FK_8AA73017F8BD700D` FOREIGN KEY (`unit_id`) REFERENCES `ItemUnit` (`id`),
  ADD CONSTRAINT `FK_8AA73017F92F3E70` FOREIGN KEY (`country_id`) REFERENCES `country` (`id`),
  ADD CONSTRAINT `PurchaseVendorItem_ibfk_1` FOREIGN KEY (`purchase_id`) REFERENCES `Purchase` (`id`);

--
-- Constraints for table `SalarySetting`
--
ALTER TABLE `SalarySetting`
  ADD CONSTRAINT `FK_CCC769793174800F` FOREIGN KEY (`createdBy_id`) REFERENCES `fos_user` (`id`),
  ADD CONSTRAINT `FK_CCC76979A76ED395` FOREIGN KEY (`user_id`) REFERENCES `fos_user` (`id`),
  ADD CONSTRAINT `FK_CCC76979DC938C82` FOREIGN KEY (`globalOption_id`) REFERENCES `GlobalOption` (`id`),
  ADD CONSTRAINT `FK_CCC76979FACFC38A` FOREIGN KEY (`approvedBy_id`) REFERENCES `fos_user` (`id`);

--
-- Constraints for table `Sales`
--
ALTER TABLE `Sales`
  ADD CONSTRAINT `FK_AA405F40572F3C3E` FOREIGN KEY (`salesImport_id`) REFERENCES `salesImport` (`id`),
  ADD CONSTRAINT `FK_AA405F40FACFC38A` FOREIGN KEY (`approvedBy_id`) REFERENCES `fos_user` (`id`),
  ADD CONSTRAINT `Sales_ibfk_1` FOREIGN KEY (`bank_id`) REFERENCES `Bank` (`id`),
  ADD CONSTRAINT `Sales_ibfk_2` FOREIGN KEY (`createdBy_id`) REFERENCES `fos_user` (`id`),
  ADD CONSTRAINT `Sales_ibfk_3` FOREIGN KEY (`inventoryConfig_id`) REFERENCES `InventoryConfig` (`id`),
  ADD CONSTRAINT `Sales_ibfk_4` FOREIGN KEY (`paymentCard_id`) REFERENCES `PaymentCard` (`id`),
  ADD CONSTRAINT `Sales_ibfk_5` FOREIGN KEY (`customer_id`) REFERENCES `Customer` (`id`),
  ADD CONSTRAINT `Sales_ibfk_6` FOREIGN KEY (`salesBy_id`) REFERENCES `fos_user` (`id`);

--
-- Constraints for table `salesImport`
--
ALTER TABLE `salesImport`
  ADD CONSTRAINT `FK_E69E96013174800F` FOREIGN KEY (`createdBy_id`) REFERENCES `fos_user` (`id`),
  ADD CONSTRAINT `FK_E69E96013CA07BD1` FOREIGN KEY (`inventoryConfig_id`) REFERENCES `InventoryConfig` (`id`);

--
-- Constraints for table `SalesItem`
--
ALTER TABLE `SalesItem`
  ADD CONSTRAINT `SalesItem_ibfk_1` FOREIGN KEY (`item_id`) REFERENCES `Item` (`id`),
  ADD CONSTRAINT `SalesItem_ibfk_2` FOREIGN KEY (`sales_id`) REFERENCES `Sales` (`id`),
  ADD CONSTRAINT `SalesItem_ibfk_3` FOREIGN KEY (`purchaseItem_id`) REFERENCES `PurchaseItem` (`id`);

--
-- Constraints for table `SalesReturn`
--
ALTER TABLE `SalesReturn`
  ADD CONSTRAINT `SalesReturn_ibfk_1` FOREIGN KEY (`createdBy_id`) REFERENCES `fos_user` (`id`),
  ADD CONSTRAINT `SalesReturn_ibfk_2` FOREIGN KEY (`inventoryConfig_id`) REFERENCES `InventoryConfig` (`id`),
  ADD CONSTRAINT `SalesReturn_ibfk_3` FOREIGN KEY (`sales_id`) REFERENCES `Sales` (`id`);

--
-- Constraints for table `SalesReturnItem`
--
ALTER TABLE `SalesReturnItem`
  ADD CONSTRAINT `SalesReturnItem_ibfk_1` FOREIGN KEY (`salesItem_id`) REFERENCES `SalesItem` (`id`),
  ADD CONSTRAINT `SalesReturnItem_ibfk_2` FOREIGN KEY (`salesReturn_id`) REFERENCES `SalesReturn` (`id`);

--
-- Constraints for table `Scholarship`
--
ALTER TABLE `Scholarship`
  ADD CONSTRAINT `Scholarship_ibfk_1` FOREIGN KEY (`location_id`) REFERENCES `locations` (`id`);

--
-- Constraints for table `scholarship_syndicate`
--
ALTER TABLE `scholarship_syndicate`
  ADD CONSTRAINT `scholarship_syndicate_ibfk_1` FOREIGN KEY (`scholarship_id`) REFERENCES `Scholarship` (`id`) ON DELETE CASCADE,
  ADD CONSTRAINT `scholarship_syndicate_ibfk_2` FOREIGN KEY (`syndicate_id`) REFERENCES `syndicate` (`id`) ON DELETE CASCADE;

--
-- Constraints for table `Service`
--
ALTER TABLE `Service`
  ADD CONSTRAINT `FK_2E20A34E54B9D732` FOREIGN KEY (`icon_id`) REFERENCES `Icon` (`id`),
  ADD CONSTRAINT `FK_2E20A34E6274C9D0` FOREIGN KEY (`moduleCategory_id`) REFERENCES `ModuleCategory` (`id`),
  ADD CONSTRAINT `FK_2E20A34EDC938C82` FOREIGN KEY (`globalOption_id`) REFERENCES `GlobalOption` (`id`);

--
-- Constraints for table `SiteContent`
--
ALTER TABLE `SiteContent`
  ADD CONSTRAINT `SiteContent_ibfk_1` FOREIGN KEY (`parent`) REFERENCES `SiteContent` (`id`) ON DELETE SET NULL;

--
-- Constraints for table `SiteSetting`
--
ALTER TABLE `SiteSetting`
  ADD CONSTRAINT `SiteSetting_ibfk_1` FOREIGN KEY (`mobileTheme_id`) REFERENCES `MobileTheme` (`id`),
  ADD CONSTRAINT `SiteSetting_ibfk_2` FOREIGN KEY (`webTheme_id`) REFERENCES `WebTheme` (`id`),
  ADD CONSTRAINT `SiteSetting_ibfk_3` FOREIGN KEY (`theme_id`) REFERENCES `Theme` (`id`),
  ADD CONSTRAINT `SiteSetting_ibfk_4` FOREIGN KEY (`user_id`) REFERENCES `fos_user` (`id`),
  ADD CONSTRAINT `SiteSetting_ibfk_5` FOREIGN KEY (`globalOption_id`) REFERENCES `GlobalOption` (`id`);

--
-- Constraints for table `sitesetting_appmodule`
--
ALTER TABLE `sitesetting_appmodule`
  ADD CONSTRAINT `sitesetting_appmodule_ibfk_1` FOREIGN KEY (`app_module_id`) REFERENCES `AppModule` (`id`),
  ADD CONSTRAINT `sitesetting_appmodule_ibfk_2` FOREIGN KEY (`sitesetting_id`) REFERENCES `SiteSetting` (`id`);

--
-- Constraints for table `sitesetting_module`
--
ALTER TABLE `sitesetting_module`
  ADD CONSTRAINT `sitesetting_module_ibfk_1` FOREIGN KEY (`module_id`) REFERENCES `Module` (`id`),
  ADD CONSTRAINT `sitesetting_module_ibfk_2` FOREIGN KEY (`sitesetting_id`) REFERENCES `SiteSetting` (`id`);

--
-- Constraints for table `sitesetting_syndicate`
--
ALTER TABLE `sitesetting_syndicate`
  ADD CONSTRAINT `sitesetting_syndicate_ibfk_1` FOREIGN KEY (`syndicate_id`) REFERENCES `syndicate` (`id`),
  ADD CONSTRAINT `sitesetting_syndicate_ibfk_2` FOREIGN KEY (`sitesetting_id`) REFERENCES `SiteSetting` (`id`) ON DELETE CASCADE;

--
-- Constraints for table `sitesetting_syndicatemodule`
--
ALTER TABLE `sitesetting_syndicatemodule`
  ADD CONSTRAINT `sitesetting_syndicatemodule_ibfk_1` FOREIGN KEY (`sitesetting_id`) REFERENCES `SiteSetting` (`id`),
  ADD CONSTRAINT `sitesetting_syndicatemodule_ibfk_2` FOREIGN KEY (`syndicate_module_id`) REFERENCES `SyndicateModule` (`id`);

--
-- Constraints for table `StockItem`
--
ALTER TABLE `StockItem`
  ADD CONSTRAINT `FK_6DDA4EF3174800F` FOREIGN KEY (`createdBy_id`) REFERENCES `fos_user` (`id`),
  ADD CONSTRAINT `FK_6DDA4EF6CE425B7` FOREIGN KEY (`damage_id`) REFERENCES `Damage` (`id`),
  ADD CONSTRAINT `FK_6DDA4EFC64F7E30` FOREIGN KEY (`salesItemReplace_id`) REFERENCES `SalesReturnItem` (`id`),
  ADD CONSTRAINT `StockItem_ibfk_1` FOREIGN KEY (`salesReturnItem_id`) REFERENCES `SalesReturnItem` (`id`),
  ADD CONSTRAINT `StockItem_ibfk_10` FOREIGN KEY (`inventoryConfig_id`) REFERENCES `InventoryConfig` (`id`),
  ADD CONSTRAINT `StockItem_ibfk_12` FOREIGN KEY (`salesItem_id`) REFERENCES `SalesItem` (`id`),
  ADD CONSTRAINT `StockItem_ibfk_2` FOREIGN KEY (`vendor_id`) REFERENCES `supplier` (`id`),
  ADD CONSTRAINT `StockItem_ibfk_3` FOREIGN KEY (`country_id`) REFERENCES `country` (`id`),
  ADD CONSTRAINT `StockItem_ibfk_4` FOREIGN KEY (`purchaseItem_id`) REFERENCES `PurchaseItem` (`id`),
  ADD CONSTRAINT `StockItem_ibfk_5` FOREIGN KEY (`purchaseReturnItem_id`) REFERENCES `PurchaseReturnItem` (`id`),
  ADD CONSTRAINT `StockItem_ibfk_6` FOREIGN KEY (`purchaseReplaceItem_id`) REFERENCES `PurchaseReturnItem` (`id`),
  ADD CONSTRAINT `StockItem_ibfk_7` FOREIGN KEY (`category_id`) REFERENCES `categories` (`id`),
  ADD CONSTRAINT `StockItem_ibfk_8` FOREIGN KEY (`item_id`) REFERENCES `Item` (`id`);

--
-- Constraints for table `StudyAbroad`
--
ALTER TABLE `StudyAbroad`
  ADD CONSTRAINT `StudyAbroad_ibfk_1` FOREIGN KEY (`location_id`) REFERENCES `locations` (`id`),
  ADD CONSTRAINT `StudyAbroad_ibfk_2` FOREIGN KEY (`user_id`) REFERENCES `fos_user` (`id`) ON DELETE CASCADE;

--
-- Constraints for table `studyabroad_syndicate`
--
ALTER TABLE `studyabroad_syndicate`
  ADD CONSTRAINT `studyabroad_syndicate_ibfk_1` FOREIGN KEY (`syndicate_id`) REFERENCES `syndicate` (`id`) ON DELETE CASCADE,
  ADD CONSTRAINT `studyabroad_syndicate_ibfk_2` FOREIGN KEY (`studyabroad_id`) REFERENCES `StudyAbroad` (`id`) ON DELETE CASCADE;

--
-- Constraints for table `supplier`
--
ALTER TABLE `supplier`
  ADD CONSTRAINT `supplier_ibfk_1` FOREIGN KEY (`inventoryConfig_id`) REFERENCES `InventoryConfig` (`id`),
  ADD CONSTRAINT `supplier_ibfk_2` FOREIGN KEY (`country_id`) REFERENCES `country` (`id`);

--
-- Constraints for table `sylius_adjustment`
--
ALTER TABLE `sylius_adjustment`
  ADD CONSTRAINT `sylius_adjustment_ibfk_1` FOREIGN KEY (`order_id`) REFERENCES `sylius_cart` (`id`),
  ADD CONSTRAINT `sylius_adjustment_ibfk_2` FOREIGN KEY (`order_item_id`) REFERENCES `cart_item` (`id`);

--
-- Constraints for table `sylius_order_comment`
--
ALTER TABLE `sylius_order_comment`
  ADD CONSTRAINT `sylius_order_comment_ibfk_1` FOREIGN KEY (`order_id`) REFERENCES `sylius_cart` (`id`);

--
-- Constraints for table `sylius_order_identity`
--
ALTER TABLE `sylius_order_identity`
  ADD CONSTRAINT `sylius_order_identity_ibfk_1` FOREIGN KEY (`order_id`) REFERENCES `sylius_cart` (`id`);

--
-- Constraints for table `syndicate`
--
ALTER TABLE `syndicate`
  ADD CONSTRAINT `syndicate_ibfk_1` FOREIGN KEY (`parent`) REFERENCES `syndicate` (`id`) ON DELETE SET NULL;

--
-- Constraints for table `SyndicateContent`
--
ALTER TABLE `SyndicateContent`
  ADD CONSTRAINT `SyndicateContent_ibfk_1` FOREIGN KEY (`syndicate_id`) REFERENCES `syndicate` (`id`),
  ADD CONSTRAINT `SyndicateContent_ibfk_2` FOREIGN KEY (`user_id`) REFERENCES `fos_user` (`id`),
  ADD CONSTRAINT `SyndicateContent_ibfk_3` FOREIGN KEY (`photoGallery_id`) REFERENCES `photo_gallery` (`id`);

--
-- Constraints for table `syndicatemodule_syndicate`
--
ALTER TABLE `syndicatemodule_syndicate`
  ADD CONSTRAINT `syndicatemodule_syndicate_ibfk_1` FOREIGN KEY (`syndicate_id`) REFERENCES `syndicate` (`id`) ON DELETE CASCADE,
  ADD CONSTRAINT `syndicatemodule_syndicate_ibfk_2` FOREIGN KEY (`syndicatemodule_id`) REFERENCES `SyndicateModule` (`id`) ON DELETE CASCADE;

--
-- Constraints for table `Team`
--
ALTER TABLE `Team`
  ADD CONSTRAINT `FK_64D20921A76ED395` FOREIGN KEY (`user_id`) REFERENCES `fos_user` (`id`),
  ADD CONSTRAINT `FK_64D20921DC938C82` FOREIGN KEY (`globalOption_id`) REFERENCES `GlobalOption` (`id`);

--
-- Constraints for table `TemplateCustomize`
--
ALTER TABLE `TemplateCustomize`
  ADD CONSTRAINT `TemplateCustomize_ibfk_1` FOREIGN KEY (`globalOption_id`) REFERENCES `GlobalOption` (`id`);

--
-- Constraints for table `Testimonial`
--
ALTER TABLE `Testimonial`
  ADD CONSTRAINT `FK_60214220DC938C82` FOREIGN KEY (`globalOption_id`) REFERENCES `GlobalOption` (`id`),
  ADD CONSTRAINT `Testimonial_ibfk_1` FOREIGN KEY (`user_id`) REFERENCES `fos_user` (`id`);

--
-- Constraints for table `theme_syndicate`
--
ALTER TABLE `theme_syndicate`
  ADD CONSTRAINT `theme_syndicate_ibfk_1` FOREIGN KEY (`syndicate_id`) REFERENCES `syndicate` (`id`) ON DELETE CASCADE,
  ADD CONSTRAINT `theme_syndicate_ibfk_2` FOREIGN KEY (`theme_id`) REFERENCES `Theme` (`id`) ON DELETE CASCADE;

--
-- Constraints for table `TradeItem`
--
ALTER TABLE `TradeItem`
  ADD CONSTRAINT `FK_56D9352544F5D008` FOREIGN KEY (`brand_id`) REFERENCES `Branding` (`id`),
  ADD CONSTRAINT `FK_56D935256274C9D0` FOREIGN KEY (`moduleCategory_id`) REFERENCES `ModuleCategory` (`id`),
  ADD CONSTRAINT `FK_56D93525BD85B63` FOREIGN KEY (`photoGallery_id`) REFERENCES `photo_gallery` (`id`),
  ADD CONSTRAINT `FK_56D93525DC938C82` FOREIGN KEY (`globalOption_id`) REFERENCES `GlobalOption` (`id`),
  ADD CONSTRAINT `FK_56D93525F8BD700D` FOREIGN KEY (`unit_id`) REFERENCES `ProductUnit` (`id`),
  ADD CONSTRAINT `FK_56D93525F92F3E70` FOREIGN KEY (`country_id`) REFERENCES `country` (`id`);

--
-- Constraints for table `Transaction`
--
ALTER TABLE `Transaction`
  ADD CONSTRAINT `FK_F4AB8A064CC333B2` FOREIGN KEY (`accountPurchase_id`) REFERENCES `AccountPurchase` (`id`),
  ADD CONSTRAINT `FK_F4AB8A065C0A74C5` FOREIGN KEY (`paymentSalary_id`) REFERENCES `PaymentSalary` (`id`),
  ADD CONSTRAINT `FK_F4AB8A0672EB2D` FOREIGN KEY (`accountBank_id`) REFERENCES `AccountBank` (`id`),
  ADD CONSTRAINT `FK_F4AB8A06DC938C82` FOREIGN KEY (`globalOption_id`) REFERENCES `GlobalOption` (`id`),
  ADD CONSTRAINT `FK_F4AB8A06E047BD64` FOREIGN KEY (`accountSales_id`) REFERENCES `AccountSales` (`id`),
  ADD CONSTRAINT `FK_F4AB8A06F045AAAB` FOREIGN KEY (`pettyCash_id`) REFERENCES `PettyCash` (`id`),
  ADD CONSTRAINT `Transaction_ibfk_1` FOREIGN KEY (`accountHead_id`) REFERENCES `AccountHead` (`id`),
  ADD CONSTRAINT `Transaction_ibfk_2` FOREIGN KEY (`inventoryConfig_id`) REFERENCES `InventoryConfig` (`id`);

--
-- Constraints for table `Tutor`
--
ALTER TABLE `Tutor`
  ADD CONSTRAINT `Tutor_ibfk_1` FOREIGN KEY (`location_id`) REFERENCES `locations` (`id`),
  ADD CONSTRAINT `Tutor_ibfk_2` FOREIGN KEY (`user_id`) REFERENCES `fos_user` (`id`) ON DELETE CASCADE;

--
-- Constraints for table `tutor_syndicate`
--
ALTER TABLE `tutor_syndicate`
  ADD CONSTRAINT `tutor_syndicate_ibfk_1` FOREIGN KEY (`tutor_id`) REFERENCES `Tutor` (`id`) ON DELETE CASCADE,
  ADD CONSTRAINT `tutor_syndicate_ibfk_2` FOREIGN KEY (`syndicate_id`) REFERENCES `syndicate` (`id`) ON DELETE CASCADE;

--
-- Constraints for table `UserInbox`
--
ALTER TABLE `UserInbox`
  ADD CONSTRAINT `FK_1A85624C9395C3F3` FOREIGN KEY (`customer_id`) REFERENCES `Customer` (`id`),
  ADD CONSTRAINT `FK_1A85624CA76ED395` FOREIGN KEY (`user_id`) REFERENCES `fos_user` (`id`);

--
-- Constraints for table `user_profiles`
--
ALTER TABLE `user_profiles`
  ADD CONSTRAINT `FK_6BBD613011C8FB41` FOREIGN KEY (`bank_id`) REFERENCES `Bank` (`id`),
  ADD CONSTRAINT `FK_6BBD613064D218E` FOREIGN KEY (`location_id`) REFERENCES `locations` (`id`),
  ADD CONSTRAINT `user_profiles_ibfk_1` FOREIGN KEY (`thana_id`) REFERENCES `locations` (`id`),
  ADD CONSTRAINT `user_profiles_ibfk_2` FOREIGN KEY (`user_id`) REFERENCES `fos_user` (`id`) ON DELETE CASCADE,
  ADD CONSTRAINT `user_profiles_ibfk_3` FOREIGN KEY (`district_id`) REFERENCES `locations` (`id`),
  ADD CONSTRAINT `user_profiles_ibfk_4` FOREIGN KEY (`domainUser_id`) REFERENCES `DomainUser` (`id`);

--
-- Constraints for table `user_user_group`
--
ALTER TABLE `user_user_group`
  ADD CONSTRAINT `user_user_group_ibfk_1` FOREIGN KEY (`user_id`) REFERENCES `fos_user` (`id`),
  ADD CONSTRAINT `user_user_group_ibfk_2` FOREIGN KEY (`group_id`) REFERENCES `user_group` (`id`);

--
-- Constraints for table `Vendor`
--
ALTER TABLE `Vendor`
  ADD CONSTRAINT `Vendor_ibfk_1` FOREIGN KEY (`location_id`) REFERENCES `locations` (`id`),
  ADD CONSTRAINT `Vendor_ibfk_2` FOREIGN KEY (`user_id`) REFERENCES `fos_user` (`id`);

--
-- Constraints for table `WareHouse`
--
ALTER TABLE `WareHouse`
  ADD CONSTRAINT `WareHouse_ibfk_1` FOREIGN KEY (`inventoryConfig_id`) REFERENCES `InventoryConfig` (`id`),
  ADD CONSTRAINT `WareHouse_ibfk_2` FOREIGN KEY (`parent`) REFERENCES `WareHouse` (`id`) ON DELETE SET NULL;

--
-- Constraints for table `webtheme_syndicate`
--
ALTER TABLE `webtheme_syndicate`
  ADD CONSTRAINT `webtheme_syndicate_ibfk_1` FOREIGN KEY (`syndicate_id`) REFERENCES `syndicate` (`id`) ON DELETE CASCADE,
  ADD CONSTRAINT `webtheme_syndicate_ibfk_2` FOREIGN KEY (`webtheme_id`) REFERENCES `WebTheme` (`id`) ON DELETE CASCADE;
